date,mvrv_zscore_raw,mvrv_zscore,mvrv_zscore_sell,ma_200w_raw,ma_200w,ma_200w_sell,monthly_rsi_raw,monthly_rsi,monthly_rsi_sell,pi_cycle_raw,pi_cycle,pi_cycle_sell,puell_raw,puell,puell_sell,fear_greed_raw,fear_greed,fear_greed_sell
2010-07-18,58.97734640473461,0,100,,50,0,,50,0,,50,0,,50,0,,50,0
2010-07-19,24.80791825590892,0,100,,50,0,,50,0,,50,0,,50,0,,50,0
2010-07-20,17.661349873197913,0,100,,50,0,,50,0,,50,0,,50,0,,50,0
2010-07-21,14.898644698988784,0,100,,50,0,,50,0,,50,0,,50,0,,50,0
2010-07-22,9.484955915152131,0,100,,50,0,,50,0,,50,0,,50,0,,50,0
2010-07-23,8.690267565431657,0,100,,50,0,,50,0,,50,0,,50,0,,50,0
2010-07-24,6.185448636303783,0,100,,50,0,,50,0,,50,0,,50,0,,50,0
2010-07-25,5.048648101595238,0,100,,50,0,,50,0,,50,0,,50,0,,50,0
2010-07-26,4.343062383079892,0,100,,50,0,,50,0,,50,0,,50,0,,50,0
2010-07-27,4.2773625134038795,0,100,,50,0,,50,0,,50,0,,50,0,,50,0
2010-07-28,4.055139088191776,0,100,,50,0,,50,0,,50,0,,50,0,,50,0
2010-07-29,4.740169698018382,0,100,,50,0,,50,0,,50,0,,50,0,,50,0
2010-07-30,4.122749044448604,0,100,,50,0,,50,0,,50,0,,50,0,,50,0
2010-07-31,4.130921123141685,0,100,,50,0,,50,0,,50,0,,50,0,,50,0
2010-08-01,3.474353369559787,0,0,,50,0,,50,0,,50,0,,50,0,,50,0
2010-08-02,3.28084783548005,0,0,,50,0,,50,0,,50,0,,50,0,,50,0
2010-08-03,3.1287382464344646,0,0,,50,0,,50,0,,50,0,,50,0,,50,0
2010-08-04,2.8111778860737564,0,0,,50,0,,50,0,,50,0,,50,0,,50,0
2010-08-05,2.9610895936841586,0,0,,50,0,,50,0,,50,0,,50,0,,50,0
2010-08-06,2.8918084984332673,0,0,,50,0,,50,0,,50,0,,50,0,,50,0
2010-08-07,2.6474064775154273,0,0,,50,0,,50,0,,50,0,,50,0,,50,0
2010-08-08,2.6671640817990308,0,0,,50,0,,50,0,,50,0,,50,0,,50,0
2010-08-09,2.9962090925959894,0,0,,50,0,,50,0,,50,0,,50,0,,50,0
2010-08-10,2.8337063949013657,0,0,,50,0,,50,0,,50,0,,50,0,,50,0
2010-08-11,2.6102274274889217,0,0,,50,0,,50,0,,50,0,,50,0,,50,0
2010-08-12,2.6756999791002913,0,0,,50,0,,50,0,,50,0,,50,0,,50,0
2010-08-13,2.294906718237308,0,0,,50,0,,50,0,,50,0,,50,0,,50,0
2010-08-14,2.3294016573689587,0,0,,50,0,,50,0,,50,0,,50,0,,50,0
2010-08-15,2.1716396293640257,0,0,,50,0,,50,0,,50,0,,50,0,,50,0
2010-08-16,2.1191935547565848,0,0,,50,0,,50,0,,50,0,,50,0,,50,0
2010-08-17,2.271258922145246,0,0,,50,0,,50,0,,50,0,,50,0,,50,0
2010-08-18,2.123118897112855,0,0,,50,0,,50,0,,50,0,,50,0,,50,0
2010-08-19,2.0345855394064642,0,0,,50,0,,50,0,,50,0,,50,0,,50,0
2010-08-20,1.937343200596189,0,0,,50,0,,50,0,,50,0,,50,0,,50,0
2010-08-21,1.9060802984601055,0,0,,50,0,,50,0,,50,0,,50,0,,50,0
2010-08-22,1.8233641292295149,0,0,,50,0,,50,0,,50,0,,50,0,,50,0
2010-08-23,1.7452891422175525,0,0,,50,0,,50,0,,50,0,,50,0,,50,0
2010-08-24,1.7074303075313364,0,0,,50,0,,50,0,,50,0,,50,0,,50,0
2010-08-25,1.6629715041426476,0,0,,50,0,,50,0,,50,0,,50,0,,50,0
2010-08-26,1.6019090834490217,0,0,,50,0,,50,0,,50,0,,50,0,,50,0
2010-08-27,1.6008457169524335,0,0,,50,0,,50,0,,50,0,,50,0,,50,0
2010-08-28,1.5610915607984759,0,0,,50,0,,50,0,,50,0,,50,0,,50,0
2010-08-29,1.5151436668974794,0,0,,50,0,,50,0,,50,0,,50,0,,50,0
2010-08-30,1.5265125829167872,0,0,,50,0,,50,0,,50,0,,50,0,,50,0
2010-08-31,1.322288084335209,50,0,,50,0,0.0,100,0,,50,0,,50,0,,50,0
2010-09-01,1.3744039640214087,50,0,,50,0,0.0,100,0,,50,0,,50,0,,50,0
2010-09-02,1.4015486317418304,50,0,,50,0,0.0,100,0,,50,0,,50,0,,50,0
2010-09-03,1.2937148192660481,50,0,,50,0,0.0,100,0,,50,0,,50,0,,50,0
2010-09-04,1.3185062587142693,50,0,,50,0,0.0,100,0,,50,0,,50,0,,50,0
2010-09-05,1.2720921360030266,50,0,,50,0,0.0,100,0,,50,0,,50,0,,50,0
2010-09-06,1.2569869586748434,50,0,,50,0,0.0,100,0,,50,0,,50,0,,50,0
2010-09-07,1.222638897009833,50,0,,50,0,0.0,100,0,,50,0,,50,0,,50,0
2010-09-08,1.1981592319092937,50,0,,50,0,0.0,100,0,,50,0,,50,0,,50,0
2010-09-09,1.1601295607304276,50,0,,50,0,0.0,100,0,,50,0,,50,0,,50,0
2010-09-10,1.1401687406793182,50,0,,50,0,0.0,100,0,,50,0,,50,0,,50,0
2010-09-11,1.2072672190103155,50,0,,50,0,0.0,100,0,,50,0,,50,0,,50,0
2010-09-12,1.1198260457644806,50,0,,50,0,0.0,100,0,,50,0,,50,0,,50,0
2010-09-13,1.1236804320714007,50,0,,50,0,0.0,100,0,,50,0,,50,0,,50,0
2010-09-14,1.0985928962303262,50,0,,50,0,0.0,100,0,,50,0,,50,0,,50,0
2010-09-15,1.02047338055188,50,0,,50,0,0.0,100,0,,50,0,,50,0,,50,0
2010-09-16,1.0294995557455338,50,0,,50,0,0.0,100,0,,50,0,,50,0,,50,0
2010-09-17,0.9134125772118612,50,0,,50,0,0.0,100,0,,50,0,,50,0,,50,0
2010-09-18,0.9247647182288478,50,0,,50,0,0.0,100,0,,50,0,,50,0,,50,0
2010-09-19,0.9554087545887114,50,0,,50,0,0.0,100,0,,50,0,,50,0,,50,0
2010-09-20,0.9247458269072975,50,0,,50,0,0.0,100,0,,50,0,,50,0,,50,0
2010-09-21,0.9270331545542241,50,0,,50,0,0.0,100,0,,50,0,,50,0,,50,0
2010-09-22,0.8924853238156936,50,0,,50,0,0.0,100,0,,50,0,,50,0,,50,0
2010-09-23,0.8815760747889846,50,0,,50,0,0.0,100,0,,50,0,,50,0,,50,0
2010-09-24,0.8670741548710253,50,0,,50,0,0.0,100,0,,50,0,,50,0,,50,0
2010-09-25,0.8479320842865574,50,0,,50,0,0.0,100,0,,50,0,,50,0,,50,0
2010-09-26,0.8348011953782346,50,0,,50,0,0.0,100,0,,50,0,,50,0,,50,0
2010-09-27,0.8007457506644047,50,0,,50,0,0.0,100,0,,50,0,,50,0,,50,0
2010-09-28,0.7130130534214206,50,0,,50,0,0.0,100,0,,50,0,,50,0,,50,0
2010-09-29,0.7009415030442672,50,0,,50,0,0.0,100,0,,50,0,,50,0,,50,0
2010-09-30,0.6654417871203295,50,0,,50,0,1.9000876638925774,100,0,,50,0,,50,0,,50,0
2010-10-01,0.659388365022283,50,0,,50,0,1.9000876638925774,100,0,,50,0,,50,0,,50,0
2010-10-02,0.5340815210107112,50,0,,50,0,1.9000876638925774,100,0,,50,0,,50,0,,50,0
2010-10-03,0.5226227044055127,50,0,,50,0,1.9000876638925774,100,0,,50,0,,50,0,,50,0
2010-10-04,0.5210251740233914,50,0,,50,0,1.9000876638925774,100,0,,50,0,,50,0,,50,0
2010-10-05,0.4947695527717749,50,0,,50,0,1.9000876638925774,100,0,,50,0,,50,0,,50,0
2010-10-06,0.5169468181027551,50,0,,50,0,1.9000876638925774,100,0,,50,0,,50,0,,50,0
2010-10-07,0.5901815742716688,50,0,,50,0,1.9000876638925774,100,0,,50,0,,50,0,,50,0
2010-10-08,0.8952337511664955,50,0,,50,0,1.9000876638925774,100,0,,50,0,,50,0,,50,0
2010-10-09,1.0013883646239166,50,0,,50,0,1.9000876638925774,100,0,,50,0,,50,0,,50,0
2010-10-10,1.0223198301912384,50,0,,50,0,1.9000876638925774,100,0,,50,0,,50,0,,50,0
2010-10-11,0.9496100399014606,50,0,,50,0,1.9000876638925774,100,0,,50,0,,50,0,,50,0
2010-10-12,0.9311297059080762,50,0,,50,0,1.9000876638925774,100,0,,50,0,,50,0,,50,0
2010-10-13,1.0598351416478773,50,0,,50,0,1.9000876638925774,100,0,,50,0,,50,0,,50,0
2010-10-14,0.9812401991527869,50,0,,50,0,1.9000876638925774,100,0,,50,0,,50,0,,50,0
2010-10-15,0.9751382245162991,50,0,,50,0,1.9000876638925774,100,0,,50,0,,50,0,,50,0
2010-10-16,0.8631066130274611,50,0,,50,0,1.9000876638925774,100,0,,50,0,,50,0,,50,0
2010-10-17,0.8602105099851641,50,0,,50,0,1.9000876638925774,100,0,,50,0,,50,0,,50,0
2010-10-18,0.8467714489746548,50,0,,50,0,1.9000876638925774,100,0,,50,0,,50,0,,50,0
2010-10-19,0.7557606305545191,50,0,,50,0,1.9000876638925774,100,0,,50,0,,50,0,,50,0
2010-10-20,0.7602768803498071,50,0,,50,0,1.9000876638925774,100,0,,50,0,,50,0,,50,0
2010-10-21,0.8382774236838252,50,0,,50,0,1.9000876638925774,100,0,,50,0,,50,0,,50,0
2010-10-22,0.761223444036186,50,0,,50,0,1.9000876638925774,100,0,,50,0,,50,0,,50,0
2010-10-23,0.7750961540025068,50,0,,50,0,1.9000876638925774,100,0,,50,0,,50,0,,50,0
2010-10-24,0.8933932738864312,50,0,,50,0,1.9000876638925774,100,0,,50,0,,50,0,,50,0
2010-10-25,1.198352692959735,50,0,,50,0,1.9000876638925774,100,0,,50,0,,50,0,,50,0
2010-10-26,1.303310468538018,50,0,,50,0,1.9000876638925774,100,0,,50,0,,50,0,,50,0
2010-10-27,1.673910565844297,0,0,,50,0,1.9000876638925774,100,0,,50,0,,50,0,,50,0
2010-10-28,1.3509132913283466,50,0,,50,0,1.9000876638925774,100,0,,50,0,,50,0,,50,0
2010-10-29,1.5032482090166313,0,0,,50,0,1.9000876638925774,100,0,,50,0,,50,0,,50,0
2010-10-30,1.5390974901182735,0,0,,50,0,1.9000876638925774,100,0,,50,0,,50,0,,50,0
2010-10-31,1.4229924266748266,50,0,,50,0,59.235888261639275,50,0,,50,0,,50,0,,50,0
2010-11-01,1.4133536118588161,50,0,,50,0,59.235888261639275,50,0,,50,0,,50,0,,50,0
2010-11-02,1.359750037530438,50,0,,50,0,59.235888261639275,50,0,,50,0,,50,0,,50,0
2010-11-03,1.3190556993954747,50,0,,50,0,59.235888261639275,50,0,,50,0,,50,0,,50,0
2010-11-04,1.5366970969908398,0,0,,50,0,59.235888261639275,50,0,,50,0,,50,0,,50,0
2010-11-05,1.7561502234911344,0,0,,50,0,59.235888261639275,50,0,,50,0,,50,0,,50,0
2010-11-06,2.5513308650867117,0,0,,50,0,59.235888261639275,50,0,,50,0,,50,0,,50,0
2010-11-07,1.953306604726882,0,0,,50,0,59.235888261639275,50,0,,50,0,,50,0,,50,0
2010-11-08,1.078157795531594,50,0,,50,0,59.235888261639275,50,0,,50,0,,50,0,,50,0
2010-11-09,0.8601272981142056,50,0,,50,0,59.235888261639275,50,0,,50,0,,50,0,,50,0
2010-11-10,0.9402286873953578,50,0,,50,0,59.235888261639275,50,0,,50,0,,50,0,,50,0
2010-11-11,0.8770073140786704,50,0,,50,0,59.235888261639275,50,0,,50,0,,50,0,,50,0
2010-11-12,1.1972764729962635,50,0,,50,0,59.235888261639275,50,0,,50,0,,50,0,,50,0
2010-11-13,1.216073771845613,50,0,,50,0,59.235888261639275,50,0,,50,0,,50,0,,50,0
2010-11-14,1.1977807341507187,50,0,,50,0,59.235888261639275,50,0,,50,0,,50,0,,50,0
2010-11-15,1.04440922529288,50,0,,50,0,59.235888261639275,50,0,,50,0,,50,0,,50,0
2010-11-16,0.7363840824424848,50,0,,50,0,59.235888261639275,50,0,,50,0,,50,0,,50,0
2010-11-17,0.8371380620876534,50,0,,50,0,59.235888261639275,50,0,,50,0,,50,0,,50,0
2010-11-18,0.9971076689363834,50,0,,50,0,59.235888261639275,50,0,,50,0,,50,0,,50,0
2010-11-19,1.032277153097932,50,0,,50,0,59.235888261639275,50,0,,50,0,,50,0,,50,0
2010-11-20,1.0385342371507111,50,0,,50,0,59.235888261639275,50,0,,50,0,,50,0,,50,0
2010-11-21,0.9857437633130838,50,0,,50,0,59.235888261639275,50,0,,50,0,,50,0,,50,0
2010-11-22,1.0228996566318946,50,0,,50,0,59.235888261639275,50,0,,50,0,,50,0,,50,0
2010-11-23,0.9925189321374089,50,0,,50,0,59.235888261639275,50,0,,50,0,,50,0,,50,0
2010-11-24,0.9720542930256094,50,0,,50,0,59.235888261639275,50,0,,50,0,,50,0,,50,0
2010-11-25,0.9294209930374118,50,0,,50,0,59.235888261639275,50,0,,50,0,,50,0,,50,0
2010-11-26,0.92924269416574,50,0,,50,0,59.235888261639275,50,0,,50,0,,50,0,,50,0
2010-11-27,0.9065070603155697,50,0,,50,0,59.235888261639275,50,0,,50,0,,50,0,,50,0
2010-11-28,0.8260452254379308,50,0,,50,0,59.235888261639275,50,0,,50,0,,50,0,,50,0
2010-11-29,0.5778100550877543,50,0,,50,0,59.235888261639275,50,0,,50,0,,50,0,,50,0
2010-11-30,0.4403755393515851,50,0,,50,0,62.103359880818225,50,0,,50,0,,50,0,,50,0
2010-12-01,0.5525264465682539,50,0,,50,0,62.103359880818225,50,0,,50,0,,50,0,,50,0
2010-12-02,0.6890203709773381,50,0,,50,0,62.103359880818225,50,0,,50,0,,50,0,,50,0
2010-12-03,0.6590444938485387,50,0,,50,0,62.103359880818225,50,0,,50,0,,50,0,,50,0
2010-12-04,0.38723572957005775,50,0,,50,0,62.103359880818225,50,0,,50,0,,50,0,,50,0
2010-12-05,0.3695018954603549,50,0,,50,0,62.103359880818225,50,0,,50,0,,50,0,,50,0
2010-12-06,0.3568336413037041,50,0,,50,0,62.103359880818225,50,0,,50,0,,50,0,,50,0
2010-12-07,0.5057099571285637,50,0,,50,0,62.103359880818225,50,0,,50,0,,50,0,,50,0
2010-12-08,0.5271213686932427,50,0,,50,0,62.103359880818225,50,0,,50,0,,50,0,,50,0
2010-12-09,0.30683086338624643,50,0,,50,0,62.103359880818225,50,0,,50,0,,50,0,,50,0
2010-12-10,0.3277012708924104,50,0,,50,0,62.103359880818225,50,0,,50,0,,50,0,,50,0
2010-12-11,0.4541072623413438,50,0,,50,0,62.103359880818225,50,0,,50,0,,50,0,,50,0
2010-12-12,0.40457456108727635,50,0,,50,0,62.103359880818225,50,0,,50,0,,50,0,,50,0
2010-12-13,0.43808851871421783,50,0,,50,0,62.103359880818225,50,0,,50,0,,50,0,,50,0
2010-12-14,0.5355527885947355,50,0,,50,0,62.103359880818225,50,0,,50,0,,50,0,,50,0
2010-12-15,0.4875085802077006,50,0,,50,0,62.103359880818225,50,0,,50,0,,50,0,,50,0
2010-12-16,0.5334607313079197,50,0,,50,0,62.103359880818225,50,0,,50,0,,50,0,,50,0
2010-12-17,0.4894824838422461,50,0,,50,0,62.103359880818225,50,0,,50,0,,50,0,,50,0
2010-12-18,0.47412412187068176,50,0,,50,0,62.103359880818225,50,0,,50,0,,50,0,,50,0
2010-12-19,0.46489932377252924,50,0,,50,0,62.103359880818225,50,0,,50,0,,50,0,,50,0
2010-12-20,0.588888863447346,50,0,,50,0,62.103359880818225,50,0,,50,0,,50,0,,50,0
2010-12-21,0.4303750181531642,50,0,,50,0,62.103359880818225,50,0,,50,0,,50,0,,50,0
2010-12-22,0.4691999341468105,50,0,,50,0,62.103359880818225,50,0,,50,0,,50,0,,50,0
2010-12-23,0.4640696570459576,50,0,,50,0,62.103359880818225,50,0,,50,0,,50,0,,50,0
2010-12-24,0.4492812235268572,50,0,,50,0,62.103359880818225,50,0,,50,0,,50,0,,50,0
2010-12-25,0.45296277573226157,50,0,,50,0,62.103359880818225,50,0,,50,0,,50,0,,50,0
2010-12-26,0.522087586743615,50,0,,50,0,62.103359880818225,50,0,,50,0,,50,0,,50,0
2010-12-27,0.5146998806334528,50,0,,50,0,62.103359880818225,50,0,,50,0,,50,0,,50,0
2010-12-28,0.586288570255647,50,0,,50,0,62.103359880818225,50,0,,50,0,,50,0,,50,0
2010-12-29,0.65241421716237,50,0,,50,0,62.103359880818225,50,0,,50,0,,50,0,,50,0
2010-12-30,0.6421198591614528,50,0,,50,0,62.103359880818225,50,0,,50,0,,50,0,,50,0
2010-12-31,0.6349773431657473,50,0,,50,0,73.73658352960834,0,0,,50,0,,50,0,,50,0
2011-01-01,0.6275135641802458,50,0,,50,0,73.73658352960834,0,0,,50,0,,50,0,,50,0
2011-01-02,0.6149986510648241,50,0,,50,0,73.73658352960834,0,0,,50,0,,50,0,,50,0
2011-01-03,0.5832521433774364,50,0,,50,0,73.73658352960834,0,0,,50,0,,50,0,,50,0
2011-01-04,0.5960468527248416,50,0,,50,0,73.73658352960834,0,0,,50,0,,50,0,,50,0
2011-01-05,0.5888816221152069,50,0,,50,0,73.73658352960834,0,0,,50,0,,50,0,,50,0
2011-01-06,0.5782982862497522,50,0,,50,0,73.73658352960834,0,0,,50,0,,50,0,,50,0
2011-01-07,0.669392132335111,50,0,,50,0,73.73658352960834,0,0,,50,0,,50,0,,50,0
2011-01-08,0.6720484650050383,50,0,,50,0,73.73658352960834,0,0,,50,0,,50,0,,50,0
2011-01-09,0.6638271215113373,50,0,,50,0,73.73658352960834,0,0,,50,0,,50,0,,50,0
2011-01-10,0.6576361632241754,50,0,,50,0,73.73658352960834,0,0,,50,0,,50,0,,50,0
2011-01-11,0.6193371177645,50,0,,50,0,73.73658352960834,0,0,,50,0,,50,0,,50,0
2011-01-12,0.5791348913923645,50,0,,50,0,73.73658352960834,0,0,,50,0,,50,0,,50,0
2011-01-13,0.5541922558763682,50,0,,50,0,73.73658352960834,0,0,,50,0,,50,0,,50,0
2011-01-14,0.8784818073097976,50,0,,50,0,73.73658352960834,0,0,,50,0,,50,0,,50,0
2011-01-15,0.8078210233796974,50,0,,50,0,73.73658352960834,0,0,,50,0,,50,0,,50,0
2011-01-16,0.7897817434126952,50,0,,50,0,73.73658352960834,0,0,,50,0,,50,0,,50,0
2011-01-17,0.6234692290122432,50,0,,50,0,73.73658352960834,0,0,,50,0,,50,0,,50,0
2011-01-18,0.470228023198302,50,0,,50,0,73.73658352960834,0,0,,50,0,,50,0,,50,0
2011-01-19,0.45488748415502134,50,0,,50,0,73.73658352960834,0,0,,50,0,,50,0,,50,0
2011-01-20,0.7475322053736497,50,0,,50,0,73.73658352960834,0,0,,50,0,,50,0,,50,0
2011-01-21,0.8481195525104009,50,0,,50,0,73.73658352960834,0,0,,50,0,,50,0,,50,0
2011-01-22,0.9062594755265503,50,0,,50,0,73.73658352960834,0,0,,50,0,,50,0,,50,0
2011-01-23,0.8814535493205897,50,0,,50,0,73.73658352960834,0,0,,50,0,,50,0,,50,0
2011-01-24,0.7746888096257378,50,0,,50,0,73.73658352960834,0,0,,50,0,,50,0,,50,0
2011-01-25,0.727913983429978,50,0,,50,0,73.73658352960834,0,0,,50,0,,50,0,,50,0
2011-01-26,0.5408783851772286,50,0,,50,0,73.73658352960834,0,0,,50,0,,50,0,,50,0
2011-01-27,0.5473648135577424,50,0,,50,0,73.73658352960834,0,0,,50,0,,50,0,,50,0
2011-01-28,0.609225258526026,50,0,,50,0,73.73658352960834,0,0,,50,0,,50,0,,50,0
2011-01-29,0.5724105142295333,50,0,,50,0,73.73658352960834,0,0,,50,0,,50,0,,50,0
2011-01-30,0.6806319324141503,50,0,,50,0,73.73658352960834,0,0,,50,0,,50,0,,50,0
2011-01-31,0.7893519382165666,50,0,,50,0,85.49585070723431,0,100,,50,0,,50,0,,50,0
2011-02-01,1.2534554563681923,50,0,,50,0,85.49585070723431,0,100,,50,0,,50,0,,50,0
2011-02-02,1.2254981711853932,50,0,3.9864962437072786,0,100,85.49585070723431,0,100,,50,0,,50,0,,50,0
2011-02-03,1.1155831736546562,50,0,3.7605605907286828,0,100,85.49585070723431,0,100,,50,0,,50,0,,50,0
2011-02-04,1.3913448456543738,50,0,4.322322618521877,0,100,85.49585070723431,0,100,,50,0,,50,0,,50,0
2011-02-05,1.5675224368225957,0,0,4.768458993478409,0,100,85.49585070723431,0,100,,50,0,,50,0,,50,0
2011-02-06,1.4860100520741053,50,0,4.61334642374075,0,100,85.49585070723431,0,100,,50,0,,50,0,,50,0
2011-02-07,1.3473965377609254,50,0,4.49108030417957,0,100,85.49585070723431,0,100,,50,0,,50,0,,50,0
2011-02-08,1.3891444180865784,50,0,4.5550019685699406,0,100,85.49585070723431,0,100,,50,0,,50,0,,50,0
2011-02-09,1.5287734790873866,0,0,4.944968418335445,0,100,85.49585070723431,0,100,,50,0,,50,0,,50,0
2011-02-10,1.399885663295505,50,0,4.682997715942979,0,100,85.49585070723431,0,100,,50,0,,50,0,,50,0
2011-02-11,1.4977951297847254,50,0,4.943205245423206,0,100,85.49585070723431,0,100,,50,0,,50,0,,50,0
2011-02-12,1.5153313643551267,0,0,4.9628113682741715,0,100,85.49585070723431,0,100,,50,0,,50,0,,50,0
2011-02-13,1.418808471746166,50,0,4.744615965279272,0,100,85.49585070723431,0,100,,50,0,,50,0,,50,0
2011-02-14,1.3740820992928766,50,0,4.749135532802218,0,100,85.49585070723431,0,100,,50,0,,50,0,,50,0
2011-02-15,1.3086051431176962,50,0,4.581579229173271,0,100,85.49585070723431,0,100,,50,0,,50,0,,50,0
2011-02-16,1.249465470079111,50,0,4.4292000157867095,0,100,85.49585070723431,0,100,,50,0,,50,0,,50,0
2011-02-17,1.2442276413894369,50,0,4.393754713064498,0,100,85.49585070723431,0,100,,50,0,,50,0,,50,0
2011-02-18,0.9479573419482594,50,0,3.7495834840162603,0,100,85.49585070723431,0,100,,50,0,,50,0,,50,0
2011-02-19,1.0235230825234354,50,0,3.884989518824558,0,100,85.49585070723431,0,100,,50,0,,50,0,,50,0
2011-02-20,0.8531986286036805,50,0,3.518448815303376,0,100,85.49585070723431,0,100,,50,0,,50,0,,50,0
2011-02-21,0.788057929765173,50,0,3.3626195437535578,0,100,85.49585070723431,0,100,,50,0,,50,0,,50,0
2011-02-22,0.8504927568712611,50,0,3.4886667473614597,0,100,85.49585070723431,0,100,,50,0,,50,0,,50,0
2011-02-23,0.8800154183016682,50,0,3.538678078739725,0,100,85.49585070723431,0,100,,50,0,,50,0,,50,0
2011-02-24,1.0231187222795834,50,0,3.839029529368799,0,100,85.49585070723431,0,100,,50,0,,50,0,,50,0
2011-02-25,0.8742528324993584,50,0,3.509951207002405,0,100,85.49585070723431,0,100,,50,0,,50,0,,50,0
2011-02-26,0.9169391059636515,50,0,3.632892996656841,0,100,85.49585070723431,0,100,,50,0,,50,0,,50,0
2011-02-27,0.7761295113380361,50,0,3.3583774366988006,0,100,85.49585070723431,0,100,,50,0,,50,0,,50,0
2011-02-28,0.6964163704390629,50,0,3.1962473777016607,0,100,91.55588430054172,0,100,,50,0,,50,0,,50,0
2011-03-01,0.6116496679879202,50,0,3.3863018253379793,0,100,91.55588430054172,0,100,,50,0,,50,0,,50,0
2011-03-02,0.628322718574794,50,0,3.418612691202859,0,100,91.55588430054172,0,100,,50,0,,50,0,,50,0
2011-03-03,0.618751490889903,50,0,3.3799526886754365,0,100,91.55588430054172,0,100,,50,0,,50,0,,50,0
2011-03-04,0.5530100766803228,50,0,3.2119499127189655,0,100,91.55588430054172,0,100,,50,0,,50,0,,50,0
2011-03-05,0.5508833805282941,50,0,3.2049541257982943,0,100,91.55588430054172,0,100,,50,0,,50,0,,50,0
2011-03-06,0.510082960356933,50,0,3.095180891228068,0,100,91.55588430054172,0,100,,50,0,,50,0,,50,0
2011-03-07,0.49601837760295775,50,0,3.0430034288768177,0,100,91.55588430054172,0,100,,50,0,,50,0,,50,0
2011-03-08,0.47183527145634085,50,0,2.9775960734231366,0,100,91.55588430054172,0,100,,50,0,,50,0,,50,0
2011-03-09,0.4595077938170761,50,0,2.932305876070204,0,100,91.55588430054172,0,100,,50,0,,50,0,,50,0
2011-03-10,0.5425201576835785,50,0,3.110972149610661,0,100,91.55588430054172,0,100,,50,0,,50,0,,50,0
2011-03-11,0.4795153857511835,50,0,2.948989155398657,0,100,91.55588430054172,0,100,,50,0,,50,0,,50,0
2011-03-12,0.5200554536293182,50,0,3.0491207670070435,0,100,91.55588430054172,0,100,,50,0,,50,0,,50,0
2011-03-13,0.4765058324430654,50,0,2.940807188570295,0,100,91.55588430054172,0,100,,50,0,,50,0,,50,0
2011-03-14,0.466002699754888,50,0,2.921849669821991,0,100,91.55588430054172,0,100,,50,0,,50,0,,50,0
2011-03-15,0.4290454129667326,50,0,2.829241494960409,0,100,91.55588430054172,0,100,,50,0,,50,0,,50,0
2011-03-16,0.38637824368395074,50,0,2.741086061917281,0,100,91.55588430054172,0,100,,50,0,,50,0,,50,0
2011-03-17,0.34464780968818864,50,0,2.640018005597561,0,100,91.55588430054172,0,100,,50,0,,50,0,,50,0
2011-03-18,0.3110272378749468,50,0,2.5486345816573355,0,100,91.55588430054172,0,100,,50,0,,50,0,,50,0
2011-03-19,0.2579740784714422,50,0,2.41705849049109,0,0,91.55588430054172,0,100,,50,0,,50,0,,50,0
2011-03-20,0.22405935875268387,50,0,2.330090014643812,0,0,91.55588430054172,0,100,,50,0,,50,0,,50,0
2011-03-21,0.24518445320233953,50,0,2.37168912733648,0,0,91.55588430054172,0,100,,50,0,,50,0,,50,0
2011-03-22,0.3094943637060187,50,0,2.512946563456056,0,100,91.55588430054172,0,100,,50,0,,50,0,,50,0
2011-03-23,0.36108516289618003,50,0,2.6217197202902125,0,100,91.55588430054172,0,100,,50,0,,50,0,,50,0
2011-03-24,0.378016826055444,50,0,2.6735581200980483,0,100,91.55588430054172,0,100,,50,0,,50,0,,50,0
2011-03-25,0.3889221167055682,50,0,2.6901710280409223,0,100,91.55588430054172,0,100,,50,0,,50,0,,50,0
2011-03-26,0.3402461031127532,50,0,2.5867480578803184,0,100,91.55588430054172,0,100,,50,0,,50,0,,50,0
2011-03-27,0.29284632825803836,50,0,2.4718056722089425,0,0,91.55588430054172,0,100,,50,0,,50,0,,50,0
2011-03-28,0.25421075529327786,50,0,2.3768291332884965,0,0,91.55588430054172,0,100,,50,0,,50,0,,50,0
2011-03-29,0.2491437958439395,50,0,2.3574910062588135,0,0,91.55588430054172,0,100,,50,0,,50,0,,50,0
2011-03-30,0.24371836793967666,50,0,2.3368356017100886,0,0,91.55588430054172,0,100,,50,0,,50,0,,50,0
2011-03-31,0.23444915988540305,50,0,2.3098752790177377,0,0,83.11694597350774,0,100,,50,0,,50,0,,50,0
2011-04-01,0.21817627783853136,50,0,2.2677218977880345,0,0,83.11694597350774,0,100,,50,0,,50,0,,50,0
2011-04-02,0.22720338224778472,50,0,2.2794457008454394,0,0,83.11694597350774,0,100,,50,0,,50,0,,50,0
2011-04-03,0.22102718907369595,50,0,2.259686019577517,0,0,83.11694597350774,0,100,,50,0,,50,0,,50,0
2011-04-04,0.08549414318337636,50,0,1.965189057921446,0,0,83.11694597350774,0,100,,50,0,,50,0,,50,0
2011-04-05,0.1298284521490297,50,0,2.0599382289000494,0,0,83.11694597350774,0,100,,50,0,,50,0,,50,0
2011-04-06,0.15994796063006197,50,0,2.1207917788668347,0,0,83.11694597350774,0,100,,50,0,,50,0,,50,0
2011-04-07,0.17597472334687755,50,0,2.150888024218961,0,0,83.11694597350774,0,100,,50,0,,50,0,,50,0
2011-04-08,0.16884425440627965,50,0,2.130849786969733,0,0,83.11694597350774,0,100,,50,0,,50,0,,50,0
2011-04-09,0.1467639549745155,50,0,2.0771143454142016,0,0,83.11694597350774,0,100,,50,0,,50,0,,50,0
2011-04-10,0.14428576562474976,50,0,2.0662415140911428,0,0,83.11694597350774,0,100,,50,0,,50,0,,50,0
2011-04-11,0.18937884257607526,50,0,2.1609597794433006,0,0,83.11694597350774,0,100,,50,0,,50,0,,50,0
2011-04-12,0.3007712110408761,50,0,2.404393203277739,0,0,83.11694597350774,0,100,,50,0,,50,0,,50,0
2011-04-13,0.38069234477609853,50,0,2.5815548759527234,0,100,83.11694597350774,0,100,,50,0,,50,0,,50,0
2011-04-14,0.45512912523897225,50,0,2.7531153393065124,0,100,83.11694597350774,0,100,,50,0,,50,0,,50,0
2011-04-15,0.42243661057587334,50,0,2.694920540355494,0,100,83.11694597350774,0,100,,50,0,,50,0,,50,0
2011-04-16,0.48908630233305433,50,0,2.8479274248308544,0,100,83.11694597350774,0,100,,50,0,,50,0,,50,0
2011-04-17,0.5372700035834628,50,0,2.966507822148967,0,100,83.11694597350774,0,100,,50,0,,50,0,,50,0
2011-04-18,0.5785636202847612,50,0,3.0815327426970867,0,100,83.11694597350774,0,100,,50,0,,50,0,,50,0
2011-04-19,0.599131259056983,50,0,3.1524497427384146,0,100,83.11694597350774,0,100,,50,0,,50,0,,50,0
2011-04-20,0.541772204621316,50,0,3.0157882191023684,0,100,83.11694597350774,0,100,,50,0,,50,0,,50,0
2011-04-21,0.604892727344497,50,0,3.163088203024349,0,100,83.11694597350774,0,100,,50,0,,50,0,,50,0
2011-04-22,0.7953440157111998,50,0,3.644636151590968,0,100,83.11694597350774,0,100,,50,0,,50,0,,50,0
2011-04-23,1.1869579635766796,50,0,4.683150182330376,0,100,83.11694597350774,0,100,,50,0,,50,0,,50,0
2011-04-24,0.9472607986600707,50,0,4.1322796152105985,0,100,83.11694597350774,0,100,,50,0,,50,0,,50,0
2011-04-25,0.8595360509179426,50,0,3.9201970507834543,0,100,83.11694597350774,0,100,,50,0,,50,0,,50,0
2011-04-26,1.0451603221330297,50,0,4.384027962283768,0,100,83.11694597350774,0,100,,50,0,,50,0,,50,0
2011-04-27,1.148661251389655,50,0,4.650863722323328,0,100,83.11694597350774,0,100,,50,0,,50,0,,50,0
2011-04-28,1.4631140077759197,50,0,5.497307170790262,0,100,83.11694597350774,0,100,,50,0,,50,0,,50,0
2011-04-29,1.3582971536788262,50,0,6.718263900516725,0,100,83.11694597350774,0,100,,50,0,,50,0,,50,0
2011-04-30,1.548168779343304,0,0,8.045542257879132,0,100,96.30146066694496,0,100,,50,0,,50,0,,50,0
2011-05-01,1.230428949381138,50,0,6.964951762668744,0,100,96.30146066694496,0,100,,50,0,,50,0,,50,0
2011-05-02,1.266315460508674,50,0,7.051684268689554,0,100,96.30146066694496,0,100,,50,0,,50,0,,50,0
2011-05-03,1.2985025637548353,50,0,7.245519162937935,0,100,96.30146066694496,0,100,,50,0,,50,0,,50,0
2011-05-04,1.1797455353641253,50,0,7.1922719396752965,0,100,96.30146066694496,0,100,,50,0,,50,0,,50,0
2011-05-05,1.1114944203436106,50,0,6.9119229558919,0,100,96.30146066694496,0,100,,50,0,,50,0,,50,0
2011-05-06,1.0948689398645888,50,0,6.995431216435316,0,100,96.30146066694496,0,100,,50,0,,50,0,,50,0
2011-05-07,1.1652342414209547,50,0,7.215996055133282,0,100,96.30146066694496,0,100,,50,0,,50,0,,50,0
2011-05-08,1.2125374474421502,50,0,7.459444885143741,0,100,96.30146066694496,0,100,,50,0,,50,0,,50,0
2011-05-09,1.152157488531592,50,0,7.2176429545479435,0,100,96.30146066694496,0,100,,50,0,,50,0,,50,0
2011-05-10,1.7698498578417523,0,0,10.383198534092209,0,100,96.30146066694496,0,100,,50,0,,50,0,,50,0
2011-05-11,1.5605919907500871,0,0,9.701082101799738,0,100,96.30146066694496,0,100,,50,0,,50,0,,50,0
2011-05-12,1.7498899956604679,0,0,10.921300155688554,0,100,96.30146066694496,0,100,,50,0,,50,0,,50,0
2011-05-13,1.9872729184254496,0,0,13.447512115216654,0,100,96.30146066694496,0,100,,50,0,,50,0,,50,0
2011-05-14,1.5349650350198238,0,0,11.184501122855696,0,100,96.30146066694496,0,100,,50,0,,50,0,,50,0
2011-05-15,1.403007009017824,50,0,10.697021808398736,0,100,96.30146066694496,0,100,,50,0,,50,0,,50,0
2011-05-16,1.50972063776124,0,0,11.746837818452411,0,100,96.30146066694496,0,100,,50,0,,50,0,,50,0
2011-05-17,1.268046752909061,50,0,10.473347204639747,0,100,96.30146066694496,0,100,,50,0,,50,0,,50,0
2011-05-18,1.0843225352023897,50,0,9.48785555841736,0,100,96.30146066694496,0,100,,50,0,,50,0,,50,0
2011-05-19,1.0909520095702434,50,0,9.399788439719808,0,100,96.30146066694496,0,100,,50,0,,50,0,,50,0
2011-05-20,0.7171451360149382,50,0,7.501568889295362,0,100,96.30146066694496,0,100,,50,0,,50,0,,50,0
2011-05-21,0.8643361249106322,50,0,7.941042231580108,0,100,96.30146066694496,0,100,,50,0,,50,0,,50,0
2011-05-22,0.9779238941733772,50,0,8.544940797656155,0,100,96.30146066694496,0,100,,50,0,,50,0,,50,0
2011-05-23,1.0339294826396621,50,0,8.76858836697374,0,100,96.30146066694496,0,100,,50,0,,50,0,,50,0
2011-05-24,1.0800948784863251,50,0,8.951675019407453,0,100,96.30146066694496,0,100,,50,0,,50,0,,50,0
2011-05-25,1.3221799637553375,50,0,10.060528454017309,0,100,96.30146066694496,0,100,,50,0,,50,0,,50,0
2011-05-26,1.3171877017785125,50,0,10.012604437286855,0,100,96.30146066694496,0,100,,50,0,,50,0,,50,0
2011-05-27,1.1412692430522016,50,0,9.460750695811258,0,100,96.30146066694496,0,100,,50,0,,50,0,,50,0
2011-05-28,1.0846023437147554,50,0,9.025048840760343,0,100,96.30146066694496,0,100,,50,0,,50,0,,50,0
2011-05-29,1.076752457227069,50,0,8.854484964199452,0,100,96.30146066694496,0,100,,50,0,,50,0,,50,0
2011-05-30,1.125275964844656,50,0,9.018499058012221,0,100,96.30146066694496,0,100,,50,0,,50,0,,50,0
2011-05-31,1.0809487375661713,50,0,8.740397725643529,0,100,98.58684057590216,0,100,,50,0,,50,0,,50,0
2011-06-01,1.2346234940928649,50,0,9.390084641007473,0,100,98.58684057590216,0,100,,50,0,,50,0,,50,0
2011-06-02,1.377928003949038,50,0,10.143541520688638,0,100,98.58684057590216,0,100,,50,0,,50,0,,50,0
2011-06-03,1.8288338811272224,0,0,13.01184476233127,0,100,98.58684057590216,0,100,,50,0,,50,0,,50,0
2011-06-04,2.36675142108429,0,0,15.927598140782024,0,100,98.58684057590216,0,100,,50,0,,50,0,,50,0
2011-06-05,1.8887210241996966,0,0,13.815971501321641,0,100,98.58684057590216,0,100,,50,0,,50,0,,50,0
2011-06-06,1.6630856462033428,0,0,14.715698434354868,0,100,98.58684057590216,0,100,,50,0,,50,0,,50,0
2011-06-07,2.1531275751429724,0,0,17.62900779274764,0,100,98.58684057590216,0,100,,50,0,,50,0,,50,0
2011-06-08,2.2213267318656675,0,0,20.68885918527475,0,100,98.58684057590216,0,100,,50,0,,50,0,,50,0
2011-06-09,1.9047014653142016,0,0,19.362533499298838,0,100,98.58684057590216,0,100,,50,0,,50,0,,50,0
2011-06-10,1.2995217904637142,50,0,15.458809730370074,0,100,98.58684057590216,0,100,,50,0,,50,0,,50,0
2011-06-11,0.49780442413488485,50,0,9.242785788702113,0,100,98.58684057590216,0,100,,50,0,,50,0,,50,0
2011-06-12,0.6737090428702618,50,0,11.437516851859296,0,100,98.58684057590216,0,100,,50,0,,50,0,,50,0
2011-06-13,0.6759601188284238,50,0,11.480908448332181,0,100,98.58684057590216,0,100,,50,0,,50,0,,50,0
2011-06-14,0.5514839976563077,50,0,10.972837184938351,0,100,98.58684057590216,0,100,,50,0,,50,0,,50,0
2011-06-15,0.48050511498160287,50,0,10.76427056314174,0,100,98.58684057590216,0,100,,50,0,,50,0,,50,0
2011-06-16,0.3589320598285889,50,0,9.657696200034582,0,100,98.58684057590216,0,100,,50,0,,50,0,,50,0
2011-06-17,0.19030706755811055,50,0,8.137161232709863,0,100,98.58684057590216,0,100,,50,0,,50,0,,50,0
2011-06-18,0.27352660147524327,50,0,8.6914942861381,0,100,98.58684057590216,0,100,,50,0,,50,0,,50,0
2011-06-19,0.2985391860492353,50,0,8.809097984239363,0,100,98.58684057590216,0,100,,50,0,,50,0,,50,0
2011-06-20,0.2904171376339405,50,0,8.610169992718372,0,100,98.58684057590216,0,100,,50,0,,50,0,,50,0
2011-06-21,0.2772767846442687,50,0,8.421125172388471,0,100,98.58684057590216,0,100,,50,0,,50,0,,50,0
2011-06-22,0.27280694650742854,50,0,8.241244850011306,0,100,98.58684057590216,0,100,,50,0,,50,0,,50,0
2011-06-23,0.26757088209935515,50,0,8.069878382913105,0,100,98.58684057590216,0,100,,50,0,,50,0,,50,0
2011-06-24,0.2604284152251791,50,0,7.906435295252843,0,100,98.58684057590216,0,100,,50,0,,50,0,,50,0
2011-06-25,0.25700827961280676,50,0,7.750378480416926,0,100,98.58684057590216,0,100,,50,0,,50,0,,50,0
2011-06-26,0.18135442729410553,50,0,7.112602775868704,0,100,98.58684057590216,0,100,,50,0,,50,0,,50,0
2011-06-27,0.18718306517973837,50,0,7.152308182372084,0,100,98.58684057590216,0,100,,50,0,,50,0,,50,0
2011-06-28,0.18890953548331385,50,0,7.113449063908288,0,100,98.58684057590216,0,100,,50,0,,50,0,,50,0
2011-06-29,0.17609219339119553,50,0,6.946972265399867,0,100,98.58684057590216,0,100,,50,0,,50,0,,50,0
2011-06-30,0.1300966024850628,50,0,6.564132705568749,0,100,99.27574265668645,0,100,,50,0,,50,0,,50,0
2011-07-01,0.08752687803640967,50,0,6.161164500755285,0,100,99.27574265668645,0,100,,50,0,,50,0,,50,0
2011-07-02,0.08585167423577995,50,0,6.057116183180739,0,100,99.27574265668645,0,100,1.4479262182457187,0,100,,50,0,,50,0
2011-07-03,0.08803049651752086,50,0,5.999589134599281,0,100,99.27574265668645,0,100,1.4487042928017673,0,100,,50,0,,50,0
2011-07-04,-0.0015284286685144069,50,0,5.310698206537703,0,100,99.27574265668645,0,100,1.4492634242274305,0,100,,50,0,,50,0
2011-07-05,-0.05488060719587668,50,0,4.914996608206273,0,100,99.27574265668645,0,100,1.4497112714881875,0,100,,50,0,,50,0
2011-07-06,0.04397823518728584,50,0,5.5071867976077,0,100,99.27574265668645,0,100,1.4504307165913979,0,100,,50,0,,50,0
2011-07-07,0.04692257966500404,50,0,5.468164420039173,0,100,99.27574265668645,0,100,1.4511462094824203,0,100,,50,0,,50,0
2011-07-08,0.01811925800593053,50,0,5.221210315735094,0,100,99.27574265668645,0,100,1.4518392513432725,0,100,,50,0,,50,0
2011-07-09,0.02240944642903788,50,0,5.18952196108066,0,100,99.27574265668645,0,100,1.4525512556811273,0,100,,50,0,,50,0
2011-07-10,0.031581745892546406,50,0,5.214353432464834,0,100,99.27574265668645,0,100,1.453239357415303,0,100,,50,0,,50,0
2011-07-11,0.012272289602875757,50,0,5.045160860197798,0,100,99.27574265668645,0,100,1.4538001478660638,0,100,,50,0,,50,0
2011-07-12,-0.005169950920844002,50,0,4.889752272185058,0,100,99.27574265668645,0,100,1.4542528991720474,0,100,,50,0,,50,0
2011-07-13,-0.009390943482741117,50,0,4.820668402649139,0,100,99.27574265668645,0,100,1.4546539778108003,0,100,,50,0,,50,0
2011-07-14,-0.00892175919380349,50,0,4.779256126357466,0,100,99.27574265668645,0,100,1.4550456990486416,0,100,,50,0,,50,0
2011-07-15,-0.02066574265154313,50,0,4.666105723661044,0,100,99.27574265668645,0,100,1.4554404879844962,0,100,,50,0,,50,0
2011-07-16,-0.026472022054335777,50,0,4.588750591358849,0,100,99.27574265668645,0,100,1.455866955952897,0,100,,50,0,,50,0
2011-07-17,-0.052930572531203146,50,0,4.395133917605507,0,100,99.27574265668645,0,100,1.4562636335604076,0,100,3.749856365074724,0,100,,50,0
2011-07-18,-0.007891922234554254,50,0,4.475555351870631,0,100,99.27574265668645,0,100,1.4566927272633223,0,100,3.7107330628615824,0,100,,50,0
2011-07-19,0.001242954810403381,50,0,4.495985466185837,0,100,99.27574265668645,0,100,1.457136011829108,0,100,3.0459428461013798,0,100,,50,0
2011-07-20,0.0006611594151065506,50,0,4.407057131426652,0,100,99.27574265668645,0,100,1.4575565403487138,0,100,3.303640821575821,0,100,,50,0
2011-07-21,-0.003821708207431115,50,0,4.345751337963565,0,100,99.27574265668645,0,100,1.4579796821078383,0,100,3.2202038340002446,0,100,,50,0
2011-07-22,0.0007204777554282551,50,0,4.3339296458031775,0,100,99.27574265668645,0,100,1.4583919850484905,0,100,3.155186894386746,0,100,,50,0
2011-07-23,-0.0011539138472891981,50,0,4.290114481201699,0,100,99.27574265668645,0,100,1.4587937921587624,0,100,3.02106379685862,0,100,,50,0
2011-07-24,0.01546491885140842,50,0,4.3479753650194874,0,100,99.27574265668645,0,100,1.459349796114004,0,100,3.403468786296787,0,100,,50,0
2011-07-25,0.01636079321281289,50,0,4.321749160331459,0,100,99.27574265668645,0,100,1.4598618883988461,0,100,3.4892726886080845,0,100,,50,0
2011-07-26,0.006129973910292894,50,0,4.236806295093131,0,100,99.27574265668645,0,100,1.4603149454512,0,100,3.7216833245053524,0,100,,50,0
2011-07-27,0.004695788987573856,50,0,4.200606915230545,0,100,99.27574265668645,0,100,1.4607375637785958,0,100,3.5643992956173016,0,100,,50,0
2011-07-28,-0.017234738900770756,50,0,4.050365032020114,0,100,99.27574265668645,0,100,1.4611234785747467,0,100,3.134986135782408,0,100,,50,0
2011-07-29,-0.017172735250170237,50,0,4.023962153443736,0,100,99.27574265668645,0,100,1.4615165926270257,0,100,3.2886624321796174,0,100,,50,0
2011-07-30,-0.017137281786259735,50,0,4.000200572569805,0,100,99.27574265668645,0,100,1.4619079126767591,0,100,2.995794269248947,0,0,,50,0
2011-07-31,-0.02686243178381228,50,0,3.9202316919401134,0,100,82.88041954394869,0,100,1.4622289886171909,0,100,3.4306754280741023,0,100,,50,0
2011-08-01,-0.047013131107171306,50,0,3.788438942506241,0,100,82.88041954394869,0,100,1.462402651070872,0,100,3.326491596295084,0,100,,50,0
2011-08-02,-0.09331848237827728,50,0,3.530535429548007,0,100,82.88041954394869,0,100,1.4624255868817404,0,100,2.9337907594082613,0,0,,50,0
2011-08-03,-0.25696630935532766,50,0,2.672463987691731,0,100,82.88041954394869,0,100,1.4621125088345563,0,100,2.929980183605163,0,0,,50,0
2011-08-04,-0.17074871247451734,50,0,3.082110710469027,0,100,82.88041954394869,0,100,1.4619473105365919,0,100,2.3602271780518587,0,0,,50,0
2011-08-05,-0.22964647835420018,50,0,2.7720340539245756,0,100,82.88041954394869,0,100,1.461621095516407,0,100,2.1377571868924092,0,0,,50,0
2011-08-06,-0.3862141982387639,50,0,1.9789717291007696,0,0,82.88041954394869,0,100,1.4610047490784897,0,100,1.8762039709161187,0,0,,50,0
2011-08-07,-0.2939327245610469,50,0,2.4070806222298815,0,0,82.88041954394869,0,100,1.4604659721030804,0,100,2.137924736241351,0,0,,50,0
2011-08-08,-0.3297192324414597,50,0,2.19458909903469,0,0,82.88041954394869,0,100,1.4598296822999945,0,100,1.7283613189735123,0,0,,50,0
2011-08-09,-0.20780589198635444,50,0,2.7542142453467844,0,100,82.88041954394869,0,100,1.4594224519082337,0,100,1.885326100474207,0,0,,50,0
2011-08-10,-0.19313683606430046,50,0,2.810925659028788,0,100,82.88041954394869,0,100,1.458967736413306,0,100,2.310700117216635,0,0,,50,0
2011-08-11,-0.22933050002228564,50,0,2.6284892335564565,0,100,82.88041954394869,0,100,1.4582446186169342,0,100,2.3378549640012727,0,0,,50,0
2011-08-12,-0.2284475036885295,50,0,2.6216036452456417,0,100,82.88041954394869,0,100,1.457057904512008,0,100,2.44143910689833,0,0,,50,0
2011-08-13,-0.1955054598425355,50,0,2.761919428083256,0,100,82.88041954394869,0,100,1.456152453051457,0,100,1.6389738670712284,0,0,,50,0
2011-08-14,-0.14782989625395157,50,0,2.9685729879248997,0,100,82.88041954394869,0,100,1.455401740077642,0,100,1.9074233145741766,0,0,,50,0
2011-08-15,-0.1292816353722021,50,0,3.0416557661220494,0,100,82.88041954394869,0,100,1.4544645658715993,0,100,1.9057728594625218,0,0,,50,0
2011-08-16,-0.13886630598233066,50,0,2.9885847101096576,0,100,82.88041954394869,0,100,1.4533810419256443,0,100,2.3075985809853985,0,0,,50,0
2011-08-17,-0.1416919400971111,50,0,2.9661334886411765,0,100,82.88041954394869,0,100,1.451900472873111,0,100,2.002692835865366,0,0,,50,0
2011-08-18,-0.14870903245418185,50,0,2.923326515357055,0,100,82.88041954394869,0,100,1.449828989661309,0,100,2.192398793977106,0,0,,50,0
2011-08-19,-0.10108728968807743,50,0,3.125115669490032,0,100,82.88041954394869,0,100,1.4471654127467364,0,100,1.9678775285483818,0,0,,50,0
2011-08-20,-0.1145888946860118,50,0,3.0528553797189444,0,100,82.88041954394869,0,100,1.4449539087186136,0,100,3.1037430459857434,0,100,,50,0
2011-08-21,-0.1212769546647056,50,0,3.009582199366724,0,100,82.88041954394869,0,100,1.4426552828141994,0,100,2.527270885877323,0,0,,50,0
2011-08-22,-0.14766240411876808,50,0,2.8810449690943583,0,100,82.88041954394869,0,100,1.440184976421978,0,100,2.3757426138881743,0,0,,50,0
2011-08-23,-0.1478362001835697,50,0,2.8666749340074014,0,100,82.88041954394869,0,100,1.4376994908847476,0,100,3.2161415446162227,0,100,,50,0
2011-08-24,-0.15102782244074772,50,0,2.841311718652115,0,100,82.88041954394869,0,100,1.4353111078203553,0,100,1.8752803457082448,0,0,,50,0
2011-08-25,-0.23466666592054103,50,0,2.4859533618651675,0,0,82.88041954394869,0,100,1.432719878726622,0,100,1.8771623526876176,0,0,,50,0
2011-08-26,-0.3193276547467573,50,0,2.1105604578219057,0,0,82.88041954394869,0,100,1.4298379177449576,0,100,1.8875305374622346,0,0,,50,0
2011-08-27,-0.26134759365487703,50,0,2.2257528761217724,0,0,82.88041954394869,0,100,1.4268239537201923,0,100,1.4258576114354333,50,0,,50,0
2011-08-28,-0.23436857601228295,50,0,2.330554134453338,0,0,82.88041954394869,0,100,1.4239275998927603,0,100,1.2631015127869438,50,0,,50,0
2011-08-29,-0.2394027140929993,50,0,2.3051487948962803,0,0,82.88041954394869,0,100,1.419217012051061,0,100,1.5158843643894682,0,0,,50,0
2011-08-30,-0.24873571873369987,50,0,2.2592576410161516,0,0,82.88041954394869,0,100,1.4147535262412918,0,100,1.627451030544264,0,0,,50,0
2011-08-31,-0.2867522335295836,50,0,2.096983016128017,0,0,62.44815387237518,50,0,1.409391519695765,0,100,1.6841909910523405,0,0,,50,0
2011-09-01,-0.28392446262827037,50,0,2.1003159222555534,0,0,62.44815387237518,50,0,1.402319351325516,0,100,1.349813916431795,50,0,,50,0
2011-09-02,-0.2599148250695918,50,0,2.192682845876326,0,0,62.44815387237518,50,0,1.396464710753184,0,100,1.5806622478816985,0,0,,50,0
2011-09-03,-0.27075150112993784,50,0,2.1430343292176914,0,0,62.44815387237518,50,0,1.3907328728212236,0,100,1.4451923307152434,50,0,,50,0
2011-09-04,-0.28595057016828296,50,0,2.075179966995834,0,0,62.44815387237518,50,0,1.3841051755077567,0,100,1.3370948903857884,50,0,,50,0
2011-09-05,-0.32335374536001465,50,0,1.9175894734830323,0,0,62.44815387237518,50,0,1.3780728290558646,0,100,1.5613342800151353,0,0,,50,0
2011-09-06,-0.3694750177928122,50,0,1.7250654600760038,0,0,62.44815387237518,50,0,1.372475854559437,0,100,1.511457337443266,0,0,,50,0
2011-09-07,-0.3489117672105584,50,0,1.801319891245557,0,0,62.44815387237518,50,0,1.3668432383232587,0,100,1.4339029647568649,50,0,,50,0
2011-09-08,-0.3782468130525337,50,0,1.6766812145467878,0,0,62.44815387237518,50,0,1.3624038685659488,0,100,1.1150542686222236,50,0,,50,0
2011-09-09,-0.4844808928642893,50,0,1.251270441240989,0,0,62.44815387237518,50,0,1.3573359961338385,0,100,1.3157137467365188,50,0,,50,0
2011-09-10,-0.49944362185040786,50,0,1.1895256986701475,50,0,62.44815387237518,50,0,1.3516730850772203,0,100,1.0694159131451089,50,0,,50,0
2011-09-11,-0.41320869325660864,50,0,1.4663029330402284,0,0,62.44815387237518,50,0,1.3458621517445595,0,100,0.9095603769275171,50,0,,50,0
2011-09-12,-0.39649672204453446,50,0,1.5239602578025346,0,0,62.44815387237518,50,0,1.339808559231499,0,100,1.1835626121316085,50,0,,50,0
2011-09-13,-0.4145692572870023,50,0,1.4503227628873785,0,0,62.44815387237518,50,0,1.3326667183759056,0,100,1.1464758355808082,50,0,,50,0
2011-09-14,-0.4278183080345171,50,0,1.397745452194884,0,0,62.44815387237518,50,0,1.3253447013591257,0,100,1.0555458192966407,50,0,,50,0
2011-09-15,-0.47588813739264263,50,0,1.2149201864768406,0,0,62.44815387237518,50,0,1.3181946731262568,0,100,1.3157886377333616,50,0,,50,0
2011-09-16,-0.47760960958059234,50,0,1.2052063865155243,0,0,62.44815387237518,50,0,1.3112454448508322,0,100,0.7463492631143799,50,0,,50,0
2011-09-17,-0.4810290247438655,50,0,1.190732314952661,50,0,62.44815387237518,50,0,1.3042779660637107,0,100,0.7981083358499454,50,0,,50,0
2011-09-18,-0.4498591342238741,50,0,1.30486317691998,0,0,62.44815387237518,50,0,1.297075514647776,0,100,0.9343877017571921,50,0,,50,0
2011-09-19,-0.4303411734153553,50,0,1.3743372214072187,0,0,62.44815387237518,50,0,1.2900169639115238,0,100,0.7163680932209018,50,0,,50,0
2011-09-20,-0.3879962659268022,50,0,1.5283715901144532,0,0,62.44815387237518,50,0,1.282284906054123,0,100,0.9014258806432822,50,0,,50,0
2011-09-21,-0.42468039607637714,50,0,1.3904500392834782,0,0,62.44815387237518,50,0,1.2735289130418734,0,100,1.0606410686026553,50,0,,50,0
2011-09-22,-0.43221211832408674,50,0,1.3590046335255503,0,0,62.44815387237518,50,0,1.2615736169934513,0,100,1.0327277115499416,50,0,,50,0
2011-09-23,-0.4259562704964667,50,0,1.379726456090116,0,0,62.44815387237518,50,0,1.2460552699161638,0,100,0.836986895172427,50,0,,50,0
2011-09-24,-0.4328976338289048,50,0,1.3524528605788957,0,0,62.44815387237518,50,0,1.232217653600236,0,100,0.8574309826892209,50,0,,50,0
2011-09-25,-0.43856666767829827,50,0,1.3225426108580562,0,0,62.44815387237518,50,0,1.2167699284502633,0,100,0.8669134868688837,50,0,,50,0
2011-09-26,-0.46999934200722593,50,0,1.206253430974576,0,0,62.44815387237518,50,0,1.196971612320269,0,100,0.8390577744071357,50,0,,50,0
2011-09-27,-0.4671541043087177,50,0,1.2148938007329584,0,0,62.44815387237518,50,0,1.1721033363772762,0,100,0.7694690879849849,50,0,,50,0
2011-09-28,-0.47689199724971243,50,0,1.1778665158799715,50,0,62.44815387237518,50,0,1.1475550433827377,0,100,0.7925002769704884,50,0,,50,0
2011-09-29,-0.47569728387672505,50,0,1.1809011567412169,50,0,62.44815387237518,50,0,1.1273603186920997,0,100,0.6528898594475064,50,0,,50,0
2011-09-30,-0.45064687163156386,50,0,1.2705884105028704,0,0,53.98395936914747,50,0,1.1156295237891287,0,100,0.6556437428452082,50,0,,50,0
2011-10-01,-0.45753803276086163,50,0,1.2428250640355998,0,0,53.98395936914747,50,0,1.1003021319756547,0,100,0.8697274095968209,50,0,,50,0
2011-10-02,-0.45887776516929013,50,0,1.2354971513717234,0,0,53.98395936914747,50,0,1.0844412924687852,0,100,0.7019622575594079,50,0,,50,0
2011-10-03,-0.4574367810081974,50,0,1.2387220496698035,0,0,53.98395936914747,50,0,1.0689227557195646,0,100,0.8235194203931263,50,0,,50,0
2011-10-04,-0.4616962070734608,50,0,1.221823499022709,0,0,53.98395936914747,50,0,1.0532859012881075,0,100,0.6238385197289833,50,0,,50,0
2011-10-05,-0.4662948091129412,50,0,1.2035882452557165,0,0,53.98395936914747,50,0,1.039057379937493,0,100,0.9800598799127069,50,0,,50,0
2011-10-06,-0.4766803325791337,50,0,1.1649915049668504,50,0,53.98395936914747,50,0,1.0270398953912263,0,100,0.6764964033030547,50,0,,50,0
2011-10-07,-0.507130715495899,100,0,1.0530186118266003,50,0,53.98395936914747,50,0,1.0136857874372616,0,100,1.150369668622274,50,0,,50,0
2011-10-08,-0.5271000785996796,100,0,0.9804681077903001,100,0,53.98395936914747,50,0,0.9997479217245252,50,0,0.6098437859574706,50,0,,50,0
2011-10-09,-0.5175692779335599,100,0,1.0125489946629096,50,0,53.98395936914747,50,0,0.9859176337404643,50,0,0.5958136306556264,50,0,,50,0
2011-10-10,-0.5195632149652165,100,0,1.0035101043616699,50,0,53.98395936914747,50,0,0.9721487746667844,50,0,0.5623894412442971,50,0,,50,0
2011-10-11,-0.5235693990786474,100,0,0.9872753463211072,100,0,53.98395936914747,50,0,0.9584231949254254,50,0,0.5015169112680755,50,0,,50,0
2011-10-12,-0.5120438304083308,100,0,1.0259571388447322,50,0,53.98395936914747,50,0,0.9448288862777537,50,0,0.539510932229933,50,0,,50,0
2011-10-13,-0.5207765413044203,100,0,0.994140493769147,100,0,53.98395936914747,50,0,0.9312406703645277,50,0,0.45115863276356116,100,0,,50,0
2011-10-14,-0.5238068852998955,100,0,0.9816948101578095,100,0,53.98395936914747,50,0,0.9176999047527563,50,0,0.6859416092445961,50,0,,50,0
2011-10-15,-0.5339288717603664,100,0,0.9451292449473109,100,0,53.98395936914747,50,0,0.9051494724379506,50,0,0.5712033633216662,50,0,,50,0
2011-10-16,-0.5495485111472959,100,0,0.889288901954441,100,0,53.98395936914747,50,0,0.8922272037961676,100,0,0.5210130620300523,50,0,,50,0
2011-10-17,-0.6203528240931095,100,0,0.6364179189616215,100,0,53.98395936914747,50,0,0.878786068365806,100,0,0.4825337287534741,100,0,,50,0
2011-10-18,-0.6309782284551129,100,0,0.5977483414256676,100,0,53.98395936914747,50,0,0.8654096616767573,100,0,0.48542365471056326,100,0,,50,0
2011-10-19,-0.6445255369427783,100,0,0.5476955956913263,100,0,53.98395936914747,50,0,0.8525554022046472,100,0,0.39663802508600615,100,0,,50,0
2011-10-20,-0.6343085535377316,100,0,0.5825276401642314,100,0,53.98395936914747,50,0,0.8404522174170587,100,0,0.30885160964069014,100,0,,50,0
2011-10-21,-0.6188290947155884,100,0,0.6359321665533065,100,0,53.98395936914747,50,0,0.8285083941243188,100,0,0.31678275455588584,100,0,,50,0
2011-10-22,-0.5765902078615212,100,0,0.7811500617836821,100,0,53.98395936914747,50,0,0.8168328910350323,100,0,0.2850918980886106,100,0,,50,0
2011-10-23,-0.576976479102138,100,0,0.7796069150467914,100,0,53.98395936914747,50,0,0.8065229880093036,100,0,0.37000089027988187,100,0,,50,0
2011-10-24,-0.6213970086324312,100,0,0.6253639211236095,100,0,53.98395936914747,50,0,0.7966928496194529,100,0,0.4347242297517412,100,0,,50,0
2011-10-25,-0.601155274834542,100,0,0.6949736175875485,100,0,53.98395936914747,50,0,0.785514119939389,100,0,0.4388988453993791,100,0,,50,0
2011-10-26,-0.6021163907740327,100,0,0.6893771664332706,100,0,53.98395936914747,50,0,0.7742912664817462,100,0,0.3555764721922982,100,0,,50,0
2011-10-27,-0.5827144468312511,100,0,0.7562659705591895,100,0,53.98395936914747,50,0,0.7636330748122463,100,0,0.2956044522117692,100,0,,50,0
2011-10-28,-0.5730221509500069,100,0,0.7899548417777461,100,0,53.98395936914747,50,0,0.7530147553831805,100,0,0.3292734909424181,100,0,,50,0
2011-10-29,-0.5447951230749272,100,0,0.8869493678773047,100,0,53.98395936914747,50,0,0.7424027959284805,100,0,0.3974283714951561,100,0,,50,0
2011-10-30,-0.5672061495778357,100,0,0.809798496264549,100,0,53.98395936914747,50,0,0.7319514926256236,100,0,0.4274145783110101,100,0,,50,0
2011-10-31,-0.5664386461468356,100,0,0.8120359875494315,100,0,49.538209178567435,50,0,0.7217747306922278,100,0,0.4886240183163558,100,0,,50,0
2011-11-01,-0.5729926330042433,100,0,0.7889888270176791,100,0,49.538209178567435,50,0,0.7116124097427409,100,0,0.5173827238348134,50,0,,50,0
2011-11-02,-0.566241623785506,100,0,0.8104117946946783,100,0,49.538209178567435,50,0,0.7015052592059301,100,0,0.5285948380805238,50,0,,50,0
2011-11-03,-0.5724401304143665,100,0,0.7889876478007554,100,0,49.538209178567435,50,0,0.6915590418325013,100,0,0.42814393785496013,100,0,,50,0
2011-11-04,-0.5756607139066405,100,0,0.7773500930831441,100,0,49.538209178567435,50,0,0.6817015154733244,100,0,0.5494159377960625,50,0,,50,0
2011-11-05,-0.5857938059262372,100,0,0.7422996516976084,100,0,49.538209178567435,50,0,0.6721855618273056,100,0,0.5612308873749551,50,0,,50,0
2011-11-06,-0.5867415567162455,100,0,0.7389413653499365,100,0,49.538209178567435,50,0,0.6623779957967023,100,0,0.4883516501649039,100,0,,50,0
2011-11-07,-0.582555465001052,100,0,0.7530579974473188,100,0,49.538209178567435,50,0,0.6524666463094472,100,0,0.40722706061695524,100,0,,50,0
2011-11-08,-0.5793223759860616,100,0,0.7631205752776419,100,0,49.538209178567435,50,0,0.6427233313148011,100,0,0.683355315757858,50,0,,50,0
2011-11-09,-0.5825983358159157,100,0,0.7293282689401603,100,0,49.538209178567435,50,0,0.6329955504744191,100,0,0.7975327449781054,50,0,,50,0
2011-11-10,-0.5871419176489049,100,0,0.7140492464086002,100,0,49.538209178567435,50,0,0.6231906915260798,100,0,0.45199470149901555,100,0,,50,0
2011-11-11,-0.5709362256674559,100,0,0.7672009622734444,100,0,49.538209178567435,50,0,0.6135338866790452,100,0,0.3578905851737721,100,0,,50,0
2011-11-12,-0.5740314182687815,100,0,0.756994482055678,100,0,49.538209178567435,50,0,0.6036273607919851,100,0,0.6615621268686618,50,0,,50,0
2011-11-13,-0.5768337442178182,100,0,0.7475895952342264,100,0,49.538209178567435,50,0,0.5936918708260666,100,0,0.46248688379971736,100,0,,50,0
2011-11-14,-0.6339832503021352,100,0,0.5573074064412646,100,0,49.538209178567435,50,0,0.5835055586998361,100,0,0.46668472422968166,100,0,,50,0
2011-11-15,-0.6262920017939413,100,0,0.5824035731283297,100,0,49.538209178567435,50,0,0.5733847886568502,100,0,0.4989613929394901,100,0,,50,0
2011-11-16,-0.5964832361084719,100,0,0.6391516373462969,100,0,49.538209178567435,50,0,0.5637268308728098,100,0,0.3563131106521578,100,0,,50,0
2011-11-17,-0.6171111019693111,100,0,0.5724742984601471,100,0,49.538209178567435,50,0,0.5539409899485366,100,0,0.3569204142860538,100,0,,50,0
2011-11-18,-0.6295483457596852,100,0,0.5292706920796864,100,0,49.538209178567435,50,0,0.5440585369467417,100,0,0.33473850599898564,100,0,,50,0
2011-11-19,-0.6214561182062525,100,0,0.5545134980363028,100,0,49.538209178567435,50,0,0.5343721666911623,100,0,0.28752744086935783,100,0,,50,0
2011-11-20,-0.6212469177990699,100,0,0.5546479166705207,100,0,49.538209178567435,50,0,0.5249931250600202,100,0,0.3682052008525259,100,0,,50,0
2011-11-21,-0.6147837812104567,100,0,0.5747644950048181,100,0,49.538209178567435,50,0,0.5163325943713822,100,0,0.42923112260112595,100,0,,50,0
2011-11-22,-0.6110631200806557,100,0,0.5859915853496641,100,0,49.538209178567435,50,0,0.5101056304811391,100,0,0.4658956149859202,100,0,,50,0
2011-11-23,-0.6101833371136205,100,0,0.5884668517692285,100,0,49.538209178567435,50,0,0.5026923938603897,100,0,0.3246130017308894,100,0,,50,0
2011-11-24,-0.6014148002486885,100,0,0.6163581946946892,100,0,49.538209178567435,50,0,0.496189241100273,100,0,0.2757661853964799,100,0,,50,0
2011-11-25,-0.5966292375745028,100,0,0.6313044831333939,100,0,49.538209178567435,50,0,0.49197848451346443,100,0,0.333400241687859,100,0,,50,0
2011-11-26,-0.5977237921488571,100,0,0.6256151933439372,100,0,49.538209178567435,50,0,0.4865238247867917,100,0,0.30999974847592904,100,0,,50,0
2011-11-27,-0.5971126589200715,100,0,0.6275442509209825,100,0,49.538209178567435,50,0,0.4816710579971367,100,0,0.2913306955545592,100,0,,50,0
2011-11-28,-0.5894810112009939,100,0,0.6441325788822105,100,0,49.538209178567435,50,0,0.4752282231868521,100,0,0.3268249448588294,100,0,,50,0
2011-11-29,-0.5720124620047707,100,0,0.6994196749750865,100,0,49.538209178567435,50,0,0.46872718641647726,100,0,0.4570150969024086,100,0,,50,0
2011-11-30,-0.5553469024511443,100,0,0.7526327325545623,100,0,48.84854346061369,50,0,0.4628542208991598,100,0,0.5965122632058693,50,0,,50,0
2011-12-01,-0.5458801808202464,100,0,0.7825462596131101,100,0,48.84854346061369,50,0,0.45705484035993027,100,0,0.8418817397405991,50,0,,50,0
2011-12-02,-0.5443552152175664,100,0,0.7874015643576447,100,0,48.84854346061369,50,0,0.45083769014284747,100,0,0.513412040399702,50,0,,50,0
2011-12-03,-0.567918976653051,100,0,0.7124954828652723,100,0,48.84854346061369,50,0,0.4438226263396728,100,0,0.7015442153027999,50,0,,50,0
2011-12-04,-0.5665352518215021,100,0,0.7169225086070796,100,0,48.84854346061369,50,0,0.4365750976261878,100,0,0.4872175368395699,100,0,,50,0
2011-12-05,-0.5617641718115948,100,0,0.7313214382779079,100,0,48.84854346061369,50,0,0.4294956549495563,100,0,0.767478407177829,50,0,,50,0
2011-12-06,-0.5494389578561475,100,0,0.7699734466522411,100,0,48.84854346061369,50,0,0.42254001352241605,100,0,0.6210304956329454,50,0,,50,0
2011-12-07,-0.5512294253257288,100,0,0.7601887244932773,100,0,48.84854346061369,50,0,0.4156666052507004,100,0,0.4669579002566522,100,0,,50,0
2011-12-08,-0.5506932310836433,100,0,0.7621694077870375,100,0,48.84854346061369,50,0,0.4081683637251271,100,0,0.542322538878139,50,0,,50,0
2011-12-09,-0.5535196306755915,100,0,0.753340889801777,100,0,48.84854346061369,50,0,0.4008369061934186,100,0,0.4495013386473408,100,0,,50,0
2011-12-10,-0.5440207467232591,100,0,0.7825213994760203,100,0,48.84854346061369,50,0,0.3936771149707041,100,0,0.46801899743322606,100,0,,50,0
2011-12-11,-0.5293210184994984,100,0,0.8287699270850507,100,0,48.84854346061369,50,0,0.38699299325014824,100,0,0.5098685731539342,50,0,,50,0
2011-12-12,-0.5345562232808058,100,0,0.8132694512068588,100,0,48.84854346061369,50,0,0.3802945340614155,100,0,0.4221609802898557,100,0,,50,0
2011-12-13,-0.5299999394389823,100,0,0.8272633550029009,100,0,48.84854346061369,50,0,0.3736883129521485,100,0,0.42160286248482337,100,0,,50,0
2011-12-14,-0.5367373624613543,100,0,0.8056165692382186,100,0,48.84854346061369,50,0,0.3681001469755666,100,0,0.5073345577175842,50,0,,50,0
2011-12-15,-0.5326860192884774,100,0,0.8181748887718715,100,0,48.84854346061369,50,0,0.36367762534734266,100,0,0.368454546484167,100,0,,50,0
2011-12-16,-0.5321541804886735,100,0,0.8199932237407916,100,0,48.84854346061369,50,0,0.3589013995002995,100,0,0.4313211679632374,100,0,,50,0
2011-12-17,-0.533419501966844,100,0,0.8160428826527997,100,0,48.84854346061369,50,0,0.3537869746137486,100,0,0.5519167964615728,50,0,,50,0
2011-12-18,-0.5331712131025685,100,0,0.8167072863907167,100,0,48.84854346061369,50,0,0.34874299369450845,100,0,0.4742660647647757,100,0,,50,0
2011-12-19,-0.5056815239459204,100,0,0.9017097180814414,100,0,48.84854346061369,50,0,0.34403497984733045,100,0,0.5726622174488721,50,0,,50,0
2011-12-20,-0.47084857138291736,50,0,1.0108360048844,50,0,48.84854346061369,50,0,0.3400836213594366,100,0,0.5328309324889698,50,0,,50,0
2011-12-21,-0.4764615370998572,50,0,0.9945919428036359,100,0,48.84854346061369,50,0,0.33608000169480934,100,0,0.8077740288253401,50,0,,50,0
2011-12-22,-0.47557366545429897,50,0,0.9981930114701322,100,0,48.84854346061369,50,0,0.3317969265330879,100,0,0.7573551195293433,50,0,,50,0
2011-12-23,-0.47291069728442964,50,0,1.007106061871273,50,0,48.84854346061369,50,0,0.3276880692285582,100,0,0.7748670057900848,50,0,,50,0
2011-12-24,-0.47269499236805024,50,0,1.0074635727862826,50,0,48.84854346061369,50,0,0.32378672799225794,100,0,0.5925896801182452,50,0,,50,0
2011-12-25,-0.44799498446005553,50,0,1.0825950383144545,50,0,48.84854346061369,50,0,0.3205520625162195,100,0,0.8257773458762226,50,0,,50,0
2011-12-26,-0.4677430386996339,50,0,1.0225272315906426,50,0,48.84854346061369,50,0,0.3177669093238309,100,0,0.8743687652004264,50,0,,50,0
2011-12-27,-0.45986717920322867,50,0,1.0470811219295422,50,0,48.84854346061369,50,0,0.3148066949843384,100,0,0.9517445863454602,50,0,,50,0
2011-12-28,-0.4508052721903306,50,0,1.0755048622882286,50,0,48.84854346061369,50,0,0.3122997078738012,100,0,0.7077410336537735,50,0,,50,0
2011-12-29,-0.45366398146830184,50,0,1.0666933973227661,50,0,48.84854346061369,50,0,0.3110843801016225,100,0,0.61493059215082,50,0,,50,0
2011-12-30,-0.44248025361517707,50,0,1.1015712397170192,50,0,48.84854346061369,50,0,0.3101585139386164,100,0,0.7731218427869918,50,0,,50,0
2011-12-31,-0.4094460086583276,50,0,1.2042649086311186,0,0,52.97053223208008,50,0,0.3086311711279184,100,0,0.6531181830700346,50,0,,50,0
2012-01-01,-0.36231905887186905,50,0,1.351668286766177,0,0,52.97053223208008,50,0,0.30728625557487294,100,0,0.7910101370639386,50,0,,50,0
2012-01-02,-0.36925183821702856,50,0,1.3278846615652329,0,0,52.97053223208008,50,0,0.30610689215708414,100,0,1.1662832619076027,50,0,,50,0
2012-01-03,-0.39735469505247545,50,0,1.242016230317036,0,0,52.97053223208008,50,0,0.3048784420777994,100,0,0.8610939012943113,50,0,,50,0
2012-01-04,-0.339852430891037,50,0,1.4232700094513306,0,0,52.97053223208008,50,0,0.30464909395991385,100,0,0.8672014923875802,50,0,,50,0
2012-01-05,-0.23991955445246527,50,0,1.7490870105312897,0,0,52.97053223208008,50,0,0.3052477188670793,100,0,0.9867888128745704,50,0,,50,0
2012-01-06,-0.25847543735820744,50,0,1.698355927865836,0,0,52.97053223208008,50,0,0.3057731046138835,100,0,1.1074444952783147,50,0,,50,0
2012-01-07,-0.25097135825121913,50,0,1.7247223627446424,0,0,52.97053223208008,50,0,0.30601922220457795,100,0,1.3229367798659513,50,0,,50,0
2012-01-08,-0.22900901598560716,50,0,1.7982951826762572,0,0,52.97053223208008,50,0,0.3062329710506904,100,0,1.2404829957270256,50,0,,50,0
2012-01-09,-0.29585998730334034,50,0,1.5917727991064445,0,0,52.97053223208008,50,0,0.30548563414854246,100,0,1.2547425411299606,50,0,,50,0
2012-01-10,-0.2767447739151221,50,0,1.6505191024414003,0,0,52.97053223208008,50,0,0.3052958854947862,100,0,1.051931245064524,50,0,,50,0
2012-01-11,-0.2494494586506716,50,0,1.7393231024811124,0,0,52.97053223208008,50,0,0.30541528937660906,100,0,1.4225060837223815,50,0,,50,0
2012-01-12,-0.2615915843853219,50,0,1.7079168172862935,0,0,52.97053223208008,50,0,0.3054001198551382,100,0,1.1089224664631225,50,0,,50,0
2012-01-13,-0.28775641267659513,50,0,1.6255620481683557,0,0,52.97053223208008,50,0,0.3052760162089015,100,0,1.5626143110124757,0,0,,50,0
2012-01-14,-0.2645144381938875,50,0,1.7007818705035473,0,0,52.97053223208008,50,0,0.30542084551093507,100,0,1.0864690558876526,50,0,,50,0
2012-01-15,-0.24268600940459079,50,0,1.7700175084991951,0,0,52.97053223208008,50,0,0.30608313825467964,100,0,0.977614425727523,50,0,,50,0
2012-01-16,-0.26984896261436564,50,0,1.6846877831225993,0,0,52.97053223208008,50,0,0.30652512484841005,100,0,1.329581523548439,50,0,,50,0
2012-01-17,-0.3573347627697434,50,0,1.4036950487325426,0,0,52.97053223208008,50,0,0.3064410126990086,100,0,1.4647935394992644,50,0,,50,0
2012-01-18,-0.3332279055172796,50,0,1.4777636870893163,0,0,52.97053223208008,50,0,0.3065262368794524,100,0,0.8494027116145834,50,0,,50,0
2012-01-19,-0.30183782774134266,50,0,1.5801544402360377,0,0,52.97053223208008,50,0,0.30658375968627505,100,0,1.0540817684544002,50,0,,50,0
2012-01-20,-0.2875737665495635,50,0,1.6247924872650812,0,0,52.97053223208008,50,0,0.30684580770447706,100,0,0.8354843407782704,50,0,,50,0
2012-01-21,-0.31309102571755076,50,0,1.5430706221284691,0,0,52.97053223208008,50,0,0.30695305299733266,100,0,0.977990429012146,50,0,,50,0
2012-01-22,-0.3036385083955975,50,0,1.5720016238403351,0,0,52.97053223208008,50,0,0.30711767794766254,100,0,0.8531224830877477,50,0,,50,0
2012-01-23,-0.29837830075577904,50,0,1.5882479406539773,0,0,52.97053223208008,50,0,0.3073696232037807,100,0,1.2171289184604257,50,0,,50,0
2012-01-24,-0.30662402899541175,50,0,1.561652234616897,0,0,52.97053223208008,50,0,0.3076177945133927,100,0,1.1636045332627367,50,0,,50,0
2012-01-25,-0.3428926401270184,50,0,1.4450071298641234,0,0,52.97053223208008,50,0,0.30772171153095346,100,0,1.058649466572099,50,0,,50,0
2012-01-26,-0.3767707520259233,50,0,1.333977712018209,0,0,52.97053223208008,50,0,0.30788986053939865,100,0,0.9169835301915182,50,0,,50,0
2012-01-27,-0.38113407421952195,50,0,1.3172992677537572,0,0,52.97053223208008,50,0,0.3082415669682665,100,0,0.7411751268078357,50,0,,50,0
2012-01-28,-0.3527616793648338,50,0,1.4048752387436299,0,0,52.97053223208008,50,0,0.30870695994588554,100,0,0.8096670614548139,50,0,,50,0
2012-01-29,-0.37362771096141223,50,0,1.3374546473476658,0,0,52.97053223208008,50,0,0.3090389516317724,100,0,1.0427247792892547,50,0,,50,0
2012-01-30,-0.3645123720048099,50,0,1.3643648438094833,0,0,52.97053223208008,50,0,0.3094833338358794,100,0,0.8743005141980115,50,0,,50,0
2012-01-31,-0.3612755538470388,50,0,1.3720678397987267,0,0,54.81839531142508,50,0,0.30983140990512203,100,0,0.8057778105672109,50,0,,50,0
2012-02-01,-0.3194914545803073,50,0,1.5037633585655972,0,0,54.81839531142508,50,0,0.3105721077153769,100,0,0.7183414084719164,50,0,,50,0
2012-02-02,-0.3179727315053336,50,0,1.5084271236326623,0,0,54.81839531142508,50,0,0.31136017893901535,100,0,0.840887359677793,50,0,,50,0
2012-02-03,-0.3298292114525303,50,0,1.4706101095785655,0,0,54.81839531142508,50,0,0.3121463537470562,100,0,0.9259210533055563,50,0,,50,0
2012-02-04,-0.3343093200824948,50,0,1.455551511098449,0,0,54.81839531142508,50,0,0.3130635436215632,100,0,0.8863700556019477,50,0,,50,0
2012-02-05,-0.3514126670807923,50,0,1.4009104648821222,0,0,54.81839531142508,50,0,0.3145647616284175,100,0,0.7707328931317952,50,0,,50,0
2012-02-06,-0.36614954346123074,50,0,1.3518505037838637,0,0,54.81839531142508,50,0,0.3160573546645305,100,0,0.7404333263057798,50,0,,50,0
2012-02-07,-0.35187584626274965,50,0,1.395106453108892,0,0,54.81839531142508,50,0,0.3177927672447864,100,0,0.7256621049301538,50,0,,50,0
2012-02-08,-0.3552399915184233,50,0,1.3834569840252608,0,0,54.81839531142508,50,0,0.3194031593087547,100,0,0.7687985720728618,50,0,,50,0
2012-02-09,-0.33810422021720066,50,0,1.435834639829857,0,0,54.81839531142508,50,0,0.32099094504781933,100,0,0.7222789208666893,50,0,,50,0
2012-02-10,-0.32986550407590287,50,0,1.4597897325387186,0,0,54.81839531142508,50,0,0.32221164514104184,100,0,0.7538084530288726,50,0,,50,0
2012-02-11,-0.3566314038693375,50,0,1.3788054176273807,0,0,54.81839531142508,50,0,0.3232592440580611,100,0,0.7865784688524482,50,0,,50,0
2012-02-12,-0.3639275761027532,50,0,1.355109268178146,0,0,54.81839531142508,50,0,0.3246742522272272,100,0,0.8575234031316489,50,0,,50,0
2012-02-13,-0.3737856653329529,50,0,1.312473043053366,0,0,54.81839531142508,50,0,0.3257928122893816,100,0,0.6954075511461862,50,0,,50,0
2012-02-14,-0.4400757342792662,50,0,1.1000864912617638,50,0,54.81839531142508,50,0,0.32646060801915405,100,0,0.7130751930575675,50,0,,50,0
2012-02-15,-0.4513179167524859,50,0,1.0611750758230307,50,0,54.81839531142508,50,0,0.326858684830459,100,0,0.6336242650995049,50,0,,50,0
2012-02-16,-0.45602861821572654,50,0,1.0438538435455342,50,0,54.81839531142508,50,0,0.3271250933572177,100,0,0.5725752492800684,50,0,,50,0
2012-02-17,-0.4444949936145733,50,0,1.0771459306182645,50,0,54.81839531142508,50,0,0.3271923443439017,100,0,0.661941376091549,50,0,,50,0
2012-02-18,-0.4532165293627034,50,0,1.047269868284205,50,0,54.81839531142508,50,0,0.3274078700033317,100,0,0.7528151618864573,50,0,,50,0
2012-02-19,-0.44307102596998854,50,0,1.0764292171305148,50,0,54.81839531142508,50,0,0.32767891094238905,100,0,0.6062175153423727,50,0,,50,0
2012-02-20,-0.4447409205519723,50,0,1.070312591046786,50,0,54.81839531142508,50,0,0.32799911796418596,100,0,0.5440874102727804,50,0,,50,0
2012-02-21,-0.4483958447949314,50,0,1.057942662911253,50,0,54.81839531142508,50,0,0.328231970386247,100,0,0.4951583428916572,100,0,,50,0
2012-02-22,-0.439490205647728,50,0,1.083333605473315,50,0,54.81839531142508,50,0,0.3285788987530794,100,0,0.6374481489842452,50,0,,50,0
2012-02-23,-0.3893054774915733,50,0,1.2348723660166905,0,0,54.81839531142508,50,0,0.32929939045382683,100,0,0.6724383393011362,50,0,,50,0
2012-02-24,-0.3906757593978846,50,0,1.230979382952408,0,0,54.81839531142508,50,0,0.33010056748709526,100,0,0.6292020308374657,50,0,,50,0
2012-02-25,-0.4114347633686228,50,0,1.1686631973332755,50,0,54.81839531142508,50,0,0.33077917746919533,100,0,0.9224529282815871,50,0,,50,0
2012-02-26,-0.39879775869164996,50,0,1.2059149916519833,0,0,54.81839531142508,50,0,0.3314968546728829,100,0,0.771245529646702,50,0,,50,0
2012-02-27,-0.3967741727234846,50,0,1.2118665665581874,0,0,54.81839531142508,50,0,0.3321999758202579,100,0,0.7245957202242805,50,0,,50,0
2012-02-28,-0.4046721860296904,50,0,1.1881781231739883,50,0,54.81839531142508,50,0,0.3329392222537796,100,0,0.6986602015676842,50,0,,50,0
2012-02-29,-0.4004710672199334,50,0,1.1915811197508561,50,0,53.0067901993974,50,0,0.33372342577533315,100,0,0.8258614297146105,50,0,,50,0
2012-03-01,-0.3965233295396757,50,0,1.2032294453517478,0,0,53.0067901993974,50,0,0.3343856704894132,100,0,0.6705589888413226,50,0,,50,0
2012-03-02,-0.41287542823977386,50,0,1.1522703674698194,50,0,53.0067901993974,50,0,0.3349613118343243,100,0,0.6018699369724493,50,0,,50,0
2012-03-03,-0.4198453229939249,50,0,1.1308493470219754,50,0,53.0067901993974,50,0,0.33551036033613585,100,0,0.4625031900742491,100,0,,50,0
2012-03-04,-0.4029123581141294,50,0,1.1808123775476702,50,0,53.0067901993974,50,0,0.3366712305701682,100,0,0.5439627292790634,50,0,,50,0
2012-03-05,-0.3908407463350641,50,0,1.2165820230500277,0,0,53.0067901993974,50,0,0.3378427882574649,100,0,0.6050032844601734,50,0,,50,0
2012-03-06,-0.3905367659367278,50,0,1.2174687567303852,0,0,53.0067901993974,50,0,0.3388709223812878,100,0,0.6666769761252811,50,0,,50,0
2012-03-07,-0.3938369877086899,50,0,1.207596265591358,0,0,53.0067901993974,50,0,0.34005882966428136,100,0,0.7281890499083522,50,0,,50,0
2012-03-08,-0.3948983770637158,50,0,1.2037381149703554,0,0,53.0067901993974,50,0,0.34135391927565967,100,0,0.7025353864172407,50,0,,50,0
2012-03-09,-0.3999864055557451,50,0,1.1880763021869751,50,0,53.0067901993974,50,0,0.342548648239906,100,0,0.845752487347327,50,0,,50,0
2012-03-10,-0.402191876267235,50,0,1.1801939233409422,50,0,53.0067901993974,50,0,0.3437202861377944,100,0,0.7378058004311574,50,0,,50,0
2012-03-11,-0.39783288495515323,50,0,1.1921492542454708,50,0,53.0067901993974,50,0,0.3448579278912005,100,0,0.5894178575802228,50,0,,50,0
2012-03-12,-0.3961966427143319,50,0,1.1963435876944897,50,0,53.0067901993974,50,0,0.3459693946080117,100,0,0.8077331794273974,50,0,,50,0
2012-03-13,-0.36535666057332666,50,0,1.2883111836526164,0,0,53.0067901993974,50,0,0.34726633495140324,100,0,0.8456994677278149,50,0,,50,0
2012-03-14,-0.3578357205013405,50,0,1.3119020975412343,0,0,53.0067901993974,50,0,0.3485377277209436,100,0,0.732818317193766,50,0,,50,0
2012-03-15,-0.3623477212843274,50,0,1.2991594442388612,0,0,53.0067901993974,50,0,0.3497406885042615,100,0,0.5443346904859083,50,0,,50,0
2012-03-16,-0.3629404298460929,50,0,1.298218201278557,0,0,53.0067901993974,50,0,0.35095286451244456,100,0,0.7076846170754255,50,0,,50,0
2012-03-17,-0.37117790566877107,50,0,1.272466290384397,0,0,53.0067901993974,50,0,0.35210538363242483,100,0,0.9109157904869212,50,0,,50,0
2012-03-18,-0.3683316896331338,50,0,1.280175170381556,0,0,53.0067901993974,50,0,0.353229020302503,100,0,0.7548546158705093,50,0,,50,0
2012-03-19,-0.4162060275842656,50,0,1.1362454213168611,50,0,53.0067901993974,50,0,0.35389530076283576,100,0,0.6844102557457885,50,0,,50,0
2012-03-20,-0.40341725784846816,50,0,1.172865954073963,50,0,53.0067901993974,50,0,0.3545059349604762,100,0,0.9683408846009498,50,0,,50,0
2012-03-21,-0.403669865313878,50,0,1.1692404467525281,50,0,53.0067901993974,50,0,0.3550357263564773,100,0,0.8907642482168503,50,0,,50,0
2012-03-22,-0.41043423968209763,50,0,1.1476964343778815,50,0,53.0067901993974,50,0,0.3555103508354366,100,0,0.6754721324624458,50,0,,50,0
2012-03-23,-0.4135540380762376,50,0,1.1382273881108973,50,0,53.0067901993974,50,0,0.356155372664454,100,0,0.5291708206680618,50,0,,50,0
2012-03-24,-0.4163327570368928,50,0,1.128370750541701,50,0,53.0067901993974,50,0,0.35676600195933694,100,0,0.9037999731334265,50,0,,50,0
2012-03-25,-0.4241678333834377,50,0,1.1039975428115456,50,0,53.0067901993974,50,0,0.3572894457325592,100,0,0.6827955392811687,50,0,,50,0
2012-03-26,-0.41723664230106516,50,0,1.1232839585491625,50,0,53.0067901993974,50,0,0.35775985929145115,100,0,0.7542391529528403,50,0,,50,0
2012-03-27,-0.40238352800800675,50,0,1.1662792006810294,50,0,53.0067901993974,50,0,0.3583562350422647,100,0,0.7039553257192811,50,0,,50,0
2012-03-28,-0.40410831589919716,50,0,1.160947092903252,50,0,53.0067901993974,50,0,0.3589463987209703,100,0,0.6552920191780766,50,0,,50,0
2012-03-29,-0.40356469202577594,50,0,1.1614871462933332,50,0,53.0067901993974,50,0,0.3595694772712862,100,0,0.6312668739053219,50,0,,50,0
2012-03-30,-0.3919673158662644,50,0,1.1774660987057202,50,0,53.0067901993974,50,0,0.36014935844164975,100,0,0.6718135449444218,50,0,,50,0
2012-03-31,-0.3896478791128935,50,0,1.1839865774505334,50,0,53.04954637439813,50,0,0.36063559707004544,100,0,0.8379297662615669,50,0,,50,0
2012-04-01,-0.3976906330992067,50,0,1.1603336608697428,50,0,53.04954637439813,50,0,0.36111992452640207,100,0,0.605414877576246,50,0,,50,0
2012-04-02,-0.3818406423931878,50,0,1.2058617071393871,0,0,53.04954637439813,50,0,0.3616690601255354,100,0,0.6160596344942828,50,0,,50,0
2012-04-03,-0.3828136170885899,50,0,1.1989914598303515,50,0,53.04954637439813,50,0,0.3622631892961761,100,0,0.5678415076323118,50,0,,50,0
2012-04-04,-0.3860803625382036,50,0,1.1893442180438278,50,0,53.04954637439813,50,0,0.3628000562500719,100,0,0.6143761520015304,50,0,,50,0
2012-04-05,-0.3859327932766897,50,0,1.189711375397418,50,0,53.04954637439813,50,0,0.363342474360918,100,0,0.46340682794013893,100,0,,50,0
2012-04-06,-0.3837706068196034,50,0,1.19616957730635,50,0,53.04954637439813,50,0,0.36393625654547374,100,0,0.6258238348595724,50,0,,50,0
2012-04-07,-0.4037971432902512,50,0,1.1380592681887467,50,0,53.04954637439813,50,0,0.3644731906426702,100,0,0.5383992829542043,50,0,,50,0
2012-04-08,-0.3978943278016255,50,0,1.1544751894209804,50,0,53.04954637439813,50,0,0.3648044950864707,100,0,0.6227784771969864,50,0,,50,0
2012-04-09,-0.3920295446572085,50,0,1.171967168950821,50,0,53.04954637439813,50,0,0.364892110870854,100,0,0.6190116251756901,50,0,,50,0
2012-04-10,-0.39287182742993776,50,0,1.168966539516213,50,0,53.04954637439813,50,0,0.365044121178931,100,0,0.7205207905508898,50,0,,50,0
2012-04-11,-0.3868052735096738,50,0,1.1864440839371055,50,0,53.04954637439813,50,0,0.36524180516702276,100,0,0.5888905766994089,50,0,,50,0
2012-04-12,-0.38827268505363294,50,0,1.1827014964100349,50,0,53.04954637439813,50,0,0.36546595866206244,100,0,0.5144760076232048,50,0,,50,0
2012-04-13,-0.38561568924305756,50,0,1.1903677638048067,50,0,53.04954637439813,50,0,0.3657868735312518,100,0,0.5162670860702728,50,0,,50,0
2012-04-14,-0.383897111131887,50,0,1.195297701314847,50,0,53.04954637439813,50,0,0.36602782464496425,100,0,0.5914449245287243,50,0,,50,0
2012-04-15,-0.38370226239823757,50,0,1.1961918264930176,50,0,53.04954637439813,50,0,0.36635895573640254,100,0,0.43999343107052014,100,0,,50,0
2012-04-16,-0.3848150124058076,50,0,1.1932179568934074,50,0,53.04954637439813,50,0,0.36663947907510186,100,0,0.621724090191978,50,0,,50,0
2012-04-17,-0.38338519520575254,50,0,1.1971818869500148,50,0,53.04954637439813,50,0,0.36688172068586655,100,0,0.5275459716447346,50,0,,50,0
2012-04-18,-0.37069571236143967,50,0,1.2342286095293542,0,0,53.04954637439813,50,0,0.36722644933167137,100,0,0.5381843306263591,50,0,,50,0
2012-04-19,-0.3704627535078265,50,0,1.2353474314131867,0,0,53.04954637439813,50,0,0.3674786736186447,100,0,0.6953176702752932,50,0,,50,0
2012-04-20,-0.3515552341332196,50,0,1.291487518296745,0,0,53.04954637439813,50,0,0.36760761166648825,100,0,0.8409053678000259,50,0,,50,0
2012-04-21,-0.3586772951053529,50,0,1.2707453421092194,0,0,53.04954637439813,50,0,0.36736135509597784,100,0,0.9891479594926306,50,0,,50,0
2012-04-22,-0.36632276644152156,50,0,1.2493472272170398,0,0,53.04954637439813,50,0,0.3671600109557831,100,0,0.6072906299461381,50,0,,50,0
2012-04-23,-0.3729029923825992,50,0,1.2285396255122294,0,0,53.04954637439813,50,0,0.36712018073851116,100,0,0.5870120949880029,50,0,,50,0
2012-04-24,-0.374848401436579,50,0,1.2225845285597432,0,0,53.04954637439813,50,0,0.36689184102471806,100,0,0.5806502915960238,50,0,,50,0
2012-04-25,-0.3719348602513129,50,0,1.2367774308384054,0,0,53.04954637439813,50,0,0.36585921574411806,100,0,0.5895488779504673,50,0,,50,0
2012-04-26,-0.3756582107848536,50,0,1.2240082880465408,0,0,53.04954637439813,50,0,0.36504969700331563,100,0,0.7485388560746817,50,0,,50,0
2012-04-27,-0.3757919605227373,50,0,1.2232195687682241,0,0,53.04954637439813,50,0,0.364428307778508,100,0,0.6169971685135691,50,0,,50,0
2012-04-28,-0.38604978438609516,50,0,1.192824369999686,50,0,53.04954637439813,50,0,0.3633945398487096,100,0,0.7078047198376165,50,0,,50,0
2012-04-29,-0.3908067337693521,50,0,1.1761567978658531,50,0,53.04954637439813,50,0,0.36281960387047446,100,0,0.7661814262554296,50,0,,50,0
2012-04-30,-0.38718686183114587,50,0,1.1852986144359143,50,0,53.19052353530134,50,0,0.3622507048419543,100,0,0.7239159227310661,50,0,,50,0
2012-05-01,-0.38341577745132177,50,0,1.1957376097500423,50,0,53.19052353530134,50,0,0.36138607410977885,100,0,0.7111448479010103,50,0,,50,0
2012-05-02,-0.37790203722395477,50,0,1.2112426560828486,0,0,53.19052353530134,50,0,0.36055355983272586,100,0,0.6337574831357771,50,0,,50,0
2012-05-03,-0.37255545756144715,50,0,1.2265024394995838,0,0,53.19052353530134,50,0,0.35996997332020647,100,0,0.6785085031610498,50,0,,50,0
2012-05-04,-0.37537477955968784,50,0,1.2181027168807195,0,0,53.19052353530134,50,0,0.3589946622932916,100,0,0.6783128632257075,50,0,,50,0
2012-05-05,-0.3778068192324963,50,0,1.2107996304704647,0,0,53.19052353530134,50,0,0.35789245627622474,100,0,0.7046479427229172,50,0,,50,0
2012-05-06,-0.3775218120249261,50,0,1.2083005757553853,0,0,53.19052353530134,50,0,0.35708226758264516,100,0,0.7068391361618844,50,0,,50,0
2012-05-07,-0.3758601862337401,50,0,1.2126379805736576,0,0,53.19052353530134,50,0,0.35703223449196847,100,0,0.7321029844768965,50,0,,50,0
2012-05-08,-0.3794549284161506,50,0,1.2017202193050924,0,0,53.19052353530134,50,0,0.35681960518354944,100,0,1.1495823660344682,50,0,,50,0
2012-05-09,-0.3780204610446371,50,0,1.2056127442748277,0,0,53.19052353530134,50,0,0.3565197611230659,100,0,0.7006830753339838,50,0,,50,0
2012-05-10,-0.3874608494422669,50,0,1.1780766530330966,50,0,53.19052353530134,50,0,0.35607659803862196,100,0,0.5370929806474638,50,0,,50,0
2012-05-11,-0.384207383179459,50,0,1.1864028725919944,50,0,53.19052353530134,50,0,0.3558164475010101,100,0,0.5757161038142663,50,0,,50,0
2012-05-12,-0.3867679329603388,50,0,1.1819731129664923,50,0,53.19052353530134,50,0,0.35544408643253755,100,0,0.5635492213650387,50,0,,50,0
2012-05-13,-0.38647085823035676,50,0,1.1812359974833104,50,0,53.19052353530134,50,0,0.3550316656510733,100,0,0.6077977992878524,50,0,,50,0
2012-05-14,-0.3807022796014488,50,0,1.196801725680964,50,0,53.19052353530134,50,0,0.35476859971155,100,0,0.5854334192568169,50,0,,50,0
2012-05-15,-0.3788276382976231,50,0,1.2017408803104304,0,0,53.19052353530134,50,0,0.3548023163265915,100,0,0.5797190961324618,50,0,,50,0
2012-05-16,-0.373949678026464,50,0,1.2142777128330497,0,0,53.19052353530134,50,0,0.3552743469271877,100,0,0.4970955476090427,100,0,,50,0
2012-05-17,-0.37324491506900687,50,0,1.2143365519081595,0,0,53.19052353530134,50,0,0.3559453062633552,100,0,0.46498553009079663,100,0,,50,0
2012-05-18,-0.3701024020609379,50,0,1.2207673084869521,0,0,53.19052353530134,50,0,0.35692113288071364,100,0,0.5738721891507949,50,0,,50,0
2012-05-19,-0.370607707047895,50,0,1.218996543972096,0,0,53.19052353530134,50,0,0.35866599202752675,100,0,0.6308093277614875,50,0,,50,0
2012-05-20,-0.3704789308648724,50,0,1.2142353144015232,0,0,53.19052353530134,50,0,0.3600863954869887,100,0,0.5732609611579758,50,0,,50,0
2012-05-21,-0.3692626449535167,50,0,1.2138543226760592,0,0,53.19052353530134,50,0,0.36177490411517216,100,0,0.5126561975312481,50,0,,50,0
2012-05-22,-0.36949571842403206,50,0,1.2122614562406466,0,0,53.19052353530134,50,0,0.3638582782377334,100,0,0.4692731922684922,100,0,,50,0
2012-05-23,-0.3662808207487966,50,0,1.221322329311299,0,0,53.19052353530134,50,0,0.3668675356628325,100,0,0.6240986694288652,50,0,,50,0
2012-05-24,-0.3659021019433391,50,0,1.2186179931783754,0,0,53.19052353530134,50,0,0.36999422722345243,100,0,0.5403641571616973,50,0,,50,0
2012-05-25,-0.3644342319317713,50,0,1.2225292648544746,0,0,53.19052353530134,50,0,0.37247503672582377,100,0,0.488975887423242,100,0,,50,0
2012-05-26,-0.36602395608416416,50,0,1.2142214970327134,0,0,53.19052353530134,50,0,0.373628948079924,100,0,0.6393392573312167,50,0,,50,0
2012-05-27,-0.3635578301633494,50,0,1.2211122501228462,0,0,53.19052353530134,50,0,0.3756051590392163,100,0,0.843711978814452,50,0,,50,0
2012-05-28,-0.36342395762164204,50,0,1.22112153941389,0,0,53.19052353530134,50,0,0.3775965085919766,100,0,0.585309407339112,50,0,,50,0
2012-05-29,-0.36240918869156435,50,0,1.2236070806024104,0,0,53.19052353530134,50,0,0.37960205388780754,100,0,0.5388406727282282,50,0,,50,0
2012-05-30,-0.3632632442575284,50,0,1.220786112291335,0,0,53.19052353530134,50,0,0.38151113522726837,100,0,0.5840548992274976,50,0,,50,0
2012-05-31,-0.3575039414107727,50,0,1.2306757074980348,0,0,53.873116225937885,50,0,0.38313566821988615,100,0,0.7041067892017685,50,0,,50,0
2012-06-01,-0.3505329741698945,50,0,1.2504779258961192,0,0,53.873116225937885,50,0,0.38462568129828983,100,0,0.6448086892961742,50,0,,50,0
2012-06-02,-0.3526613322670044,50,0,1.2445005593513803,0,0,53.873116225937885,50,0,0.38643064468191773,100,0,0.8020205239799861,50,0,,50,0
2012-06-03,-0.355344816862358,50,0,1.2367318804312624,0,0,53.873116225937885,50,0,0.38846971755924387,100,0,0.6633404406942708,50,0,,50,0
2012-06-04,-0.3515461179960382,50,0,1.2472110185017882,0,0,53.873116225937885,50,0,0.3911720170564579,100,0,1.1594276615536054,50,0,,50,0
2012-06-05,-0.3377551871893992,50,0,1.2863414067521812,0,0,53.873116225937885,50,0,0.3941074994578421,100,0,0.6706901895408697,50,0,,50,0
2012-06-06,-0.33641469339726354,50,0,1.2905750589709433,0,0,53.873116225937885,50,0,0.3971368574066384,100,0,0.7279927667919688,50,0,,50,0
2012-06-07,-0.32502577263507054,50,0,1.3233673401715351,0,0,53.873116225937885,50,0,0.4001772759661489,100,0,0.7328438036462097,50,0,,50,0
2012-06-08,-0.3225944493179005,50,0,1.3311043536992526,0,0,53.873116225937885,50,0,0.4033587591542573,100,0,0.6988264778398848,50,0,,50,0
2012-06-09,-0.3284134552902922,50,0,1.3149923888618167,0,0,53.873116225937885,50,0,0.4064523059097661,100,0,0.8740979884696354,50,0,,50,0
2012-06-10,-0.3369253321636312,50,0,1.2909972575710127,0,0,53.873116225937885,50,0,0.40932466566614534,100,0,1.0399383586596025,50,0,,50,0
2012-06-11,-0.32656468465866534,50,0,1.3209239611002255,0,0,53.873116225937885,50,0,0.41240953598258906,100,0,0.7601159153949142,50,0,,50,0
2012-06-12,-0.31543660740499346,50,0,1.3534521201463399,0,0,53.873116225937885,50,0,0.41556741934292046,100,0,0.8812420287046306,50,0,,50,0
2012-06-13,-0.30088469814385516,50,0,1.3956215341274636,0,0,53.873116225937885,50,0,0.4183738870650945,100,0,0.8222201942318837,50,0,,50,0
2012-06-14,-0.2967882286592189,50,0,1.407250326852292,0,0,53.873116225937885,50,0,0.42111479173074695,100,0,0.9669346622526303,50,0,,50,0
2012-06-15,-0.25211765416997106,50,0,1.5385627065855656,0,0,53.873116225937885,50,0,0.42422783995481506,100,0,1.0377011662197457,50,0,,50,0
2012-06-16,-0.2598720074697184,50,0,1.5187498620296598,0,0,53.873116225937885,50,0,0.4271995111851189,100,0,1.0393255962999008,50,0,,50,0
2012-06-17,-0.2810315279246259,50,0,1.4602383805623271,0,0,53.873116225937885,50,0,0.4300573701397744,100,0,1.1922080524109098,50,0,,50,0
2012-06-18,-0.27226074784318055,50,0,1.4853237604326348,0,0,53.873116225937885,50,0,0.432738516026724,100,0,1.4525761423625871,50,0,,50,0
2012-06-19,-0.2575933825204333,50,0,1.5274772755759722,0,0,53.873116225937885,50,0,0.43534159037847836,100,0,0.9230975519624702,50,0,,50,0
2012-06-20,-0.24145955533663035,50,0,1.5729310447455787,0,0,53.873116225937885,50,0,0.438407391798465,100,0,1.1477360481007206,50,0,,50,0
2012-06-21,-0.24408494144297804,50,0,1.566666342235255,0,0,53.873116225937885,50,0,0.44166330684673705,100,0,1.0123088544825678,50,0,,50,0
2012-06-22,-0.2540186000528395,50,0,1.540009535463077,0,0,53.873116225937885,50,0,0.4448430322666005,100,0,0.9199235119500987,50,0,,50,0
2012-06-23,-0.2642107484312673,50,0,1.5116453478375138,0,0,53.873116225937885,50,0,0.44784028674101173,100,0,1.085352722002521,50,0,,50,0
2012-06-24,-0.2723778003544978,50,0,1.4878648282104754,0,0,53.873116225937885,50,0,0.4507450863925629,100,0,0.87511312014394,50,0,,50,0
2012-06-25,-0.2751616852626713,50,0,1.479126785896896,0,0,53.873116225937885,50,0,0.4535804788221714,100,0,1.136149968749418,50,0,,50,0
2012-06-26,-0.266439564149648,50,0,1.505069765804173,0,0,53.873116225937885,50,0,0.45646770300939865,100,0,1.1164199215555952,50,0,,50,0
2012-06-27,-0.2521291895424799,50,0,1.54665926732753,0,0,53.873116225937885,50,0,0.45947899043999074,100,0,1.0644530745729397,50,0,,50,0
2012-06-28,-0.2547887478595105,50,0,1.5394939245630814,0,0,53.873116225937885,50,0,0.4625540808941748,100,0,0.9596302614004585,50,0,,50,0
2012-06-29,-0.24966274023826276,50,0,1.5543345631512218,0,0,53.873116225937885,50,0,0.4656702552633188,100,0,1.0104246295958372,50,0,,50,0
2012-06-30,-0.2482959909886139,50,0,1.5581676900154466,0,0,58.00028296402128,50,0,0.46875856164223734,100,0,0.8862942314612899,50,0,,50,0
2012-07-01,-0.2530405904006645,50,0,1.544494673890491,0,0,58.00028296402128,50,0,0.47171464058019386,100,0,1.0240267395203788,50,0,,50,0
2012-07-02,-0.24426035033133128,50,0,1.5704204682155376,0,0,58.00028296402128,50,0,0.47454076446170135,100,0,1.1777500798444382,50,0,,50,0
2012-07-03,-0.2683533594059392,50,0,1.5010224820015239,0,0,58.00028296402128,50,0,0.477188623822473,100,0,1.3749377405029033,50,0,,50,0
2012-07-04,-0.2635864178848917,50,0,1.5150235013805295,0,0,58.00028296402128,50,0,0.4798972865219321,100,0,1.1048070612308205,50,0,,50,0
2012-07-05,-0.2535726256865865,50,0,1.5435189976116315,0,0,58.00028296402128,50,0,0.48268241461758743,100,0,0.9988191003508213,50,0,,50,0
2012-07-06,-0.25169902412180173,50,0,1.5492552832517814,0,0,58.00028296402128,50,0,0.4856108184467107,100,0,1.1812354856452505,50,0,,50,0
2012-07-07,-0.24016226802314336,50,0,1.579582902098976,0,0,58.00028296402128,50,0,0.4886053035624,100,0,1.3944523927824852,50,0,,50,0
2012-07-08,-0.24193276759098634,50,0,1.5755502791149196,0,0,58.00028296402128,50,0,0.4921805558125347,100,0,1.1375884084046473,50,0,,50,0
2012-07-09,-0.22369429572843558,50,0,1.6288589305982593,0,0,58.00028296402128,50,0,0.49580135549506416,100,0,1.337300630332246,50,0,,50,0
2012-07-10,-0.20639423747182886,50,0,1.661197834399139,0,0,58.00028296402128,50,0,0.49950200370063536,100,0,1.2712077187335586,50,0,,50,0
2012-07-11,-0.20723632375844014,50,0,1.661199189472636,0,0,58.00028296402128,50,0,0.5033053851089684,100,0,1.0137344818604497,50,0,,50,0
2012-07-12,-0.17842289534467376,50,0,1.7451295546273393,0,0,58.00028296402128,50,0,0.5072733660499655,100,0,1.5968274434466152,0,0,,50,0
2012-07-13,-0.17454964637042908,50,0,1.7606018875093399,0,0,58.00028296402128,50,0,0.511347501500888,100,0,1.5723780565270469,0,0,,50,0
2012-07-14,-0.17454536461044168,50,0,1.747085965424177,0,0,58.00028296402128,50,0,0.5155097898791733,100,0,1.610229414327079,0,0,,50,0
2012-07-15,-0.1714448914446958,50,0,1.7561171543737588,0,0,58.00028296402128,50,0,0.5196110023686215,100,0,1.6497200448943263,0,0,,50,0
2012-07-16,-0.10548019122935152,50,0,1.952990487260544,0,0,58.00028296402128,50,0,0.5239755871629204,100,0,1.3132101696411513,50,0,,50,0
2012-07-17,-0.09326181250708732,50,0,2.009665270365463,0,0,58.00028296402128,50,0,0.5282962034222948,100,0,1.8168097004218926,0,0,,50,0
2012-07-18,-0.06987007876134255,50,0,2.085373084460924,0,0,58.00028296402128,50,0,0.5319859598723916,100,0,1.7452943736077617,0,0,,50,0
2012-07-19,-0.09063098209788768,50,0,2.033052828714601,0,0,58.00028296402128,50,0,0.5359251195131958,100,0,1.3633428229764981,50,0,,50,0
2012-07-20,-0.11908432923317767,50,0,1.9510502363468392,0,0,58.00028296402128,50,0,0.5393539736494298,100,0,1.6314716673628014,0,0,,50,0
2012-07-21,-0.09442244372552912,50,0,2.026687236431282,0,0,58.00028296402128,50,0,0.5422537188884685,100,0,1.5195512176519566,0,0,,50,0
2012-07-22,-0.124493849948807,50,0,1.9399258560960833,0,0,58.00028296402128,50,0,0.5452325230999311,100,0,1.9629648570962421,0,0,,50,0
2012-07-23,-0.12349197951368157,50,0,1.9430541350611867,0,0,58.00028296402128,50,0,0.5480340070017033,100,0,1.5502032521123124,0,0,,50,0
2012-07-24,-0.12137117385173102,50,0,1.9504144535684456,0,0,58.00028296402128,50,0,0.551488773579433,100,0,1.794681217281142,0,0,,50,0
2012-07-25,-0.10775709283164363,50,0,1.9920345965577926,0,0,58.00028296402128,50,0,0.5551265245742931,100,0,2.2055404247953567,0,0,,50,0
2012-07-26,-0.10227587924372149,50,0,2.013443362404116,0,0,58.00028296402128,50,0,0.5586195980682461,100,0,2.044978416115249,0,0,,50,0
2012-07-27,-0.10281633477849048,50,0,2.014239204158493,0,0,58.00028296402128,50,0,0.5623305361088089,100,0,2.11780787825747,0,0,,50,0
2012-07-28,-0.10814758852379677,50,0,2.0004572430012493,0,0,58.00028296402128,50,0,0.5661262648046693,100,0,1.58185255647643,0,0,,50,0
2012-07-29,-0.1172034535885674,50,0,1.976388306277328,0,0,58.00028296402128,50,0,0.570059028348582,100,0,2.0331732915322545,0,0,,50,0
2012-07-30,-0.09262475129765174,50,0,2.050446291698042,0,0,58.00028296402128,50,0,0.5742941643072118,100,0,2.786612558602048,0,0,,50,0
2012-07-31,-0.07822866371498191,50,0,2.099833562859011,0,0,64.09549910577698,50,0,0.5785578101174215,100,0,2.392961513189488,0,0,,50,0
2012-08-01,-0.06223782930352869,50,0,2.1521492929349892,0,0,64.09549910577698,50,0,0.582964821187235,100,0,1.6265914526706018,0,0,,50,0
2012-08-02,0.004332195519738893,50,0,2.3689062619147547,0,0,64.09549910577698,50,0,0.5878416476081281,100,0,1.9429522830377164,0,0,,50,0
2012-08-03,0.026474105629867732,50,0,2.4460719403539763,0,0,64.09549910577698,50,0,0.593155147921146,100,0,2.290240224480869,0,0,,50,0
2012-08-04,0.022302537513560546,50,0,2.4422167661402803,0,0,64.09549910577698,50,0,0.5984024253931133,100,0,2.101003244486882,0,0,,50,0
2012-08-05,0.00991575790781724,50,0,2.4120309963840336,0,0,64.09549910577698,50,0,0.60356741879967,100,0,1.7577244983027431,0,0,,50,0
2012-08-06,0.011413530650462906,50,0,2.4217914513794603,0,0,64.09549910577698,50,0,0.6086111815599408,100,0,2.0389368327231554,0,0,,50,0
2012-08-07,0.014500331657167019,50,0,2.433144268234841,0,0,64.09549910577698,50,0,0.6135588040165283,100,0,2.2463130598132546,0,0,,50,0
2012-08-08,0.019055076357733063,50,0,2.457086365983714,0,0,64.09549910577698,50,0,0.6185519309402102,100,0,2.1721987679905905,0,0,,50,0
2012-08-09,0.018568302467776625,50,0,2.4597072386500862,0,0,64.09549910577698,50,0,0.6229147984087943,100,0,2.239620780639438,0,0,,50,0
2012-08-10,0.04049027092960747,50,0,2.530727698456294,0,100,64.09549910577698,50,0,0.6270378539652065,100,0,2.3031658735259137,0,0,,50,0
2012-08-11,0.044635317513450005,50,0,2.5464953154053385,0,100,64.09549910577698,50,0,0.631427689719642,100,0,2.4761980592198904,0,0,,50,0
2012-08-12,0.046025444517675984,50,0,2.5522786323046156,0,100,64.09549910577698,50,0,0.6360490618821629,100,0,2.9889601498710485,0,0,,50,0
2012-08-13,0.06950315731387388,50,0,2.632981776590763,0,100,64.09549910577698,50,0,0.6408502489797725,100,0,2.356243512110957,0,0,,50,0
2012-08-14,0.07905287795576926,50,0,2.671484814322216,0,100,64.09549910577698,50,0,0.6456329191188402,100,0,2.1965992704971,0,0,,50,0
2012-08-15,0.141955890546362,50,0,2.879809781619033,0,100,64.09549910577698,50,0,0.6507156321771931,100,0,2.3645698610576225,0,0,,50,0
2012-08-16,0.1532488114660856,50,0,2.933708027616655,0,100,64.09549910577698,50,0,0.6559226382763264,100,0,2.8120041487063943,0,0,,50,0
2012-08-17,0.05097112291069986,50,0,2.6284396337404106,0,100,64.09549910577698,50,0,0.6606731969998834,100,0,2.1829063198260092,0,0,,50,0
2012-08-18,0.005770039996404981,50,0,2.5147200295103587,0,100,64.09549910577698,50,0,0.6651611549262433,100,0,3.082239724992057,0,100,,50,0
2012-08-19,-0.2433507096612868,50,0,1.6993099832425584,0,0,64.09549910577698,50,0,0.6677099574871653,100,0,3.4405110621445614,0,100,,50,0
2012-08-20,-0.09934508412122145,50,0,2.1624210057640814,0,0,64.09549910577698,50,0,0.671039385405467,100,0,2.5281281853197477,0,0,,50,0
2012-08-21,-0.10524344183104585,50,0,2.142554852309959,0,0,64.09549910577698,50,0,0.6740004058009765,100,0,2.404372439813646,0,0,,50,0
2012-08-22,-0.11544204559714104,50,0,2.111268929154368,0,0,64.09549910577698,50,0,0.676948539995342,100,0,1.7574493836185625,0,0,,50,0
2012-08-23,-0.09476794000320726,50,0,2.176217569292959,0,0,64.09549910577698,50,0,0.6798919538907133,100,0,2.07209725698769,0,0,,50,0
2012-08-24,-0.06279864571227185,50,0,2.2814209159733325,0,0,64.09549910577698,50,0,0.6824788153324776,100,0,1.7264316599816287,0,0,,50,0
2012-08-25,-0.06556628367456596,50,0,2.275408520917819,0,0,64.09549910577698,50,0,0.6849652918729184,100,0,1.747687769200269,0,0,,50,0
2012-08-26,-0.06941309707902277,50,0,2.2634871979299107,0,0,64.09549910577698,50,0,0.6878017378130167,100,0,2.3936184547430375,0,0,,50,0
2012-08-27,-0.0529931124251673,50,0,2.3355989085446334,0,0,64.09549910577698,50,0,0.6909102787930396,100,0,2.0303985231000126,0,0,,50,0
2012-08-28,-0.05360159309136043,50,0,2.3385177797862466,0,0,64.09549910577698,50,0,0.6938995265279377,100,0,2.3481833046894884,0,0,,50,0
2012-08-29,-0.0591022506180396,50,0,2.32060583108824,0,0,64.09549910577698,50,0,0.6968620519317633,100,0,2.2757888150677923,0,0,,50,0
2012-08-30,-0.06902202830235883,50,0,2.2868953899869373,0,0,64.09549910577698,50,0,0.6994511285097094,100,0,2.0110457459354354,0,0,,50,0
2012-08-31,-0.11719631868640867,50,0,2.1503915705767755,0,0,65.68266710066803,50,0,0.7017430712100713,100,0,2.3340033884567988,0,0,,50,0
2012-09-01,-0.12298784525651076,50,0,2.126890172322482,0,0,65.68266710066803,50,0,0.7039606903820133,100,0,2.2184804664431232,0,0,,50,0
2012-09-02,-0.10894199008565415,50,0,2.1702888898753105,0,0,65.68266710066803,50,0,0.7063778419509662,100,0,1.8771203442902558,0,0,,50,0
2012-09-03,-0.09176960687111733,50,0,2.224301276313106,0,0,65.68266710066803,50,0,0.7089880684993309,100,0,1.704266476649835,0,0,,50,0
2012-09-04,-0.10203344812183797,50,0,2.1927286039103375,0,0,65.68266710066803,50,0,0.7117102653329516,100,0,1.9737705179361045,0,0,,50,0
2012-09-05,-0.06085399394853844,50,0,2.3287139804286627,0,0,65.68266710066803,50,0,0.7145097783783078,100,0,2.6786126781223256,0,0,,50,0
2012-09-06,-0.05391154584899078,50,0,2.3531951534420386,0,0,65.68266710066803,50,0,0.7172854864514628,100,0,2.3124444324108966,0,0,,50,0
2012-09-07,-0.06050329488219496,50,0,2.3313718231904423,0,0,65.68266710066803,50,0,0.7200453094079758,100,0,2.307303040899468,0,0,,50,0
2012-09-08,-0.06390445730380122,50,0,2.3205366462510093,0,0,65.68266710066803,50,0,0.7227516696350373,100,0,1.8662513046037024,0,0,,50,0
2012-09-09,-0.06462751393753317,50,0,2.3205770673075437,0,0,65.68266710066803,50,0,0.7254081996055041,100,0,2.109123075534026,0,0,,50,0
2012-09-10,-0.07164858104503194,50,0,2.329879811554365,0,0,65.68266710066803,50,0,0.7279095692758343,100,0,1.9096369441736454,0,0,,50,0
2012-09-11,-0.06375528749911803,50,0,2.355715908454967,0,0,65.68266710066803,50,0,0.730438071336973,100,0,1.8968087769063497,0,0,,50,0
2012-09-12,-0.06238621316373997,50,0,2.3614897063219282,0,0,65.68266710066803,50,0,0.7329240030430944,100,0,2.2730859964365946,0,0,,50,0
2012-09-13,-0.05944495924891906,50,0,2.3709259228545787,0,0,65.68266710066803,50,0,0.7354119348987788,100,0,2.326278477345416,0,0,,50,0
2012-09-14,-0.03897650503166219,50,0,2.439345442036049,0,0,65.68266710066803,50,0,0.7381888717798256,100,0,2.5789592027763018,0,0,,50,0
2012-09-15,-0.04217175000164019,50,0,2.43249060599388,0,0,65.68266710066803,50,0,0.7408789195330426,100,0,1.9345925112412325,0,0,,50,0
2012-09-16,-0.0337697006813225,50,0,2.462907895652185,0,0,65.68266710066803,50,0,0.7436091587774476,100,0,3.2040103865996947,0,100,,50,0
2012-09-17,-0.03453008149054632,50,0,2.4627860323829966,0,0,65.68266710066803,50,0,0.7463260697243936,100,0,2.872653976793471,0,0,,50,0
2012-09-18,-0.015282448739201487,50,0,2.53055253548116,0,100,65.68266710066803,50,0,0.7491505151532408,100,0,2.4016033541518618,0,0,,50,0
2012-09-19,-0.004099105671390977,50,0,2.5760422417620865,0,100,65.68266710066803,50,0,0.7519937681567036,100,0,2.162971381387288,0,0,,50,0
2012-09-20,-0.01770469276033713,50,0,2.5427363237187195,0,100,65.68266710066803,50,0,0.7546390846772695,100,0,2.239101104799148,0,0,,50,0
2012-09-21,-0.022557719761818543,50,0,2.530967478164313,0,100,65.68266710066803,50,0,0.7571031139563594,100,0,2.530736522790031,0,0,,50,0
2012-09-22,-0.03170075098067174,50,0,2.501634569408215,0,100,65.68266710066803,50,0,0.7594165228037119,100,0,2.69862243720904,0,0,,50,0
2012-09-23,-0.03586593329814504,50,0,2.4871054641727524,0,0,65.68266710066803,50,0,0.7617056048434968,100,0,2.168097274980095,0,0,,50,0
2012-09-24,-0.04072046259973668,50,0,2.4719380164561775,0,0,65.68266710066803,50,0,0.7638175654958492,100,0,2.4652546069078936,0,0,,50,0
2012-09-25,-0.03841255712541389,50,0,2.4813776241751744,0,0,65.68266710066803,50,0,0.7659007212730936,100,0,2.0506390863946775,0,0,,50,0
2012-09-26,-0.03194179441934711,50,0,2.50465256449311,0,100,65.68266710066803,50,0,0.7679722957854581,100,0,1.8049900101601741,0,0,,50,0
2012-09-27,-0.034157482408971276,50,0,2.4997526193344193,0,0,65.68266710066803,50,0,0.7699541862125308,100,0,2.531029151471739,0,0,,50,0
2012-09-28,-0.033627792676082506,50,0,2.5077595059804025,0,100,65.68266710066803,50,0,0.7719745516255813,100,0,2.9886761841439773,0,0,,50,0
2012-09-29,-0.034209739529428594,50,0,2.507765806270652,0,100,65.68266710066803,50,0,0.774006977690456,100,0,2.7154624096114186,0,0,,50,0
2012-09-30,-0.03645442559529589,50,0,2.500442332172576,0,100,69.88294116392545,50,0,0.7758408857467377,100,0,3.1358223509276657,0,100,,50,0
2012-10-01,-0.03785230970772067,50,0,2.495354710291345,0,0,69.88294116392545,50,0,0.7771846738005834,100,0,1.9104216732444579,0,0,,50,0
2012-10-02,-0.015614256483994624,50,0,2.574479976929916,0,100,69.88294116392545,50,0,0.7784807155381248,100,0,2.1766920983602094,0,0,,50,0
2012-10-03,-0.00999692713785176,50,0,2.5991151370918124,0,100,69.88294116392545,50,0,0.7797069290188149,100,0,1.7765498029393383,0,0,,50,0
2012-10-04,-0.01797732134247552,50,0,2.575423438376843,0,100,69.88294116392545,50,0,0.7805317644655849,100,0,1.8295003648569272,0,0,,50,0
2012-10-05,-0.025517238698688664,50,0,2.5484836430074744,0,100,69.88294116392545,50,0,0.7814418605805507,100,0,2.327436776651347,0,0,,50,0
2012-10-06,-0.041002334216341044,50,0,2.4944983739836126,0,0,69.88294116392545,50,0,0.7826369345279555,100,0,2.152910122625345,0,0,,50,0
2012-10-07,-0.078854807664488,50,0,2.364620700023874,0,0,69.88294116392545,50,0,0.7835141058393874,100,0,3.0329212155312018,0,100,,50,0
2012-10-08,-0.08859129245497062,50,0,2.3327773393085605,0,0,69.88294116392545,50,0,0.7839831832247179,100,0,2.355140466920706,0,0,,50,0
2012-10-09,-0.08262355467820041,50,0,2.3478371885941627,0,0,69.88294116392545,50,0,0.7844399019438898,100,0,1.9939264490807524,0,0,,50,0
2012-10-10,-0.06667667994218122,50,0,2.399390847072729,0,0,69.88294116392545,50,0,0.784998482814373,100,0,1.8545452089685388,0,0,,50,0
2012-10-11,-0.0698223899431279,50,0,2.387076118997569,0,0,69.88294116392545,50,0,0.7857073752993556,100,0,1.8366374203881037,0,0,,50,0
2012-10-12,-0.07285152227420903,50,0,2.375260848023594,0,0,69.88294116392545,50,0,0.7865246580116796,100,0,1.923640782733367,0,0,,50,0
2012-10-13,-0.07923583518183167,50,0,2.3513725206089546,0,0,69.88294116392545,50,0,0.7875030992408479,100,0,1.88160341944054,0,0,,50,0
2012-10-14,-0.09623930173682978,50,0,2.293287447312797,0,0,69.88294116392545,50,0,0.7882935082167933,100,0,1.4725949426012763,50,0,,50,0
2012-10-15,-0.08168911172922355,50,0,2.340188048552429,0,0,69.88294116392545,50,0,0.7890899806708064,100,0,2.0770513148557055,0,0,,50,0
2012-10-16,-0.08619100575751765,50,0,2.3245832461653984,0,0,69.88294116392545,50,0,0.7897015966848008,100,0,2.0902127711722134,0,0,,50,0
2012-10-17,-0.08399453656630701,50,0,2.334788603627758,0,0,69.88294116392545,50,0,0.7903796771587552,100,0,1.7774327435560666,0,0,,50,0
2012-10-18,-0.0845771342799189,50,0,2.332288908717767,0,0,69.88294116392545,50,0,0.7909780424732568,100,0,1.965338462179449,0,0,,50,0
2012-10-19,-0.0951054335650392,50,0,2.295730951386648,0,0,69.88294116392545,50,0,0.7914836822505255,100,0,1.630509304629397,0,0,,50,0
2012-10-20,-0.09907393737188937,50,0,2.2798662542270196,0,0,69.88294116392545,50,0,0.791952157339883,100,0,2.291048067228668,0,0,,50,0
2012-10-21,-0.10338857194284044,50,0,2.2691675619465412,0,0,69.88294116392545,50,0,0.7923209028936902,100,0,2.0513968253313246,0,0,,50,0
2012-10-22,-0.09890294942119048,50,0,2.281911002146053,0,0,69.88294116392545,50,0,0.7929308229285131,100,0,1.6543106704054318,0,0,,50,0
2012-10-23,-0.10136520702155775,50,0,2.2719443465752844,0,0,69.88294116392545,50,0,0.7934947905571005,100,0,1.5136304956450612,0,0,,50,0
2012-10-24,-0.1065846069507512,50,0,2.2542791747695046,0,0,69.88294116392545,50,0,0.793899108485888,100,0,2.095061547878181,0,0,,50,0
2012-10-25,-0.15837639506574847,50,0,2.080916306619823,0,0,69.88294116392545,50,0,0.7939688759725964,100,0,1.5569842445526945,0,0,,50,0
2012-10-26,-0.1942236171566127,50,0,1.9580984674052724,0,0,69.88294116392545,50,0,0.7938133607058775,100,0,2.982358758225122,0,0,,50,0
2012-10-27,-0.17405913105730975,50,0,2.018936680761026,0,0,69.88294116392545,50,0,0.7937601299448901,100,0,2.9310769233325233,0,0,,50,0
2012-10-28,-0.15920442031454282,50,0,2.064898483491809,0,0,69.88294116392545,50,0,0.793621051886709,100,0,1.726115127391409,0,0,,50,0
2012-10-29,-0.16412706889715678,50,0,2.047050922239661,0,0,69.88294116392545,50,0,0.7931091151299736,100,0,1.6564006953138137,0,0,,50,0
2012-10-30,-0.15084374769590014,50,0,2.088341480458958,0,0,69.88294116392545,50,0,0.7927031295648543,100,0,1.756710765529805,0,0,,50,0
2012-10-31,-0.135025816974796,50,0,2.14056136941078,0,0,65.20650553392491,50,0,0.7922247795596536,100,0,1.7568619235218388,0,0,,50,0
2012-11-01,-0.16598418200187565,50,0,2.0357674726545896,0,0,65.20650553392491,50,0,0.7914414674095404,100,0,1.3767307707368184,50,0,,50,0
2012-11-02,-0.17030536201663138,50,0,2.017388974606563,0,0,65.20650553392491,50,0,0.7906130877649694,100,0,1.7318143390682879,0,0,,50,0
2012-11-03,-0.16331665781014593,50,0,2.0379005433181523,0,0,65.20650553392491,50,0,0.7898305559903546,100,0,1.650822539074286,0,0,,50,0
2012-11-04,-0.15565804237137743,50,0,2.0632470906966622,0,0,65.20650553392491,50,0,0.7885428730079289,100,0,1.91143411530286,0,0,,50,0
2012-11-05,-0.15927443486791137,50,0,2.049971259387801,0,0,65.20650553392491,50,0,0.7871054112742389,100,0,1.916697634476141,0,0,,50,0
2012-11-06,-0.15212670789661878,50,0,2.071642120556784,0,0,65.20650553392491,50,0,0.785512975450272,100,0,2.1284921027386035,0,0,,50,0
2012-11-07,-0.14787680731461594,50,0,2.08532799430504,0,0,65.20650553392491,50,0,0.7840987522809456,100,0,1.7362886763846437,0,0,,50,0
2012-11-08,-0.1519267873650494,50,0,2.071007999371574,0,0,65.20650553392491,50,0,0.7829290537618125,100,0,1.3695930512789438,50,0,,50,0
2012-11-09,-0.15674280129405896,50,0,2.0538354258113936,0,0,65.20650553392491,50,0,0.7815438060911171,100,0,1.8506540256892776,0,0,,50,0
2012-11-10,-0.15423144672496486,50,0,2.060249722409877,0,0,65.20650553392491,50,0,0.7804077891057768,100,0,1.4898483342881812,50,0,,50,0
2012-11-11,-0.15600049311422717,50,0,2.053629588828145,0,0,65.20650553392491,50,0,0.7792588754787763,100,0,1.741194942428561,0,0,,50,0
2012-11-12,-0.1459154665112378,50,0,2.0868464091506045,0,0,65.20650553392491,50,0,0.7781701757375543,100,0,1.2619335112995929,50,0,,50,0
2012-11-13,-0.14871263469967788,50,0,2.077897928206222,0,0,65.20650553392491,50,0,0.7770233078340065,100,0,1.2952666516061417,50,0,,50,0
2012-11-14,-0.15148505791763664,50,0,2.067918633601773,0,0,65.20650553392491,50,0,0.7758691459582188,100,0,1.5396629502955275,0,0,,50,0
2012-11-15,-0.13970908815727645,50,0,2.1059663465072336,0,0,65.20650553392491,50,0,0.7748161505171669,100,0,1.343122105078443,50,0,,50,0
2012-11-16,-0.1111934262683657,50,0,2.2027195444612397,0,0,65.20650553392491,50,0,0.7739721351460497,100,0,1.7369678797081132,0,0,,50,0
2012-11-17,-0.10966742502010565,50,0,2.2080558536650616,0,0,65.20650553392491,50,0,0.7731167950990053,100,0,1.4201314955446858,50,0,,50,0
2012-11-18,-0.11571272978540373,50,0,2.1891408663079828,0,0,65.20650553392491,50,0,0.772036785333122,100,0,1.675137436001989,0,0,,50,0
2012-11-19,-0.11188164755076666,50,0,2.201972729309756,0,0,65.20650553392491,50,0,0.7708649307674279,100,0,1.4472878200139643,50,0,,50,0
2012-11-20,-0.11558828039043713,50,0,2.1893023932405433,0,0,65.20650553392491,50,0,0.7695793771757524,100,0,2.183150585688218,0,0,,50,0
2012-11-21,-0.11482910715214657,50,0,2.191857280009479,0,0,65.20650553392491,50,0,0.7677030143489457,100,0,1.4883324779116398,50,0,,50,0
2012-11-22,-0.0839491687403609,50,0,2.29357789549618,0,0,65.20650553392491,50,0,0.7657955119072449,100,0,1.5582527901204803,0,0,,50,0
2012-11-23,-0.08652385324135173,50,0,2.2879572108628885,0,0,65.20650553392491,50,0,0.763885074564925,100,0,1.7039363161877372,0,0,,50,0
2012-11-24,-0.07995856843216102,50,0,2.3092004026876474,0,0,65.20650553392491,50,0,0.7621311836123281,100,0,1.6234547698130077,0,0,,50,0
2012-11-25,-0.07502700019848361,50,0,2.3272767028571035,0,0,65.20650553392491,50,0,0.7604393857501838,100,0,1.7022747060448882,0,0,,50,0
2012-11-26,-0.09643016343966877,50,0,2.2598765088525417,0,0,65.20650553392491,50,0,0.7585920383889555,100,0,1.794472851043985,0,0,,50,0
2012-11-27,-0.09869222215313282,50,0,2.2519032493907205,0,0,65.20650553392491,50,0,0.7566879600287083,100,0,1.6301487238112398,0,0,,50,0
2012-11-28,-0.0900890078891653,50,0,2.280444300679863,0,0,65.20650553392491,50,0,0.7548057416140564,100,0,1.6417224793788452,0,0,,50,0
2012-11-29,-0.08163692419759971,50,0,2.307648522645299,0,0,65.20650553392491,50,0,0.7527981842124237,100,0,0.9818761357895992,50,0,,50,0
2012-11-30,-0.078159656152968,50,0,2.3204420150486795,0,0,67.88253599873445,50,0,0.7507776247667289,100,0,0.6792151816036618,50,0,,50,0
2012-12-01,-0.07858222820387908,50,0,2.318064492386822,0,0,67.88253599873445,50,0,0.7487391324010857,100,0,1.1332957581772167,50,0,,50,0
2012-12-02,-0.0844656365948949,50,0,2.297240749635181,0,0,67.88253599873445,50,0,0.7464568959211326,100,0,0.8754165310228863,50,0,,50,0
2012-12-03,-0.07669369778758961,50,0,2.3229271482879685,0,0,67.88253599873445,50,0,0.7442127217654284,100,0,0.8472787058453713,50,0,,50,0
2012-12-04,-0.04241260514111923,50,0,2.449627731859976,0,0,67.88253599873445,50,0,0.7417486594394097,100,0,0.5826116975486424,50,0,,50,0
2012-12-05,-0.0484693756900928,50,0,2.435194180458927,0,0,67.88253599873445,50,0,0.7391045743610699,100,0,0.8080073244211312,50,0,,50,0
2012-12-06,-0.040989210581045196,50,0,2.4612767162226183,0,0,67.88253599873445,50,0,0.7373249750423844,100,0,0.8307702287205798,50,0,,50,0
2012-12-07,-0.04378123738273184,50,0,2.4570517438274453,0,0,67.88253599873445,50,0,0.7358538219714238,100,0,0.7511569457636651,50,0,,50,0
2012-12-08,-0.043478399059956194,50,0,2.4570873832173032,0,0,67.88253599873445,50,0,0.7365446577923969,100,0,0.9042052060396482,50,0,,50,0
2012-12-09,-0.05340943376145059,50,0,2.425197577600176,0,0,67.88253599873445,50,0,0.7360366125781467,100,0,0.6712614359871761,50,0,,50,0
2012-12-10,-0.04676003242646658,50,0,2.4476295470136393,0,0,67.88253599873445,50,0,0.735557561189206,100,0,0.9001116709278184,50,0,,50,0
2012-12-11,-0.04165285063139643,50,0,2.4658434469685386,0,0,67.88253599873445,50,0,0.7352183782359275,100,0,0.9432338578390674,50,0,,50,0
2012-12-12,-0.04102814758008881,50,0,2.4712574989571734,0,0,67.88253599873445,50,0,0.7347483608828571,100,0,0.777115796977256,50,0,,50,0
2012-12-13,-0.0393766490108996,50,0,2.482798880962403,0,0,67.88253599873445,50,0,0.7340144081455157,100,0,0.8132913484469612,50,0,,50,0
2012-12-14,-0.04896418504358177,50,0,2.450895144313631,0,0,67.88253599873445,50,0,0.7332807860832057,100,0,0.5385745714804765,50,0,,50,0
2012-12-15,-0.05325860201168629,50,0,2.43431612745716,0,0,67.88253599873445,50,0,0.7326572449682411,100,0,0.5957159088807892,50,0,,50,0
2012-12-16,-0.0647136157918101,50,0,2.3948852788364245,0,0,67.88253599873445,50,0,0.7319308829531552,100,0,0.5672567643393857,50,0,,50,0
2012-12-17,-0.06560574054313004,50,0,2.3888248833026706,0,0,67.88253599873445,50,0,0.7311635206607219,100,0,0.6704471045023589,50,0,,50,0
2012-12-18,-0.06907972972566813,50,0,2.37650342481299,0,0,67.88253599873445,50,0,0.7303365116787305,100,0,0.6221395016145983,50,0,,50,0
2012-12-19,-0.05617281043106139,50,0,2.4203342116985147,0,0,67.88253599873445,50,0,0.7298538296081903,100,0,0.6951662960505542,50,0,,50,0
2012-12-20,-0.055793109195013936,50,0,2.422068915816944,0,0,67.88253599873445,50,0,0.7300566344658798,100,0,0.5603751163881581,50,0,,50,0
2012-12-21,-0.06447381676521517,50,0,2.393127188883121,0,0,67.88253599873445,50,0,0.7302209908011199,100,0,0.6360818698338778,50,0,,50,0
2012-12-22,-0.06488371136805664,50,0,2.3890715913951674,0,0,67.88253599873445,50,0,0.7302922495249197,100,0,0.8248635941826747,50,0,,50,0
2012-12-23,-0.07102654693015997,50,0,2.366017079243211,0,0,67.88253599873445,50,0,0.7302589003241038,100,0,0.7390881396775645,50,0,,50,0
2012-12-24,-0.0654259352778873,50,0,2.381599821365925,0,0,67.88253599873445,50,0,0.7301257823352584,100,0,0.7152713031339705,50,0,,50,0
2012-12-25,-0.0690184915522355,50,0,2.3671251390993024,0,0,67.88253599873445,50,0,0.7296754483773941,100,0,0.6391374059695483,50,0,,50,0
2012-12-26,-0.06472223252677506,50,0,2.379226473682424,0,0,67.88253599873445,50,0,0.7292704554812549,100,0,0.8787846883784207,50,0,,50,0
2012-12-27,-0.06815843087929112,50,0,2.365806749260877,0,0,67.88253599873445,50,0,0.7288680711052459,100,0,0.8967085723645105,50,0,,50,0
2012-12-28,-0.06597549466945539,50,0,2.3720840441426785,0,0,67.88253599873445,50,0,0.728421837037627,100,0,0.8501250547473768,50,0,,50,0
2012-12-29,-0.07056897988294701,50,0,2.3541484803900214,0,0,67.88253599873445,50,0,0.7280205264194745,100,0,0.7782059348383478,50,0,,50,0
2012-12-30,-0.06734848235334956,50,0,2.363047665387591,0,0,67.88253599873445,50,0,0.7276785056856848,100,0,0.8988942788108678,50,0,,50,0
2012-12-31,-0.06429439219182603,50,0,2.377063130607423,0,0,69.56216935560153,50,0,0.7272081535379095,100,0,0.7893798807411032,50,0,,50,0
2013-01-01,-0.07614665996786878,50,0,2.3359966784827675,0,0,69.56216935560153,50,0,0.7263769643363602,100,0,0.8461204738180965,50,0,,50,0
2013-01-02,-0.07903567722953629,50,0,2.3236750311544347,0,0,69.56216935560153,50,0,0.7255746973685742,100,0,0.7463705429193818,50,0,,50,0
2013-01-03,-0.07408206161603881,50,0,2.338297460742213,0,0,69.56216935560153,50,0,0.7247215344592332,100,0,0.8742291981661874,50,0,,50,0
2013-01-04,-0.0714921003193761,50,0,2.3466022696098277,0,0,69.56216935560153,50,0,0.723943557736183,100,0,0.9093874375347509,50,0,,50,0
2013-01-05,-0.0716107042523332,50,0,2.3444433554845134,0,0,69.56216935560153,50,0,0.7230037868871287,100,0,0.6986277686006617,50,0,,50,0
2013-01-06,-0.06968304853780387,50,0,2.348783812112249,0,0,69.56216935560153,50,0,0.7220999132898178,100,0,0.7296439983833211,50,0,,50,0
2013-01-07,-0.06764965463758331,50,0,2.3542203483147817,0,0,69.56216935560153,50,0,0.7210469145912439,100,0,0.816889334792486,50,0,,50,0
2013-01-08,-0.05759649972031231,50,0,2.389497236517171,0,0,69.56216935560153,50,0,0.7199097898321584,100,0,0.7804417407727612,50,0,,50,0
2013-01-09,-0.056312966435082865,50,0,2.392853676396557,0,0,69.56216935560153,50,0,0.7187511386127413,100,0,0.6471097569416703,50,0,,50,0
2013-01-10,-0.04259017537677006,50,0,2.441291730314525,0,0,69.56216935560153,50,0,0.7175967907059738,100,0,0.7492063225666671,50,0,,50,0
2013-01-11,-0.03872082747065911,50,0,2.4554043543099895,0,0,69.56216935560153,50,0,0.7165263807029267,100,0,0.6387437226526397,50,0,,50,0
2013-01-12,-0.04026194996308103,50,0,2.4491920081131484,0,0,69.56216935560153,50,0,0.7155679901885389,100,0,0.681979551827853,50,0,,50,0
2013-01-13,-0.044215058263896455,50,0,2.4361234784191064,0,0,69.56216935560153,50,0,0.7145635521875671,100,0,0.6787989232058375,50,0,,50,0
2013-01-14,-0.03711377160527733,50,0,2.459218546522599,0,0,69.56216935560153,50,0,0.7136001048737391,100,0,0.8914710106362922,50,0,,50,0
2013-01-15,-0.03892867294231981,50,0,2.45455336231965,0,0,69.56216935560153,50,0,0.7125781175880815,100,0,0.7078499878723736,50,0,,50,0
2013-01-16,-0.020441732103218934,50,0,2.5179547853136626,0,100,69.56216935560153,50,0,0.7117988223498889,100,0,0.6894959969995569,50,0,,50,0
2013-01-17,0.020784060046234176,50,0,2.6655895108030814,0,100,69.56216935560153,50,0,0.7112485110182198,100,0,0.5927994327926324,50,0,,50,0
2013-01-18,0.023556188535016023,50,0,2.6806829602448468,0,100,69.56216935560153,50,0,0.7106884732082434,100,0,0.7048415134954439,50,0,,50,0
2013-01-19,0.015246340325553803,50,0,2.6541054269065705,0,100,69.56216935560153,50,0,0.7100899509475164,100,0,0.9859109092249849,50,0,,50,0
2013-01-20,0.020629666985581847,50,0,2.671610377572601,0,100,69.56216935560153,50,0,0.7094833414016742,100,0,0.8100385831526521,50,0,,50,0
2013-01-21,0.06910010697747485,50,0,2.8462684866946995,0,100,69.56216935560153,50,0,0.7089204122292928,100,0,0.8352298053499354,50,0,,50,0
2013-01-22,0.08555194284974475,50,0,2.92816777866825,0,100,69.56216935560153,50,0,0.7084717876005446,100,0,0.8981883834785571,50,0,,50,0
2013-01-23,0.091790966553514,50,0,2.961819653287946,0,100,69.56216935560153,50,0,0.708128935263443,100,0,0.8534866270838309,50,0,,50,0
2013-01-24,0.05656425990356814,50,0,2.848788634942063,0,100,69.56216935560153,50,0,0.7077172850219096,100,0,1.0306359716383853,50,0,,50,0
2013-01-25,0.07813671640268487,50,0,2.9279624001356575,0,100,69.56216935560153,50,0,0.7075941869400524,100,0,1.0889626085265087,50,0,,50,0
2013-01-26,0.08167166130986107,50,0,2.946365798596082,0,100,69.56216935560153,50,0,0.7077534506415544,100,0,1.061831460806592,50,0,,50,0
2013-01-27,0.0898295520678416,50,0,2.992101987700487,0,100,69.56216935560153,50,0,0.7080454618643109,100,0,1.0436401888353277,50,0,,50,0
2013-01-28,0.12849888380374516,50,0,3.1405202876609914,0,100,69.56216935560153,50,0,0.708502980117993,100,0,1.0039083109106375,50,0,,50,0
2013-01-29,0.14851756082967435,50,0,3.252973473052166,0,100,69.56216935560153,50,0,0.7088226109435009,100,0,1.213123548218693,50,0,,50,0
2013-01-30,0.14909279850078402,50,0,3.282002238773,0,100,69.56216935560153,50,0,0.7091847560389919,100,0,1.1850245957697183,50,0,,50,0
2013-01-31,0.17241368672061966,50,0,3.4019100507086035,0,100,78.39637989546343,0,100,0.7097543842068702,100,0,1.6966336456057023,0,0,,50,0
2013-02-01,0.15122191798160112,50,0,3.3818477232331774,0,100,78.39637989546343,0,100,0.710378835093554,100,0,1.1805190845588238,50,0,,50,0
2013-02-02,0.11204473921958918,50,0,3.240490716237169,0,100,78.39637989546343,0,100,0.7108903465208326,100,0,1.1763483864898736,50,0,,50,0
2013-02-03,0.1504587495255785,50,0,3.3874103701112546,0,100,78.39637989546343,0,100,0.7115474572566249,100,0,1.6003481477442474,0,0,,50,0
2013-02-04,0.1399215019351692,50,0,3.3561146026256363,0,100,78.39637989546343,0,100,0.7121854183711649,100,0,1.1856540906054003,50,0,,50,0
2013-02-05,0.14474069648321347,50,0,3.383383482143811,0,100,78.39637989546343,0,100,0.7128295073354198,100,0,1.44209829620582,50,0,,50,0
2013-02-06,0.1637483664695318,50,0,3.464165781068223,0,100,78.39637989546343,0,100,0.7136284847602219,100,0,1.2151158712210675,50,0,,50,0
2013-02-07,0.19724254040047057,50,0,3.602616635422087,0,100,78.39637989546343,0,100,0.7148643351630272,100,0,1.2956651323843902,50,0,,50,0
2013-02-08,0.2162014245210823,50,0,3.700972698230049,0,100,78.39637989546343,0,100,0.7162850499962352,100,0,1.2196142119573419,50,0,,50,0
2013-02-09,0.24926725871485556,50,0,3.8430004214850566,0,100,78.39637989546343,0,100,0.7178942010632083,100,0,1.2067419670665671,50,0,,50,0
2013-02-10,0.2514939212728603,50,0,3.858156709242287,0,100,78.39637989546343,0,100,0.7195210642603342,100,0,1.6388782408743379,0,0,,50,0
2013-02-11,0.2694366160324997,50,0,3.9421354793079058,0,100,78.39637989546343,0,100,0.7212995951458896,100,0,1.3427082054569484,50,0,,50,0
2013-02-12,0.2806489653634749,50,0,4.0069155764545545,0,100,78.39637989546343,0,100,0.7231909114840341,100,0,1.3140541188341026,50,0,,50,0
2013-02-13,0.2558741126183784,50,0,3.940333507484082,0,100,78.39637989546343,0,100,0.7253807098173971,100,0,1.48757782231925,50,0,,50,0
2013-02-14,0.35038618676338107,50,0,4.347100829906712,0,100,78.39637989546343,0,100,0.7284791871278065,100,0,1.4783663978729222,50,0,,50,0
2013-02-15,0.3285131146906982,50,0,4.314179494163305,0,100,78.39637989546343,0,100,0.7313214669192587,100,0,1.671120952769704,0,0,,50,0
2013-02-16,0.3250454908396899,50,0,4.3266477465494395,0,100,78.39637989546343,0,100,0.7340391252121691,100,0,1.9166059227324503,0,0,,50,0
2013-02-17,0.2996678555258214,50,0,4.245735578901262,0,100,78.39637989546343,0,100,0.7367009780154105,100,0,1.8008914685162263,0,0,,50,0
2013-02-18,0.2922429439505301,50,0,4.231486341280341,0,100,78.39637989546343,0,100,0.7392603552590498,100,0,1.649822550415854,0,0,,50,0
2013-02-19,0.375657052339439,50,0,4.604338975122383,0,100,78.39637989546343,0,100,0.7422395172332078,100,0,1.4924939890808817,50,0,,50,0
2013-02-20,0.37860428680047553,50,0,4.64994963825077,0,100,78.39637989546343,0,100,0.7454948772184076,100,0,1.9478444016016592,0,0,,50,0
2013-02-21,0.3696867520562138,50,0,4.631883956152477,0,100,78.39637989546343,0,100,0.7487384640473657,100,0,1.8183555153869264,0,0,,50,0
2013-02-22,0.38222815804987464,50,0,4.715055380100241,0,100,78.39637989546343,0,100,0.75202052473077,100,0,1.8103475884370925,0,0,,50,0
2013-02-23,0.34949264158116666,50,0,4.594541379927195,0,100,78.39637989546343,0,100,0.7550411768951752,100,0,1.868919507300289,0,0,,50,0
2013-02-24,0.3386810338747043,50,0,4.588951800977369,0,100,78.39637989546343,0,100,0.7580721351086878,100,0,1.5906973638175916,0,0,,50,0
2013-02-25,0.3332779603598208,50,0,4.643183662796068,0,100,78.39637989546343,0,100,0.7611149683841926,100,0,2.106945932294617,0,0,,50,0
2013-02-26,0.35172307012309895,50,0,4.747380291832974,0,100,78.39637989546343,0,100,0.764330411718062,100,0,1.7691817441287485,0,0,,50,0
2013-02-27,0.3496434160224798,50,0,4.7416396547596795,0,100,78.39637989546343,0,100,0.7675656809703689,100,0,2.0911699323430293,0,0,,50,0
2013-02-28,0.3975028169351856,50,0,5.044264526027001,0,100,86.30240491266837,0,100,0.7712273427968225,100,0,1.7681936935656604,0,0,,50,0
2013-03-01,0.42482494846127744,50,0,5.207315118379584,0,100,86.30240491266837,0,100,0.7750715913720119,100,0,1.6329577353999989,0,0,,50,0
2013-03-02,0.40158083309857623,50,0,5.115613233751189,0,100,86.30240491266837,0,100,0.778751252981085,100,0,1.6870739074073433,0,0,,50,0
2013-03-03,0.4061386847358826,50,0,5.139512705171982,0,100,86.30240491266837,0,100,0.7823697488477366,100,0,1.7926542591278278,0,0,,50,0
2013-03-04,0.4578743801576614,50,0,5.401731658074425,0,100,86.30240491266837,0,100,0.786215258259553,100,0,2.467767373000294,0,0,,50,0
2013-03-05,0.5645864943205847,50,0,6.008296399649442,0,100,86.30240491266837,0,100,0.7908918845099852,100,0,1.6003959573565025,0,0,,50,0
2013-03-06,0.5932969681019978,50,0,6.358536165222885,0,100,86.30240491266837,0,100,0.7959042888979884,100,0,2.1312819103153693,0,0,,50,0
2013-03-07,0.5252969295925571,50,0,6.1292292439255585,0,100,86.30240491266837,0,100,0.8003441160710505,100,0,2.15637894934522,0,0,,50,0
2013-03-08,0.5698069258018974,50,0,6.379163322337481,0,100,86.30240491266837,0,100,0.8050462785165148,100,0,2.1974198641053597,0,0,,50,0
2013-03-09,0.6333492878465079,50,0,6.772231536170294,0,100,86.30240491266837,0,100,0.810235757419039,100,0,2.298730829540061,0,0,,50,0
2013-03-10,0.5948091047985589,50,0,6.614756683862257,0,100,86.30240491266837,0,100,0.8151198499601852,100,0,2.8932582930300748,0,0,,50,0
2013-03-11,0.6407670113046502,50,0,6.889737913822455,0,100,86.30240491266837,0,100,0.820337620660251,100,0,2.340018142627834,0,0,,50,0
2013-03-12,0.5143019962445721,50,0,6.303896102718031,0,100,86.30240491266837,0,100,0.8247936308615432,100,0,2.059063140596126,0,0,,50,0
2013-03-13,0.5702716564054946,50,0,6.63450242181536,0,100,86.30240491266837,0,100,0.8294089430651854,100,0,2.2189499134562825,0,0,,50,0
2013-03-14,0.5523930816156846,50,0,6.583597293264899,0,100,86.30240491266837,0,100,0.8339242719496307,100,0,2.674199961978877,0,0,,50,0
2013-03-15,0.5370033964821477,50,0,6.542801090505112,0,100,86.30240491266837,0,100,0.8383144640012039,100,0,2.612233658626149,0,0,,50,0
2013-03-16,0.534230015394364,50,0,6.540804019669737,0,100,86.30240491266837,0,100,0.8426276400047744,100,0,2.512330019495634,0,0,,50,0
2013-03-17,0.5295812029648218,50,0,6.527982965373391,0,100,86.30240491266837,0,100,0.8469913193104552,100,0,3.0339318748371142,0,100,,50,0
2013-03-18,0.617383509508556,50,0,7.040115430663386,0,100,86.30240491266837,0,100,0.8519628732862199,100,0,2.822862856976148,0,0,,50,0
2013-03-19,0.7773507134958016,50,0,8.095495729738749,0,100,86.30240491266837,0,100,0.858045974490844,100,0,2.677946153831993,0,0,,50,0
2013-03-20,0.836832395183471,50,0,8.597984590211047,0,100,86.30240491266837,0,100,0.8645652876076565,100,0,3.613635713444368,0,100,,50,0
2013-03-21,0.9305487987937708,50,0,9.490854008719342,0,100,86.30240491266837,0,100,0.8719757528749438,100,0,4.434803734336127,0,100,,50,0
2013-03-22,0.8573054177029708,50,0,9.268436198489306,0,100,86.30240491266837,0,100,0.8790280898483172,100,0,4.972358454494473,0,100,,50,0
2013-03-23,0.7144613280361821,50,0,8.47825021572433,0,100,86.30240491266837,0,100,0.8850978266185296,100,0,4.288905208881023,0,100,,50,0
2013-03-24,0.8449764827916645,50,0,9.359975375778834,0,100,86.30240491266837,0,100,0.8920029710908199,100,0,3.556129585360475,0,100,,50,0
2013-03-25,0.8442472654994421,50,0,9.61729491989905,0,100,86.30240491266837,0,100,0.898867212883287,100,0,2.98374267044452,0,0,,50,0
2013-03-26,0.8962224160971094,50,0,10.079721370542435,0,100,86.30240491266837,0,100,0.9061299942774927,50,0,3.071403732698845,0,100,,50,0
2013-03-27,1.037589437745933,50,0,11.273335803640684,0,100,86.30240491266837,0,100,0.91447000192841,50,0,2.962917253369365,0,0,,50,0
2013-03-28,0.9493432608747923,50,0,11.010593001381253,0,100,86.30240491266837,0,100,0.9223911862037294,50,0,4.377724539691931,0,100,,50,0
2013-03-29,0.9576734617713073,50,0,11.222262365964532,0,100,86.30240491266837,0,100,0.9303838588750967,50,0,4.291844464620606,0,100,,50,0
2013-03-30,0.9365399429793438,50,0,11.337561323117361,0,100,86.30240491266837,0,100,0.9383963957402739,50,0,4.165035106149277,0,100,,50,0
2013-03-31,0.9431209548648933,50,0,11.425788781158849,0,100,95.2010618722301,0,100,0.9463092446826549,50,0,4.172049927512616,0,100,,50,0
2013-04-01,1.0198086229867325,50,0,12.457635701833178,0,100,95.2010618722301,0,100,0.9550141192036077,50,0,5.113222367032766,0,100,,50,0
2013-04-02,1.1429003766539558,50,0,13.85078525698786,0,100,95.2010618722301,0,100,0.9648177987627776,50,0,5.277508262856383,0,100,,50,0
2013-04-03,1.1826460511571546,50,0,15.369979876099292,0,100,95.2010618722301,0,100,0.9757705210987092,50,0,5.229050041982886,0,100,,50,0
2013-04-04,1.1371027590141969,50,0,15.334694933920776,0,100,95.2010618722301,0,100,0.9864606664017215,50,0,5.166306051924637,0,100,,50,0
2013-04-05,1.1262790510376366,50,0,16.191860325154828,0,100,95.2010618722301,0,100,0.9976750418193283,50,0,5.77756327922945,0,100,,50,0
2013-04-06,1.086080214051036,50,0,15.998257830691792,0,100,95.2010618722301,0,100,1.008472173733953,0,100,5.5578352663243304,0,100,,50,0
2013-04-07,1.2641651000598124,50,0,17.899250973598885,0,100,95.2010618722301,0,100,1.0205210325660936,0,100,5.589220917712642,0,100,,50,0
2013-04-08,1.3801304168453168,50,0,20.089095507575788,0,100,95.2010618722301,0,100,1.0339394134921904,0,100,5.985652342790691,0,100,,50,0
2013-04-09,1.5061431085814554,0,0,24.28674749823528,0,100,95.2010618722301,0,100,1.0500363110479218,0,100,7.598906430210384,0,100,,50,0
2013-04-10,0.7523769103693431,50,0,16.703396534653344,0,100,95.2010618722301,0,100,1.0599719227252336,0,100,10.615581011306105,0,100,,50,0
2013-04-11,0.05627100027904339,50,0,8.525785014637215,0,100,95.2010618722301,0,100,1.0638313121250584,0,100,5.62906871852464,0,100,,50,0
2013-04-12,0.35996910537229093,50,0,11.345752934349775,0,100,95.2010618722301,0,100,1.0696495168261175,0,100,4.732046629645697,0,100,,50,0
2013-04-13,0.22130728822177778,50,0,9.846493449726026,0,100,95.2010618722301,0,100,1.0743374403041808,0,100,4.320060654775941,0,100,,50,0
2013-04-14,0.13640011866359353,50,0,8.893379208072034,0,100,95.2010618722301,0,100,1.0782760470286052,0,100,3.381794488164391,0,100,,50,0
2013-04-15,0.06301166122890085,50,0,8.037203767646965,0,100,95.2010618722301,0,100,1.081608055742122,0,100,3.6341160275161952,0,100,,50,0
2013-04-16,-0.06156744322979397,50,0,6.746992551140741,0,100,95.2010618722301,0,100,1.084026858688021,0,100,2.544631721732897,0,0,,50,0
2013-04-17,0.18906213151467913,50,0,9.101763869888728,0,100,95.2010618722301,0,100,1.0880280039366863,0,100,2.514058419966162,0,0,,50,0
2013-04-18,0.3368515229760989,50,0,10.545724536091619,0,100,95.2010618722301,0,100,1.09293656310703,0,100,3.0766083487673774,0,100,,50,0
2013-04-19,0.4251928073152567,50,0,11.43397227080258,0,100,95.2010618722301,0,100,1.0983680630065618,0,100,3.086853288936448,0,100,,50,0
2013-04-20,0.5009995913291079,50,0,12.180707563814666,0,100,95.2010618722301,0,100,1.104176866155274,0,100,3.6695234055508776,0,100,,50,0
2013-04-21,0.39031081918543886,50,0,11.14348196704508,0,100,95.2010618722301,0,100,1.1092161979468953,0,100,4.6763427430766455,0,100,,50,0
2013-04-22,0.4552192304979027,50,0,11.75338819056922,0,100,95.2010618722301,0,100,1.1146059140433497,0,100,3.7127288938960037,0,100,,50,0
2013-04-23,0.5819147360547371,50,0,13.066763374086387,0,100,95.2010618722301,0,100,1.1207175054912335,0,100,4.298870703614117,0,100,,50,0
2013-04-24,0.6339191262428344,50,0,13.98851360318133,0,100,95.2010618722301,0,100,1.12725626916762,0,100,4.551714752918909,0,100,,50,0
2013-04-25,0.4913005576114016,50,0,12.65005399137363,0,100,95.2010618722301,0,100,1.1328562995765237,0,100,5.347890983359127,0,100,,50,0
2013-04-26,0.44904876407546035,50,0,12.17346414420069,0,100,95.2010618722301,0,100,1.1380911160550824,0,100,4.58168160569862,0,100,,50,0
2013-04-27,0.3586044970026359,50,0,11.26135717777852,0,100,95.2010618722301,0,100,1.1427142365027847,0,100,3.825340440137354,0,100,,50,0
2013-04-28,0.40990086993194713,50,0,11.69853626818791,0,100,95.2010618722301,0,100,1.1475083644515167,0,100,4.195085369968076,0,100,,50,0
2013-04-29,0.47414964050525255,50,0,12.357159100007856,0,100,95.2010618722301,0,100,1.1525654132803997,0,100,4.5206428651985435,0,100,,50,0
2013-04-30,0.425193699689709,50,0,11.827678424354163,0,100,96.8486901159612,0,100,1.1572516190291988,0,100,3.9153782269957365,0,100,,50,0
2013-05-01,0.22887374348429873,50,0,9.785864817622269,0,100,96.8486901159612,0,100,1.1607304773141491,0,100,3.9198674878390434,0,100,,50,0
2013-05-02,0.14722308572375065,50,0,8.89281098768848,0,100,96.8486901159612,0,100,1.1636805331531133,0,100,2.8575175219256406,0,0,,50,0
2013-05-03,0.060384559962481835,50,0,7.999267109911916,0,100,96.8486901159612,0,100,1.1661398522151893,0,100,2.5376064516214454,0,0,,50,0
2013-05-04,0.20247685280732536,50,0,9.267453064141849,0,100,96.8486901159612,0,100,1.1692490116643055,0,100,2.828809458705423,0,0,,50,0
2013-05-05,0.23372844880470434,50,0,9.516269669732765,0,100,96.8486901159612,0,100,1.1724278889759772,0,100,3.212757393466236,0,100,,50,0
2013-05-06,0.19345482019599203,50,0,9.086858733166784,0,100,96.8486901159612,0,100,1.175356548783757,0,100,3.3789352849630756,0,100,,50,0
2013-05-07,0.18727133656823453,50,0,8.97512599389247,0,100,96.8486901159612,0,100,1.1781382040079222,0,100,3.2401700887362357,0,100,,50,0
2013-05-08,0.19986100446462063,50,0,9.026663793339017,0,100,96.8486901159612,0,100,1.1807855376806662,0,100,3.3329439930569085,0,100,,50,0
2013-05-09,0.18840764444265648,50,0,8.865500556707826,0,100,96.8486901159612,0,100,1.1833119375016479,0,100,3.1968052489260126,0,100,,50,0
2013-05-10,0.23913626254718384,50,0,9.243307960853427,0,100,96.8486901159612,0,100,1.1860254951497846,0,100,3.2243238756909576,0,100,,50,0
2013-05-11,0.21508995986020055,50,0,9.000610724717582,0,100,96.8486901159612,0,100,1.188574079196103,0,100,3.62597433192412,0,100,,50,0
2013-05-12,0.2079294899454659,50,0,8.884159596718648,0,100,96.8486901159612,0,100,1.1908897467117001,0,100,3.3591805250175786,0,100,,50,0
2013-05-13,0.22741803105128,50,0,9.008348430169507,0,100,96.8486901159612,0,100,1.1931714465339087,0,100,3.4611574524285267,0,100,,50,0
2013-05-14,0.14540910132192533,50,0,8.218490133801165,0,100,96.8486901159612,0,100,1.1950310709839613,0,100,3.108848241137131,0,100,,50,0
2013-05-15,0.15298007985862005,50,0,8.245621674150057,0,100,96.8486901159612,0,100,1.196986539702512,0,100,2.5274043709835645,0,0,,50,0
2013-05-16,0.1855816869444737,50,0,8.481161020475806,0,100,96.8486901159612,0,100,1.1989725426806879,0,100,2.6969075212193885,0,0,,50,0
2013-05-17,0.22086416290423524,50,0,8.743175289845155,0,100,96.8486901159612,0,100,1.201057092483815,0,100,3.0445250188983284,0,100,,50,0
2013-05-18,0.22235058038664682,50,0,8.74326347097932,0,100,96.8486901159612,0,100,1.2030827152270624,0,100,2.9729912951684234,0,0,,50,0
2013-05-19,0.21126160796391108,50,0,8.595724852862793,0,100,96.8486901159612,0,100,1.2048960687597283,0,100,3.048399923989116,0,100,,50,0
2013-05-20,0.21614872121339876,50,0,8.59002660269229,0,100,96.8486901159612,0,100,1.2066039579887364,0,100,2.4208274278646136,0,0,,50,0
2013-05-21,0.2099123050441533,50,0,8.487055172481325,0,100,96.8486901159612,0,100,1.20824701393416,0,100,2.921328159443637,0,0,,50,0
2013-05-22,0.2224788530739923,50,0,8.5494226641392,0,100,96.8486901159612,0,100,1.2098095677725758,0,100,2.935480983844104,0,0,,50,0
2013-05-23,0.2594261886589648,50,0,8.823716526219213,0,100,96.8486901159612,0,100,1.2115140847141221,0,100,3.2516449735079003,0,100,,50,0
2013-05-24,0.2985654333198268,50,0,9.125969113264517,0,100,96.8486901159612,0,100,1.2134574025022598,0,100,3.2968463775732584,0,100,,50,0
2013-05-25,0.2838276686583968,50,0,9.046637137933008,0,100,96.8486901159612,0,100,1.2152253589232704,0,100,3.3259616001268535,0,100,,50,0
2013-05-26,0.29311465051942476,50,0,9.068181213055533,0,100,96.8486901159612,0,100,1.2170044439201293,0,100,3.173248375746569,0,100,,50,0
2013-05-27,0.2590724481512537,50,0,8.740535243158003,0,100,96.8486901159612,0,100,1.2186209597587698,0,100,3.519950977919457,0,100,,50,0
2013-05-28,0.25261186178871325,50,0,8.643085838856878,0,100,96.8486901159612,0,100,1.2201350480467579,0,100,3.1038932629299056,0,100,,50,0
2013-05-29,0.2775841053066104,50,0,8.827790744845114,0,100,96.8486901159612,0,100,1.2216268963665853,0,100,3.2039762444676567,0,100,,50,0
2013-05-30,0.2490535063792735,50,0,8.557641281308712,0,100,96.8486901159612,0,100,1.2229242018006419,0,100,3.3829540497172004,0,100,,50,0
2013-05-31,0.25592799484276985,50,0,8.583247309353803,0,100,88.65023517301502,0,100,1.2241694812220496,0,100,3.230881464457246,0,100,,50,0
2013-06-01,0.26121968119607064,50,0,8.586153080145694,0,100,88.65023517301502,0,100,1.2253897763409447,0,100,4.118618245719197,0,100,,50,0
2013-06-02,0.20830685790886241,50,0,8.11975298892525,0,100,88.65023517301502,0,100,1.2263234224797268,0,100,3.6720529511446856,0,100,,50,0
2013-06-03,0.20861516100179395,50,0,8.08621576830021,0,100,88.65023517301502,0,100,1.2272010222050005,0,100,4.008870053181246,0,100,,50,0
2013-06-04,0.183803286997304,50,0,7.853249909051762,0,100,88.65023517301502,0,100,1.2280475896994276,0,100,3.598111598109753,0,100,,50,0
2013-06-05,0.186131201307973,50,0,7.846329754524213,0,100,88.65023517301502,0,100,1.2286014820691058,0,100,3.090472651980096,0,100,,50,0
2013-06-06,0.16545572849813509,50,0,7.679469441127743,0,100,88.65023517301502,0,100,1.2291098148531667,0,100,3.1459769632546286,0,100,,50,0
2013-06-07,0.09426157890735556,50,0,7.067325955816661,0,100,88.65023517301502,0,100,1.2293509081627116,0,100,2.5216778799878425,0,0,,50,0
2013-06-08,0.08600198611602378,50,0,6.962427608431166,0,100,88.65023517301502,0,100,1.2296004038506858,0,100,2.841840287823541,0,0,,50,0
2013-06-09,0.011177702280835238,50,0,6.338776163202331,0,100,88.65023517301502,0,100,1.2296016722982641,0,100,2.3692112043190026,0,0,,50,0
2013-06-10,0.04762625376189073,50,0,6.586413388491383,0,100,88.65023517301502,0,100,1.2294274740371596,0,100,2.5316082189381115,0,0,,50,0
2013-06-11,0.07131897149267274,50,0,6.748388227362521,0,100,88.65023517301502,0,100,1.229298732606649,0,100,2.561577889788408,0,0,,50,0
2013-06-12,0.062186153458492995,50,0,6.641952438495194,0,100,88.65023517301502,0,100,1.2291600397928908,0,100,3.0355715083418233,0,100,,50,0
2013-06-13,0.022448260624257782,50,0,6.294810001593188,0,100,88.65023517301502,0,100,1.2288225454347148,0,100,2.596425892364831,0,0,,50,0
2013-06-14,0.005690827436639255,50,0,6.133888053459104,0,100,88.65023517301502,0,100,1.228517866000275,0,100,2.4267832121665154,0,0,,50,0
2013-06-15,0.010849754669567871,50,0,6.144917571667145,0,100,88.65023517301502,0,100,1.2282267538896747,0,100,2.2588273762604407,0,0,,50,0
2013-06-16,0.003859314835706958,50,0,6.064435965403101,0,100,88.65023517301502,0,100,1.2278628357646197,0,100,2.3371338178560253,0,0,,50,0
2013-06-17,0.012739095591093931,50,0,6.101685186051182,0,100,88.65023517301502,0,100,1.2274519907490204,0,100,1.7956235851951263,0,0,,50,0
2013-06-18,0.046167503980965224,50,0,6.323631190179738,0,100,88.65023517301502,0,100,1.227112660919163,0,100,1.813613924500198,0,0,,50,0
2013-06-19,0.04672169307668793,50,0,6.299942060980177,0,100,88.65023517301502,0,100,1.2265560487894267,0,100,1.7972039012636871,0,0,,50,0
2013-06-20,0.04578666066935721,50,0,6.263272420838433,0,100,88.65023517301502,0,100,1.225883326354228,0,100,2.0451789335967847,0,0,,50,0
2013-06-21,0.02257776134984035,50,0,6.059946034742461,0,100,88.65023517301502,0,100,1.225202240305012,0,100,2.271897681861539,0,0,,50,0
2013-06-22,0.011169625882694685,50,0,5.949991965709053,0,100,88.65023517301502,0,100,1.2244758415968615,0,100,2.3979150980436805,0,0,,50,0
2013-06-23,0.013355558505829358,50,0,5.938848525325811,0,100,88.65023517301502,0,100,1.2235616064885226,0,100,2.4053201818003354,0,0,,50,0
2013-06-24,0.002711303756883697,50,0,5.837258115761261,0,100,88.65023517301502,0,100,1.2221990077367932,0,100,1.9392725433905806,0,0,,50,0
2013-06-25,-0.007037858481668632,50,0,5.740304097355002,0,100,88.65023517301502,0,100,1.2205648998083143,0,100,1.9235679551032743,0,0,,50,0
2013-06-26,-0.0009223631441879861,50,0,5.762684845060074,0,100,88.65023517301502,0,100,1.219108030030712,0,100,2.141078331316547,0,0,,50,0
2013-06-27,-0.015495930906371344,50,0,5.630392537869024,0,100,88.65023517301502,0,100,1.217453966817173,0,100,2.0675562261474547,0,0,,50,0
2013-06-28,-0.07370981047863097,50,0,5.18097314573831,0,100,88.65023517301502,0,100,1.2153475814786807,0,100,2.068790625203071,0,0,,50,0
2013-06-29,-0.07906167889248047,50,0,5.124930207833163,0,100,88.65023517301502,0,100,1.213328304787285,0,100,1.9047346320702132,0,0,,50,0
2013-06-30,-0.07300325458534741,50,0,5.144529858338045,0,100,67.72795241259962,50,0,1.2111264818780283,0,100,1.796141008649271,0,0,,50,0
2013-07-01,-0.12667606570954354,50,0,4.747760762391311,0,100,67.72795241259962,50,0,1.2092477194602744,0,100,1.7839019013078623,0,0,,50,0
2013-07-02,-0.08748938193157506,50,0,5.012606456763843,0,100,67.72795241259962,50,0,1.2072620406345456,0,100,1.5352086144172619,0,0,,50,0
2013-07-03,-0.16764445285753982,50,0,4.420626131823914,0,100,67.72795241259962,50,0,1.2050937874561634,0,100,2.0040307185883006,0,0,,50,0
2013-07-04,-0.15497560105561345,50,0,4.488246957676049,0,100,67.72795241259962,50,0,1.2029641510878195,0,100,1.6636927776422632,0,0,,50,0
2013-07-05,-0.24559968158060225,50,0,3.8154433427799197,0,100,67.72795241259962,50,0,1.2005267142224736,0,100,1.709949797762445,0,0,,50,0
2013-07-06,-0.2508919492053355,50,0,3.743383497282152,0,100,67.72795241259962,50,0,1.198089374573908,0,100,1.5347985400910313,0,0,,50,0
2013-07-07,-0.20317265517512179,50,0,4.057373261633696,0,100,67.72795241259962,50,0,1.1953832260113038,0,100,1.5181744722468986,0,0,,50,0
2013-07-08,-0.1876377831742514,50,0,4.151021170666393,0,100,67.72795241259962,50,0,1.1919504176319593,0,100,1.6523287484433302,0,0,,50,0
2013-07-09,-0.17975743315135856,50,0,4.189374472836732,0,100,67.72795241259962,50,0,1.1881626278643491,0,100,1.6031504003730146,0,0,,50,0
2013-07-10,-0.09988728347028741,50,0,4.739231577584059,0,100,67.72795241259962,50,0,1.1839635831401418,0,100,1.683527877452596,0,0,,50,0
2013-07-11,-0.08031081073322276,50,0,4.8604081235234675,0,100,67.72795241259962,50,0,1.1799748473355451,0,100,1.759877539967981,0,0,,50,0
2013-07-12,-0.061613073037230744,50,0,4.983729677067205,0,100,67.72795241259962,50,0,1.1766113412452008,0,100,1.5572123128861646,0,0,,50,0
2013-07-13,-0.05138240519276,50,0,5.050468754908872,0,100,67.72795241259962,50,0,1.1726179387479407,0,100,1.71378860717341,0,0,,50,0
2013-07-14,-0.06556870290989343,50,0,4.938832844335794,0,100,67.72795241259962,50,0,1.1683667842124672,0,100,1.8491752336301372,0,0,,50,0
2013-07-15,-0.03467784314471743,50,0,5.133828438880186,0,100,67.72795241259962,50,0,1.163871003645623,0,100,1.7180532616159752,0,0,,50,0
2013-07-16,-0.05070151120517495,50,0,5.005142057345346,0,100,67.72795241259962,50,0,1.1584242503455855,0,100,2.0836764576543096,0,0,,50,0
2013-07-17,-0.056267029618086814,50,0,4.946368000106429,0,100,67.72795241259962,50,0,1.1531391312202157,0,100,1.9584870232674483,0,0,,50,0
2013-07-18,-0.10401385217211963,50,0,4.601393348351657,0,100,67.72795241259962,50,0,1.1475735731504417,0,100,1.934499142761951,0,0,,50,0
2013-07-19,-0.09287231152590633,50,0,4.654995792059207,0,100,67.72795241259962,50,0,1.1419382317696547,0,100,1.6735455283440017,0,0,,50,0
2013-07-20,-0.10328386121580785,50,0,4.56842107163766,0,100,67.72795241259962,50,0,1.1361608242114485,0,100,2.5505776563586755,0,0,,50,0
2013-07-21,-0.09705745355819628,50,0,4.59388884987927,0,100,67.72795241259962,50,0,1.1295554653168762,0,100,1.9843275499060442,0,0,,50,0
2013-07-22,-0.0969572047034258,50,0,4.5781266792108095,0,100,67.72795241259962,50,0,1.1218124719975138,0,100,1.6283989422052778,0,0,,50,0
2013-07-23,-0.0863153364421213,50,0,4.633768613655852,0,100,67.72795241259962,50,0,1.1128367018415781,0,100,1.4094241215728962,50,0,,50,0
2013-07-24,-0.07715385599548323,50,0,4.680664510766841,0,100,67.72795241259962,50,0,1.1038324552768626,0,100,1.6847407465927549,0,0,,50,0
2013-07-25,-0.06136806303504896,50,0,4.771253418178858,0,100,67.72795241259962,50,0,1.0940967992317883,0,100,1.5322887903044988,0,0,,50,0
2013-07-26,-0.06334113569705395,50,0,4.745462633240908,0,100,67.72795241259962,50,0,1.084424099665204,0,100,1.7025431984702721,0,0,,50,0
2013-07-27,-0.07856823675489555,50,0,4.634257777428853,0,100,67.72795241259962,50,0,1.0730221024125526,0,100,1.9717977025670892,0,0,,50,0
2013-07-28,-0.0419630489966742,50,0,4.858022064448937,0,100,67.72795241259962,50,0,1.0597615372768308,0,100,1.698365531493712,0,0,,50,0
2013-07-29,-0.03748844197801265,50,0,4.869896472333313,0,100,67.72795241259962,50,0,1.0427300084933966,0,100,1.898211454892889,0,0,,50,0
2013-07-30,-0.011534283646345895,50,0,5.026985451252379,0,100,67.72795241259962,50,0,1.0321024765806701,0,100,2.1225684308157633,0,0,,50,0
2013-07-31,-0.002551208501360116,50,0,5.079216488922844,0,100,69.45795354434244,50,0,1.0285510002240692,0,100,2.2193405957462398,0,0,,50,0
2013-08-01,-0.015090932082635828,50,0,4.985784352363027,0,100,69.45795354434244,50,0,1.0225056515322049,0,100,2.0069693277686738,0,0,,50,0
2013-08-02,-0.021690642897078484,50,0,4.9427026559208205,0,100,69.45795354434244,50,0,1.0176304262265412,0,100,2.0379065524507363,0,0,,50,0
2013-08-03,-0.031672366923547246,50,0,4.896274117853127,0,100,69.45795354434244,50,0,1.0135126840024693,0,100,1.8378565784741792,0,0,,50,0
2013-08-04,-0.025447477939889256,50,0,4.922887583867998,0,100,69.45795354434244,50,0,1.0099411532832538,0,100,2.5847690623118273,0,0,,50,0
2013-08-05,-0.017767895794949477,50,0,4.964500492995146,0,100,69.45795354434244,50,0,1.0076382597435145,0,100,2.036449151075748,0,0,,50,0
2013-08-06,-0.01705378337304584,50,0,4.954202378982683,0,100,69.45795354434244,50,0,1.0032582889786452,0,100,2.023868595563271,0,0,,50,0
2013-08-07,-0.022604765906689014,50,0,4.905677391638073,0,100,69.45795354434244,50,0,0.9975536036041165,50,0,2.0915738892737483,0,0,,50,0
2013-08-08,-0.04528196560406861,50,0,4.748316641712911,0,100,69.45795354434244,50,0,0.9909527968546071,50,0,2.1919617603694395,0,0,,50,0
2013-08-09,-0.059784479073842475,50,0,4.643240234445305,0,100,69.45795354434244,50,0,0.9836067749422426,50,0,2.0582817470208257,0,0,,50,0
2013-08-10,-0.05362205630185439,50,0,4.669093151602185,0,100,69.45795354434244,50,0,0.9771660881805182,50,0,2.1683189421388,0,0,,50,0
2013-08-11,-0.046260040751616216,50,0,4.702430822594168,0,100,69.45795354434244,50,0,0.9701573467201977,50,0,2.2429786486436583,0,0,,50,0
2013-08-12,-0.037341515389842914,50,0,4.745143768895746,0,100,69.45795354434244,50,0,0.9619520129396593,50,0,2.232355546107998,0,0,,50,0
2013-08-13,-0.023040117742189413,50,0,4.843466869140407,0,100,69.45795354434244,50,0,0.9529032372645717,50,0,3.0610897613312127,0,100,,50,0
2013-08-14,-0.01336321327351907,50,0,4.8939291703463095,0,100,69.45795354434244,50,0,0.945059420689769,50,0,1.994742614097812,0,0,,50,0
2013-08-15,-0.022992199690170495,50,0,4.827324036859299,0,100,69.45795354434244,50,0,0.9375585322855742,50,0,2.300317089289783,0,0,,50,0
2013-08-16,-0.02231430620934516,50,0,4.819986382227603,0,100,69.45795354434244,50,0,0.9308347567447247,50,0,1.6086097887348658,0,0,,50,0
2013-08-17,-0.012855071518233823,50,0,4.868887898901494,0,100,69.45795354434244,50,0,0.9236928658743647,50,0,1.8935165944680057,0,0,,50,0
2013-08-18,-0.016997760268660823,50,0,4.830303597361702,0,100,69.45795354434244,50,0,0.9158686942887551,50,0,1.8464770952679226,0,0,,50,0
2013-08-19,0.009764713298091834,50,0,4.988227302403289,0,100,69.45795354434244,50,0,0.9086279832789197,50,0,1.8998350096127234,0,0,,50,0
2013-08-20,0.02162285519036962,50,0,5.053308779222777,0,100,69.45795354434244,50,0,0.9033516558203348,50,0,2.0583771925871344,0,0,,50,0
2013-08-21,0.06833797007357183,50,0,5.337458194705656,0,100,69.45795354434244,50,0,0.8991506326401921,100,0,2.686983221555796,0,0,,50,0
2013-08-22,0.05685437984366623,50,0,5.256023173957003,0,100,69.45795354434244,50,0,0.8957490224866257,100,0,2.2867171947713785,0,0,,50,0
2013-08-23,0.04076301822210871,50,0,5.149465040600855,0,100,69.45795354434244,50,0,0.891037549687277,100,0,1.9789099940095083,0,0,,50,0
2013-08-24,0.049103579667885595,50,0,5.186890979253684,0,100,69.45795354434244,50,0,0.8860972770978861,100,0,2.430292201255493,0,0,,50,0
2013-08-25,0.08020780288986842,50,0,5.366221539454088,0,100,69.45795354434244,50,0,0.8816919915616416,100,0,1.5229664633280506,0,0,,50,0
2013-08-26,0.07101201514834143,50,0,5.300296405938697,0,100,69.45795354434244,50,0,0.8773401142916163,100,0,1.816011679581485,0,0,,50,0
2013-08-27,0.1116982891655468,50,0,5.544730644028165,0,100,69.45795354434244,50,0,0.8731141196988983,100,0,1.7141988749483368,0,0,,50,0
2013-08-28,0.11298386918117165,50,0,5.54869903270914,0,100,69.45795354434244,50,0,0.8690426827740265,100,0,2.006445374656653,0,0,,50,0
2013-08-29,0.11369771552812385,50,0,5.5507163112961555,0,100,69.45795354434244,50,0,0.8645966326963094,100,0,2.039270583973272,0,0,,50,0
2013-08-30,0.15589746071010815,50,0,5.808667630293334,0,100,69.45795354434244,50,0,0.8605873217100982,100,0,2.3392907285582196,0,0,,50,0
2013-08-31,0.17794236398641294,50,0,5.945213240219477,0,100,74.65612639024089,0,0,0.8567883164513703,100,0,2.5323769884793195,0,0,,50,0
2013-09-01,0.1897860436817164,50,0,6.018579810684859,0,100,74.65612639024089,0,0,0.8529234692487913,100,0,2.5885084435759014,0,0,,50,0
2013-09-02,0.1785702681240591,50,0,5.94792770566751,0,100,74.65612639024089,0,0,0.8497834486224154,100,0,2.648642176200856,0,0,,50,0
2013-09-03,0.16903734295178893,50,0,5.904916468673798,0,100,74.65612639024089,0,0,0.8465957104469235,100,0,2.2210432959881867,0,0,,50,0
2013-09-04,0.11874557079595077,50,0,5.578368805569841,0,100,74.65612639024089,0,0,0.8429324863803299,100,0,1.8710073205590658,0,0,,50,0
2013-09-05,0.11611742569703003,50,0,5.548989433485802,0,100,74.65612639024089,0,0,0.8389743529660663,100,0,1.9347734910437357,0,0,,50,0
2013-09-06,0.08172090973663715,50,0,5.324360023330319,0,100,74.65612639024089,0,0,0.8348350403210624,100,0,2.371876681122286,0,0,,50,0
2013-09-07,0.094998823476189,50,0,5.391899486226876,0,100,74.65612639024089,0,0,0.8308818256579309,100,0,1.5617639353933799,0,0,,50,0
2013-09-08,0.08119328720144771,50,0,5.292936855797146,0,100,74.65612639024089,0,0,0.8268483166800703,100,0,1.647954768031492,0,0,,50,0
2013-09-09,0.10179694024170834,50,0,5.41559654785127,0,100,74.65612639024089,0,0,0.8230034690253122,100,0,2.1368181710284064,0,0,,50,0
2013-09-10,0.10702706503817398,50,0,5.437243533578126,0,100,74.65612639024089,0,0,0.8191084174998837,100,0,2.0250634109143473,0,0,,50,0
2013-09-11,0.13977087485844455,50,0,5.631274737327084,0,100,74.65612639024089,0,0,0.8150861101130986,100,0,2.151025488403133,0,0,,50,0
2013-09-12,0.13218949483787978,50,0,5.5952408899393165,0,100,74.65612639024089,0,0,0.8107217815177055,100,0,2.2959394891455744,0,0,,50,0
2013-09-13,0.13515497385366157,50,0,5.600477907008465,0,100,74.65612639024089,0,0,0.8064351575820924,100,0,2.195522220692615,0,0,,50,0
2013-09-14,0.10913243016602117,50,0,5.444947498644386,0,100,74.65612639024089,0,0,0.8019951316603355,100,0,2.9566581816297446,0,0,,50,0
2013-09-15,0.11328412862364894,50,0,5.455694235494913,0,100,74.65612639024089,0,0,0.7978877699871726,100,0,1.9496333261375365,0,0,,50,0
2013-09-16,0.11921861521841434,50,0,5.483556331150546,0,100,74.65612639024089,0,0,0.7938943232221017,100,0,1.6730462553164729,0,0,,50,0
2013-09-17,0.12292788424683418,50,0,5.492241271680515,0,100,74.65612639024089,0,0,0.789725528211685,100,0,1.9998841696037823,0,0,,50,0
2013-09-18,0.12082899497395835,50,0,5.471317628163266,0,100,74.65612639024089,0,0,0.785814247861996,100,0,2.3210644502739384,0,0,,50,0
2013-09-19,0.09538060419031807,50,0,5.333904259285894,0,100,74.65612639024089,0,0,0.7817548860802487,100,0,2.0212014623946595,0,0,,50,0
2013-09-20,0.08553547895044343,50,0,5.26042145826864,0,100,74.65612639024089,0,0,0.7776207738056156,100,0,2.3771705131898244,0,0,,50,0
2013-09-21,0.08888343866214968,50,0,5.266104147030847,0,100,74.65612639024089,0,0,0.7739572628987436,100,0,1.9218551002495061,0,0,,50,0
2013-09-22,0.0841294161033584,50,0,5.230646706989715,0,100,74.65612639024089,0,0,0.7702727026350079,100,0,2.0561215864014497,0,0,,50,0
2013-09-23,0.08145540786973568,50,0,5.200780300054862,0,100,74.65612639024089,0,0,0.7667954570892788,100,0,2.130903693297787,0,0,,50,0
2013-09-24,0.08626893706804517,50,0,5.221212969764782,0,100,74.65612639024089,0,0,0.7633408047907092,100,0,2.8628162138257873,0,0,,50,0
2013-09-25,0.08344341757016688,50,0,5.1947113642233305,0,100,74.65612639024089,0,0,0.7600427493969609,100,0,2.251763913166481,0,0,,50,0
2013-09-26,0.08974636885110861,50,0,5.220776476373544,0,100,74.65612639024089,0,0,0.7573994781720031,100,0,1.794434510925127,0,0,,50,0
2013-09-27,0.10195800564345009,50,0,5.28170621511833,0,100,74.65612639024089,0,0,0.7549134050347195,100,0,1.941535147550584,0,0,,50,0
2013-09-28,0.10230946200003992,50,0,5.270343146318952,0,100,74.65612639024089,0,0,0.753064528953607,100,0,2.0313237397693156,0,0,,50,0
2013-09-29,0.10327289893179896,50,0,5.264043280228664,0,100,74.65612639024089,0,0,0.7509438236624748,100,0,1.7003800254348973,0,0,,50,0
2013-09-30,0.09431192028816272,50,0,5.203109893542739,0,100,73.63885461801253,0,0,0.7486112822599544,100,0,1.6532975839603739,0,0,,50,0
2013-10-01,0.10290197816914827,50,0,5.245309680834967,0,100,73.63885461801253,0,0,0.7464227388982579,100,0,2.5827075117718725,0,0,,50,0
2013-10-02,-0.05916983774915904,50,0,4.268381905525436,0,100,73.63885461801253,0,0,0.743783218909489,100,0,3.6681929366228583,0,100,,50,0
2013-10-03,0.03405795400728937,50,0,4.805040276572461,0,100,73.63885461801253,0,0,0.7417585759894738,100,0,1.657323616186913,0,0,,50,0
2013-10-04,0.06352785891502273,50,0,4.966178754360416,0,100,73.63885461801253,0,0,0.7398518752756903,100,0,2.3112962038070934,0,0,,50,0
2013-10-05,0.05864852324103787,50,0,4.9277813767055685,0,100,73.63885461801253,0,0,0.7379954050304165,100,0,2.1038473294227877,0,0,,50,0
2013-10-06,0.06500238489383652,50,0,4.954977588559816,0,100,73.63885461801253,0,0,0.7361217913045611,100,0,1.6864550792762183,0,0,,50,0
2013-10-07,0.06749941235016227,50,0,4.995877617543636,0,100,73.63885461801253,0,0,0.7340526150965185,100,0,1.4961609438696957,50,0,,50,0
2013-10-08,0.07215774616950418,50,0,5.013399784019242,0,100,73.63885461801253,0,0,0.7320218965744819,100,0,2.789866117891275,0,0,,50,0
2013-10-09,0.07831479832093463,50,0,5.042939742708431,0,100,73.63885461801253,0,0,0.730052375954901,100,0,1.662945301464943,0,0,,50,0
2013-10-10,0.08239390334489559,50,0,5.056377432509314,0,100,73.63885461801253,0,0,0.7282822988440963,100,0,1.8634536842024203,0,0,,50,0
2013-10-11,0.08465980172458168,50,0,5.060890056762891,0,100,73.63885461801253,0,0,0.7266144161227088,100,0,1.8567193202762855,0,0,,50,0
2013-10-12,0.08706942969955955,50,0,5.067095922330278,0,100,73.63885461801253,0,0,0.7249740174033713,100,0,3.841615990801956,0,100,,50,0
2013-10-13,0.11677436475206648,50,0,5.2292338086679,0,100,73.63885461801253,0,0,0.7235855139794175,100,0,3.727897181117277,0,100,,50,0
2013-10-14,0.13357574533473665,50,0,5.32516314030191,0,100,73.63885461801253,0,0,0.7223789618222255,100,0,2.600180519497613,0,0,,50,0
2013-10-15,0.17081203831694278,50,0,5.545973619719614,0,100,73.63885461801253,0,0,0.7213437442774198,100,0,2.786149785942943,0,0,,50,0
2013-10-16,0.14319295077123168,50,0,5.4017571582393735,0,100,73.63885461801253,0,0,0.7203346116060889,100,0,2.5001188585221232,0,0,,50,0
2013-10-17,0.1754588449506974,50,0,5.591665210457484,0,100,73.63885461801253,0,0,0.7199426975357408,100,0,1.6956392851599198,0,0,,50,0
2013-10-18,0.23173243229496596,50,0,5.918262115410977,0,100,73.63885461801253,0,0,0.7198841105804499,100,0,3.1782248382441876,0,100,,50,0
2013-10-19,0.3094266251168499,50,0,6.392623709736124,0,100,73.63885461801253,0,0,0.7202094005329036,100,0,3.183723030688786,0,100,,50,0
2013-10-20,0.3086549545427647,50,0,6.391585005268113,0,100,73.63885461801253,0,0,0.7209498538770305,100,0,2.7175257674563453,0,0,,50,0
2013-10-21,0.3725174661558357,50,0,6.872332032609962,0,100,73.63885461801253,0,0,0.7218168697776112,100,0,2.8223756496086962,0,0,,50,0
2013-10-22,0.4155135450131708,50,0,7.235073481144343,0,100,73.63885461801253,0,0,0.7236003848248679,100,0,3.9121827793812134,0,100,,50,0
2013-10-23,0.47693592827491027,50,0,7.730701055460036,0,100,73.63885461801253,0,0,0.7257236859339791,100,0,3.057544911426325,0,100,,50,0
2013-10-24,0.4029865725622587,50,0,7.30686565428951,0,100,73.63885461801253,0,0,0.7281727593255574,100,0,3.2057452656060508,0,100,,50,0
2013-10-25,0.3105856148575147,50,0,6.9426892523203545,0,100,73.63885461801253,0,0,0.7303810613565985,100,0,3.5068907438184036,0,100,,50,0
2013-10-26,0.2737560399525762,50,0,6.692445661893122,0,100,73.63885461801253,0,0,0.7320565428079511,100,0,2.8292861351692284,0,0,,50,0
2013-10-27,0.35575798623782157,50,0,7.203463046750808,0,100,73.63885461801253,0,0,0.7340504665701383,100,0,2.2292556681363185,0,0,,50,0
2013-10-28,0.36102471066721925,50,0,7.229674968677334,0,100,73.63885461801253,0,0,0.7360242781842553,100,0,2.293976674779971,0,0,,50,0
2013-10-29,0.39252480429537395,50,0,7.489250341058666,0,100,73.63885461801253,0,0,0.7376485678092483,100,0,2.2367515325385083,0,0,,50,0
2013-10-30,0.34949637891086865,50,0,7.212576969779164,0,100,73.63885461801253,0,0,0.7389199182633529,100,0,3.501840697884922,0,100,,50,0
2013-10-31,0.3736387960572235,50,0,7.3694724905726,0,100,82.36885848041305,0,100,0.7401971368143152,100,0,3.1836870815076104,0,100,,50,0
2013-11-01,0.3649125937637917,50,0,7.321822735726947,0,100,82.36885848041305,0,100,0.7413792737183258,100,0,2.732041281498308,0,0,,50,0
2013-11-02,0.37085315505437083,50,0,7.346179706844291,0,100,82.36885848041305,0,100,0.7426898081337246,100,0,2.6761108080821203,0,0,,50,0
2013-11-03,0.3955310459937119,50,0,7.502109413199444,0,100,82.36885848041305,0,100,0.7439264528455615,100,0,2.6414277394414354,0,0,,50,0
2013-11-04,0.46727014983266973,50,0,8.114508697115106,0,100,82.36885848041305,0,100,0.7457794665384766,100,0,2.8584471373501925,0,0,,50,0
2013-11-05,0.5215702920100013,50,0,8.586853278758463,0,100,82.36885848041305,0,100,0.7480588558779122,100,0,2.788614947062188,0,0,,50,0
2013-11-06,0.6062545849085005,50,0,9.213375969402298,0,100,82.36885848041305,0,100,0.7511638767212,100,0,2.6314606758542953,0,0,,50,0
2013-11-07,0.6913773570465445,50,0,10.079167496302297,0,100,82.36885848041305,0,100,0.7548974916958752,100,0,2.5277266914539407,0,0,,50,0
2013-11-08,0.8549975408828733,50,0,11.494144569637673,0,100,82.36885848041305,0,100,0.7598007023659149,100,0,2.39606298837188,0,0,,50,0
2013-11-09,0.8066053187397739,50,0,11.304085533322654,0,100,82.36885848041305,0,100,0.7644953833150189,100,0,3.083866025172284,0,100,,50,0
2013-11-10,0.7666198452099803,50,0,11.091624134007754,0,100,82.36885848041305,0,100,0.7690071596273922,100,0,3.5332401168483654,0,100,,50,0
2013-11-11,0.8083210600826165,50,0,11.503687354372696,0,100,82.36885848041305,0,100,0.7737398264930546,100,0,5.632498191233665,0,100,,50,0
2013-11-12,0.8252881398646439,50,0,11.798768935809251,0,100,82.36885848041305,0,100,0.7786150061495313,100,0,4.194684774074448,0,100,,50,0
2013-11-13,0.9508775431942325,50,0,12.995163305552033,0,100,82.36885848041305,0,100,0.7842735994392943,100,0,3.67035235756931,0,100,,50,0
2013-11-14,0.988392126014851,50,0,13.58432942470955,0,100,82.36885848041305,0,100,0.7903479384079162,100,0,4.869564811244365,0,100,,50,0
2013-11-15,0.9134591116741329,50,0,13.180154858478947,0,100,82.36885848041305,0,100,0.7961661533328688,100,0,4.367410046681675,0,100,,50,0
2013-11-16,0.9929524337286321,50,0,13.915161217376705,0,100,82.36885848041305,0,100,0.8022655824429333,100,0,5.082541345301115,0,100,,50,0
2013-11-17,1.1363040101969792,50,0,15.314796298166083,0,100,82.36885848041305,0,100,0.8093072570663751,100,0,5.136583570243488,0,100,,50,0
2013-11-18,1.605747795894573,0,0,20.425439959957323,0,100,82.36885848041305,0,100,0.8198011109119581,100,0,4.417104352627812,0,100,,50,0
2013-11-19,1.1342080354681867,50,0,16.762349141289207,0,100,82.36885848041305,0,100,0.8275054196894103,100,0,5.807528427501296,0,100,,50,0
2013-11-20,1.210668180852343,50,0,17.993746550911126,0,100,82.36885848041305,0,100,0.8360496586275515,100,0,4.829653428169373,0,100,,50,0
2013-11-21,1.5256020416853686,0,0,21.42060835835991,0,100,82.36885848041305,0,100,0.8468698958147446,100,0,5.212570316640324,0,100,,50,0
2013-11-22,1.523988886563408,0,0,23.424593385192615,0,100,82.36885848041305,0,100,0.8588915922312657,100,0,6.7020934962485255,0,100,,50,0
2013-11-23,1.487062145179675,50,0,23.884956244241067,0,100,82.36885848041305,0,100,0.8709614077654689,100,0,7.210327496208882,0,100,,50,0
2013-11-24,1.3653896926117348,50,0,22.698965652961842,0,100,82.36885848041305,0,100,0.8819842768497544,100,0,7.452444941883422,0,100,,50,0
2013-11-25,1.2980811255925633,50,0,22.550727270316546,0,100,82.36885848041305,0,100,0.8927192891328373,100,0,7.977015408354444,0,100,,50,0
2013-11-26,1.2787390034857806,50,0,24.818134214046236,0,100,82.36885848041305,0,100,0.904715717805639,50,0,6.632600714878497,0,100,,50,0
2013-11-27,1.273496426381589,50,0,25.5645398082198,0,100,82.36885848041305,0,100,0.9170427151540147,50,0,8.556701430420917,0,100,,50,0
2013-11-28,1.247152828470653,50,0,26.197024817105717,0,100,82.36885848041305,0,100,0.9295648227729029,50,0,8.365989195403307,0,100,,50,0
2013-11-29,1.3474890008532716,50,0,28.69159311214808,0,100,82.36885848041305,0,100,0.94325058570773,50,0,8.324045486024854,0,100,,50,0
2013-11-30,1.2701541442999997,50,0,27.831760321167636,0,100,96.63020096551531,0,100,0.9560857666673991,50,0,8.785029891589446,0,100,,50,0
2013-12-01,0.9624158138733836,50,0,23.543489412703302,0,100,96.63020096551531,0,100,0.9661903689614397,50,0,14.388874666066975,0,100,,50,0
2013-12-02,1.0605405472786789,50,0,24.91379561986561,0,100,96.63020096551531,0,100,0.9767868846952682,50,0,6.605756226922534,0,100,,50,0
2013-12-03,1.0460601671514016,50,0,24.73539147121063,0,100,96.63020096551531,0,100,0.9870388699688908,50,0,12.096812770903512,0,100,,50,0
2013-12-04,1.128495868822439,50,0,26.102723904003415,0,100,96.63020096551531,0,100,0.9978573673002542,50,0,7.904131564002926,0,100,,50,0
2013-12-05,0.9148342115837951,50,0,23.20530087079028,0,100,96.63020096551531,0,100,1.0069572601782337,0,100,7.749032277528828,0,100,,50,0
2013-12-06,0.5775478893913976,50,0,18.36273427026774,0,100,96.63020096551531,0,100,1.0134015881941174,0,100,9.181287376337053,0,100,,50,0
2013-12-07,0.3712080581049466,50,0,15.488468601966558,0,100,96.63020096551531,0,100,1.0183446524058268,0,100,6.512164172470897,0,100,,50,0
2013-12-08,0.49607452760462745,50,0,17.02228923165953,0,100,96.63020096551531,0,100,1.0238935320314992,0,100,5.583811579501076,0,100,,50,0
2013-12-09,0.6717083720956042,50,0,19.180943189784593,0,100,96.63020096551531,0,100,1.0303944620008783,0,100,5.143430911675606,0,100,,50,0
2013-12-10,0.7861864731738427,50,0,20.586500141484212,0,100,96.63020096551531,0,100,1.0373087435009452,0,100,6.349434139068128,0,100,,50,0
2013-12-11,0.6046478933611292,50,0,18.18864598747265,0,100,96.63020096551531,0,100,1.0430298506152957,0,100,5.707494700977558,0,100,,50,0
2013-12-12,0.5956810979097089,50,0,17.89754611501345,0,100,96.63020096551531,0,100,1.048604076512146,0,100,5.266423136967819,0,100,,50,0
2013-12-13,0.5919959188980438,50,0,17.774108791516237,0,100,96.63020096551531,0,100,1.0540305309607192,0,100,5.681247454913502,0,100,,50,0
2013-12-14,0.5539573690027224,50,0,17.02052190636642,0,100,96.63020096551531,0,100,1.0589389967365948,0,100,6.2074883527219,0,100,,50,0
2013-12-15,0.5644946534342787,50,0,17.022407917685094,0,100,96.63020096551531,0,100,1.0638320029003436,0,100,5.5063694426985,0,100,,50,0
2013-12-16,0.2727037749216534,50,0,13.223909726375094,0,100,96.63020096551531,0,100,1.0668279799641216,0,100,11.32099380921321,0,100,,50,0
2013-12-17,0.2801312612837822,50,0,13.186203947890807,0,100,96.63020096551531,0,100,1.069778756002794,0,100,4.72909757837033,0,100,,50,0
2013-12-18,0.03590254112198787,50,0,10.089047033651127,0,100,96.63020096551531,0,100,1.0713358754508464,0,100,4.798283782032885,0,100,,50,0
2013-12-19,0.2859773946208354,50,0,13.019422672927057,0,100,96.63020096551531,0,100,1.0740338589925038,0,100,3.7241527809834922,0,100,,50,0
2013-12-20,0.15124333906192014,50,0,11.305354999288705,0,100,96.63020096551531,0,100,1.0758884263875566,0,100,4.397501717567731,0,100,,50,0
2013-12-21,0.13074325057967062,50,0,11.154188910250973,0,100,96.63020096551531,0,100,1.0776273084840573,0,100,2.974069179058906,0,0,,50,0
2013-12-22,0.17370892730371135,50,0,11.394774075759633,0,100,96.63020096551531,0,100,1.0795020571474756,0,100,3.119245822130176,0,100,,50,0
2013-12-23,0.23888945142225387,50,0,12.082137086902371,0,100,96.63020096551531,0,100,1.0816881411787433,0,100,3.440648667702169,0,100,,50,0
2013-12-24,0.20763541162878285,50,0,11.845520509439034,0,100,96.63020096551531,0,100,1.0839422505253604,0,100,3.843299079455808,0,100,,50,0
2013-12-25,0.24554372397557925,50,0,12.237961545976706,0,100,96.63020096551531,0,100,1.086366632521192,0,100,2.9609714480287415,0,0,,50,0
2013-12-26,0.35010305436085304,50,0,13.398247340105268,0,100,96.63020096551531,0,100,1.0893924474771226,0,100,3.7166279700214893,0,100,,50,0
2013-12-27,0.30187803781068157,50,0,12.787347918689415,0,100,96.63020096551531,0,100,1.0921040594596767,0,100,4.322568854959412,0,100,,50,0
2013-12-28,0.29060183049136745,50,0,12.552213677757202,0,100,96.63020096551531,0,100,1.0947507584584215,0,100,3.3768824705729763,0,100,,50,0
2013-12-29,0.30643595494336057,50,0,12.634684698884458,0,100,96.63020096551531,0,100,1.09734768596479,0,100,3.532265178656383,0,100,,50,0
2013-12-30,0.3186275337778265,50,0,12.663619597819181,0,100,96.63020096551531,0,100,1.099929894245814,0,100,3.806706727837973,0,100,,50,0
2013-12-31,0.30819168121120916,50,0,12.443309812809149,0,100,70.50072981774912,0,0,1.1023033829938649,0,100,3.828766079588321,0,100,,50,0
2014-01-01,0.3427211282173275,50,0,12.713964628828936,0,100,70.50072981774912,0,0,1.1047964514081459,0,100,5.635369221118914,0,100,,50,0
2014-01-02,0.3870501238708741,50,0,13.13663576028838,0,100,70.50072981774912,0,0,1.1074546128461225,0,100,2.708067206949259,0,0,,50,0
2014-01-03,0.4140177944401558,50,0,13.377123908987757,0,100,70.50072981774912,0,0,1.1102711745655378,0,100,3.4841593386711813,0,100,,50,0
2014-01-04,0.425504147756095,50,0,13.59480708056121,0,100,70.50072981774912,0,0,1.113145652494228,0,100,3.486111306852415,0,100,,50,0
2014-01-05,0.522393278208562,50,0,14.647542899369421,0,100,70.50072981774912,0,0,1.1164013266985373,0,100,4.553556612414765,0,100,,50,0
2014-01-06,0.5310042618611109,50,0,14.681716542664457,0,100,70.50072981774912,0,0,1.1196541889130265,0,100,4.768030236214961,0,100,,50,0
2014-01-07,0.366416776866036,50,0,12.778156565514157,0,100,70.50072981774912,0,0,1.1221588302271293,0,100,4.338326237040418,0,100,,50,0
2014-01-08,0.38057062981294026,50,0,12.931300942015207,0,100,70.50072981774912,0,0,1.1247759049245645,0,100,4.297745382836159,0,100,,50,0
2014-01-09,0.39209952646688007,50,0,12.975604561282895,0,100,70.50072981774912,0,0,1.1274172712286823,0,100,4.6140498322544685,0,100,,50,0
2014-01-10,0.42083666095842454,50,0,13.190780714607529,0,100,70.50072981774912,0,0,1.1301256672142703,0,100,4.195871922683878,0,100,,50,0
2014-01-11,0.46119176171725923,50,0,13.614991571297397,0,100,70.50072981774912,0,0,1.1329926960381937,0,100,5.268167191842442,0,100,,50,0
2014-01-12,0.3934471551611743,50,0,12.81599828767187,0,100,70.50072981774912,0,0,1.1355568988677507,0,100,4.583813807399974,0,100,,50,0
2014-01-13,0.3592783297703565,50,0,12.366400756139921,0,100,70.50072981774912,0,0,1.1379391894711552,0,100,3.7530690724845273,0,100,,50,0
2014-01-14,0.3440614050560413,50,0,12.145414642310469,0,100,70.50072981774912,0,0,1.1402462698708145,0,100,3.32019837032315,0,100,,50,0
2014-01-15,0.3727008941338783,50,0,12.417672788369092,0,100,70.50072981774912,0,0,1.14262854389559,0,100,3.6881257124339792,0,100,,50,0
2014-01-16,0.33340913940432765,50,0,11.94197994315558,0,100,70.50072981774912,0,0,1.1448036218272293,0,100,3.673029237140554,0,100,,50,0
2014-01-17,0.30006200258500004,50,0,11.509591563593453,0,100,70.50072981774912,0,0,1.1468123575018174,0,100,2.924281388580892,0,0,,50,0
2014-01-18,0.3222048951257186,50,0,11.657831779969316,0,100,70.50072981774912,0,0,1.1488538481660864,0,100,3.145734197935865,0,100,,50,0
2014-01-19,0.35875478432211494,50,0,11.966875792593147,0,100,70.50072981774912,0,0,1.151033867837683,0,100,3.346535213740519,0,100,,50,0
2014-01-20,0.3426027739854788,50,0,11.731630451596143,0,100,70.50072981774912,0,0,1.1530949317360637,0,100,4.066647035627107,0,100,,50,0
2014-01-21,0.33351297003729036,50,0,11.563906229053993,0,100,70.50072981774912,0,0,1.15552661202833,0,100,3.2309929941432602,0,100,,50,0
2014-01-22,0.3231071430055745,50,0,11.402806461023484,0,100,70.50072981774912,0,0,1.157651780066941,0,100,4.028088224556838,0,100,,50,0
2014-01-23,0.3106952909524866,50,0,11.201037660702223,0,100,70.50072981774912,0,0,1.159633180875828,0,100,4.241012062214964,0,100,,50,0
2014-01-24,0.2674201404057283,50,0,10.706883554371938,0,100,70.50072981774912,0,0,1.1614568260539333,0,100,3.6667938770605866,0,100,,50,0
2014-01-25,0.2967541874432707,50,0,10.94193958482297,0,100,70.50072981774912,0,0,1.1633511694501038,0,100,3.091594546997965,0,100,,50,0
2014-01-26,0.3088997598719069,50,0,10.99331123225606,0,100,70.50072981774912,0,0,1.1652358349456744,0,100,3.462530637392159,0,100,,50,0
2014-01-27,0.21113119030311128,50,0,9.954614438531301,0,100,70.50072981774912,0,0,1.1667550658654822,0,100,4.694055294816779,0,100,,50,0
2014-01-28,0.2734234626371544,50,0,10.512833619252751,0,100,70.50072981774912,0,0,1.1684489800912947,0,100,2.4901800982140707,0,0,,50,0
2014-01-29,0.2752376066839505,50,0,10.478020001442646,0,100,70.50072981774912,0,0,1.170111352793429,0,100,2.4784645631094318,0,0,,50,0
2014-01-30,0.281422265134955,50,0,10.480969619092317,0,100,70.50072981774912,0,0,1.1717967608173425,0,100,3.0582318555630033,0,100,,50,0
2014-01-31,0.2851578469293391,50,0,10.453314834897805,0,100,72.04000143861671,0,0,1.1734591065340123,0,100,3.176661454626441,0,100,,50,0
2014-02-01,0.2940278115657494,50,0,10.505477383373329,0,100,72.04000143861671,0,0,1.1750624371346887,0,100,3.2640217724206155,0,100,,50,0
2014-02-02,0.2942761331777111,50,0,10.445158688632114,0,100,72.04000143861671,0,0,1.1765909334679092,0,100,3.2461363131117893,0,100,,50,0
2014-02-03,0.28261853811650367,50,0,10.274997170002882,0,100,72.04000143861671,0,0,1.1779619285230163,0,100,2.9858459269898616,0,0,,50,0
2014-02-04,0.2726673513075354,50,0,10.115305888418265,0,100,72.04000143861671,0,0,1.1793643304637254,0,100,3.3963141356080837,0,100,,50,0
2014-02-05,0.21755985176494308,50,0,9.850393457608934,0,100,72.04000143861671,0,0,1.1805982714935563,0,100,2.968480621123768,0,0,,50,0
2014-02-06,0.18973088839101906,50,0,9.524981702753248,0,100,72.04000143861671,0,0,1.1815839897304743,0,100,3.310438077540097,0,100,,50,0
2014-02-07,0.12380221063063512,50,0,8.822927894753883,0,100,72.04000143861671,0,0,1.18214805238905,0,100,2.30610269622748,0,0,,50,0
2014-02-08,0.08054340117935412,50,0,8.355226124406942,0,100,72.04000143861671,0,0,1.1825506830682353,0,100,3.03993643212846,0,100,,50,0
2014-02-09,0.09276685579299908,50,0,8.426768366163287,0,100,72.04000143861671,0,0,1.1827759999424199,0,100,1.799203054856904,0,0,,50,0
2014-02-10,0.08989666026404843,50,0,8.355447081612386,0,100,72.04000143861671,0,0,1.1828320713347522,0,100,2.1201015166106845,0,0,,50,0
2014-02-11,0.07285093281984456,50,0,8.145304609894888,0,100,72.04000143861671,0,0,1.1826233583641836,0,100,2.2070995252731036,0,0,,50,0
2014-02-12,0.05020745095899993,50,0,7.883665277435165,0,100,72.04000143861671,0,0,1.1825056789085526,0,100,2.801256291291109,0,0,,50,0
2014-02-13,-0.0024232755712603193,50,0,7.355127106634326,0,100,72.04000143861671,0,0,1.1823918018639075,0,100,2.555553984433445,0,0,,50,0
2014-02-14,0.06902714922579767,50,0,7.982702042051941,0,100,72.04000143861671,0,0,1.1825958666280434,0,100,2.2807392921763063,0,0,,50,0
2014-02-15,0.05007530176428553,50,0,7.7702565861003,0,100,72.04000143861671,0,0,1.1825137483737185,0,100,2.6001354021290903,0,0,,50,0
2014-02-16,0.00971541984324715,50,0,7.364665281030552,0,100,72.04000143861671,0,0,1.1822925145887406,0,100,2.8540567743209713,0,0,,50,0
2014-02-17,0.02055123218336622,50,0,7.423612256346186,0,100,72.04000143861671,0,0,1.1820033911653858,0,100,1.8772405772811718,0,0,,50,0
2014-02-18,0.015204574745103654,50,0,7.340168470082218,0,100,72.04000143861671,0,0,1.1818478605257041,0,100,2.128677653606174,0,0,,50,0
2014-02-19,0.011497266484402687,50,0,7.261678548706012,0,100,72.04000143861671,0,0,1.181629316707802,0,100,2.5595332581352985,0,0,,50,0
2014-02-20,-0.06551850889367476,50,0,6.537893538488178,0,100,72.04000143861671,0,0,1.1811806390603166,0,100,2.2903912441988465,0,0,,50,0
2014-02-21,-0.044013136030000254,50,0,6.7006896912745555,0,100,72.04000143861671,0,0,1.1807931528858486,0,100,1.6403376842785162,0,0,,50,0
2014-02-22,-0.008967536365828754,50,0,6.9782688245578015,0,100,72.04000143861671,0,0,1.1804605234702497,0,100,2.0829664177659697,0,0,,50,0
2014-02-23,-0.0052287330178020786,50,0,6.980398050330696,0,100,72.04000143861671,0,0,1.1798638300328066,0,100,2.1107950265134767,0,0,,50,0
2014-02-24,-0.08976471983184497,50,0,6.180065725073467,0,100,72.04000143861671,0,0,1.1788346836698071,0,100,2.2120327220559983,0,0,,50,0
2014-02-25,-0.09540811633630474,50,0,6.059173158663721,0,100,72.04000143861671,0,0,1.1774599187028227,0,100,1.7491536387810647,0,0,,50,0
2014-02-26,-0.025159015851411424,50,0,6.6422337197241905,0,100,72.04000143861671,0,0,1.1759354475777013,0,100,2.297627457350957,0,0,,50,0
2014-02-27,-0.027372129054198002,50,0,6.5895155414576685,0,100,72.04000143861671,0,0,1.1737941561051342,0,100,2.222571878602501,0,0,,50,0
2014-02-28,-0.07374198098698707,50,0,6.181336298315088,0,100,60.42862563742879,50,0,1.171587309244639,0,100,2.1388254840189735,0,0,,50,0
2014-03-01,-0.05158988634641034,50,0,6.3377266057128665,0,100,60.42862563742879,50,0,1.1695118365972135,0,100,1.750140930597292,0,0,,50,0
2014-03-02,-0.06282736952664202,50,0,6.212575405894456,0,100,60.42862563742879,50,0,1.1672114203134931,0,100,1.3466040077726047,50,0,,50,0
2014-03-03,0.08984335112416786,50,0,7.487986125026379,0,100,60.42862563742879,50,0,1.1652376610717603,0,100,1.5372535550077904,0,0,,50,0
2014-03-04,0.08661334448515291,50,0,7.429682590651091,0,100,60.42862563742879,50,0,1.162806904101673,0,100,2.0802316952284152,0,0,,50,0
2014-03-05,0.07947075890061397,50,0,7.348371955814152,0,100,60.42862563742879,50,0,1.1601223255106126,0,100,2.154420355646674,0,0,,50,0
2014-03-06,0.07421775575178748,50,0,7.28491818328946,0,100,60.42862563742879,50,0,1.157644212788932,0,100,2.0829196836480994,0,0,,50,0
2014-03-07,0.0010953159600560745,50,0,6.862348271490818,0,100,60.42862563742879,50,0,1.1546736076638036,0,100,2.8229370185581093,0,0,,50,0
2014-03-08,-0.012662957216392772,50,0,6.721986750004609,0,100,60.42862563742879,50,0,1.1509637484305626,0,100,2.4577668322450283,0,0,,50,0
2014-03-09,-0.0037413331048007322,50,0,6.897350632670119,0,100,60.42862563742879,50,0,1.145090503661376,0,100,2.0255547083922583,0,0,,50,0
2014-03-10,-0.02069817104792905,50,0,6.734397926815749,0,100,60.42862563742879,50,0,1.1407523802748283,0,100,1.7320500731062185,0,0,,50,0
2014-03-11,-0.014830526574419207,50,0,6.764843605763257,0,100,60.42862563742879,50,0,1.1358660686914686,0,100,2.1882330733737723,0,0,,50,0
2014-03-12,-0.015412305595872883,50,0,6.745390050363486,0,100,60.42862563742879,50,0,1.1294483431839029,0,100,2.0367874784506617,0,0,,50,0
2014-03-13,-0.0055360536801438405,50,0,6.808985185615614,0,100,60.42862563742879,50,0,1.1220175788741285,0,100,2.4242475246611797,0,0,,50,0
2014-03-14,-0.023707961776772948,50,0,6.620948770035339,0,100,60.42862563742879,50,0,1.1142058697640145,0,100,1.305382457625453,50,0,,50,0
2014-03-15,-0.014302318674336761,50,0,6.67582052832633,0,100,60.42862563742879,50,0,1.1068714997174536,0,100,1.6621724789080483,0,0,,50,0
2014-03-16,-0.017223269023634493,50,0,6.6263101679813525,0,100,60.42862563742879,50,0,1.099491868852175,0,100,2.608212567490608,0,0,,50,0
2014-03-17,-0.03149151782580288,50,0,6.4804498105834485,0,100,60.42862563742879,50,0,1.0909133636236872,0,100,1.875192796610991,0,0,,50,0
2014-03-18,-0.04254404616711682,50,0,6.366889747239142,0,100,60.42862563742879,50,0,1.0818809863519612,0,100,1.469886520956906,50,0,,50,0
2014-03-19,-0.0474900970650726,50,0,6.302484408986056,0,100,60.42862563742879,50,0,1.0724593417357011,0,100,1.584137864815159,0,0,,50,0
2014-03-20,-0.07637413358402216,50,0,6.032992415894692,0,100,60.42862563742879,50,0,1.0614556720584065,0,100,1.8696824143451598,0,0,,50,0
2014-03-21,-0.09967212707765405,50,0,5.837927154363993,0,100,60.42862563742879,50,0,1.050665015199053,0,100,2.0561313789829243,0,0,,50,0
2014-03-22,-0.10596909371891923,50,0,5.766209515139522,0,100,60.42862563742879,50,0,1.0419201355462526,0,100,1.6497909124835857,0,0,,50,0
2014-03-23,-0.11297470391847139,50,0,5.68767865565875,0,100,60.42862563742879,50,0,1.0323984389849237,0,100,2.2715070290146,0,0,,50,0
2014-03-24,-0.0813406804401583,50,0,5.931071851928795,0,100,60.42862563742879,50,0,1.0230856956064174,0,100,1.7961512405267812,0,0,,50,0
2014-03-25,-0.0835520825763343,50,0,5.896846731935371,0,100,60.42862563742879,50,0,1.0131551728818726,0,100,1.3619244179394132,50,0,,50,0
2014-03-26,-0.0893243289461109,50,0,5.830133542809622,0,100,60.42862563742879,50,0,1.0040630985709023,0,100,1.616823486496698,0,0,,50,0
2014-03-27,-0.20606882371279106,50,0,4.849196177668781,0,100,60.42862563742879,50,0,0.9965235860082747,50,0,1.9384175660317655,0,0,,50,0
2014-03-28,-0.18611495026464348,50,0,4.989929975255642,0,100,60.42862563742879,50,0,0.9908540410956892,50,0,1.394871993305653,50,0,,50,0
2014-03-29,-0.19707327169931438,50,0,4.88433194306962,0,100,60.42862563742879,50,0,0.9840645315028771,50,0,1.3683321071803,50,0,,50,0
2014-03-30,-0.23388284595482822,50,0,4.56740891668421,0,100,60.42862563742879,50,0,0.9756944475720136,50,0,1.0986778377339887,50,0,,50,0
2014-03-31,-0.23705914229480488,50,0,4.519677423472427,0,100,56.68204379528894,50,0,0.9662819997157079,50,0,1.5178678424114407,0,0,,50,0
2014-04-01,-0.20739783125394726,50,0,4.741301916713553,0,100,56.68204379528894,50,0,0.9582120157204721,50,0,1.1873905960245377,50,0,,50,0
2014-04-02,-0.25612969193233315,50,0,4.33470342195777,0,100,56.68204379528894,50,0,0.9502074099257599,50,0,1.6983784142140712,0,0,,50,0
2014-04-03,-0.2429733253240471,50,0,4.426461782369668,0,100,56.68204379528894,50,0,0.9423427477305161,50,0,1.4863467581272594,50,0,,50,0
2014-04-04,-0.24221291586059773,50,0,4.418042212432598,0,100,56.68204379528894,50,0,0.9349223265924584,50,0,1.3338147468345396,50,0,,50,0
2014-04-05,-0.22535040353447539,50,0,4.523715223652519,0,100,56.68204379528894,50,0,0.9275294941577021,50,0,1.4721953679762816,50,0,,50,0
2014-04-06,-0.22920879324604893,50,0,4.48238576420068,0,100,56.68204379528894,50,0,0.9223770387195562,50,0,1.2570198947046995,50,0,,50,0
2014-04-07,-0.2413823158249659,50,0,4.373978992796332,0,100,56.68204379528894,50,0,0.9171985231035548,50,0,1.1803741161263483,50,0,,50,0
2014-04-08,-0.23578880632716553,50,0,4.403369505996475,0,100,56.68204379528894,50,0,0.9140924912322772,50,0,0.9723976419224702,50,0,,50,0
2014-04-09,-0.24833428122085258,50,0,4.29603259696053,0,100,56.68204379528894,50,0,0.9090902310488164,50,0,1.140503188383771,50,0,,50,0
2014-04-10,-0.3408596924140241,50,0,3.5527913194964973,0,100,56.68204379528894,50,0,0.9046630645507334,50,0,1.3787758427788028,50,0,,50,0
2014-04-11,-0.27038492352918625,50,0,4.076438682660014,0,100,56.68204379528894,50,0,0.9005504835775939,50,0,0.9243742123644952,50,0,,50,0
2014-04-12,-0.2673352174641697,50,0,4.0896708914520294,0,100,56.68204379528894,50,0,0.896188220711909,100,0,1.1129565676189974,50,0,,50,0
2014-04-13,-0.27726512237048584,50,0,4.00457234582984,0,100,56.68204379528894,50,0,0.8913288758664158,100,0,1.266080305091754,50,0,,50,0
2014-04-14,-0.22105669882854853,50,0,4.4238226114525165,0,100,56.68204379528894,50,0,0.886876802514777,100,0,1.4318001740113466,50,0,,50,0
2014-04-15,-0.1456778411123229,50,0,4.989715159306927,0,100,56.68204379528894,50,0,0.8824029208014084,100,0,1.517360054372689,0,0,,50,0
2014-04-16,-0.13626003224441605,50,0,5.0689753495632885,0,100,56.68204379528894,50,0,0.8769937589973926,100,0,1.3997105976301987,50,0,,50,0
2014-04-17,-0.17653014866376968,50,0,4.75409721333724,0,100,56.68204379528894,50,0,0.8717128263202212,100,0,1.403671965200992,50,0,,50,0
2014-04-18,-0.19703781414194313,50,0,4.5821285578197335,0,100,56.68204379528894,50,0,0.8663874230106504,100,0,1.433189651181892,50,0,,50,0
2014-04-19,-0.17050853275606886,50,0,4.771459683948769,0,100,56.68204379528894,50,0,0.8611775502508239,100,0,1.2775140686530742,50,0,,50,0
2014-04-20,-0.17369225872738114,50,0,4.73198461685255,0,100,56.68204379528894,50,0,0.8559084379645755,100,0,1.4912158526122492,50,0,,50,0
2014-04-21,-0.17811910733899466,50,0,4.686603812988697,0,100,56.68204379528894,50,0,0.8506960744183406,100,0,1.4357022146117355,50,0,,50,0
2014-04-22,-0.18853822174443777,50,0,4.593815782098988,0,100,56.68204379528894,50,0,0.8451944031537348,100,0,1.0735838794662247,50,0,,50,0
2014-04-23,-0.18819394941153614,50,0,4.5923856392951246,0,100,56.68204379528894,50,0,0.8393569388446358,100,0,1.4913629293988788,50,0,,50,0
2014-04-24,-0.17269376949086904,50,0,4.698212694431248,0,100,56.68204379528894,50,0,0.8333540058604236,100,0,1.272804175253761,50,0,,50,0
2014-04-25,-0.2182939975799683,50,0,4.343501084388591,0,100,56.68204379528894,50,0,0.8269663156509932,100,0,1.5801583046963243,0,0,,50,0
2014-04-26,-0.22719664850079424,50,0,4.266320894135274,0,100,56.68204379528894,50,0,0.819696641632807,100,0,1.1192227563189014,50,0,,50,0
2014-04-27,-0.25273047390460257,50,0,4.066646426820059,0,100,56.68204379528894,50,0,0.8122052464828119,100,0,1.3572061265859754,50,0,,50,0
2014-04-28,-0.24852813115006897,50,0,4.083811246059988,0,100,56.68204379528894,50,0,0.8060697650407411,100,0,1.0065354162601599,50,0,,50,0
2014-04-29,-0.24057664905901172,50,0,4.131414580191257,0,100,56.68204379528894,50,0,0.7997419298718076,100,0,1.190110628216734,50,0,,50,0
2014-04-30,-0.23902776127146938,50,0,4.13278263356622,0,100,56.42758214442819,50,0,0.7933358964524889,100,0,0.9000492223710591,50,0,,50,0
2014-05-01,-0.22487454281098768,50,0,4.227109442684451,0,100,56.42758214442819,50,0,0.7867966184245886,100,0,1.4463583613439654,50,0,,50,0
2014-05-02,-0.23487529733667364,50,0,4.144601255528975,0,100,56.42758214442819,50,0,0.7798525958526366,100,0,1.3619092596397808,50,0,,50,0
2014-05-03,-0.25132868463058317,50,0,4.014311805599461,0,100,56.42758214442819,50,0,0.7733783446053287,100,0,0.9056052834328181,50,0,,50,0
2014-05-04,-0.2540237496265145,50,0,3.9846507373437996,0,100,56.42758214442819,50,0,0.7671695259177532,100,0,0.9886057583459632,50,0,,50,0
2014-05-05,-0.2591104518372475,50,0,3.9367207527575765,0,100,56.42758214442819,50,0,0.7610546657738149,100,0,0.7645888834597118,50,0,,50,0
2014-05-06,-0.26146971387065365,50,0,3.908390733771512,0,100,56.42758214442819,50,0,0.7546577524762965,100,0,1.2741870623624434,50,0,,50,0
2014-05-07,-0.24615104209491834,50,0,4.009221660194078,0,100,56.42758214442819,50,0,0.7486574665951883,100,0,1.0511722197195448,50,0,,50,0
2014-05-08,-0.24832545981284804,50,0,3.9845079180989855,0,100,56.42758214442819,50,0,0.7429606076036629,100,0,1.1232189962530041,50,0,,50,0
2014-05-09,-0.23296199329567735,50,0,4.086659512937083,0,100,56.42758214442819,50,0,0.7371996875474562,100,0,1.128706793102226,50,0,,50,0
2014-05-10,-0.2279055540405718,50,0,4.1140667959203805,0,100,56.42758214442819,50,0,0.731166279689353,100,0,1.2029762683821135,50,0,,50,0
2014-05-11,-0.2500122071729081,50,0,3.9468014874668724,0,100,56.42758214442819,50,0,0.7251680906517799,100,0,1.0270071223804496,50,0,,50,0
2014-05-12,-0.2471149374942861,50,0,3.957858169384898,0,100,56.42758214442819,50,0,0.7192471294048376,100,0,1.0573250379172312,50,0,,50,0
2014-05-13,-0.24978520839820648,50,0,3.9291842686880853,0,100,56.42758214442819,50,0,0.7133904697218919,100,0,1.0657082440914958,50,0,,50,0
2014-05-14,-0.24220164656304027,50,0,3.9729959613621033,0,100,56.42758214442819,50,0,0.7077041876841188,100,0,0.9066839949418932,50,0,,50,0
2014-05-15,-0.2394712509070223,50,0,3.9833457970826087,0,100,56.42758214442819,50,0,0.70237440543767,100,0,1.125501539143967,50,0,,50,0
2014-05-16,-0.23701906322020072,50,0,3.9906592718753866,0,100,56.42758214442819,50,0,0.6968262686251332,100,0,1.0947520243513036,50,0,,50,0
2014-05-17,-0.2364210004117206,50,0,3.986401263248709,0,100,56.42758214442819,50,0,0.6911988620867453,100,0,1.3674396907519706,50,0,,50,0
2014-05-18,-0.23933177851095283,50,0,3.9551459369069084,0,100,56.42758214442819,50,0,0.6863482083371145,100,0,1.281146879957271,50,0,,50,0
2014-05-19,-0.23864951730746356,50,0,3.947896835909112,0,100,56.42758214442819,50,0,0.6809992760849793,100,0,1.3373664915212242,50,0,,50,0
2014-05-20,-0.1853020544469325,50,0,4.313389238925995,0,100,56.42758214442819,50,0,0.6758966257515601,100,0,1.1609569805435287,50,0,,50,0
2014-05-21,-0.18125462462257189,50,0,4.33159739733999,0,100,56.42758214442819,50,0,0.6707792688385984,100,0,1.272706321737321,50,0,,50,0
2014-05-22,-0.14101595007555356,50,0,4.604754878724935,0,100,56.42758214442819,50,0,0.6658470687014443,100,0,1.208304706315596,50,0,,50,0
2014-05-23,-0.14542696108736686,50,0,4.562611230374177,0,100,56.42758214442819,50,0,0.660773283419762,100,0,1.1580731793953694,50,0,,50,0
2014-05-24,-0.14127614681726983,50,0,4.582343776220862,0,100,56.42758214442819,50,0,0.6557354444443051,100,0,1.1086113960649302,50,0,,50,0
2014-05-25,-0.08606791539153356,50,0,4.96086776384729,0,100,56.42758214442819,50,0,0.6510575525160849,100,0,1.2625510544745975,50,0,,50,0
2014-05-26,-0.07251526493753609,50,0,5.042458877841938,0,100,56.42758214442819,50,0,0.6465784724958765,100,0,1.2463474178333984,50,0,,50,0
2014-05-27,-0.09222096004484959,50,0,4.9308845794978575,0,100,56.42758214442819,50,0,0.6422412761027964,100,0,1.0160913572215065,50,0,,50,0
2014-05-28,-0.08658236926335847,50,0,4.9584624027636135,0,100,56.42758214442819,50,0,0.638185377241135,100,0,1.3467799381537706,50,0,,50,0
2014-05-29,-0.09789480371067248,50,0,4.86581431928977,0,100,56.42758214442819,50,0,0.6346347431844113,100,0,1.0109835161501002,50,0,,50,0
2014-05-30,-0.04057464533944128,50,0,5.2766581024203845,0,100,56.42758214442819,50,0,0.6317834375168543,100,0,1.2385190079770099,50,0,,50,0
2014-05-31,-0.0334494446828814,50,0,5.316281021043817,0,100,61.561727534691656,50,0,0.6288965904182496,100,0,1.1613457605010709,50,0,,50,0
2014-06-01,-0.032070599256595354,50,0,5.314511025200383,0,100,61.561727534691656,50,0,0.6260613725291063,100,0,1.471672387502575,50,0,,50,0
2014-06-02,0.005763322627247038,50,0,5.57420963859827,0,100,61.561727534691656,50,0,0.62360788133745,100,0,1.6796290608663593,0,0,,50,0
2014-06-03,0.014566125852460015,50,0,5.626131357895556,0,100,61.561727534691656,50,0,0.6214377583893927,100,0,1.469256472435247,50,0,,50,0
2014-06-04,-0.021025684752352575,50,0,5.367004186717516,0,100,61.561727534691656,50,0,0.6195315790459014,100,0,1.6423193381639418,0,0,,50,0
2014-06-05,-0.001112111425691973,50,0,5.492211829180114,0,100,61.561727534691656,50,0,0.6171666202943092,100,0,1.2344435263665225,50,0,,50,0
2014-06-06,-0.01525487928077435,50,0,5.377079261608441,0,100,61.561727534691656,50,0,0.6148851262193654,100,0,1.2288648491872427,50,0,,50,0
2014-06-07,-0.007941817428135186,50,0,5.411225357505932,0,100,61.561727534691656,50,0,0.6129798796643494,100,0,1.3043778643617292,50,0,,50,0
2014-06-08,-0.0076072670646120544,50,0,5.398729036681282,0,100,61.561727534691656,50,0,0.6110125185488241,100,0,1.1318163893389144,50,0,,50,0
2014-06-09,-0.02063830009040056,50,0,5.300752625526252,0,100,61.561727534691656,50,0,0.6090363378879823,100,0,1.4102022418618827,50,0,,50,0
2014-06-10,-0.01910353474258699,50,0,5.301859851541144,0,100,61.561727534691656,50,0,0.6071242199528682,100,0,1.5261344795350353,0,0,,50,0
2014-06-11,-0.0432165854012275,50,0,5.124634418884269,0,100,61.561727534691656,50,0,0.6057179220788522,100,0,1.2234196031793767,50,0,,50,0
2014-06-12,-0.10051868342344907,50,0,4.787546348167933,0,100,61.561727534691656,50,0,0.6038967918816002,100,0,1.551945226672252,0,0,,50,0
2014-06-13,-0.09511198719576551,50,0,4.81195443846848,0,100,61.561727534691656,50,0,0.6018181059002768,100,0,1.1865512523896031,50,0,,50,0
2014-06-14,-0.12039498169614726,50,0,4.623471492808069,0,100,61.561727534691656,50,0,0.5995857183929539,100,0,1.498238566321788,50,0,,50,0
2014-06-15,-0.10386058481318469,50,0,4.721286554246882,0,100,61.561727534691656,50,0,0.598143626425468,100,0,1.5703925777063668,0,0,,50,0
2014-06-16,-0.10331903223092367,50,0,4.712122366817952,0,100,61.561727534691656,50,0,0.5967769843112567,100,0,1.4783478770824152,50,0,,50,0
2014-06-17,-0.08183370095128167,50,0,4.843023580104954,0,100,61.561727534691656,50,0,0.5950130157704958,100,0,1.5201265145724425,0,0,,50,0
2014-06-18,-0.0838983484246412,50,0,4.814877839277505,0,100,61.561727534691656,50,0,0.5932354139124738,100,0,1.1606246310921347,50,0,,50,0
2014-06-19,-0.09807794514645975,50,0,4.704890701145693,0,100,61.561727534691656,50,0,0.5917410087042992,100,0,1.3621005057462845,50,0,,50,0
2014-06-20,-0.10332470576757999,50,0,4.656029349537464,0,100,61.561727534691656,50,0,0.5900253162432356,100,0,1.4899543166877323,50,0,,50,0
2014-06-21,-0.1021289690293949,50,0,4.650237151587429,0,100,61.561727534691656,50,0,0.5884136583760886,100,0,1.377513587381585,50,0,,50,0
2014-06-22,-0.09440587748970818,50,0,4.688382854655196,0,100,61.561727534691656,50,0,0.5857121064260823,100,0,1.5200339732276928,0,0,,50,0
2014-06-23,-0.10684562238462561,50,0,4.594426130887786,0,100,61.561727534691656,50,0,0.582992289043943,100,0,1.5220962717820288,0,0,,50,0
2014-06-24,-0.11858371125882629,50,0,4.505236377389009,0,100,61.561727534691656,50,0,0.5802747346024862,100,0,1.3643757055748749,50,0,,50,0
2014-06-25,-0.13934977235596802,50,0,4.353874989643308,0,100,61.561727534691656,50,0,0.5775262458723445,100,0,1.2501432945589703,50,0,,50,0
2014-06-26,-0.11836484209725555,50,0,4.482833893669598,0,100,61.561727534691656,50,0,0.5752677912139588,100,0,1.2749526987603215,50,0,,50,0
2014-06-27,-0.0956032516122096,50,0,4.6210568841423,0,100,61.561727534691656,50,0,0.5732546372821594,100,0,1.4796100429671242,50,0,,50,0
2014-06-28,-0.10322593055869421,50,0,4.5581003576946175,0,100,61.561727534691656,50,0,0.5710363768860817,100,0,1.434565907590182,50,0,,50,0
2014-06-29,-0.09711343982143422,50,0,4.592451338529254,0,100,61.561727534691656,50,0,0.5689856684708209,100,0,1.2097479905445792,50,0,,50,0
2014-06-30,-0.054021238317805954,50,0,4.866731622631645,0,100,61.86056107240747,50,0,0.5671423866668743,100,0,0.9693274344610507,50,0,,50,0
2014-07-01,-0.05065007687033661,50,0,4.880209058186031,0,100,61.86056107240747,50,0,0.5653203185725908,100,0,1.043820976316532,50,0,,50,0
2014-07-02,-0.043268740185165126,50,0,4.926132177941559,0,100,61.86056107240747,50,0,0.5634751274138856,100,0,0.9476314445279864,50,0,,50,0
2014-07-03,-0.05026916396989512,50,0,4.872171223723671,0,100,61.86056107240747,50,0,0.5617359480733968,100,0,1.0704473432027928,50,0,,50,0
2014-07-04,-0.06903466481582052,50,0,4.737167572048075,0,100,61.86056107240747,50,0,0.5598411269706609,100,0,1.3741865480776916,50,0,,50,0
2014-07-05,-0.06964653896100927,50,0,4.719946868274587,0,100,61.86056107240747,50,0,0.5579726200059237,100,0,1.0820061446842721,50,0,,50,0
2014-07-06,-0.06515924221389581,50,0,4.735352616916677,0,100,61.86056107240747,50,0,0.5562521098142034,100,0,1.061828197167549,50,0,,50,0
2014-07-07,-0.0793247819913583,50,0,4.631806315026878,0,100,61.86056107240747,50,0,0.5545502412168525,100,0,1.155749750810688,50,0,,50,0
2014-07-08,-0.07720918321153383,50,0,4.631599774939514,0,100,61.86056107240747,50,0,0.5529116210378335,100,0,1.097236666537103,50,0,,50,0
2014-07-09,-0.0818635095327614,50,0,4.594569315111889,0,100,61.86056107240747,50,0,0.5514926660625422,100,0,1.2875251829410104,50,0,,50,0
2014-07-10,-0.08858152545752342,50,0,4.539789249822761,0,100,61.86056107240747,50,0,0.5502138917243252,100,0,1.283703226133543,50,0,,50,0
2014-07-11,-0.06831683962497942,50,0,4.656584672384859,0,100,61.86056107240747,50,0,0.5490975846577454,100,0,1.1119617739588397,50,0,,50,0
2014-07-12,-0.06592534158784456,50,0,4.658861703624081,0,100,61.86056107240747,50,0,0.5480503638248228,100,0,1.3131423247644143,50,0,,50,0
2014-07-13,-0.07441117995709237,50,0,4.592195555043633,0,100,61.86056107240747,50,0,0.5467416153145894,100,0,1.2042163678474747,50,0,,50,0
2014-07-14,-0.0869321841421711,50,0,4.499835603011406,0,100,61.86056107240747,50,0,0.5453901104830916,100,0,0.9421993074734255,50,0,,50,0
2014-07-15,-0.08417813237624214,50,0,4.50518400047581,0,100,61.86056107240747,50,0,0.5441154536030003,100,0,1.2774549902007044,50,0,,50,0
2014-07-16,-0.09082854070258078,50,0,4.450551896309882,0,100,61.86056107240747,50,0,0.5436976958414645,100,0,1.0599958942946142,50,0,,50,0
2014-07-17,-0.08227227024696385,50,0,4.493184081549824,0,100,61.86056107240747,50,0,0.5431838642598688,100,0,1.2068941609960369,50,0,,50,0
2014-07-18,-0.0753066654397217,50,0,4.525229930505659,0,100,61.86056107240747,50,0,0.5427933675879268,100,0,1.457574836458395,50,0,,50,0
2014-07-19,-0.07720621545246034,50,0,4.499411851515434,0,100,61.86056107240747,50,0,0.5426708465207779,100,0,1.2960089915528248,50,0,,50,0
2014-07-20,-0.0820944216559792,50,0,4.457111426371063,0,100,61.86056107240747,50,0,0.5425611063729773,100,0,1.1881353385040194,50,0,,50,0
2014-07-21,-0.08748972168882073,50,0,4.415035240471764,0,100,61.86056107240747,50,0,0.5422193892244442,100,0,1.1673482311490337,50,0,,50,0
2014-07-22,-0.08950433888439313,50,0,4.390691534395034,0,100,61.86056107240747,50,0,0.5422304497279195,100,0,1.0510203677391048,50,0,,50,0
2014-07-23,-0.09033852069821713,50,0,4.376610699057758,0,100,61.86056107240747,50,0,0.5421459069804401,100,0,0.9832245449825154,50,0,,50,0
2014-07-24,-0.10993161288609313,50,0,4.244411580617559,0,100,61.86056107240747,50,0,0.5419518744347015,100,0,0.9755573595792908,50,0,,50,0
2014-07-25,-0.11163765272686095,50,0,4.22247888131424,0,100,61.86056107240747,50,0,0.5416395169406416,100,0,1.0895879420163328,50,0,,50,0
2014-07-26,-0.11961330670388887,50,0,4.1618094095208455,0,100,61.86056107240747,50,0,0.5413183783637261,100,0,0.9134797922313872,50,0,,50,0
2014-07-27,-0.12337779651837874,50,0,4.127720340143295,0,100,61.86056107240747,50,0,0.5410721318626958,100,0,1.1281827423331627,50,0,,50,0
2014-07-28,-0.12806362611385355,50,0,4.087268743728077,0,100,61.86056107240747,50,0,0.5407705466309483,100,0,1.0462239444284291,50,0,,50,0
2014-07-29,-0.13179996519848394,50,0,4.051988995485928,0,100,61.86056107240747,50,0,0.5405457373430428,100,0,1.008546496821822,50,0,,50,0
2014-07-30,-0.155789757659248,50,0,3.8940796895524463,0,100,61.86056107240747,50,0,0.5408703802359871,100,0,1.5153298371250277,0,0,,50,0
2014-07-31,-0.13436589788030373,50,0,4.014394862074037,0,100,59.30162311043771,50,0,0.5408181444920678,100,0,1.0613744886872896,50,0,,50,0
2014-08-01,-0.1185593838213456,50,0,4.10257295396789,0,100,59.30162311043771,50,0,0.5408297372312503,100,0,1.1217691754276446,50,0,,50,0
2014-08-02,-0.12655679863593824,50,0,4.044435650579525,0,100,59.30162311043771,50,0,0.540875544542416,100,0,1.2133262450614644,50,0,,50,0
2014-08-03,-0.1300617261951344,50,0,4.012307233421682,0,100,59.30162311043771,50,0,0.5405141133402867,100,0,1.089916332452291,50,0,,50,0
2014-08-04,-0.12983697063694621,50,0,4.006652777516428,0,100,59.30162311043771,50,0,0.5396462199345947,100,0,0.8204279483960686,50,0,,50,0
2014-08-05,-0.14030539077761642,50,0,3.9563959759742664,0,100,59.30162311043771,50,0,0.5386702301578116,100,0,0.83138496877844,50,0,,50,0
2014-08-06,-0.1400725711016701,50,0,3.947725046345766,0,100,59.30162311043771,50,0,0.5379925289278326,100,0,1.1818723121982686,50,0,,50,0
2014-08-07,-0.13607613761184317,50,0,3.9622334734042686,0,100,59.30162311043771,50,0,0.5374805800272372,100,0,0.9691218309770083,50,0,,50,0
2014-08-08,-0.13293120127498595,50,0,3.971071814729104,0,100,59.30162311043771,50,0,0.5367998553962968,100,0,1.0655049475379645,50,0,,50,0
2014-08-09,-0.13333471007899353,50,0,3.9595339510358207,0,100,59.30162311043771,50,0,0.5361498740071032,100,0,1.3368734011431649,50,0,,50,0
2014-08-10,-0.13317485634164597,50,0,3.9510092459974064,0,100,59.30162311043771,50,0,0.5355472588711555,100,0,1.2344073404189753,50,0,,50,0
2014-08-11,-0.1512688167578936,50,0,3.8336800628521486,0,100,59.30162311043771,50,0,0.5349284152909923,100,0,1.2616169540287168,50,0,,50,0
2014-08-12,-0.1571387249152209,50,0,3.7890763321788876,0,100,59.30162311043771,50,0,0.5342904891646085,100,0,1.1472189735256177,50,0,,50,0
2014-08-13,-0.17965223939595257,50,0,3.64662661742478,0,100,59.30162311043771,50,0,0.5334384718392404,100,0,0.9055301457879958,50,0,,50,0
2014-08-14,-0.2276184141399295,50,0,3.350894620835126,0,100,59.30162311043771,50,0,0.5326612693223232,100,0,1.1254071527237688,50,0,,50,0
2014-08-15,-0.23276445925174902,50,0,3.3113056624561676,0,100,59.30162311043771,50,0,0.5319384454195897,100,0,0.865430964304747,50,0,,50,0
2014-08-16,-0.20851347943175733,50,0,3.444608359194923,0,100,59.30162311043771,50,0,0.5315205038625708,100,0,0.8336639454098986,50,0,,50,0
2014-08-17,-0.23583839041772633,50,0,3.2785749481151143,0,100,59.30162311043771,50,0,0.5309530668505333,100,0,1.16352482247717,50,0,,50,0
2014-08-18,-0.26724630749579026,50,0,3.08203811837211,0,100,59.30162311043771,50,0,0.5301732728656744,100,0,1.2136164169839938,50,0,,50,0
2014-08-19,-0.24675911341503232,50,0,3.1919681476815733,0,100,59.30162311043771,50,0,0.5294845557923024,100,0,1.0401155221407885,50,0,,50,0
2014-08-20,-0.21470334885834874,50,0,3.3695770659665625,0,100,59.30162311043771,50,0,0.5288424736692962,100,0,0.894220648612397,50,0,,50,0
2014-08-21,-0.20979591566949474,50,0,3.388748127386794,0,100,59.30162311043771,50,0,0.5282920651760856,100,0,0.9353935822323712,50,0,,50,0
2014-08-22,-0.2134212196301706,50,0,3.3601203001022166,0,100,59.30162311043771,50,0,0.5278242317820879,100,0,0.8417760738067456,50,0,,50,0
2014-08-23,-0.23472342994132916,50,0,3.228752394910419,0,100,59.30162311043771,50,0,0.5272778082729817,100,0,1.0063156477811175,50,0,,50,0
2014-08-24,-0.22185988495726336,50,0,3.2944076967766565,0,100,59.30162311043771,50,0,0.5268269147246102,100,0,0.837614624604371,50,0,,50,0
2014-08-25,-0.22958629629365157,50,0,3.242688067998867,0,100,59.30162311043771,50,0,0.5263674204224573,100,0,0.7428964793406774,50,0,,50,0
2014-08-26,-0.2180437520414348,50,0,3.301098442520152,0,100,59.30162311043771,50,0,0.5258692692785503,100,0,0.932754427917127,50,0,,50,0
2014-08-27,-0.2199119093033677,50,0,3.2824876336173925,0,100,59.30162311043771,50,0,0.5253918812086623,100,0,0.9442950186420185,50,0,,50,0
2014-08-28,-0.22175350000476726,50,0,3.249981602828313,0,100,59.30162311043771,50,0,0.5247933447106502,100,0,1.012555188844711,50,0,,50,0
2014-08-29,-0.21851016096395623,50,0,3.258951324155948,0,100,59.30162311043771,50,0,0.524179743036542,100,0,0.9682479453796383,50,0,,50,0
2014-08-30,-0.22719174862822744,50,0,3.2029951108567705,0,100,59.30162311043771,50,0,0.5236630943934143,100,0,1.0078242789384162,50,0,,50,0
2014-08-31,-0.2532587882346656,50,0,3.0508780640484146,0,100,54.86298792155866,50,0,0.5230085499456515,100,0,1.0797164906570376,50,0,,50,0
2014-09-01,-0.2578826141795398,50,0,3.0190448323157995,0,100,54.86298792155866,50,0,0.5223563516193325,100,0,0.7112452807413426,50,0,,50,0
2014-09-02,-0.2575866364970498,50,0,3.0118490338440633,0,100,54.86298792155866,50,0,0.5216602266272066,100,0,0.7110068104890173,50,0,,50,0
2014-09-03,-0.2580354476316309,50,0,3.0024059071529634,0,100,54.86298792155866,50,0,0.5209468849713366,100,0,0.9101630134673255,50,0,,50,0
2014-09-04,-0.24031263721183826,50,0,3.0943511945719835,0,100,54.86298792155866,50,0,0.5202990774310542,100,0,0.8804342185735927,50,0,,50,0
2014-09-05,-0.25285226255005505,50,0,3.0195298727414945,0,100,54.86298792155866,50,0,0.5195878445512847,100,0,0.7520645840038002,50,0,,50,0
2014-09-06,-0.2508041117236831,50,0,3.024922901858049,0,100,54.86298792155866,50,0,0.5189092688722245,100,0,0.9721307923056325,50,0,,50,0
2014-09-07,-0.25305086089378903,50,0,3.004137087416706,0,100,54.86298792155866,50,0,0.5182162682584703,100,0,0.830862810933682,50,0,,50,0
2014-09-08,-0.2636242291822177,50,0,2.938988303913121,0,100,54.86298792155866,50,0,0.5171288515882463,100,0,0.7167732855792046,50,0,,50,0
2014-09-09,-0.2579819133514068,50,0,2.9611444453839666,0,100,54.86298792155866,50,0,0.5160433323052389,100,0,0.7114334727492423,50,0,,50,0
2014-09-10,-0.25281938796644293,50,0,2.981464783880118,0,100,54.86298792155866,50,0,0.5147205714549589,100,0,0.9247678026676542,50,0,,50,0
2014-09-11,-0.2533001076278894,50,0,2.9719768855510518,0,100,54.86298792155866,50,0,0.5134275531342213,100,0,0.8164802202067615,50,0,,50,0
2014-09-12,-0.2567145492363016,50,0,2.945387150484532,0,100,54.86298792155866,50,0,0.5120945832683628,100,0,0.7645786257189281,50,0,,50,0
2014-09-13,-0.2521802431854648,50,0,2.9637335086214884,0,100,54.86298792155866,50,0,0.5104242899803445,100,0,1.0056492929697833,50,0,,50,0
2014-09-14,-0.254877305790262,50,0,2.9431948341758547,0,100,54.86298792155866,50,0,0.5086564046335323,100,0,0.7945039158350284,50,0,,50,0
2014-09-15,-0.25812199567313404,50,0,2.918584753121427,0,100,54.86298792155866,50,0,0.5069627829482426,100,0,0.797514654577247,50,0,,50,0
2014-09-16,-0.26768819658817383,50,0,2.8603817656368653,0,100,54.86298792155866,50,0,0.5051913916817534,100,0,0.8857651050503239,50,0,,50,0
2014-09-17,-0.2766143603477831,50,0,2.806448722256969,0,100,54.86298792155866,50,0,0.5033943924738138,100,0,0.8494199677222247,50,0,,50,0
2014-09-18,-0.3095966101656658,50,0,2.620363138552663,0,100,54.86298792155866,50,0,0.5010794385955812,100,0,0.8506173430788951,50,0,,50,0
2014-09-19,-0.34640085473522975,50,0,2.413714693113057,0,0,54.86298792155866,50,0,0.49854879829888515,100,0,0.7588418077693109,50,0,,50,0
2014-09-20,-0.3254897582288037,50,0,2.51427095717407,0,100,54.86298792155866,50,0,0.4960991807331328,100,0,0.7495749119296424,50,0,,50,0
2014-09-21,-0.33756310563524433,50,0,2.4449330692010935,0,0,54.86298792155866,50,0,0.4933385108448302,100,0,0.6851747540839686,50,0,,50,0
2014-09-22,-0.3366894505790132,50,0,2.443576801983764,0,0,54.86298792155866,50,0,0.49052173187959663,100,0,0.7231451895742698,50,0,,50,0
2014-09-23,-0.2929824931337994,50,0,2.667740049413277,0,100,54.86298792155866,50,0,0.4881425556336318,100,0,0.6855209512826381,50,0,,50,0
2014-09-24,-0.3098907007627312,50,0,2.5730143797814846,0,100,54.86298792155866,50,0,0.48555526674440663,100,0,0.6841786076106728,50,0,,50,0
2014-09-25,-0.32604327190349586,50,0,2.482603193621177,0,0,54.86298792155866,50,0,0.4829895861811421,100,0,0.775892868319861,50,0,,50,0
2014-09-26,-0.33026819418775233,50,0,2.4526023807408674,0,0,54.86298792155866,50,0,0.4803572433840019,100,0,0.5485977936647226,50,0,,50,0
2014-09-27,-0.335476721885085,50,0,2.419980225852823,0,0,54.86298792155866,50,0,0.4777000266574549,100,0,0.5039553003183005,50,0,,50,0
2014-09-28,-0.3644466351179679,50,0,2.264991954970144,0,0,54.86298792155866,50,0,0.4749981765664764,100,0,0.5608135348241445,50,0,,50,0
2014-09-29,-0.3661497481342702,50,0,2.2463939364818244,0,0,54.86298792155866,50,0,0.47227582473479807,100,0,0.49919346025265476,100,0,,50,0
2014-09-30,-0.3468486302242307,50,0,2.3400228312066806,0,0,51.29634494117926,50,0,0.46981391477015877,100,0,0.5681234387068884,50,0,,50,0
2014-10-01,-0.35378290368257886,50,0,2.2980462166144826,0,0,51.29634494117926,50,0,0.46762302624915286,100,0,0.5790023808671118,50,0,,50,0
2014-10-02,-0.3655136570750422,50,0,2.2321660007674424,0,0,51.29634494117926,50,0,0.4653536778952473,100,0,0.5495747344397965,50,0,,50,0
2014-10-03,-0.3814865580347703,50,0,2.1398518929292423,0,0,51.29634494117926,50,0,0.4631952171401844,100,0,0.5243358610463689,50,0,,50,0
2014-10-04,-0.4146258616628196,50,0,1.9645506609770622,0,0,51.29634494117926,50,0,0.4608027024361035,100,0,0.615239111909647,50,0,,50,0
2014-10-05,-0.4214726865182907,50,0,1.9260531772982563,0,0,51.29634494117926,50,0,0.4583761878077718,100,0,0.5593506978859152,50,0,,50,0
2014-10-06,-0.4136365581523224,50,0,1.9470724620378788,0,0,51.29634494117926,50,0,0.4558620537830131,100,0,0.5122702025381444,50,0,,50,0
2014-10-07,-0.4051734548643076,50,0,1.9845725057201897,0,0,51.29634494117926,50,0,0.4534233457648406,100,0,0.3908278489892266,100,0,,50,0
2014-10-08,-0.3804477195552417,50,0,2.1053740844442634,0,0,51.29634494117926,50,0,0.4512261163260332,100,0,0.45586833183228703,100,0,,50,0
2014-10-09,-0.3711642662574156,50,0,2.1455028835201575,0,0,51.29634494117926,50,0,0.44908262904665147,100,0,0.530025668536328,50,0,,50,0
2014-10-10,-0.3741078698187305,50,0,2.1255103409265517,0,0,51.29634494117926,50,0,0.4468983604248334,100,0,0.5547643092731956,50,0,,50,0
2014-10-11,-0.3702159137286711,50,0,2.1401097928241968,0,0,51.29634494117926,50,0,0.444668864415853,100,0,0.5654075945762135,50,0,,50,0
2014-10-12,-0.35098079059350334,50,0,2.230945959380005,0,0,51.29634494117926,50,0,0.4426411941509997,100,0,0.5483248962550614,50,0,,50,0
2014-10-13,-0.33484396699640145,50,0,2.3105104600556343,0,0,51.29634494117926,50,0,0.44077279989571555,100,0,0.6062425852648868,50,0,,50,0
2014-10-14,-0.32441021846863066,50,0,2.358910125561718,0,0,51.29634494117926,50,0,0.4391109684819554,100,0,0.559826548991419,50,0,,50,0
2014-10-15,-0.33086012908542833,50,0,2.3182625508183166,0,0,51.29634494117926,50,0,0.4372616134130816,100,0,0.5845854255739831,50,0,,50,0
2014-10-16,-0.3455131672954072,50,0,2.2423842688200732,0,0,51.29634494117926,50,0,0.4352063497888432,100,0,0.5696519679525102,50,0,,50,0
2014-10-17,-0.3451679739338276,50,0,2.238095062535865,0,0,51.29634494117926,50,0,0.43320135183561365,100,0,0.49409989646378266,100,0,,50,0
2014-10-18,-0.33437751713927216,50,0,2.2875966173801237,0,0,51.29634494117926,50,0,0.4312047089060653,100,0,0.5975771682730533,50,0,,50,0
2014-10-19,-0.337491736146354,50,0,2.2686656287712577,0,0,51.29634494117926,50,0,0.4289170883073551,100,0,0.5328412377644971,50,0,,50,0
2014-10-20,-0.3462870974598491,50,0,2.2213990604929257,0,0,51.29634494117926,50,0,0.42659928907257183,100,0,0.5107789006252631,50,0,,50,0
2014-10-21,-0.341391965120672,50,0,2.241198100658187,0,0,51.29634494117926,50,0,0.4242741300497919,100,0,0.6498593413786894,50,0,,50,0
2014-10-22,-0.34646041868319893,50,0,2.2119494676918237,0,0,51.29634494117926,50,0,0.42200468722954726,100,0,0.5977673301862877,50,0,,50,0
2014-10-23,-0.3740033064562863,50,0,2.0727500106889427,0,0,51.29634494117926,50,0,0.4197816970949759,100,0,0.5291821137549461,50,0,,50,0
2014-10-24,-0.37323965906535134,50,0,2.0705186065013437,0,0,51.29634494117926,50,0,0.41765040540484705,100,0,0.5468208788476847,50,0,,50,0
2014-10-25,-0.38692168334764704,50,0,2.000026877993097,0,0,51.29634494117926,50,0,0.41541647730042336,100,0,0.5851217468931832,50,0,,50,0
2014-10-26,-0.37802921286380814,50,0,2.039105543296665,0,0,51.29634494117926,50,0,0.413306979527153,100,0,0.38286861581719445,100,0,,50,0
2014-10-27,-0.38129404666723243,50,0,2.0184852892685865,0,0,51.29634494117926,50,0,0.4111952765493467,100,0,0.5192302753431065,50,0,,50,0
2014-10-28,-0.37556072910957783,50,0,2.0422513189375913,0,0,51.29634494117926,50,0,0.40915612314076305,100,0,0.48573626802056,100,0,,50,0
2014-10-29,-0.4002581090157447,50,0,1.918380642950323,0,0,51.29634494117926,50,0,0.4071176672269447,100,0,0.5920915844580572,50,0,,50,0
2014-10-30,-0.38667821248672263,50,0,1.97889573251926,0,0,51.29634494117926,50,0,0.40504681711539686,100,0,0.5549820470884042,50,0,,50,0
2014-10-31,-0.3948536519111138,50,0,1.9335779127082868,0,0,49.282872191705614,50,0,0.4028975340826224,100,0,0.623871939084153,50,0,,50,0
2014-11-01,-0.4100500642934057,50,0,1.8576438358657297,0,0,49.282872191705614,50,0,0.40078082877565585,100,0,0.5211119916861287,50,0,,50,0
2014-11-02,-0.4099795708051246,50,0,1.8544833816018893,0,0,49.282872191705614,50,0,0.3988385749172051,100,0,0.4728314472488605,100,0,,50,0
2014-11-03,-0.4082434890556119,50,0,1.8583828177149906,0,0,49.282872191705614,50,0,0.3972111885490659,100,0,0.5500116889407604,50,0,,50,0
2014-11-04,-0.40251042119906555,50,0,1.8803928086701565,0,0,49.282872191705614,50,0,0.39543266834239355,100,0,0.5890719187387022,50,0,,50,0
2014-11-05,-0.39123625242322535,50,0,1.9299123318862168,0,0,49.282872191705614,50,0,0.3937352643854391,100,0,0.4442962096877734,100,0,,50,0
2014-11-06,-0.37864836108882244,50,0,1.9890831865092666,0,0,49.282872191705614,50,0,0.3922864455223501,100,0,0.533186812072305,50,0,,50,0
2014-11-07,-0.3874832365793326,50,0,1.9434011565865235,0,0,49.282872191705614,50,0,0.3909576954588062,100,0,0.5328262946526584,50,0,,50,0
2014-11-08,-0.3831494650791839,50,0,1.9610056327501422,0,0,49.282872191705614,50,0,0.3897340264757626,100,0,0.5145239127355612,50,0,,50,0
2014-11-09,-0.3611143615480126,50,0,2.059472762446781,0,0,49.282872191705614,50,0,0.38858766537331785,100,0,0.4720991952634967,100,0,,50,0
2014-11-10,-0.3588452948296745,50,0,2.067136162083435,0,0,49.282872191705614,50,0,0.38747618582891813,100,0,0.5194959269286841,50,0,,50,0
2014-11-11,-0.3558908968122538,50,0,2.0771915547963413,0,0,49.282872191705614,50,0,0.3865642178229699,100,0,0.44532737423956675,100,0,,50,0
2014-11-12,-0.2903994661597165,50,0,2.382408934397852,0,0,49.282872191705614,50,0,0.386191223358139,100,0,0.4940689106499883,100,0,,50,0
2014-11-13,-0.29283787525751576,50,0,2.374561230350651,0,0,49.282872191705614,50,0,0.38590757702280987,100,0,0.6188460258557942,50,0,,50,0
2014-11-14,-0.3210511081697299,50,0,2.238576161624097,0,0,49.282872191705614,50,0,0.3857697891068107,100,0,0.593538508386724,50,0,,50,0
2014-11-15,-0.3454832850316333,50,0,2.1207607606020726,0,0,49.282872191705614,50,0,0.3855160250899396,100,0,0.5302003626404883,50,0,,50,0
2014-11-16,-0.33078229602194914,50,0,2.1858621443778192,0,0,49.282872191705614,50,0,0.38506653722233003,100,0,0.5780322035197271,50,0,,50,0
2014-11-17,-0.33366235679140605,50,0,2.167352925417343,0,0,49.282872191705614,50,0,0.3847727187347078,100,0,0.5390824286336356,50,0,,50,0
2014-11-18,-0.34984564526194606,50,0,2.087966028325656,0,0,49.282872191705614,50,0,0.384588470626901,100,0,0.5771882742931098,50,0,,50,0
2014-11-19,-0.34490726550951245,50,0,2.1057332245211295,0,0,49.282872191705614,50,0,0.3844317078100615,100,0,0.47735099956304816,100,0,,50,0
2014-11-20,-0.3702283537560148,50,0,1.9834076856363858,0,0,49.282872191705614,50,0,0.3838172452791558,100,0,0.49276865134741765,100,0,,50,0
2014-11-21,-0.3764507252612864,50,0,1.9504393182211341,0,0,49.282872191705614,50,0,0.38282362175549717,100,0,0.41829071348000735,100,0,,50,0
2014-11-22,-0.37426783407951947,50,0,1.9571931143181092,0,0,49.282872191705614,50,0,0.38162420202251107,100,0,0.5880744590623257,50,0,,50,0
2014-11-23,-0.3556530953945249,50,0,2.039281560438362,0,0,49.282872191705614,50,0,0.38066271292322895,100,0,0.47316345750768773,100,0,,50,0
2014-11-24,-0.34450423564041743,50,0,2.0872981951375458,0,0,49.282872191705614,50,0,0.38001922678701455,100,0,0.5468294133754759,50,0,,50,0
2014-11-25,-0.3446494880031236,50,0,2.082877100814287,0,0,49.282872191705614,50,0,0.37952617098713437,100,0,0.4722311510334479,100,0,,50,0
2014-11-26,-0.35561024914042594,50,0,2.0289334122638083,0,0,49.282872191705614,50,0,0.3787432571369031,100,0,0.5303636574808136,50,0,,50,0
2014-11-27,-0.35309496894243336,50,0,2.037009632054984,0,0,49.282872191705614,50,0,0.3779401608276752,100,0,0.5124435721704965,50,0,,50,0
2014-11-28,-0.3385515167712892,50,0,2.080039153336718,0,0,49.282872191705614,50,0,0.37719669961941704,100,0,0.5214961059769114,50,0,,50,0
2014-11-29,-0.34069515575753173,50,0,2.066965520169206,0,0,49.282872191705614,50,0,0.3763832852135162,100,0,0.6738685372661771,50,0,,50,0
2014-11-30,-0.33753683789734884,50,0,2.0782469837158986,0,0,50.93580327248995,50,0,0.3757350632170128,100,0,0.559039731281382,50,0,,50,0
2014-12-01,-0.3369308747095422,50,0,2.0774775247834896,0,0,50.93580327248995,50,0,0.37476389292936313,100,0,0.5044677599624818,50,0,,50,0
2014-12-02,-0.3316887847271845,50,0,2.0953567811483005,0,0,50.93580327248995,50,0,0.37398741919148215,100,0,0.5609235569537604,50,0,,50,0
2014-12-03,-0.34026247285846695,50,0,2.053874981141183,0,0,50.93580327248995,50,0,0.3732155048747583,100,0,0.41946787526614815,100,0,,50,0
2014-12-04,-0.3475576913155184,50,0,2.012353230505336,0,0,50.93580327248995,50,0,0.37274848791767007,100,0,0.5913706259665926,50,0,,50,0
2014-12-05,-0.3357691873782163,50,0,2.0616011969311105,0,0,50.93580327248995,50,0,0.3719965515772474,100,0,0.5748080511620036,50,0,,50,0
2014-12-06,-0.33978197015044226,50,0,2.0407041629376113,0,0,50.93580327248995,50,0,0.37141447869238203,100,0,0.5652500960510205,50,0,,50,0
2014-12-07,-0.33786440481676255,50,0,2.04588701862163,0,0,50.93580327248995,50,0,0.3711145639707783,100,0,0.5081592019837959,50,0,,50,0
2014-12-08,-0.3508801897011048,50,0,1.9701982156219013,0,0,50.93580327248995,50,0,0.3706642950633291,100,0,0.6575334001360433,50,0,,50,0
2014-12-09,-0.3658490547849491,50,0,1.9019354246053952,0,0,50.93580327248995,50,0,0.3698856861282593,100,0,0.5336149265745368,50,0,,50,0
2014-12-10,-0.3687963383675151,50,0,1.8819375154216065,0,0,50.93580327248995,50,0,0.36910302639199793,100,0,0.496440858605407,100,0,,50,0
2014-12-11,-0.3676222151023062,50,0,1.8832575296673348,0,0,50.93580327248995,50,0,0.36848839179373577,100,0,0.5539034971820643,50,0,,50,0
2014-12-12,-0.3617294695272263,50,0,1.9055065715898944,0,0,50.93580327248995,50,0,0.3680063624134657,100,0,0.5205292621467121,50,0,,50,0
2014-12-13,-0.36654429635260644,50,0,1.8816837559041135,0,0,50.93580327248995,50,0,0.3673891346338392,100,0,0.6008497060713622,50,0,,50,0
2014-12-14,-0.3579575173337145,50,0,1.9159018240062964,0,0,50.93580327248995,50,0,0.366893189314279,100,0,0.5473767551788961,50,0,,50,0
2014-12-15,-0.36884688032790097,50,0,1.8650798372521658,0,0,50.93580327248995,50,0,0.36626756606586874,100,0,0.5917869005488268,50,0,,50,0
2014-12-16,-0.3916043650717736,50,0,1.7635522817918994,0,0,50.93580327248995,50,0,0.3655217329438713,100,0,0.5348300260901024,50,0,,50,0
2014-12-17,-0.4015949964689235,50,0,1.7168236710154658,0,0,50.93580327248995,50,0,0.364796129879739,100,0,0.48702667243413766,100,0,,50,0
2014-12-18,-0.4095837372401001,50,0,1.678442322600127,0,0,50.93580327248995,50,0,0.36406475008261924,100,0,0.4545647721049378,100,0,,50,0
2014-12-19,-0.40327171485004576,50,0,1.7017067801162837,0,0,50.93580327248995,50,0,0.3634687449397748,100,0,0.48361673000637895,100,0,,50,0
2014-12-20,-0.3881794155495111,50,0,1.762710144631583,0,0,50.93580327248995,50,0,0.3631831237316998,100,0,0.47944858445938826,100,0,,50,0
2014-12-21,-0.3985258014370813,50,0,1.7121646411810088,0,0,50.93580327248995,50,0,0.36301559109682513,100,0,0.5118847832674188,50,0,,50,0
2014-12-22,-0.3847263234843107,50,0,1.767808304218087,0,0,50.93580327248995,50,0,0.3629432252023509,100,0,0.6454094925942819,50,0,,50,0
2014-12-23,-0.37733919455212006,50,0,1.7881232769203717,0,0,50.93580327248995,50,0,0.3626826312616438,100,0,0.5205672994115663,50,0,,50,0
2014-12-24,-0.3936852185564044,50,0,1.7165800366394144,0,0,50.93580327248995,50,0,0.3622339310493697,100,0,0.5385785947651925,50,0,,50,0
2014-12-25,-0.39864526090334373,50,0,1.6930884374717103,0,0,50.93580327248995,50,0,0.36187044142023694,100,0,0.5269876297688803,50,0,,50,0
2014-12-26,-0.3856260497923195,50,0,1.7451288209835334,0,0,50.93580327248995,50,0,0.3616004254972971,100,0,0.504921869046447,50,0,,50,0
2014-12-27,-0.4022185124166018,50,0,1.6729387264514128,0,0,50.93580327248995,50,0,0.36133214987803836,100,0,0.5283718747121484,50,0,,50,0
2014-12-28,-0.4005832894475174,50,0,1.6764517148506504,0,0,50.93580327248995,50,0,0.36106246034892703,100,0,0.5935812432522012,50,0,,50,0
2014-12-29,-0.40527236925086024,50,0,1.6536394160653414,0,0,50.93580327248995,50,0,0.36068020678953355,100,0,0.64892742575923,50,0,,50,0
2014-12-30,-0.40674734141690033,50,0,1.6378690161494365,0,0,50.93580327248995,50,0,0.3602253902551821,100,0,0.6388796163120429,50,0,,50,0
2014-12-31,-0.393143244347682,50,0,1.6897545220451513,0,0,48.55339393939025,50,0,0.35989368255132576,100,0,0.5488322047915214,50,0,,50,0
2015-01-01,-0.40058870918960465,50,0,1.6567816457810711,0,0,48.55339393939025,50,0,0.3594980530917955,100,0,0.5838081825808138,50,0,,50,0
2015-01-02,-0.398975717806076,50,0,1.6609528369598348,0,0,48.55339393939025,50,0,0.35902669816346444,100,0,0.5676990414443501,50,0,,50,0
2015-01-03,-0.43673851171521466,50,0,1.5000818632036383,0,0,48.55339393939025,50,0,0.3583998636058023,100,0,0.6116583814900011,50,0,,50,0
2015-01-04,-0.46462838578570814,50,0,1.3815460514264069,0,0,48.55339393939025,50,0,0.3577002686621323,100,0,0.6303627663558674,50,0,,50,0
2015-01-05,-0.44890685197277025,50,0,1.4412866175383012,0,0,48.55339393939025,50,0,0.35713313878941766,100,0,0.465923399672676,100,0,,50,0
2015-01-06,-0.43272750959843276,50,0,1.5054224406296308,0,0,48.55339393939025,50,0,0.35670934194431264,100,0,0.5298714729193812,50,0,,50,0
2015-01-07,-0.41981504775791495,50,0,1.5559766332145335,0,0,48.55339393939025,50,0,0.35660723301759367,100,0,0.41101545440031867,100,0,,50,0
2015-01-08,-0.4358862777393026,50,0,1.4854097050844408,0,0,48.55339393939025,50,0,0.3566933436020176,100,0,0.5422233911254194,50,0,,50,0
2015-01-09,-0.4245945439232084,50,0,1.5263700716163187,0,0,48.55339393939025,50,0,0.3566209634519115,100,0,0.4271213075127103,100,0,,50,0
2015-01-10,-0.445204640070754,50,0,1.4399869417922047,0,0,48.55339393939025,50,0,0.35657834984704956,100,0,0.5272993433229057,50,0,,50,0
2015-01-11,-0.45464276478456633,50,0,1.3996237643770348,0,0,48.55339393939025,50,0,0.3564993033683792,100,0,0.486167178300821,100,0,,50,0
2015-01-12,-0.45432738819138796,50,0,1.397511842097731,0,0,48.55339393939025,50,0,0.35592789732968605,100,0,0.43555797123256695,100,0,,50,0
2015-01-13,-0.5108014241236681,100,0,1.1649816455575719,50,0,48.55339393939025,50,0,0.3552711663829127,100,0,0.41036395058984587,100,0,,50,0
2015-01-14,-0.5721731303408156,100,0,0.9124253144952363,100,0,48.55339393939025,50,0,0.3544018640417221,100,0,0.37328198390076034,100,0,,50,0
2015-01-15,-0.5237807198985197,100,0,1.1022316693256522,50,0,48.55339393939025,50,0,0.3538401978394201,100,0,0.2939122801593099,100,0,,50,0
2015-01-16,-0.5296195054734534,100,0,1.0767712676097023,50,0,48.55339393939025,50,0,0.3532918559205121,100,0,0.3859292291023151,100,0,,50,0
2015-01-17,-0.5395600083497571,100,0,1.035703474903471,50,0,48.55339393939025,50,0,0.3529368158228041,100,0,0.30909572052980216,100,0,,50,0
2015-01-18,-0.5245149271194463,100,0,1.093460128763813,50,0,48.55339393939025,50,0,0.35268672242343124,100,0,0.3607438063497334,100,0,,50,0
2015-01-19,-0.5167592720991674,100,0,1.122405151796061,50,0,48.55339393939025,50,0,0.35230964385156094,100,0,0.36895897265281896,100,0,,50,0
2015-01-20,-0.5230184724711753,100,0,1.0958058211028234,50,0,48.55339393939025,50,0,0.3519387860722841,100,0,0.2758045465309356,100,0,,50,0
2015-01-21,-0.5003136378199958,100,0,1.1774710862430744,50,0,48.55339393939025,50,0,0.351747095022689,100,0,0.3805005150651727,100,0,,50,0
2015-01-22,-0.4926322545523082,50,0,1.2061072096591332,0,0,48.55339393939025,50,0,0.3516924737865333,100,0,0.37488983267749737,100,0,,50,0
2015-01-23,-0.49315513685990164,50,0,1.2024214681898815,0,0,48.55339393939025,50,0,0.35179689001156356,100,0,0.35534552154133725,100,0,,50,0
2015-01-24,-0.4720605141323739,50,0,1.2835087462531398,0,0,48.55339393939025,50,0,0.35200461249085996,100,0,0.32768222829169547,100,0,,50,0
2015-01-25,-0.4648222520887677,50,0,1.3102957434424998,0,0,48.55339393939025,50,0,0.35223639638896626,100,0,0.3588862158200388,100,0,,50,0
2015-01-26,-0.43795159244677095,50,0,1.4089311668503195,0,0,48.55339393939025,50,0,0.35254460836392193,100,0,0.4213294132218569,100,0,,50,0
2015-01-27,-0.45000657249464265,50,0,1.360304707221327,0,0,48.55339393939025,50,0,0.35255789646030955,100,0,0.549570860351762,50,0,,50,0
2015-01-28,-0.48830299404595107,50,0,1.2101669761868716,0,0,48.55339393939025,50,0,0.3522464154852374,100,0,0.6818245455469334,50,0,,50,0
2015-01-29,-0.4903075454214385,50,0,1.2000110700227957,0,0,48.55339393939025,50,0,0.35185963253030567,100,0,0.5124279572951953,50,0,,50,0
2015-01-30,-0.4966627947574453,50,0,1.1730708945911699,50,0,48.55339393939025,50,0,0.3515240784277431,100,0,0.47852712103956085,100,0,,50,0
2015-01-31,-0.5115667703008313,100,0,1.1129241064919517,50,0,44.5568808243383,50,0,0.35091473929136224,100,0,0.5104550308324435,50,0,,50,0
2015-02-01,-0.4983708690482263,50,0,1.1620395723731127,50,0,44.5568808243383,50,0,0.35017208145505024,100,0,0.46423108172262245,100,0,,50,0
2015-02-02,-0.4808150227071751,50,0,1.2273849280447289,0,0,44.5568808243383,50,0,0.3494550070413902,100,0,0.4336871639129066,100,0,,50,0
2015-02-03,-0.4971139473515988,50,0,1.1634555293560995,50,0,44.5568808243383,50,0,0.3486932574836263,100,0,0.3947819191919511,100,0,,50,0
2015-02-04,-0.4981598879855996,50,0,1.157420869766723,50,0,44.5568808243383,50,0,0.34803215095454043,100,0,0.45802565909946547,100,0,,50,0
2015-02-05,-0.5108696375542886,100,0,1.106685421786248,50,0,44.5568808243383,50,0,0.34716581212788344,100,0,0.47282678511549736,100,0,,50,0
2015-02-06,-0.5030780010136572,100,0,1.1349063612679013,50,0,44.5568808243383,50,0,0.34628597366021835,100,0,0.5160623523283693,50,0,,50,0
2015-02-07,-0.49498445536584984,50,0,1.1641173470314718,50,0,44.5568808243383,50,0,0.3455308838172065,100,0,0.4814488268201414,100,0,,50,0
2015-02-08,-0.5010570676080844,100,0,1.1397149955955501,50,0,44.5568808243383,50,0,0.3448168854457947,100,0,0.37986917839028905,100,0,,50,0
2015-02-09,-0.5051580767407379,100,0,1.1221955127802232,50,0,44.5568808243383,50,0,0.34388869941482103,100,0,0.4782327879954299,100,0,,50,0
2015-02-10,-0.5048257245656594,100,0,1.1219074985673616,50,0,44.5568808243383,50,0,0.3429830328310496,100,0,0.41475426823133105,100,0,,50,0
2015-02-11,-0.5063460522772633,100,0,1.11395263663705,50,0,44.5568808243383,50,0,0.34241085896953893,100,0,0.431396047667117,100,0,,50,0
2015-02-12,-0.5020739651377735,100,0,1.1287145446433984,50,0,44.5568808243383,50,0,0.3418539069464474,100,0,0.3116727718114951,100,0,,50,0
2015-02-13,-0.48317775599533197,50,0,1.198544249099004,50,0,44.5568808243383,50,0,0.34144601377668665,100,0,0.3891833327352231,100,0,,50,0
2015-02-14,-0.4547724251551199,50,0,1.3040995137127767,0,0,44.5568808243383,50,0,0.3411636217586818,100,0,0.46338225576190245,100,0,,50,0
2015-02-15,-0.4858866282345111,50,0,1.1857534087772874,50,0,44.5568808243383,50,0,0.34070985043765883,100,0,0.4936647696233824,100,0,,50,0
2015-02-16,-0.48487353352989687,50,0,1.1879879645574074,50,0,44.5568808243383,50,0,0.34046777237993664,100,0,0.4799946737042237,100,0,,50,0
2015-02-17,-0.47290922363854493,50,0,1.2314784888205697,0,0,44.5568808243383,50,0,0.3405008833471571,100,0,0.4870855731914712,100,0,,50,0
2015-02-18,-0.483486480714725,50,0,1.1905297675506565,50,0,44.5568808243383,50,0,0.3403517863917559,100,0,0.5384922920286561,50,0,,50,0
2015-02-19,-0.4748261176446548,50,0,1.2191204661999318,0,0,44.5568808243383,50,0,0.3403176580366758,100,0,0.5255375703317341,50,0,,50,0
2015-02-20,-0.47033196025725577,50,0,1.2364739329970702,0,0,44.5568808243383,50,0,0.34036353674300424,100,0,0.49756241117307043,100,0,,50,0
2015-02-21,-0.47019780936021455,50,0,1.235718870624471,0,0,44.5568808243383,50,0,0.34038896071093794,100,0,0.4398020758914145,100,0,,50,0
2015-02-22,-0.4820805734191499,50,0,1.1899063712735092,50,0,44.5568808243383,50,0,0.3403740048048534,100,0,0.47118413208664833,100,0,,50,0
2015-02-23,-0.4786235434446688,50,0,1.2008237628903757,0,0,44.5568808243383,50,0,0.34030679290314264,100,0,0.4736765951780957,100,0,,50,0
2015-02-24,-0.4773506408771134,50,0,1.2038300592644968,0,0,44.5568808243383,50,0,0.3401644657605566,100,0,0.3845796333580572,100,0,,50,0
2015-02-25,-0.47913508686587125,50,0,1.1946216907559053,50,0,44.5568808243383,50,0,0.3398987252107728,100,0,0.5425567849721095,50,0,,50,0
2015-02-26,-0.4806269363707523,50,0,1.18764730588723,50,0,44.5568808243383,50,0,0.3397191205575928,100,0,0.4818134886385369,100,0,,50,0
2015-02-27,-0.45615398045244954,50,0,1.2770411660522112,0,0,44.5568808243383,50,0,0.339614187780317,100,0,0.49701476038203324,100,0,,50,0
2015-02-28,-0.456255797102703,50,0,1.2750522318410822,0,0,46.290085307144324,50,0,0.3393401502180702,100,0,0.531121724426953,50,0,,50,0
2015-03-01,-0.44872672741758585,50,0,1.3023753000034823,0,0,46.290085307144324,50,0,0.33908693305835313,100,0,0.45806538058669555,100,0,,50,0
2015-03-02,-0.4275849234609816,50,0,1.3793341792991356,0,0,46.290085307144324,50,0,0.3389105960155128,100,0,0.5978442145882995,50,0,,50,0
2015-03-03,-0.4184368327245907,50,0,1.4097937937827283,0,0,46.290085307144324,50,0,0.3381971008428487,100,0,0.6360199093473605,50,0,,50,0
2015-03-04,-0.4310168113992848,50,0,1.3623139362450942,0,0,46.290085307144324,50,0,0.3374032101674719,100,0,0.5407465866499983,50,0,,50,0
2015-03-05,-0.4269487095979298,50,0,1.375034035605465,0,0,46.290085307144324,50,0,0.33682137066104884,100,0,0.5245282515621866,50,0,,50,0
2015-03-06,-0.43098126378577606,50,0,1.359044099485182,0,0,46.290085307144324,50,0,0.33638853607248675,100,0,0.5060382225026646,50,0,,50,0
2015-03-07,-0.42635458469873055,50,0,1.3730549510870877,0,0,46.290085307144324,50,0,0.3358402409743518,100,0,0.5195681955603578,50,0,,50,0
2015-03-08,-0.42730026010411776,50,0,1.3664465529335954,0,0,46.290085307144324,50,0,0.33529661588598436,100,0,0.6024521294034971,50,0,,50,0
2015-03-09,-0.4067184456771769,50,0,1.438396410117591,0,0,46.290085307144324,50,0,0.3350753709259467,100,0,0.5877054243863183,50,0,,50,0
2015-03-10,-0.4045361357668423,50,0,1.4477857738504765,0,0,46.290085307144324,50,0,0.3348291046830015,100,0,0.6420009386907928,50,0,,50,0
2015-03-11,-0.39883734655095926,50,0,1.467931327596115,0,0,46.290085307144324,50,0,0.33483459289270157,100,0,0.6579251966478236,50,0,,50,0
2015-03-12,-0.40112414614144387,50,0,1.462017549959612,0,0,46.290085307144324,50,0,0.33467424144140995,100,0,0.5277479684068342,50,0,,50,0
2015-03-13,-0.4139693155800191,50,0,1.4117543413731346,0,0,46.290085307144324,50,0,0.33444769558813076,100,0,0.5446335127432029,50,0,,50,0
2015-03-14,-0.41706166322609495,50,0,1.3990192808360222,0,0,46.290085307144324,50,0,0.33401816310729815,100,0,0.5098087726556502,50,0,,50,0
2015-03-15,-0.4120418604450685,50,0,1.4156844362586039,0,0,46.290085307144324,50,0,0.33345149519113837,100,0,0.5402215858179581,50,0,,50,0
2015-03-16,-0.40628357687004985,50,0,1.434566145779684,0,0,46.290085307144324,50,0,0.3329125218253044,100,0,0.5099091137383482,50,0,,50,0
2015-03-17,-0.4146379619329177,50,0,1.4029482299511338,0,0,46.290085307144324,50,0,0.3324720546922259,100,0,0.5475830119943363,50,0,,50,0
2015-03-18,-0.45211763981337155,50,0,1.264307747708614,0,0,46.290085307144324,50,0,0.3316839899381495,100,0,0.6478882150832268,50,0,,50,0
2015-03-19,-0.4453209762264329,50,0,1.2867757217859048,0,0,46.290085307144324,50,0,0.3308685833466435,100,0,0.5108473755655355,50,0,,50,0
2015-03-20,-0.443978824582677,50,0,1.2899003696658584,0,0,46.290085307144324,50,0,0.33007856925668744,100,0,0.4663349020929276,100,0,,50,0
2015-03-21,-0.44632633019669143,50,0,1.2800142992353505,0,0,46.290085307144324,50,0,0.3292702098129703,100,0,0.5953631310967472,50,0,,50,0
2015-03-22,-0.435731319781061,50,0,1.3166162186800565,0,0,46.290085307144324,50,0,0.3285137903114734,100,0,0.4856180065980054,100,0,,50,0
2015-03-23,-0.43849057842911604,50,0,1.3050436788666175,0,0,46.290085307144324,50,0,0.3276739847739877,100,0,0.572841418115633,50,0,,50,0
2015-03-24,-0.46534752497746307,50,0,1.2064761583832873,0,0,46.290085307144324,50,0,0.32674702222622565,100,0,0.6230709577243385,50,0,,50,0
2015-03-25,-0.4652088712735519,50,0,1.2049076226380497,0,0,46.290085307144324,50,0,0.3258703775526498,100,0,0.553793665794765,50,0,,50,0
2015-03-26,-0.4611464880369218,50,0,1.2176271182903042,0,0,46.290085307144324,50,0,0.32474372759271525,100,0,0.5659420982434703,50,0,,50,0
2015-03-27,-0.4638861512881707,50,0,1.2061118563845072,0,0,46.290085307144324,50,0,0.32375406214017144,100,0,0.6384801292951862,50,0,,50,0
2015-03-28,-0.4558063105470913,50,0,1.2335951237133076,0,0,46.290085307144324,50,0,0.322801208146328,100,0,0.5073557097613342,50,0,,50,0
2015-03-29,-0.4697318056903115,50,0,1.182629714227717,50,0,46.290085307144324,50,0,0.3218854564646167,100,0,0.560964511621186,50,0,,50,0
2015-03-30,-0.4621869475269237,50,0,1.207758628235743,0,0,46.290085307144324,50,0,0.3212434196096555,100,0,0.4925771306867817,100,0,,50,0
2015-03-31,-0.46699663296555033,50,0,1.1891566641367326,50,0,45.86987461542276,50,0,0.3207365750749682,100,0,0.5494462599777576,50,0,,50,0
2015-04-01,-0.46278395831598046,50,0,1.2001859428117052,0,0,45.86987461542276,50,0,0.3202632484353878,100,0,0.47892918227200343,100,0,,50,0
2015-04-02,-0.45397170328980113,50,0,1.2304387043436333,0,0,45.86987461542276,50,0,0.3197240873694612,100,0,0.6112597078469427,50,0,,50,0
2015-04-03,-0.45215983520720476,50,0,1.2352455555594586,0,0,45.86987461542276,50,0,0.3191994658031795,100,0,0.545388746445731,50,0,,50,0
2015-04-04,-0.45336558864394527,50,0,1.229941062072785,0,0,45.86987461542276,50,0,0.3186379195009536,100,0,0.6168155740038279,50,0,,50,0
2015-04-05,-0.4435036229063766,50,0,1.263580585453577,0,0,45.86987461542276,50,0,0.3182290433139678,100,0,0.5549639738564278,50,0,,50,0
2015-04-06,-0.4499622403142767,50,0,1.2396000413535275,0,0,45.86987461542276,50,0,0.31797209466417886,100,0,0.48424822649394894,100,0,,50,0
2015-04-07,-0.4519704798979367,50,0,1.2311907812393366,0,0,45.86987461542276,50,0,0.3177730982944073,100,0,0.6326877339216262,50,0,,50,0
2015-04-08,-0.46419685724258647,50,0,1.186788108779057,50,0,45.86987461542276,50,0,0.31757148365264243,100,0,0.5222844442410282,50,0,,50,0
2015-04-09,-0.46658186305090693,50,0,1.1764310923927022,50,0,45.86987461542276,50,0,0.31732786499809573,100,0,0.4672122012438326,100,0,,50,0
2015-04-10,-0.47673303588681726,50,0,1.1370619279348464,50,0,45.86987461542276,50,0,0.3168008086731868,100,0,0.5818178414814095,50,0,,50,0
2015-04-11,-0.47450767914280484,50,0,1.143595327167107,50,0,45.86987461542276,50,0,0.31636989113300307,100,0,0.49096105996543177,100,0,,50,0
2015-04-12,-0.47467434849236945,50,0,1.1414469424018716,50,0,45.86987461542276,50,0,0.3157697626921883,100,0,0.43086990188382124,100,0,,50,0
2015-04-13,-0.49030770506640936,50,0,1.084673371200156,50,0,45.86987461542276,50,0,0.31502409699124867,100,0,0.5615322905705818,50,0,,50,0
2015-04-14,-0.49795372083286327,50,0,1.0562961606063677,50,0,45.86987461542276,50,0,0.3143835495868529,100,0,0.4696299487778472,100,0,,50,0
2015-04-15,-0.4920690311886199,50,0,1.0726411130879367,50,0,45.86987461542276,50,0,0.31382004128876234,100,0,0.37482003273487025,100,0,,50,0
2015-04-16,-0.48472882969093667,50,0,1.0967293922029575,50,0,45.86987461542276,50,0,0.3132122749245737,100,0,0.48576007813935385,100,0,,50,0
2015-04-17,-0.49247375165702156,50,0,1.0685687623849278,50,0,45.86987461542276,50,0,0.3126815461550372,100,0,0.3962987005672589,100,0,,50,0
2015-04-18,-0.4915417688779801,50,0,1.0707512772140915,50,0,45.86987461542276,50,0,0.31211362496588435,100,0,0.4826264561769644,100,0,,50,0
2015-04-19,-0.49162470239360484,50,0,1.0694518993422655,50,0,45.86987461542276,50,0,0.31158197478707805,100,0,0.5708477844911168,50,0,,50,0
2015-04-20,-0.4891824126949759,50,0,1.0764032030421622,50,0,45.86987461542276,50,0,0.31108299508279785,100,0,0.5208826384854794,50,0,,50,0
2015-04-21,-0.4750467469943658,50,0,1.1236432223089658,50,0,45.86987461542276,50,0,0.3105534936280352,100,0,0.5288055294028505,50,0,,50,0
2015-04-22,-0.47649803439626937,50,0,1.117475473261473,50,0,45.86987461542276,50,0,0.3101051810106285,100,0,0.5538412396627828,50,0,,50,0
2015-04-23,-0.473573727409123,50,0,1.1267235738302126,50,0,45.86987461542276,50,0,0.3096575645387665,100,0,0.4504767484431775,100,0,,50,0
2015-04-24,-0.47966573856204586,50,0,1.1045480728730834,50,0,45.86987461542276,50,0,0.3095366168000059,100,0,0.4372661186371446,100,0,,50,0
2015-04-25,-0.4865428427469875,50,0,1.079858286679446,50,0,45.86987461542276,50,0,0.3096306160562262,100,0,0.6104068500896276,50,0,,50,0
2015-04-26,-0.4946569007268184,50,0,1.0507890658254313,50,0,45.86987461542276,50,0,0.3094998782090533,100,0,0.4514027314065751,100,0,,50,0
2015-04-27,-0.48494971283521654,50,0,1.0825255559114173,50,0,45.86987461542276,50,0,0.3092935984402336,100,0,0.5134566899159477,50,0,,50,0
2015-04-28,-0.4873159296585065,50,0,1.0733037866043316,50,0,45.86987461542276,50,0,0.3089522116817847,100,0,0.5378682300748463,50,0,,50,0
2015-04-29,-0.4870447870026352,50,0,1.0731127815287864,50,0,45.86987461542276,50,0,0.30877367646966114,100,0,0.400839336190916,100,0,,50,0
2015-04-30,-0.4721521503456401,50,0,1.1229577760328295,50,0,45.505476241465004,50,0,0.30860398588156596,100,0,0.47259828241095564,100,0,,50,0
2015-05-01,-0.4770521620900801,50,0,1.1051249359077588,50,0,45.505476241465004,50,0,0.30859026785133553,100,0,0.5591488933057963,50,0,,50,0
2015-05-02,-0.47310520216737273,50,0,1.1175545249107048,50,0,45.505476241465004,50,0,0.3086884889041007,100,0,0.5456620670729629,50,0,,50,0
2015-05-03,-0.4662371977457693,50,0,1.1400486320236656,50,0,45.505476241465004,50,0,0.3088287793668147,100,0,0.5145893758462532,50,0,,50,0
2015-05-04,-0.46826551166114816,50,0,1.13213282648167,50,0,45.505476241465004,50,0,0.30946610376646994,100,0,0.4924129250198181,100,0,,50,0
2015-05-05,-0.47225158460171324,50,0,1.1172985698589093,50,0,45.505476241465004,50,0,0.31073062993642575,100,0,0.5359535424172449,50,0,,50,0
2015-05-06,-0.4812787340390353,50,0,1.0855406534075198,50,0,45.505476241465004,50,0,0.31152617091060586,100,0,0.5996461752945896,50,0,,50,0
2015-05-07,-0.47047488344077193,50,0,1.1208837399943286,50,0,45.505476241465004,50,0,0.31252499005584655,100,0,0.48264485582454364,100,0,,50,0
2015-05-08,-0.4603244187735784,50,0,1.1542699631999254,50,0,45.505476241465004,50,0,0.3136775372172915,100,0,0.5889320472823828,50,0,,50,0
2015-05-09,-0.462649520876684,50,0,1.145464350365129,50,0,45.505476241465004,50,0,0.31469780754979143,100,0,0.5077252746884198,50,0,,50,0
2015-05-10,-0.4653360469134053,50,0,1.135280393941482,50,0,45.505476241465004,50,0,0.3157431446540939,100,0,0.5337239717201465,50,0,,50,0
2015-05-11,-0.4629089848889186,50,0,1.1415643681005307,50,0,45.505476241465004,50,0,0.3168924052092315,100,0,0.5907581416311484,50,0,,50,0
2015-05-12,-0.4628307465728211,50,0,1.1404963807117594,50,0,45.505476241465004,50,0,0.3178353334638261,100,0,0.5896104911564797,50,0,,50,0
2015-05-13,-0.4706392154242248,50,0,1.1130172930962465,50,0,45.505476241465004,50,0,0.31867556772476663,100,0,0.6709995511303758,50,0,,50,0
2015-05-14,-0.469925516441861,50,0,1.1140582548753868,50,0,45.505476241465004,50,0,0.31950885142846835,100,0,0.6178613963956304,50,0,,50,0
2015-05-15,-0.46910717632129806,50,0,1.1157382785239844,50,0,45.505476241465004,50,0,0.32028451675214153,100,0,0.6124573463845281,50,0,,50,0
2015-05-16,-0.4713757149831942,50,0,1.1070561232528546,50,0,45.505476241465004,50,0,0.32100185544669135,100,0,0.4981484976990365,100,0,,50,0
2015-05-17,-0.4697061929061424,50,0,1.111628347949221,50,0,45.505476241465004,50,0,0.3215100669398633,100,0,0.6400185636561395,50,0,,50,0
2015-05-18,-0.4752865583013431,50,0,1.0916872672022526,50,0,45.505476241465004,50,0,0.32217263449841027,100,0,0.5440938229743332,50,0,,50,0
2015-05-19,-0.47643684125090535,50,0,1.0866305489813775,50,0,45.505476241465004,50,0,0.3231973183447624,100,0,0.4601789694241345,100,0,,50,0
2015-05-20,-0.4732666728217327,50,0,1.0962014381867164,50,0,45.505476241465004,50,0,0.324201144016381,100,0,0.5464863878427167,50,0,,50,0
2015-05-21,-0.47128358755463295,50,0,1.1017662363841254,50,0,45.505476241465004,50,0,0.3253281189163741,100,0,0.5607056687403313,50,0,,50,0
2015-05-22,-0.4644964248901901,50,0,1.1232238339404739,50,0,45.505476241465004,50,0,0.3266182278973126,100,0,0.5145612571264279,50,0,,50,0
2015-05-23,-0.46630887424421885,50,0,1.1160284727938388,50,0,45.505476241465004,50,0,0.3278024595313103,100,0,0.44936872690156987,100,0,,50,0
2015-05-24,-0.46382375875879495,50,0,1.1233447645278658,50,0,45.505476241465004,50,0,0.32885683823337253,100,0,0.5430588392352879,50,0,,50,0
2015-05-25,-0.46885474078124145,50,0,1.1052179507903763,50,0,45.505476241465004,50,0,0.3300075835128596,100,0,0.5319212654576497,50,0,,50,0
2015-05-26,-0.4690390488533541,50,0,1.1034320082133735,50,0,45.505476241465004,50,0,0.3311823516222789,100,0,0.5888804199543942,50,0,,50,0
2015-05-27,-0.468306266156783,50,0,1.104509110758243,50,0,45.505476241465004,50,0,0.3324376509905276,100,0,0.5155997709436789,50,0,,50,0
2015-05-28,-0.46846343049039085,50,0,1.1025408609749299,50,0,45.505476241465004,50,0,0.3335262390741585,100,0,0.46229304724328,100,0,,50,0
2015-05-29,-0.4688415843982593,50,0,1.1002808465245093,50,0,45.505476241465004,50,0,0.3345584591463755,100,0,0.6497818842493231,50,0,,50,0
2015-05-30,-0.473269173926276,50,0,1.0815568048381152,50,0,45.505476241465004,50,0,0.33555963369367353,100,0,0.5130822473637343,50,0,,50,0
2015-05-31,-0.47779257499756567,50,0,1.065283239688491,50,0,45.18836721740733,50,0,0.33661133602019516,100,0,0.5367286481457466,50,0,,50,0
2015-06-01,-0.48613474926689404,50,0,1.0359250889010425,50,0,45.18836721740733,50,0,0.3376098424811194,100,0,0.46090060466671495,100,0,,50,0
2015-06-02,-0.4830044920804332,50,0,1.0446431434469974,50,0,45.18836721740733,50,0,0.33870047800804054,100,0,0.5376034669590274,50,0,,50,0
2015-06-03,-0.48294416674875695,50,0,1.0433975491239997,50,0,45.18836721740733,50,0,0.33975440030479154,100,0,0.5040058965160751,50,0,,50,0
2015-06-04,-0.485191636367962,50,0,1.0349180123753652,50,0,45.18836721740733,50,0,0.34059214508549474,100,0,0.5562964057583571,50,0,,50,0
2015-06-05,-0.48341777197534874,50,0,1.0396927228727055,50,0,45.18836721740733,50,0,0.3411716017214853,100,0,0.49555477817606597,100,0,,50,0
2015-06-06,-0.4827462192652887,50,0,1.0409289292150927,50,0,45.18836721740733,50,0,0.3420527061348063,100,0,0.7468273293504856,50,0,,50,0
2015-06-07,-0.4849710233920943,50,0,1.032111548479525,50,0,45.18836721740733,50,0,0.3429325093789396,100,0,0.5593671267230615,50,0,,50,0
2015-06-08,-0.47730877705360425,50,0,1.0561153914642933,50,0,45.18836721740733,50,0,0.34373151715778105,100,0,0.6075043371764975,50,0,,50,0
2015-06-09,-0.47641396289854465,50,0,1.0581017924569596,50,0,45.18836721740733,50,0,0.34461462970163637,100,0,0.5701146161544142,50,0,,50,0
2015-06-10,-0.4773508701109177,50,0,1.05373539423205,50,0,45.18836721740733,50,0,0.3453711399946259,100,0,0.6511548955054545,50,0,,50,0
2015-06-11,-0.4757519766063531,50,0,1.0575597615774461,50,0,45.18836721740733,50,0,0.346146770333034,100,0,0.5263872483276909,50,0,,50,0
2015-06-12,-0.47542950195216327,50,0,1.0578375486632703,50,0,45.18836721740733,50,0,0.3469840664093388,100,0,0.5696796618082558,50,0,,50,0
2015-06-13,-0.4707122263908923,50,0,1.0718004830959436,50,0,45.18836721740733,50,0,0.3479546586057214,100,0,0.6871442206634427,50,0,,50,0
2015-06-14,-0.47133306112175244,50,0,1.0686843256313023,50,0,45.18836721740733,50,0,0.34891371891001177,100,0,0.6143382379426789,50,0,,50,0
2015-06-15,-0.4652076923568441,50,0,1.087568680109597,50,0,45.18836721740733,50,0,0.3500200005338865,100,0,0.6263881082301159,50,0,,50,0
2015-06-16,-0.44464036059418166,50,0,1.1539071053167445,50,0,45.18836721740733,50,0,0.3513132044059546,100,0,0.5310437039516251,50,0,,50,0
2015-06-17,-0.44950046518937065,50,0,1.1371291487126947,50,0,45.18836721740733,50,0,0.352619508964709,100,0,0.7114932228985326,50,0,,50,0
2015-06-18,-0.4479293048816647,50,0,1.141022750287762,50,0,45.18836721740733,50,0,0.3536957893829639,100,0,0.6989080415581048,50,0,,50,0
2015-06-19,-0.453897824509446,50,0,1.120881049391718,50,0,45.18836721740733,50,0,0.3546924871438431,100,0,0.6460058648067984,50,0,,50,0
2015-06-20,-0.45279649935094357,50,0,1.1235876581046398,50,0,45.18836721740733,50,0,0.35562834631779006,100,0,0.5556707917769236,50,0,,50,0
2015-06-21,-0.4546402432127192,50,0,1.1168708658549276,50,0,45.18836721740733,50,0,0.356363935023955,100,0,0.5215853229424411,50,0,,50,0
2015-06-22,-0.4507629539926737,50,0,1.1284251133701233,50,0,45.18836721740733,50,0,0.3570126931333586,100,0,0.7034381682482339,50,0,,50,0
2015-06-23,-0.4547191242021609,50,0,1.1146344313165297,50,0,45.18836721740733,50,0,0.3577650226277911,100,0,0.6398386519687325,50,0,,50,0
2015-06-24,-0.45985831686061623,50,0,1.0967723550766941,50,0,45.18836721740733,50,0,0.3584376446333233,100,0,0.680403415736884,50,0,,50,0
2015-06-25,-0.45703669433741106,50,0,1.104584199623132,50,0,45.18836721740733,50,0,0.35915689040881044,100,0,0.680128379308142,50,0,,50,0
2015-06-26,-0.4560854641057305,50,0,1.1065646771771624,50,0,45.18836721740733,50,0,0.35990063996031335,100,0,0.6955552237020902,50,0,,50,0
2015-06-27,-0.44393250707382736,50,0,1.1446514810968675,50,0,45.18836721740733,50,0,0.3607593920127405,100,0,0.5497562505674637,50,0,,50,0
2015-06-28,-0.4474540868315211,50,0,1.1325227307916865,50,0,45.18836721740733,50,0,0.3613779108501716,100,0,0.6834047173560791,50,0,,50,0
2015-06-29,-0.4367212659649024,50,0,1.166106803930888,50,0,45.18836721740733,50,0,0.3620167038889772,100,0,0.6429318489435835,50,0,,50,0
2015-06-30,-0.4267033352777376,50,0,1.1978477677649748,50,0,47.171616958576394,50,0,0.36268383125956,100,0,0.6367295885100666,50,0,,50,0
2015-07-01,-0.43496241229300964,50,0,1.1705154120761003,50,0,47.171616958576394,50,0,0.3632891287634849,100,0,0.6019898639454779,50,0,,50,0
2015-07-02,-0.43953708805416686,50,0,1.1546441923473298,50,0,47.171616958576394,50,0,0.36402295074783364,100,0,0.7309790463878677,50,0,,50,0
2015-07-03,-0.4370781952785697,50,0,1.1597882480203288,50,0,47.171616958576394,50,0,0.36482739390157837,100,0,0.7857585955813078,50,0,,50,0
2015-07-04,-0.430794692029846,50,0,1.1788546315073158,50,0,47.171616958576394,50,0,0.36562843654646043,100,0,0.6879605405820973,50,0,,50,0
2015-07-05,-0.41541497447333514,50,0,1.2266528728749304,0,0,47.171616958576394,50,0,0.366479228739544,100,0,0.7190069389254317,50,0,,50,0
2015-07-06,-0.41857953895468497,50,0,1.2158393687819855,0,0,47.171616958576394,50,0,0.3673843510778607,100,0,0.9270720155330061,50,0,,50,0
2015-07-07,-0.42253499280853374,50,0,1.2027788631736687,0,0,47.171616958576394,50,0,0.3686481539943432,100,0,0.6972079957200142,50,0,,50,0
2015-07-08,-0.41674413756600137,50,0,1.2202769874944006,0,0,47.171616958576394,50,0,0.3698965917750998,100,0,0.7760438006781755,50,0,,50,0
2015-07-09,-0.41768718906302155,50,0,1.2152072712944066,0,0,47.171616958576394,50,0,0.3710758183604074,100,0,0.628911095323212,50,0,,50,0
2015-07-10,-0.39537367698307513,50,0,1.285596349371503,0,0,47.171616958576394,50,0,0.37245149840862185,100,0,0.8293750515438728,50,0,,50,0
2015-07-11,-0.38363712725013194,50,0,1.321998068834102,0,0,47.171616958576394,50,0,0.37379341582219605,100,0,0.785504869227454,50,0,,50,0
2015-07-12,-0.35927246383705375,50,0,1.3996260016543736,0,0,47.171616958576394,50,0,0.375349206782549,100,0,0.7938721431668414,50,0,,50,0
2015-07-13,-0.38602198569386387,50,0,1.3137941916653637,0,0,47.171616958576394,50,0,0.37697784958867775,100,0,0.8815269211421325,50,0,,50,0
2015-07-14,-0.3929936570099981,50,0,1.2905926197763427,0,0,47.171616958576394,50,0,0.37855277430666284,100,0,0.7413587730853802,50,0,,50,0
2015-07-15,-0.39560330375960456,50,0,1.2812874060804968,0,0,47.171616958576394,50,0,0.38000475928060173,100,0,0.7769166787907076,50,0,,50,0
2015-07-16,-0.405952035200208,50,0,1.247078073251161,0,0,47.171616958576394,50,0,0.38148043109199226,100,0,0.7009242696693552,50,0,,50,0
2015-07-17,-0.40382720157283913,50,0,1.2528344369819053,0,0,47.171616958576394,50,0,0.3829476581368091,100,0,0.8202329331827494,50,0,,50,0
2015-07-18,-0.4075604705618764,50,0,1.2396315173129675,0,0,47.171616958576394,50,0,0.3845167401102625,100,0,0.7758623736352431,50,0,,50,0
2015-07-19,-0.41047018845476374,50,0,1.2293080582357239,0,0,47.171616958576394,50,0,0.38598524798049727,100,0,0.7804331864764609,50,0,,50,0
2015-07-20,-0.4046931118012538,50,0,1.2453353667417586,0,0,47.171616958576394,50,0,0.3875582918330915,100,0,0.8025548010215957,50,0,,50,0
2015-07-21,-0.40810498680975,50,0,1.2332874498614173,0,0,47.171616958576394,50,0,0.38905778897051535,100,0,0.7217446961762977,50,0,,50,0
2015-07-22,-0.4065001823478032,50,0,1.2371722545966637,0,0,47.171616958576394,50,0,0.39048625519861413,100,0,0.8664843712386132,50,0,,50,0
2015-07-23,-0.40788564280672746,50,0,1.2318653136695166,0,0,47.171616958576394,50,0,0.3919086169225991,100,0,0.7757673089368171,50,0,,50,0
2015-07-24,-0.3902652139347775,50,0,1.2863074130367615,0,0,47.171616958576394,50,0,0.3934983265175311,100,0,0.9988901494090081,50,0,,50,0
2015-07-25,-0.39013457522709494,50,0,1.2860439088840117,0,0,47.171616958576394,50,0,0.39499485226408626,100,0,0.9802022294580724,50,0,,50,0
2015-07-26,-0.38481938422193235,50,0,1.3017667034952274,0,0,47.171616958576394,50,0,0.3966115887034528,100,0,0.8910899048081116,50,0,,50,0
2015-07-27,-0.3833225284145038,50,0,1.3055032030089035,0,0,47.171616958576394,50,0,0.3982130013085998,100,0,0.9140414598839167,50,0,,50,0
2015-07-28,-0.38199990257872074,50,0,1.3086594382158774,0,0,47.171616958576394,50,0,0.39994610820912174,100,0,0.7483925193757027,50,0,,50,0
2015-07-29,-0.3898003605273566,50,0,1.2828967653542718,0,0,47.171616958576394,50,0,0.4015816716417701,100,0,0.9289156989649072,50,0,,50,0
2015-07-30,-0.391988315320122,50,0,1.274586356513883,0,0,47.171616958576394,50,0,0.4031622282935691,100,0,0.7461417257533124,50,0,,50,0
2015-07-31,-0.39721561972210273,50,0,1.2573850430489293,0,0,48.38426788203588,50,0,0.4046686745185825,100,0,0.9138947307717283,50,0,,50,0
2015-08-01,-0.40134815668976814,50,0,1.2433612170916664,0,0,48.38426788203588,50,0,0.4062345086366049,100,0,0.8821808839706337,50,0,,50,0
2015-08-02,-0.4002680356581628,50,0,1.2456007466825407,0,0,48.38426788203588,50,0,0.4078959428025293,100,0,0.9525039714298769,50,0,,50,0
2015-08-03,-0.40057678084485976,50,0,1.24346555016664,0,0,48.38426788203588,50,0,0.40953580066390616,100,0,0.839787957242552,50,0,,50,0
2015-08-04,-0.3959944707793274,50,0,1.2560245316790066,0,0,48.38426788203588,50,0,0.4112316799635292,100,0,0.7848040626538317,50,0,,50,0
2015-08-05,-0.40014772884551664,50,0,1.2419629816525382,0,0,48.38426788203588,50,0,0.41293494697653954,100,0,0.8330083527331834,50,0,,50,0
2015-08-06,-0.4048531129031898,50,0,1.2262003806813986,0,0,48.38426788203588,50,0,0.41471047216932067,100,0,0.7534323627594851,50,0,,50,0
2015-08-07,-0.4040886058854887,50,0,1.2273066230560234,0,0,48.38426788203588,50,0,0.4164779220680994,100,0,0.7629663770363451,50,0,,50,0
2015-08-08,-0.4296874395401182,50,0,1.147168778220138,50,0,48.38426788203588,50,0,0.41798106774437266,100,0,0.943405581683289,50,0,,50,0
2015-08-09,-0.4208799574892212,50,0,1.1676726977412166,50,0,48.38426788203588,50,0,0.4195657786387434,100,0,0.7314272722379531,50,0,,50,0
2015-08-10,-0.42276932297151193,50,0,1.1605290981534149,50,0,48.38426788203588,50,0,0.4209638064111978,100,0,0.8657362135218737,50,0,,50,0
2015-08-11,-0.4134709899437106,50,0,1.1879774931185765,50,0,48.38426788203588,50,0,0.42249798502250435,100,0,0.9987324920738803,50,0,,50,0
2015-08-12,-0.41809459893516293,50,0,1.172662916318711,50,0,48.38426788203588,50,0,0.4239642815609774,100,0,0.6766623150566808,50,0,,50,0
2015-08-13,-0.42290513581363415,50,0,1.1566236219856878,50,0,48.38426788203588,50,0,0.42545113912980126,100,0,0.7638140238595247,50,0,,50,0
2015-08-14,-0.42039725659275173,50,0,1.1629438277292143,50,0,48.38426788203588,50,0,0.4270500123166902,100,0,0.8222188111064993,50,0,,50,0
2015-08-15,-0.42654408327912624,50,0,1.1427296433579137,50,0,48.38426788203588,50,0,0.4286664243338766,100,0,0.7733922894335744,50,0,,50,0
2015-08-16,-0.4305699282847362,50,0,1.1287175079318452,50,0,48.38426788203588,50,0,0.43005829286146136,100,0,0.7568812914135328,50,0,,50,0
2015-08-17,-0.4317242637604815,50,0,1.1238071196708854,50,0,48.38426788203588,50,0,0.431456403732582,100,0,0.8755231905901173,50,0,,50,0
2015-08-18,-0.48850256663335323,50,0,0.9484060466151035,100,0,48.38426788203588,50,0,0.43241235068561407,100,0,0.726671818404699,50,0,,50,0
2015-08-19,-0.4746332788002537,50,0,0.9883362596488483,100,0,48.38426788203588,50,0,0.43331134610328714,100,0,0.7531551086014893,50,0,,50,0
2015-08-20,-0.4622805772555951,50,0,1.0237218232823406,50,0,48.38426788203588,50,0,0.43442849381961224,100,0,0.7527793444244961,50,0,,50,0
2015-08-21,-0.4658727241838643,50,0,1.0111621768698071,50,0,48.38426788203588,50,0,0.43543165381209087,100,0,0.8338608341814028,50,0,,50,0
2015-08-22,-0.4687978457697079,50,0,1.0010674938717679,50,0,48.38426788203588,50,0,0.43634744038878764,100,0,0.8516179998915527,50,0,,50,0
2015-08-23,-0.471616455505771,50,0,0.9918403371621611,100,0,48.38426788203588,50,0,0.43725897496744376,100,0,0.6774588100245497,50,0,,50,0
2015-08-24,-0.494990092061359,50,0,0.918735679510423,100,0,48.38426788203588,50,0,0.43799274418600853,100,0,0.7285794576466179,50,0,,50,0
2015-08-25,-0.4778207666620329,50,0,0.9644551716628689,100,0,48.38426788203588,50,0,0.43897212840365957,100,0,0.6429659704347784,50,0,,50,0
2015-08-26,-0.47206132054414973,50,0,0.978773396256223,100,0,48.38426788203588,50,0,0.43989448235549194,100,0,0.8596043206830156,50,0,,50,0
2015-08-27,-0.4736840052428313,50,0,0.9730118229160656,100,0,48.38426788203588,50,0,0.44069239237187907,100,0,0.694435115444139,50,0,,50,0
2015-08-28,-0.4631197080635154,50,0,1.0035802613505223,50,0,48.38426788203588,50,0,0.44158796071432566,100,0,0.7763820117693669,50,0,,50,0
2015-08-29,-0.46639460768702456,50,0,0.9927519507195982,100,0,48.38426788203588,50,0,0.4425098843858042,100,0,0.8637974760822894,50,0,,50,0
2015-08-30,-0.46750643666591674,50,0,0.9885790464686952,100,0,48.38426788203588,50,0,0.44339303226055327,100,0,0.805718031498006,50,0,,50,0
2015-08-31,-0.4649973416871793,50,0,0.9950894932762228,100,0,45.46349885988376,50,0,0.44428682254465807,100,0,0.9188332095647335,50,0,,50,0
2015-09-01,-0.46885198588212906,50,0,0.9826161652562976,100,0,45.46349885988376,50,0,0.44520561108312257,100,0,0.7864823268252363,50,0,,50,0
2015-09-02,-0.4664373556980646,50,0,0.9885942608546185,100,0,45.46349885988376,50,0,0.4461048260512421,100,0,0.813342095584511,50,0,,50,0
2015-09-03,-0.469674615949601,50,0,0.9776038117262209,100,0,45.46349885988376,50,0,0.44683937595567624,100,0,0.7515807344361725,50,0,,50,0
2015-09-04,-0.4636372524982374,50,0,0.9944281054124655,100,0,45.46349885988376,50,0,0.4475007319208896,100,0,0.7829444605494765,50,0,,50,0
2015-09-05,-0.45670360943285104,50,0,1.0140292456173599,50,0,45.46349885988376,50,0,0.44827774271861787,100,0,0.8020348908499614,50,0,,50,0
2015-09-06,-0.4495150051621001,50,0,1.0343471550165273,50,0,45.46349885988376,50,0,0.4491304012888679,100,0,0.8544704776827807,50,0,,50,0
2015-09-07,-0.4497728031357928,50,0,1.0328559823315269,50,0,45.46349885988376,50,0,0.45000061141628744,100,0,0.7876337065599698,50,0,,50,0
2015-09-08,-0.444627781389171,50,0,1.047282038696364,50,0,45.46349885988376,50,0,0.451051363163035,100,0,0.7121805625988091,50,0,,50,0
2015-09-09,-0.4525467163734795,50,0,1.0231568229370027,50,0,45.46349885988376,50,0,0.4519535681372948,100,0,0.868178823695358,50,0,,50,0
2015-09-10,-0.45221875238836895,50,0,1.0225384471051948,50,0,45.46349885988376,50,0,0.45271710903163065,100,0,1.1296624181211132,50,0,,50,0
2015-09-11,-0.4491094905623049,50,0,1.030759279642798,50,0,45.46349885988376,50,0,0.45350966968771467,100,0,0.8509032777205471,50,0,,50,0
2015-09-12,-0.45561923529548387,50,0,1.010808575001594,50,0,45.46349885988376,50,0,0.4542030339204131,100,0,0.753086782896775,50,0,,50,0
2015-09-13,-0.46400370320170453,50,0,0.9853058990167273,100,0,45.46349885988376,50,0,0.45477490494346134,100,0,0.78684432703464,50,0,,50,0
2015-09-14,-0.4632630856211793,50,0,0.9863265360604024,100,0,45.46349885988376,50,0,0.4553448151261925,100,0,0.8073742795750055,50,0,,50,0
2015-09-15,-0.46395504832674317,50,0,0.9832926159925488,100,0,45.46349885988376,50,0,0.4559795113740549,100,0,0.8365650749885932,50,0,,50,0
2015-09-16,-0.4658424407609327,50,0,0.976834001766844,100,0,45.46349885988376,50,0,0.4565747002814941,100,0,0.7245767440723684,50,0,,50,0
2015-09-17,-0.4597006531247918,50,0,0.9938740901618638,100,0,45.46349885988376,50,0,0.45717589715450035,100,0,0.7992865366958233,50,0,,50,0
2015-09-18,-0.45969410358752627,50,0,0.9930580693063185,100,0,45.46349885988376,50,0,0.45777105347714114,100,0,0.8680332843354585,50,0,,50,0
2015-09-19,-0.4609931674629967,50,0,0.9883905044774892,100,0,45.46349885988376,50,0,0.4582745334713759,100,0,0.6482268796835504,50,0,,50,0
2015-09-20,-0.46220477864212905,50,0,0.9839630980123407,100,0,45.46349885988376,50,0,0.4588411033756433,100,0,0.7063645689528307,50,0,,50,0
2015-09-21,-0.46890707977091456,50,0,0.9637897522489008,100,0,45.46349885988376,50,0,0.4593411658267602,100,0,0.6900788358591357,50,0,,50,0
2015-09-22,-0.4631705979680685,50,0,0.9794855885799203,100,0,45.46349885988376,50,0,0.4599210538502693,100,0,0.8461382578338206,50,0,,50,0
2015-09-23,-0.4635549780298,50,0,0.9767131294139317,100,0,45.46349885988376,50,0,0.46062369704143563,100,0,0.8776227471453663,50,0,,50,0
2015-09-24,-0.45739176931334014,50,0,0.9937865654479195,100,0,45.46349885988376,50,0,0.4613923633840099,100,0,0.7790545499770921,50,0,,50,0
2015-09-25,-0.4555509727433339,50,0,0.9982490485706336,100,0,45.46349885988376,50,0,0.4621565501777873,100,0,0.9686096321571622,50,0,,50,0
2015-09-26,-0.45689772543701895,50,0,0.9935398734259305,100,0,45.46349885988376,50,0,0.4629550815985704,100,0,1.0322681648833647,50,0,,50,0
2015-09-27,-0.45883752235625425,50,0,0.9871395866928894,100,0,45.46349885988376,50,0,0.4637290451929798,100,0,0.8715917681728933,50,0,,50,0
2015-09-28,-0.44877632788198984,50,0,1.0150798110727675,50,0,45.46349885988376,50,0,0.4646431389964301,100,0,0.8883671633241312,50,0,,50,0
2015-09-29,-0.452688202752258,50,0,1.0030304310378098,50,0,45.46349885988376,50,0,0.46558524190613887,100,0,1.0682689645093366,50,0,,50,0
2015-09-30,-0.45351420583142166,50,0,0.9998044271838572,100,0,45.85853645413927,50,0,0.46647645175184355,100,0,0.8320887588648289,50,0,,50,0
2015-10-01,-0.45121104058469486,50,0,1.0053837197456303,50,0,45.85853645413927,50,0,0.4673237216331536,100,0,0.8802466445482845,50,0,,50,0
2015-10-02,-0.45163644531047326,50,0,1.0034376737503834,50,0,45.85853645413927,50,0,0.4681162915389001,100,0,0.7457135760795128,50,0,,50,0
2015-10-03,-0.448993093004714,50,0,1.0103029606559337,50,0,45.85853645413927,50,0,0.468985798609721,100,0,0.8665436590496285,50,0,,50,0
2015-10-04,-0.4492721237595296,50,0,1.0086614887599068,50,0,45.85853645413927,50,0,0.46977113693345984,100,0,0.8479564848145746,50,0,,50,0
2015-10-05,-0.4471331676924318,50,0,1.0140175170374863,50,0,45.85853645413927,50,0,0.47029402591996655,100,0,0.8600128434196298,50,0,,50,0
2015-10-06,-0.4383674471285241,50,0,1.0384183095136474,50,0,45.85853645413927,50,0,0.4709665681166161,100,0,0.8624973380585265,50,0,,50,0
2015-10-07,-0.44283981911759374,50,0,1.0241959695311371,50,0,45.85853645413927,50,0,0.47156380986824303,100,0,0.832986266267234,50,0,,50,0
2015-10-08,-0.44371771499920437,50,0,1.0204988634066505,50,0,45.85853645413927,50,0,0.47210740926754224,100,0,0.8126835782838596,50,0,,50,0
2015-10-09,-0.44162772900354896,50,0,1.025715469617741,50,0,45.85853645413927,50,0,0.47265666018433083,100,0,0.7184195390547923,50,0,,50,0
2015-10-10,-0.43936124525896975,50,0,1.0312882955158285,50,0,45.85853645413927,50,0,0.47318760637151563,100,0,0.9647289020473588,50,0,,50,0
2015-10-11,-0.43554969701922713,50,0,1.0413086987404117,50,0,45.85853645413927,50,0,0.4737409908252791,100,0,0.8852621693608418,50,0,,50,0
2015-10-12,-0.4386956321605174,50,0,1.0303592273331643,50,0,45.85853645413927,50,0,0.47429912442225813,100,0,0.8385820942003444,50,0,,50,0
2015-10-13,-0.43232164705447035,50,0,1.0479130887526398,50,0,45.85853645413927,50,0,0.47499659062090116,100,0,0.795199821772984,50,0,,50,0
2015-10-14,-0.4281123863512001,50,0,1.0582974146752555,50,0,45.85853645413927,50,0,0.4755878720737752,100,0,0.9886789907120077,50,0,,50,0
2015-10-15,-0.42585977943870235,50,0,1.0639812503786668,50,0,45.85853645413927,50,0,0.4762441575791443,100,0,0.9791282038337562,50,0,,50,0
2015-10-16,-0.41417902357633973,50,0,1.0967372231475108,50,0,45.85853645413927,50,0,0.4768138485407004,100,0,0.9206992611123442,50,0,,50,0
2015-10-17,-0.40086815338396,50,0,1.134204897083483,50,0,45.85853645413927,50,0,0.47746905611974605,100,0,0.8271230947190317,50,0,,50,0
2015-10-18,-0.41333519347543146,50,0,1.0981120789424075,50,0,45.85853645413927,50,0,0.47789621216042416,100,0,0.9346080195456251,50,0,,50,0
2015-10-19,-0.4120512917787309,50,0,1.1009291694829144,50,0,45.85853645413927,50,0,0.47821801691181237,100,0,1.2155004799224376,50,0,,50,0
2015-10-20,-0.4028299485614859,50,0,1.1269764367207258,50,0,45.85853645413927,50,0,0.47873721588261675,100,0,0.8150415658778097,50,0,,50,0
2015-10-21,-0.4069803575789646,50,0,1.114483490072263,50,0,45.85853645413927,50,0,0.4793271782571032,100,0,0.9832971580331545,50,0,,50,0
2015-10-22,-0.3962591539540706,50,0,1.1442242223108865,50,0,45.85853645413927,50,0,0.48003861834285777,100,0,1.0581706928398495,50,0,,50,0
2015-10-23,-0.3917724957868404,50,0,1.1565669950627786,50,0,45.85853645413927,50,0,0.48067469114500394,100,0,1.000889340451234,50,0,,50,0
2015-10-24,-0.38465765158608173,50,0,1.1763405301134018,50,0,45.85853645413927,50,0,0.48120578654594964,100,0,1.0141823395261977,50,0,,50,0
2015-10-25,-0.38132210734095445,50,0,1.1854651892140997,50,0,45.85853645413927,50,0,0.4818962466854122,100,0,1.4235585049089972,50,0,,50,0
2015-10-26,-0.3805464947641275,50,0,1.187180748521051,50,0,45.85853645413927,50,0,0.48265087819563485,100,0,1.1233001858048581,50,0,,50,0
2015-10-27,-0.36805539331012666,50,0,1.2228121172644137,0,0,45.85853645413927,50,0,0.48345364226219206,100,0,1.0881734503162837,50,0,,50,0
2015-10-28,-0.35573964752948883,50,0,1.2584308169327594,0,0,45.85853645413927,50,0,0.4846649300838507,100,0,1.013012174643561,50,0,,50,0
2015-10-29,-0.341508808865489,50,0,1.3003813957357755,0,0,45.85853645413927,50,0,0.48572786296992915,100,0,1.1524636797117807,50,0,,50,0
2015-10-30,-0.3233433520630665,50,0,1.3553033878542222,0,0,45.85853645413927,50,0,0.4866870542393061,100,0,1.2977268218429794,50,0,,50,0
2015-10-31,-0.34481052475063984,50,0,1.2948229583772057,0,0,50.76998742418004,50,0,0.48706948821014534,100,0,1.2173578852706273,50,0,,50,0
2015-11-01,-0.32270210733670257,50,0,1.3583845027260788,0,0,50.76998742418004,50,0,0.4880255359532446,100,0,1.1639587009517212,50,0,,50,0
2015-11-02,-0.27465206167457973,50,0,1.4999550072950998,0,0,50.76998742418004,50,0,0.4894631203254148,100,0,1.285548947379598,50,0,,50,0
2015-11-03,-0.22630989437003204,50,0,1.6473949213215684,0,0,50.76998742418004,50,0,0.49128782121990516,100,0,1.7401055306359718,0,0,,50,0
2015-11-04,-0.22405337410901813,50,0,1.6641728994969172,0,0,50.76998742418004,50,0,0.493311584524448,100,0,2.034346904803072,0,0,,50,0
2015-11-05,-0.2561721779618824,50,0,1.5756649096986723,0,0,50.76998742418004,50,0,0.4949447007020934,100,0,1.3827619906466906,50,0,,50,0
2015-11-06,-0.27241927120577103,50,0,1.5274307199002,0,0,50.76998742418004,50,0,0.4964607448273291,100,0,1.344783404216528,50,0,,50,0
2015-11-07,-0.2546663615687826,50,0,1.5810798833613031,0,0,50.76998742418004,50,0,0.49817895124997,100,0,1.4640278994610911,50,0,,50,0
2015-11-08,-0.2744683307804386,50,0,1.521758402739407,0,0,50.76998742418004,50,0,0.49974873457932467,100,0,1.2495840219186,50,0,,50,0
2015-11-09,-0.26403269926070394,50,0,1.5531431214086924,0,0,50.76998742418004,50,0,0.5015049583678369,100,0,1.491017271809274,50,0,,50,0
2015-11-10,-0.322603798782347,50,0,1.3776577496704885,0,0,50.76998742418004,50,0,0.502743980003614,100,0,1.2991607238135965,50,0,,50,0
2015-11-11,-0.3622610258782357,50,0,1.2586635880465709,0,0,50.76998742418004,50,0,0.5036133185735905,100,0,1.290964075576242,50,0,,50,0
2015-11-12,-0.321955234948089,50,0,1.3738714233516942,0,0,50.76998742418004,50,0,0.5046137752591696,100,0,1.285043908185685,50,0,,50,0
2015-11-13,-0.32262668532162925,50,0,1.371558859669056,0,0,50.76998742418004,50,0,0.5056545894156488,100,0,1.2282909784471963,50,0,,50,0
2015-11-14,-0.3286591939284948,50,0,1.353067531245739,0,0,50.76998742418004,50,0,0.5065718552671344,100,0,1.2714325579439067,50,0,,50,0
2015-11-15,-0.3469868254605334,50,0,1.298589635408465,0,0,50.76998742418004,50,0,0.5073328130039874,100,0,1.3084834946714468,50,0,,50,0
2015-11-16,-0.3310707458300446,50,0,1.342806573403606,0,0,50.76998742418004,50,0,0.5082104712689877,100,0,1.4605893244985624,50,0,,50,0
2015-11-17,-0.3251289237535418,50,0,1.3606335887745584,0,0,50.76998742418004,50,0,0.5092604468947024,100,0,1.25846543704099,50,0,,50,0
2015-11-18,-0.32542283833179314,50,0,1.358909978850315,0,0,50.76998742418004,50,0,0.5102990101917965,100,0,1.4457187146159483,50,0,,50,0
2015-11-19,-0.33875049990033745,50,0,1.3191890492884077,0,0,50.76998742418004,50,0,0.511251190031583,100,0,1.16109557956362,50,0,,50,0
2015-11-20,-0.3447202434728953,50,0,1.3006497425135501,0,0,50.76998742418004,50,0,0.5122583044610169,100,0,1.4242933998459828,50,0,,50,0
2015-11-21,-0.33911533778025293,50,0,1.3154537894516738,0,0,50.76998742418004,50,0,0.5132812554242974,100,0,1.3348329560045222,50,0,,50,0
2015-11-22,-0.3423426222678418,50,0,1.3054266446666,0,0,50.76998742418004,50,0,0.5142924589812763,100,0,1.2506338325396096,50,0,,50,0
2015-11-23,-0.34328040548082406,50,0,1.3013990806454845,0,0,50.76998742418004,50,0,0.5151677327828671,100,0,1.2944711077418727,50,0,,50,0
2015-11-24,-0.3475453536246944,50,0,1.287943302265165,0,0,50.76998742418004,50,0,0.5159909349975323,100,0,1.1945335924881006,50,0,,50,0
2015-11-25,-0.3348951025086021,50,0,1.3229382846276385,0,0,50.76998742418004,50,0,0.516958270773293,100,0,1.073978589514518,50,0,,50,0
2015-11-26,-0.2970353795413944,50,0,1.431263805613977,0,0,50.76998742418004,50,0,0.5182372265703733,100,0,1.4203216455240288,50,0,,50,0
2015-11-27,-0.29335112155840726,50,0,1.441906107075171,0,0,50.76998742418004,50,0,0.5198875342681509,100,0,1.0888344099396752,50,0,,50,0
2015-11-28,-0.29735965531833225,50,0,1.4296256242872878,0,0,50.76998742418004,50,0,0.5213997562602314,100,0,1.436609392712367,50,0,,50,0
2015-11-29,-0.27646466658011853,50,0,1.4887674608797676,0,0,50.76998742418004,50,0,0.5231493425649361,100,0,1.2621849830186158,50,0,,50,0
2015-11-30,-0.26955336153026843,50,0,1.5099195524046258,0,0,54.41158763958787,50,0,0.5248003255192126,100,0,1.5569331167543747,0,0,,50,0
2015-12-01,-0.29047014385373315,50,0,1.4489972101304305,0,0,54.41158763958787,50,0,0.5262301479340845,100,0,1.5503257401915924,0,0,,50,0
2015-12-02,-0.2952423700326619,50,0,1.4343215726547272,0,0,54.41158763958787,50,0,0.5276325443262604,100,0,1.412609298844408,50,0,,50,0
2015-12-03,-0.29256724837770415,50,0,1.440798794940792,0,0,54.41158763958787,50,0,0.5289886994336549,100,0,1.3360181931365953,50,0,,50,0
2015-12-04,-0.2899770087257076,50,0,1.447428875380189,0,0,54.41158763958787,50,0,0.5304698824618729,100,0,1.2691355269311493,50,0,,50,0
2015-12-05,-0.254215229441933,50,0,1.5498244119587261,0,0,54.41158763958787,50,0,0.532366912577009,100,0,1.991510692160158,0,0,,50,0
2015-12-06,-0.2496811362510573,50,0,1.5638480455337906,0,0,54.41158763958787,50,0,0.5342694259187624,100,0,1.4649248941382262,50,0,,50,0
2015-12-07,-0.24778147162141648,50,0,1.5701707514454695,0,0,54.41158763958787,50,0,0.5369430832482511,100,0,1.3586213085795897,50,0,,50,0
2015-12-08,-0.22334721528143134,50,0,1.6415549239907552,0,0,54.41158763958787,50,0,0.539685957269346,100,0,1.7643227110554718,0,0,,50,0
2015-12-09,-0.22033342933485547,50,0,1.6548326014655563,0,0,54.41158763958787,50,0,0.5422482571259961,100,0,1.6896416434197237,0,0,,50,0
2015-12-10,-0.22375507134079892,50,0,1.6453842894697441,0,0,54.41158763958787,50,0,0.5448067240649389,100,0,2.093378083045612,0,0,,50,0
2015-12-11,-0.17343368299613815,50,0,1.7940303744459192,0,0,54.41158763958787,50,0,0.5478822508748222,100,0,1.5763514141356236,0,0,,50,0
2015-12-12,-0.19896723413807343,50,0,1.7207666190047806,0,0,54.41158763958787,50,0,0.5507043923854728,100,0,1.6299628694929986,0,0,,50,0
2015-12-13,-0.201471175449675,50,0,1.7129613272422777,0,0,54.41158763958787,50,0,0.5537940761912,100,0,1.490708840271637,50,0,,50,0
2015-12-14,-0.19152229735259282,50,0,1.7446762270954976,0,0,54.41158763958787,50,0,0.5567647609284399,100,0,2.0795186521991678,0,0,,50,0
2015-12-15,-0.16399340921541053,50,0,1.827483139296957,0,0,54.41158763958787,50,0,0.5598893448379761,100,0,1.9867924037162579,0,0,,50,0
2015-12-16,-0.17890426586638616,50,0,1.784025708547672,0,0,54.41158763958787,50,0,0.562971226351007,100,0,1.7557565232174424,0,0,,50,0
2015-12-17,-0.17692519219086156,50,0,1.7899957963622866,0,0,54.41158763958787,50,0,0.5659088699860371,100,0,1.6256925401292275,0,0,,50,0
2015-12-18,-0.16884737771287375,50,0,1.8148734334141674,0,0,54.41158763958787,50,0,0.5689592577532673,100,0,1.7597691600737764,0,0,,50,0
2015-12-19,-0.1721522087216865,50,0,1.8056049077384633,0,0,54.41158763958787,50,0,0.571809148346771,100,0,1.8858191626202867,0,0,,50,0
2015-12-20,-0.19848578174714526,50,0,1.7281748132473338,0,0,54.41158763958787,50,0,0.574277391457543,100,0,1.7082667752713603,0,0,,50,0
2015-12-21,-0.20475440935935463,50,0,1.7084656285265727,0,0,54.41158763958787,50,0,0.5768058060389651,100,0,1.5297166053897107,0,0,,50,0
2015-12-22,-0.20831757867868456,50,0,1.6971672928304837,0,0,54.41158763958787,50,0,0.5793516985650407,100,0,1.5655092407975069,0,0,,50,0
2015-12-23,-0.19909273964592414,50,0,1.7239063775079482,0,0,54.41158763958787,50,0,0.5820696691256279,100,0,1.7110361019728595,0,0,,50,0
2015-12-24,-0.18210335459604687,50,0,1.7731390110954306,0,0,54.41158763958787,50,0,0.584768365809668,100,0,1.5191703217434132,0,0,,50,0
2015-12-25,-0.18341997532484966,50,0,1.7703004990264644,0,0,54.41158763958787,50,0,0.5874274477966828,100,0,1.6360552675503488,0,0,,50,0
2015-12-26,-0.23368947905398502,50,0,1.6227755947270077,0,0,54.41158763958787,50,0,0.5895029992785267,100,0,1.8893121395613452,0,0,,50,0
2015-12-27,-0.22764100185657396,50,0,1.6382787750440373,0,0,54.41158763958787,50,0,0.5915751364247,100,0,2.0954142427026077,0,0,,50,0
2015-12-28,-0.2298525472638777,50,0,1.6299945833671436,0,0,54.41158763958787,50,0,0.5935637179194422,100,0,1.513859977036061,0,0,,50,0
2015-12-29,-0.21615409592342785,50,0,1.6678516335891609,0,0,54.41158763958787,50,0,0.595463694308644,100,0,1.65172330672193,0,0,,50,0
2015-12-30,-0.2234457121349833,50,0,1.6454582189891238,0,0,54.41158763958787,50,0,0.5969968588947496,100,0,1.6472100680099537,0,0,,50,0
2015-12-31,-0.21915487285161003,50,0,1.6575492124555002,0,0,57.22743138910517,50,0,0.5987545110787197,100,0,1.3661744697243692,50,0,,50,0
2016-01-01,-0.21258646882529666,50,0,1.6748565235127346,0,0,57.22743138910517,50,0,0.6005993479575285,100,0,1.3249092317858584,50,0,,50,0
2016-01-02,-0.21306298859597175,50,0,1.671961170806274,0,0,57.22743138910517,50,0,0.6024795712142523,100,0,1.4236640208633793,50,0,,50,0
2016-01-03,-0.21923255036357922,50,0,1.653465071172354,0,0,57.22743138910517,50,0,0.6043716083362705,100,0,1.464856585477355,50,0,,50,0
2016-01-04,-0.2151021501824467,50,0,1.6642416889305551,0,0,57.22743138910517,50,0,0.6063335897072465,100,0,1.7666745607655348,0,0,,50,0
2016-01-05,-0.21645442904819948,50,0,1.6593026530099981,0,0,57.22743138910517,50,0,0.6082697745574864,100,0,1.545742497813827,0,0,,50,0
2016-01-06,-0.21937928865255263,50,0,1.6497407379126083,0,0,57.22743138910517,50,0,0.6102102599803937,100,0,1.4450813034983383,50,0,,50,0
2016-01-07,-0.18326533665654973,50,0,1.756847265072532,0,0,57.22743138910517,50,0,0.6124626573566275,100,0,1.5681694320159316,0,0,,50,0
2016-01-08,-0.19077264550410206,50,0,1.735302670622549,0,0,57.22743138910517,50,0,0.6146663366708328,100,0,1.8565133109988845,0,0,,50,0
2016-01-09,-0.19678102315960494,50,0,1.7168278624901594,0,0,57.22743138910517,50,0,0.6169329155722113,100,0,1.5040443823652734,0,0,,50,0
2016-01-10,-0.19965144792235995,50,0,1.7099318092652869,0,0,57.22743138910517,50,0,0.6192862658855176,100,0,1.6543682831847952,0,0,,50,0
2016-01-11,-0.19983022572894413,50,0,1.709590680976745,0,0,57.22743138910517,50,0,0.6216960622544816,100,0,1.8109945948844643,0,0,,50,0
2016-01-12,-0.2099058250917319,50,0,1.6799371584673861,0,0,57.22743138910517,50,0,0.6239761023991531,100,0,1.6647835395140749,0,0,,50,0
2016-01-13,-0.22244348147530826,50,0,1.6420683522856039,0,0,57.22743138910517,50,0,0.6259043623914952,100,0,1.449472898130902,50,0,,50,0
2016-01-14,-0.22573921272078265,50,0,1.6307421794914583,0,0,57.22743138910517,50,0,0.627770108924438,100,0,1.2452349839450167,50,0,,50,0
2016-01-15,-0.30721534987396915,50,0,1.3941456085239228,0,0,57.22743138910517,50,0,0.6290158451287527,100,0,1.0611864872686536,50,0,,50,0
2016-01-16,-0.28005579423665067,50,0,1.4693678712383833,0,0,57.22743138910517,50,0,0.6303997992255255,100,0,1.1114165476065243,50,0,,50,0
2016-01-17,-0.28749715743086074,50,0,1.4467296700946168,0,0,57.22743138910517,50,0,0.6316800998814408,100,0,1.2718310078866497,50,0,,50,0
2016-01-18,-0.2840619496958562,50,0,1.4542498447008638,0,0,57.22743138910517,50,0,0.6331046770301402,100,0,1.3885168710983955,50,0,,50,0
2016-01-19,-0.29289013237797307,50,0,1.4274818918244778,0,0,57.22743138910517,50,0,0.6343921677501849,100,0,1.0873587588294995,50,0,,50,0
2016-01-20,-0.2370497314284465,50,0,1.5859859966421994,0,0,57.22743138910517,50,0,0.6360476249505173,100,0,1.3438834861504791,50,0,,50,0
2016-01-21,-0.2522018853126665,50,0,1.541606620339809,0,0,57.22743138910517,50,0,0.6375319907311644,100,0,1.2480043312399431,50,0,,50,0
2016-01-22,-0.2872058872282804,50,0,1.433744874598137,0,0,57.22743138910517,50,0,0.6387533155628436,100,0,1.4942673085193685,50,0,,50,0
2016-01-23,-0.2801159108018267,50,0,1.4522878511689856,0,0,57.22743138910517,50,0,0.6400620547126221,100,0,1.495390737304695,50,0,,50,0
2016-01-24,-0.25758764348840435,50,0,1.5148518845109904,0,0,57.22743138910517,50,0,0.6414739086894901,100,0,1.5146330528232024,0,0,,50,0
2016-01-25,-0.2732861843320795,50,0,1.4702916162319224,0,0,57.22743138910517,50,0,0.6426590453385979,100,0,1.404761350234689,50,0,,50,0
2016-01-26,-0.2744924453579581,50,0,1.465612024053616,0,0,57.22743138910517,50,0,0.6438833988323188,100,0,1.4007170330335328,50,0,,50,0
2016-01-27,-0.2698948421229107,50,0,1.477127606392929,0,0,57.22743138910517,50,0,0.6451379833212,100,0,1.3507447297348185,50,0,,50,0
2016-01-28,-0.2905135304446565,50,0,1.4168445563876606,0,0,57.22743138910517,50,0,0.646240654054364,100,0,1.1982963309659722,50,0,,50,0
2016-01-29,-0.2897967982078466,50,0,1.415799924090826,0,0,57.22743138910517,50,0,0.6474068988379142,100,0,1.4332900198947913,50,0,,50,0
2016-01-30,-0.29231027728309117,50,0,1.4079114415426102,0,0,57.22743138910517,50,0,0.6486490248395083,100,0,1.593328066527554,0,0,,50,0
2016-01-31,-0.30678568794896816,50,0,1.3658385475994044,0,0,52.96026518568738,50,0,0.6496772120552504,100,0,1.4607336087888172,50,0,,50,0
2016-02-01,-0.2992075581362714,50,0,1.382690679205816,0,0,52.96026518568738,50,0,0.6506833243748495,100,0,1.315919023164816,50,0,,50,0
2016-02-02,-0.2967621082859118,50,0,1.3876797578515925,0,0,52.96026518568738,50,0,0.6517174224422643,100,0,1.56783752790194,0,0,,50,0
2016-02-03,-0.3029392838905905,50,0,1.3683883658689187,0,0,52.96026518568738,50,0,0.6526300613373679,100,0,1.5745769846369173,0,0,,50,0
2016-02-04,-0.2742897003384429,50,0,1.4472990414359648,0,0,52.96026518568738,50,0,0.6536496387256073,100,0,1.4337710283929923,50,0,,50,0
2016-02-05,-0.2814159448275044,50,0,1.4260896315110547,0,0,52.96026518568738,50,0,0.654499278085918,100,0,1.6142327659146334,0,0,,50,0
2016-02-06,-0.2943905372159073,50,0,1.3884942065540766,0,0,52.96026518568738,50,0,0.6553894144380338,100,0,1.6200058115413003,0,0,,50,0
2016-02-07,-0.293724490210611,50,0,1.3890682334969586,0,0,52.96026518568738,50,0,0.6562111799719519,100,0,1.453396172955198,50,0,,50,0
2016-02-08,-0.2993489135243047,50,0,1.37167266631993,0,0,52.96026518568738,50,0,0.6569072144836682,100,0,1.1788925037299156,50,0,,50,0
2016-02-09,-0.29546631508561344,50,0,1.380305504609571,0,0,52.96026518568738,50,0,0.6576738148278723,100,0,1.4095812075463685,50,0,,50,0
2016-02-10,-0.2881450908721571,50,0,1.3995107855865236,0,0,52.96026518568738,50,0,0.658364418050649,100,0,1.2918974074010021,50,0,,50,0
2016-02-11,-0.2902108967949204,50,0,1.3928127948285949,0,0,52.96026518568738,50,0,0.6589834740185175,100,0,1.5495552137242137,0,0,,50,0
2016-02-12,-0.2840834608323126,50,0,1.4085821748525504,0,0,52.96026518568738,50,0,0.6596816642592926,100,0,1.3583036910489146,50,0,,50,0
2016-02-13,-0.27444585768069624,50,0,1.43404232974994,0,0,52.96026518568738,50,0,0.6604047108045481,100,0,1.423436692998671,50,0,,50,0
2016-02-14,-0.25273097330681904,50,0,1.4933929461753266,0,0,52.96026518568738,50,0,0.6612994469335921,100,0,1.3962559014253695,50,0,,50,0
2016-02-15,-0.2622044082134142,50,0,1.4665655412250447,0,0,52.96026518568738,50,0,0.6620958873193785,100,0,1.2351892549263717,50,0,,50,0
2016-02-16,-0.2525504189382516,50,0,1.4935218491165898,0,0,52.96026518568738,50,0,0.6628645915451549,100,0,1.1824790828219816,50,0,,50,0
2016-02-17,-0.24251170165719033,50,0,1.522299080317592,0,0,52.96026518568738,50,0,0.6634861658236823,100,0,1.288118674536396,50,0,,50,0
2016-02-18,-0.23508265977996104,50,0,1.5424841752192697,0,0,52.96026518568738,50,0,0.6639695245555957,100,0,1.5043056286196888,0,0,,50,0
2016-02-19,-0.2380139583981383,50,0,1.534732162871812,0,0,52.96026518568738,50,0,0.6646364028273577,100,0,1.2695748508396203,50,0,,50,0
2016-02-20,-0.21144991124976642,50,0,1.608134466963245,0,0,52.96026518568738,50,0,0.6652628158747237,100,0,1.4281751242436234,50,0,,50,0
2016-02-21,-0.2138389573038875,50,0,1.6009270569325131,0,0,52.96026518568738,50,0,0.6653409849365427,100,0,1.1271646456913222,50,0,,50,0
2016-02-22,-0.21591620444956156,50,0,1.5948114819748693,0,0,52.96026518568738,50,0,0.6649538517766845,100,0,1.16666947204173,50,0,,50,0
2016-02-23,-0.23919595338844812,50,0,1.5293620946745752,0,0,52.96026518568738,50,0,0.6643599413642545,100,0,1.1978338001529363,50,0,,50,0
2016-02-24,-0.23433730606530082,50,0,1.5421100051509755,0,0,52.96026518568738,50,0,0.6641488512182047,100,0,1.0107106231982759,50,0,,50,0
2016-02-25,-0.23441383331478774,50,0,1.540781124443914,0,0,52.96026518568738,50,0,0.6641047233735472,100,0,1.32367152651418,50,0,,50,0
2016-02-26,-0.2246508433656836,50,0,1.566917328970124,0,0,52.96026518568738,50,0,0.6638612406103795,100,0,1.2466758110833933,50,0,,50,0
2016-02-27,-0.22332956427850076,50,0,1.5694788262826886,0,0,52.96026518568738,50,0,0.6638261391107786,100,0,1.293987044467434,50,0,,50,0
2016-02-28,-0.22368927714550585,50,0,1.5682997317307832,0,0,52.96026518568738,50,0,0.663694129778103,100,0,1.2602308181218944,50,0,,50,0
2016-02-29,-0.21865816822577483,50,0,1.583450562357516,0,0,56.86679252630566,50,0,0.6642684093669297,100,0,1.157922156745208,50,0,,50,0
2016-03-01,-0.22636282281805908,50,0,1.5637526729275628,0,0,56.86679252630566,50,0,0.6651919323883689,100,0,1.3045185358259554,50,0,,50,0
2016-03-02,-0.2393421226863715,50,0,1.5269574162828883,0,0,56.86679252630566,50,0,0.6654250870721354,100,0,1.3544607571835132,50,0,,50,0
2016-03-03,-0.24464416958893434,50,0,1.511589201996671,0,0,56.86679252630566,50,0,0.6656585788112621,100,0,1.1798684972950704,50,0,,50,0
2016-03-04,-0.25941575032995856,50,0,1.4694016417999627,0,0,56.86679252630566,50,0,0.6658628590409991,100,0,1.2849846689572952,50,0,,50,0
2016-03-05,-0.2735842169318865,50,0,1.4295099310405497,0,0,56.86679252630566,50,0,0.6661588423691703,100,0,1.2163530602750887,50,0,,50,0
2016-03-06,-0.2651882177466179,50,0,1.4510167384425534,0,0,56.86679252630566,50,0,0.6663908480046473,100,0,1.1736025086866768,50,0,,50,0
2016-03-07,-0.25308283082256644,50,0,1.4836942661505153,0,0,56.86679252630566,50,0,0.6666205288130019,100,0,1.0868011771988746,50,0,,50,0
2016-03-08,-0.2555254684653626,50,0,1.4756810744634297,0,0,56.86679252630566,50,0,0.6667107323229549,100,0,1.2637491426576255,50,0,,50,0
2016-03-09,-0.253871276398973,50,0,1.4781362307642116,0,0,56.86679252630566,50,0,0.6669501736056704,100,0,1.4251635676827807,50,0,,50,0
2016-03-10,-0.24914929335779248,50,0,1.4901834104934193,0,0,56.86679252630566,50,0,0.6673022292218551,100,0,1.292110936976852,50,0,,50,0
2016-03-11,-0.2452239141603749,50,0,1.4999435047439458,0,0,56.86679252630566,50,0,0.6676082248096425,100,0,1.317714132529715,50,0,,50,0
2016-03-12,-0.25749402194665444,50,0,1.4653617209365168,0,0,56.86679252630566,50,0,0.6679034851858167,100,0,1.1812553265955588,50,0,,50,0
2016-03-13,-0.25557651392142583,50,0,1.4693431736676124,0,0,56.86679252630566,50,0,0.6681573397715614,100,0,1.0909050507242337,50,0,,50,0
2016-03-14,-0.25161530466170506,50,0,1.479290312433397,0,0,56.86679252630566,50,0,0.668515839170539,100,0,1.2314082149079748,50,0,,50,0
2016-03-15,-0.251471595533717,50,0,1.4785994708860124,0,0,56.86679252630566,50,0,0.6687208192377189,100,0,1.3396553802405566,50,0,,50,0
2016-03-16,-0.24943408770540157,50,0,1.4833039925993114,0,0,56.86679252630566,50,0,0.6685559079567304,100,0,1.281357155144125,50,0,,50,0
2016-03-17,-0.2476404518971681,50,0,1.487365679285419,0,0,56.86679252630566,50,0,0.6684007115853885,100,0,1.184672724754465,50,0,,50,0
2016-03-18,-0.260468023547803,50,0,1.4513993777002674,0,0,56.86679252630566,50,0,0.6682112754545948,100,0,1.0954372540108697,50,0,,50,0
2016-03-19,-0.2600858334875947,50,0,1.450704378077058,0,0,56.86679252630566,50,0,0.667798194766873,100,0,1.0762198228362627,50,0,,50,0
2016-03-20,-0.25630404470780227,50,0,1.4595982737569646,0,0,56.86679252630566,50,0,0.6673723668793452,100,0,1.2105460262557937,50,0,,50,0
2016-03-21,-0.2572052323813134,50,0,1.4564878842614315,0,0,56.86679252630566,50,0,0.6671305944089115,100,0,1.10729410729877,50,0,,50,0
2016-03-22,-0.2510445902647694,50,0,1.4725780247392188,0,0,56.86679252630566,50,0,0.6669697878047861,100,0,1.2100712953696051,50,0,,50,0
2016-03-23,-0.2501712094704112,50,0,1.4738599493201328,0,0,56.86679252630566,50,0,0.6667321571001568,100,0,1.2531421735150723,50,0,,50,0
2016-03-24,-0.25545458200484567,50,0,1.4588745379373285,0,0,56.86679252630566,50,0,0.6664220149976003,100,0,1.2638785659890501,50,0,,50,0
2016-03-25,-0.25207634705712956,50,0,1.467277298758136,0,0,56.86679252630566,50,0,0.6657104506415364,100,0,1.1712541771965166,50,0,,50,0
2016-03-26,-0.2517772501575168,50,0,1.467341890845255,0,0,56.86679252630566,50,0,0.6649573077351171,100,0,1.2452669127992388,50,0,,50,0
2016-03-27,-0.24089319228851544,50,0,1.496147358420183,0,0,56.86679252630566,50,0,0.6642477090720014,100,0,1.142446455842358,50,0,,50,0
2016-03-28,-0.24462376778035222,50,0,1.4856649265865973,0,0,56.86679252630566,50,0,0.6631840862420767,100,0,1.406855374701269,50,0,,50,0
2016-03-29,-0.25398450152445085,50,0,1.4593823032884308,0,0,56.86679252630566,50,0,0.6619760459585657,100,0,1.284604915702,50,0,,50,0
2016-03-30,-0.25810661654094247,50,0,1.4470735874900476,0,0,56.86679252630566,50,0,0.6607952168721223,100,0,1.168876953940838,50,0,,50,0
2016-03-31,-0.2541875289927606,50,0,1.4567202000634694,0,0,55.35464309168194,50,0,0.6591310042942384,100,0,1.0414364538127558,50,0,,50,0
2016-04-01,-0.25274475598930213,50,0,1.459572260130151,0,0,55.35464309168194,50,0,0.6577056368280051,100,0,1.2568506190595734,50,0,,50,0
2016-04-02,-0.24957698632815303,50,0,1.4670171661702534,0,0,55.35464309168194,50,0,0.6563308796780583,100,0,1.3478784420699959,50,0,,50,0
2016-04-03,-0.24934131351003538,50,0,1.4665835600783337,0,0,55.35464309168194,50,0,0.6548408386977271,100,0,1.158724856959212,50,0,,50,0
2016-04-04,-0.25019441529963515,50,0,1.4632115733224178,0,0,55.35464309168194,50,0,0.6530542995887996,100,0,1.4116017429733854,50,0,,50,0
2016-04-05,-0.2466110693120666,50,0,1.4720078098171487,0,0,55.35464309168194,50,0,0.651505755132452,100,0,1.2664558977256735,50,0,,50,0
2016-04-06,-0.2479366506265408,50,0,1.468415822740877,0,0,55.35464309168194,50,0,0.649921312027622,100,0,1.2863907366477787,50,0,,50,0
2016-04-07,-0.24977264556703904,50,0,1.4653695131910787,0,0,55.35464309168194,50,0,0.6482528982801395,100,0,1.1504430939561485,50,0,,50,0
2016-04-08,-0.2534706371109799,50,0,1.4540603300920238,0,0,55.35464309168194,50,0,0.6465657091522535,100,0,1.1569615715599169,50,0,,50,0
2016-04-09,-0.25339322158050126,50,0,1.4529709022888009,0,0,55.35464309168194,50,0,0.6451270263007792,100,0,1.3131370732603218,50,0,,50,0
2016-04-10,-0.2499111273455971,50,0,1.4625498969387318,0,0,55.35464309168194,50,0,0.6437491447359112,100,0,1.3894958463612663,50,0,,50,0
2016-04-11,-0.24841402593052117,50,0,1.4656045867282668,0,0,55.35464309168194,50,0,0.6424593703894613,100,0,1.3196260587672806,50,0,,50,0
2016-04-12,-0.24348261324835377,50,0,1.4784481956000488,0,0,55.35464309168194,50,0,0.6410949511212948,100,0,1.2116427398926055,50,0,,50,0
2016-04-13,-0.24694963536062572,50,0,1.4680904360025275,0,0,55.35464309168194,50,0,0.6395303141398653,100,0,1.316531323034817,50,0,,50,0
2016-04-14,-0.24581506720703988,50,0,1.4699673821052384,0,0,55.35464309168194,50,0,0.6380417380045433,100,0,1.3128060445424123,50,0,,50,0
2016-04-15,-0.23979398344924194,50,0,1.4852167053586067,0,0,55.35464309168194,50,0,0.6371004173677317,100,0,1.2183843350863814,50,0,,50,0
2016-04-16,-0.23809128796594028,50,0,1.488799767931208,0,0,55.35464309168194,50,0,0.6361280949354662,100,0,1.1173037081947639,50,0,,50,0
2016-04-17,-0.2419109985665001,50,0,1.4773539271172613,0,0,55.35464309168194,50,0,0.6351857655674392,100,0,1.270029965714026,50,0,,50,0
2016-04-18,-0.2416528853963264,50,0,1.4769078465636887,0,0,55.35464309168194,50,0,0.6340984166487735,100,0,1.097239342575975,50,0,,50,0
2016-04-19,-0.23180315910652277,50,0,1.502513655779617,0,0,55.35464309168194,50,0,0.6331370055317433,100,0,1.2567767616383894,50,0,,50,0
2016-04-20,-0.22567954643629373,50,0,1.5183780355460494,0,0,55.35464309168194,50,0,0.6321347428823765,100,0,1.3554894141326492,50,0,,50,0
2016-04-21,-0.21405024946953424,50,0,1.549283508318812,0,0,55.35464309168194,50,0,0.6311880074382983,100,0,1.2560282355089671,50,0,,50,0
2016-04-22,-0.21977616195661803,50,0,1.5338166728661975,0,0,55.35464309168194,50,0,0.6302546992956668,100,0,1.3124504547943103,50,0,,50,0
2016-04-23,-0.21289528769428792,50,0,1.551903035879742,0,0,55.35464309168194,50,0,0.6294222431061756,100,0,1.2018304641085267,50,0,,50,0
2016-04-24,-0.20119616856681707,50,0,1.582507718601292,0,0,55.35464309168194,50,0,0.6286146647383682,100,0,1.1212387567935258,50,0,,50,0
2016-04-25,-0.19995101966342443,50,0,1.587332321173802,0,0,55.35464309168194,50,0,0.6278450320438452,100,0,1.1100695032913845,50,0,,50,0
2016-04-26,-0.19542831448046918,50,0,1.600170261702605,0,0,55.35464309168194,50,0,0.6271406006491302,100,0,1.458304749090934,50,0,,50,0
2016-04-27,-0.22588331072754583,50,0,1.5172207539999045,0,0,55.35464309168194,50,0,0.6258238116925632,100,0,1.1743007664444152,50,0,,50,0
2016-04-28,-0.21945820648314138,50,0,1.5336681358294797,0,0,55.35464309168194,50,0,0.6246265738170776,100,0,1.130691526168215,50,0,,50,0
2016-04-29,-0.21224326488566142,50,0,1.5522009223144069,0,0,55.35464309168194,50,0,0.6235436325061398,100,0,1.3643378532397055,50,0,,50,0
2016-04-30,-0.22149489971275949,50,0,1.5264127998621373,0,0,57.25874717497946,50,0,0.6224146922030038,100,0,1.2172066015906131,50,0,,50,0
2016-05-01,-0.21553753885909427,50,0,1.5420750872038365,0,0,57.25874717497946,50,0,0.6213317698514077,100,0,1.361391769870868,50,0,,50,0
2016-05-02,-0.22853302017791333,50,0,1.506323045376406,0,0,57.25874717497946,50,0,0.6202467749939353,100,0,1.3159531545323626,50,0,,50,0
2016-05-03,-0.22015755379197208,50,0,1.5273474225654964,0,0,57.25874717497946,50,0,0.6193430508451143,100,0,1.2350479452846128,50,0,,50,0
2016-05-04,-0.22454989452911786,50,0,1.5147028447081414,0,0,57.25874717497946,50,0,0.6184611966853776,100,0,1.4983221709494758,50,0,,50,0
2016-05-05,-0.2235060988685714,50,0,1.5163535263259835,0,0,57.25874717497946,50,0,0.6184296617705188,100,0,1.2837730471614692,50,0,,50,0
2016-05-06,-0.20837377370842275,50,0,1.5563497573986753,0,0,57.25874717497946,50,0,0.6182526857856565,100,0,1.3854521200806407,50,0,,50,0
2016-05-07,-0.2092058146422531,50,0,1.553530216191738,0,0,57.25874717497946,50,0,0.6181412708937334,100,0,1.253074000256311,50,0,,50,0
2016-05-08,-0.2094632523913962,50,0,1.5518907864940545,0,0,57.25874717497946,50,0,0.6180077592937617,100,0,1.4289388692504263,50,0,,50,0
2016-05-09,-0.20717129504031503,50,0,1.5571907396263482,0,0,57.25874717497946,50,0,0.6179615450813385,100,0,1.4395007053791058,50,0,,50,0
2016-05-10,-0.22313119516857105,50,0,1.513973571512245,0,0,57.25874717497946,50,0,0.6172498112581436,100,0,1.304409054123582,50,0,,50,0
2016-05-11,-0.2199031452038143,50,0,1.521797394288637,0,0,57.25874717497946,50,0,0.6167158020790988,100,0,1.09084940915335,50,0,,50,0
2016-05-12,-0.21801420953490652,50,0,1.5258964835237538,0,0,57.25874717497946,50,0,0.6165704973309609,100,0,1.1984795149631788,50,0,,50,0
2016-05-13,-0.21612792642859135,50,0,1.5297258139559538,0,0,57.25874717497946,50,0,0.6163668893334668,100,0,1.31395907141517,50,0,,50,0
2016-05-14,-0.2154367946955681,50,0,1.5310135857719616,0,0,57.25874717497946,50,0,0.6159258398910292,100,0,1.2346502086291542,50,0,,50,0
2016-05-15,-0.21217169891065318,50,0,1.5384999861783828,0,0,57.25874717497946,50,0,0.6156422249807152,100,0,1.160425707427161,50,0,,50,0
2016-05-16,-0.2193677041585142,50,0,1.5180758481869865,0,0,57.25874717497946,50,0,0.6152939890471665,100,0,1.163386277406483,50,0,,50,0
2016-05-17,-0.22345633875919657,50,0,1.5108783042283305,0,0,57.25874717497946,50,0,0.614898375946261,100,0,1.1529058765170677,50,0,,50,0
2016-05-18,-0.22251489599226726,50,0,1.5124082012228355,0,0,57.25874717497946,50,0,0.6147171797358865,100,0,1.362267476519647,50,0,,50,0
2016-05-19,-0.24377243845927496,50,0,1.455145475975263,0,0,57.25874717497946,50,0,0.6143931433368219,100,0,1.0018776131802003,50,0,,50,0
2016-05-20,-0.23819247012977104,50,0,1.4691652729805738,0,0,57.25874717497946,50,0,0.6141362022399817,100,0,1.173743568486266,50,0,,50,0
2016-05-21,-0.23619898337880157,50,0,1.4732282275828865,0,0,57.25874717497946,50,0,0.6140379881302005,100,0,1.1451589038535115,50,0,,50,0
2016-05-22,-0.24073996177072768,50,0,1.4600573499596854,0,0,57.25874717497946,50,0,0.6138398599783337,100,0,1.4679385207422972,50,0,,50,0
2016-05-23,-0.2364268335933477,50,0,1.4706251545804296,0,0,57.25874717497946,50,0,0.6136763178146967,100,0,1.4228500441860708,50,0,,50,0
2016-05-24,-0.234729582412898,50,0,1.473966317492019,0,0,57.25874717497946,50,0,0.6135905596558409,100,0,1.1936390483701385,50,0,,50,0
2016-05-25,-0.22903018736481803,50,0,1.4885360177642728,0,0,57.25874717497946,50,0,0.6132600222964796,100,0,1.1305145402051355,50,0,,50,0
2016-05-26,-0.22451710590818225,50,0,1.4997917404938943,0,0,57.25874717497946,50,0,0.6130350645872137,100,0,1.0813971348309612,50,0,,50,0
2016-05-27,-0.20475221935783153,50,0,1.5554754833883628,0,0,57.25874717497946,50,0,0.613074821192493,100,0,1.2263544273772713,50,0,,50,0
2016-05-28,-0.133698098873789,50,0,1.7481332216080092,0,0,57.25874717497946,50,0,0.6135878077882013,100,0,1.1855650984156525,50,0,,50,0
2016-05-29,-0.13995785186300364,50,0,1.734949844382026,0,0,57.25874717497946,50,0,0.6141251024709645,100,0,1.4328790245062992,50,0,,50,0
2016-05-30,-0.13458761199712427,50,0,1.7523373532569433,0,0,57.25874717497946,50,0,0.6146930682963603,100,0,1.4027748866039211,50,0,,50,0
2016-05-31,-0.13932901850975785,50,0,1.7418315990507318,0,0,61.48264418790284,50,0,0.6152402928163201,100,0,1.2339665254205627,50,0,,50,0
2016-06-01,-0.13257079251964635,50,0,1.761533701070517,0,0,61.48264418790284,50,0,0.6158379517147283,100,0,1.3940012885074282,50,0,,50,0
2016-06-02,-0.13320601576518667,50,0,1.7631468552338196,0,0,61.48264418790284,50,0,0.6163878267113694,100,0,1.365108416839759,50,0,,50,0
2016-06-03,-0.09631055660881789,50,0,1.8634838281126882,0,0,61.48264418790284,50,0,0.6170639094134979,100,0,1.4062910426744704,50,0,,50,0
2016-06-04,-0.09262031398615442,50,0,1.8743866751287603,0,0,61.48264418790284,50,0,0.6175626165457984,100,0,1.2004665183949599,50,0,,50,0
2016-06-05,-0.09286509475453193,50,0,1.874764410567183,0,0,61.48264418790284,50,0,0.618145782252499,100,0,1.732014259064456,0,0,,50,0
2016-06-06,-0.08191273749223346,50,0,1.9071533450612554,0,0,61.48264418790284,50,0,0.6187235027879737,100,0,1.7520821099686557,0,0,,50,0
2016-06-07,-0.09204853528941298,50,0,1.8806215985172698,0,0,61.48264418790284,50,0,0.6191240429740557,100,0,1.4429495358636326,50,0,,50,0
2016-06-08,-0.08797793647697556,50,0,1.893153736828642,0,0,61.48264418790284,50,0,0.6194646731261151,100,0,1.462326021652392,50,0,,50,0
2016-06-09,-0.09623021834733458,50,0,1.8712306117483737,0,0,61.48264418790284,50,0,0.6197881222478703,100,0,1.6704850875599981,0,0,,50,0
2016-06-10,-0.09419276782747021,50,0,1.8775568165040548,0,0,61.48264418790284,50,0,0.6198776088199749,100,0,1.4744784234481838,50,0,,50,0
2016-06-11,-0.06478697060918395,50,0,1.957877106285896,0,0,61.48264418790284,50,0,0.6202195395761829,100,0,1.5896704093570486,0,0,,50,0
2016-06-12,0.007546601979679428,50,0,2.164592545733654,0,0,61.48264418790284,50,0,0.6210488517593482,100,0,1.6459801905158367,0,0,,50,0
2016-06-13,0.03808325458261416,50,0,2.2705198563211546,0,0,61.48264418790284,50,0,0.6223781566413444,100,0,1.921265775272421,0,0,,50,0
2016-06-14,0.012324501695264377,50,0,2.2046504154478974,0,0,61.48264418790284,50,0,0.6235408133106598,100,0,1.6440656489551642,0,0,,50,0
2016-06-15,0.019165476995265135,50,0,2.233507381847972,0,0,61.48264418790284,50,0,0.6247407810502981,100,0,1.780616811611908,0,0,,50,0
2016-06-16,0.0912400686002672,50,0,2.4619759589325962,0,0,61.48264418790284,50,0,0.6263552888968043,100,0,1.9126131888442668,0,0,,50,0
2016-06-17,0.06736899878282322,50,0,2.4020754490288088,0,0,61.48264418790284,50,0,0.6278220190843481,100,0,1.931047589247169,0,0,,50,0
2016-06-18,0.07376636573690823,50,0,2.4244336517173775,0,0,61.48264418790284,50,0,0.6293572282972818,100,0,2.001496373825396,0,0,,50,0
2016-06-19,0.08107449906275505,50,0,2.447299304630848,0,0,61.48264418790284,50,0,0.6309377507604194,100,0,2.2648382224620103,0,0,,50,0
2016-06-20,0.02924408914519507,50,0,2.3022634857600055,0,0,61.48264418790284,50,0,0.6322373350076497,100,0,2.2126960726206537,0,0,,50,0
2016-06-21,-0.032112757809281314,50,0,2.1305182297698884,0,0,61.48264418790284,50,0,0.6332529236716775,100,0,1.8148178332617184,0,0,,50,0
2016-06-22,-0.1143112761751692,50,0,1.890101117508838,0,0,61.48264418790284,50,0,0.633793999044623,100,0,1.42845767418651,50,0,,50,0
2016-06-23,-0.07754435578109722,50,0,1.9916750216209367,0,0,61.48264418790284,50,0,0.634696133964427,100,0,1.3734310334221465,50,0,,50,0
2016-06-24,-0.03744295953516436,50,0,2.104214384162747,0,0,61.48264418790284,50,0,0.6360544242893458,100,0,1.419073614776765,50,0,,50,0
2016-06-25,-0.03367339382929374,50,0,2.1160980564035454,0,0,61.48264418790284,50,0,0.6374028101605291,100,0,1.7910715896240663,0,0,,50,0
2016-06-26,-0.0770523545417107,50,0,1.9917012010508122,0,0,61.48264418790284,50,0,0.6384451337994086,100,0,1.533140545576016,0,0,,50,0
2016-06-27,-0.05341768208494441,50,0,2.0576283624456075,0,0,61.48264418790284,50,0,0.6395664533584916,100,0,1.5425537035775878,0,0,,50,0
2016-06-28,-0.05966034078189601,50,0,2.038849532205917,0,0,61.48264418790284,50,0,0.6406101889272108,100,0,1.5694552515162905,0,0,,50,0
2016-06-29,-0.06954933564106729,50,0,2.0088185856896095,0,0,61.48264418790284,50,0,0.6415351756355544,100,0,1.7208663281965386,0,0,,50,0
2016-06-30,-0.03140342245612078,50,0,2.1179584090930796,0,0,67.58444932082276,50,0,0.6426301939336324,100,0,1.6840883603035437,0,0,,50,0
2016-07-01,-0.028986741448199953,50,0,2.124914498909443,0,0,67.58444932082276,50,0,0.6438560550588861,100,0,1.7625923955329346,0,0,,50,0
2016-07-02,-0.0019346800912519771,50,0,2.200619801583597,0,0,67.58444932082276,50,0,0.6452170282175018,100,0,1.6985011466062887,0,0,,50,0
2016-07-03,-0.04774892659088465,50,0,2.0717448138838686,0,0,67.58444932082276,50,0,0.6462478754487674,100,0,1.7378532913989704,0,0,,50,0
2016-07-04,-0.02920809124701002,50,0,2.1226434187457306,0,0,67.58444932082276,50,0,0.647405945170835,100,0,1.707706528658055,0,0,,50,0
2016-07-05,-0.04352655043924024,50,0,2.0831304693624637,0,0,67.58444932082276,50,0,0.648446227993457,100,0,1.6439842378959397,0,0,,50,0
2016-07-06,-0.03390280774586197,50,0,2.109571098623101,0,0,67.58444932082276,50,0,0.649531709558997,100,0,1.5090050245895703,0,0,,50,0
2016-07-07,-0.0759584385472399,50,0,1.9897433766904333,0,0,67.58444932082276,50,0,0.6504646843111209,100,0,1.42134175437984,50,0,,50,0
2016-07-08,-0.048883040370322726,50,0,2.0644585890952443,0,0,67.58444932082276,50,0,0.6516166176447166,100,0,1.5514448288930383,0,0,,50,0
2016-07-09,-0.06459932636652663,50,0,2.0208912599587023,0,0,67.58444932082276,50,0,0.6526423899020809,100,0,1.3664238397735142,50,0,,50,0
2016-07-10,-0.06750028425332132,50,0,2.011899619504492,0,0,67.58444932082276,50,0,0.6536727220442955,100,0,0.8146641736209396,50,0,,50,0
2016-07-11,-0.0680766558130702,50,0,2.0100287690632124,0,0,67.58444932082276,50,0,0.6546486662197287,100,0,0.7687743923507011,50,0,,50,0
2016-07-12,-0.046907139126911114,50,0,2.0680708334883424,0,0,67.58444932082276,50,0,0.6557455976420418,100,0,0.7559201382070726,50,0,,50,0
2016-07-13,-0.06041248145454764,50,0,2.029095916581165,0,0,67.58444932082276,50,0,0.656776761555938,100,0,0.7021186583185872,50,0,,50,0
2016-07-14,-0.057995718577410954,50,0,2.034115615763517,0,0,67.58444932082276,50,0,0.6577801483347575,100,0,0.7481362751656102,50,0,,50,0
2016-07-15,-0.05190574596796204,50,0,2.049178050761464,0,0,67.58444932082276,50,0,0.6587943206854502,100,0,0.7341242436679862,50,0,,50,0
2016-07-16,-0.054034275990425165,50,0,2.041690881583507,0,0,67.58444932082276,50,0,0.6596831811322003,100,0,0.8556212416787465,50,0,,50,0
2016-07-17,-0.037824371837822404,50,0,2.0871612544987737,0,0,67.58444932082276,50,0,0.660701430733515,100,0,0.8144934328499019,50,0,,50,0
2016-07-18,-0.04496449315896526,50,0,2.065864384743074,0,0,67.58444932082276,50,0,0.661752734454311,100,0,0.8218774549846015,50,0,,50,0
2016-07-19,-0.04671702652739686,50,0,2.061477585937531,0,0,67.58444932082276,50,0,0.6628439463846217,100,0,0.6976509558051937,50,0,,50,0
2016-07-20,-0.055144819622628835,50,0,2.036093960361884,0,0,67.58444932082276,50,0,0.663833269130417,100,0,0.8224410002400332,50,0,,50,0
2016-07-21,-0.055994089932928294,50,0,2.0318116523025695,0,0,67.58444932082276,50,0,0.6647851190289191,100,0,0.7254873185002925,50,0,,50,0
2016-07-22,-0.07409413323191133,50,0,1.9794322500443116,0,0,67.58444932082276,50,0,0.6656024550641776,100,0,0.692343963876664,50,0,,50,0
2016-07-23,-0.06662207726869068,50,0,1.997367370902035,0,0,67.58444932082276,50,0,0.6663716981527417,100,0,0.7037809901340423,50,0,,50,0
2016-07-24,-0.06373351438117093,50,0,2.006742129007446,0,0,67.58444932082276,50,0,0.6671905129228851,100,0,0.6680626002355701,50,0,,50,0
2016-07-25,-0.07107866487295043,50,0,1.984938818337994,0,0,67.58444932082276,50,0,0.6679265985387157,100,0,0.7214881718149986,50,0,,50,0
2016-07-26,-0.07209698283353394,50,0,1.9806904465917803,0,0,67.58444932082276,50,0,0.6686920478493839,100,0,0.6868715533382146,50,0,,50,0
2016-07-27,-0.07097647981122578,50,0,1.9829195504422494,0,0,67.58444932082276,50,0,0.669453425598565,100,0,0.7165914440101177,50,0,,50,0
2016-07-28,-0.07143768594508196,50,0,1.9799304388959884,0,0,67.58444932082276,50,0,0.6702249306011684,100,0,0.7275113032533415,50,0,,50,0
2016-07-29,-0.0704062443492026,50,0,1.9812823622105926,0,0,67.58444932082276,50,0,0.6710071372716826,100,0,0.815406213059968,50,0,,50,0
2016-07-30,-0.07330152869934106,50,0,1.9719373753359077,0,0,67.58444932082276,50,0,0.6717169520698074,100,0,0.6585487700817986,50,0,,50,0
2016-07-31,-0.10661639267379294,50,0,1.8775215488004033,0,0,63.825695564757126,50,0,0.67220693882898,100,0,0.7940931273287211,50,0,,50,0
2016-08-01,-0.12614510700380957,50,0,1.8202236268758134,0,0,63.825695564757126,50,0,0.6725334642248819,100,0,0.7908004783014055,50,0,,50,0
2016-08-02,-0.21069409874278527,50,0,1.579806782144705,0,0,63.825695564757126,50,0,0.6722156007501771,100,0,0.7467359025354162,50,0,,50,0
2016-08-03,-0.1624215775801349,50,0,1.7077726074295556,0,0,63.825695564757126,50,0,0.6721962852332868,100,0,0.7439175267531077,50,0,,50,0
2016-08-04,-0.14882596216167543,50,0,1.7451522966508288,0,0,63.825695564757126,50,0,0.6722434594186129,100,0,0.7019925703987159,50,0,,50,0
2016-08-05,-0.15143392240543602,50,0,1.7362778158618146,0,0,63.825695564757126,50,0,0.6722484883687767,100,0,0.7776593542158158,50,0,,50,0
2016-08-06,-0.14086508967156372,50,0,1.7625261835836668,0,0,63.825695564757126,50,0,0.6723319656961222,100,0,0.7645211084097631,50,0,,50,0
2016-08-07,-0.13673142290872004,50,0,1.7720702705250153,0,0,63.825695564757126,50,0,0.6724266805149143,100,0,0.7140492792332034,50,0,,50,0
2016-08-08,-0.14026124280298596,50,0,1.7606514461418465,0,0,63.825695564757126,50,0,0.6723437402900877,100,0,0.7226659650857491,50,0,,50,0
2016-08-09,-0.14424274744130836,50,0,1.7475089648212725,0,0,63.825695564757126,50,0,0.6722333598045566,100,0,0.6047895038066003,50,0,,50,0
2016-08-10,-0.14164532785908449,50,0,1.7514137075069836,0,0,63.825695564757126,50,0,0.6720516194331199,100,0,0.7242477734182367,50,0,,50,0
2016-08-11,-0.14202671560097774,50,0,1.7481363041924014,0,0,63.825695564757126,50,0,0.6719053583801142,100,0,0.7246461362678148,50,0,,50,0
2016-08-12,-0.14476546191700929,50,0,1.738919120160352,0,0,63.825695564757126,50,0,0.6717173087769055,100,0,0.7082499308191025,50,0,,50,0
2016-08-13,-0.14691425047692688,50,0,1.7314052731172647,0,0,63.825695564757126,50,0,0.671410282717311,100,0,0.7795024021096929,50,0,,50,0
2016-08-14,-0.1624463184571554,50,0,1.6880688543864706,0,0,63.825695564757126,50,0,0.6709976991945095,100,0,0.763583191616362,50,0,,50,0
2016-08-15,-0.16760854501948155,50,0,1.6718643695693813,0,0,63.825695564757126,50,0,0.6705211380609704,100,0,0.6725874125567003,50,0,,50,0
2016-08-16,-0.1546994152560477,50,0,1.704797877308738,0,0,63.825695564757126,50,0,0.6703518377208556,100,0,0.64159134956942,50,0,,50,0
2016-08-17,-0.1599227080664533,50,0,1.6887972329518215,0,0,63.825695564757126,50,0,0.6701070602096743,100,0,0.5863008684976415,50,0,,50,0
2016-08-18,-0.16043033404567886,50,0,1.6856283996639283,0,0,63.825695564757126,50,0,0.6697893093224802,100,0,0.735093459037806,50,0,,50,0
2016-08-19,-0.15979959313970454,50,0,1.6856823352745625,0,0,63.825695564757126,50,0,0.6695678464179556,100,0,0.7356346067472652,50,0,,50,0
2016-08-20,-0.15224564339990004,50,0,1.706662762030443,0,0,63.825695564757126,50,0,0.6693617810812861,100,0,0.7210471036603686,50,0,,50,0
2016-08-21,-0.1535461604539512,50,0,1.7016857379042523,0,0,63.825695564757126,50,0,0.669275015292297,100,0,0.7660457143601258,50,0,,50,0
2016-08-22,-0.14908748109122724,50,0,1.7118783383268887,0,0,63.825695564757126,50,0,0.6691441292233015,100,0,0.7413220040248377,50,0,,50,0
2016-08-23,-0.15172092722187222,50,0,1.7029860113124127,0,0,63.825695564757126,50,0,0.6690485723534033,100,0,0.7591025397732913,50,0,,50,0
2016-08-24,-0.15596677118423127,50,0,1.6895105298332647,0,0,63.825695564757126,50,0,0.668897155721965,100,0,0.727559063494886,50,0,,50,0
2016-08-25,-0.16008251677573215,50,0,1.6797401102039038,0,0,63.825695564757126,50,0,0.6686057306820158,100,0,0.623443323848279,50,0,,50,0
2016-08-26,-0.15714494697562317,50,0,1.6860279082337146,0,0,63.825695564757126,50,0,0.6683444506176623,100,0,0.6436956102397978,50,0,,50,0
2016-08-27,-0.16670383696969027,50,0,1.658833326314146,0,0,63.825695564757126,50,0,0.6680144906064517,100,0,0.6700319853299271,50,0,,50,0
2016-08-28,-0.16134199688535397,50,0,1.671140835629283,0,0,63.825695564757126,50,0,0.6676686856227912,100,0,0.6924621892835852,50,0,,50,0
2016-08-29,-0.16299315569729753,50,0,1.6643266688585936,0,0,63.825695564757126,50,0,0.6674407757125619,100,0,0.7255893568948396,50,0,,50,0
2016-08-30,-0.16080743184066318,50,0,1.6689504547914875,0,0,63.825695564757126,50,0,0.6671963957442405,100,0,0.7955799358449623,50,0,,50,0
2016-08-31,-0.16507716114673743,50,0,1.6571018488288645,0,0,60.00982804232384,50,0,0.6669104886242729,100,0,0.621092238318031,50,0,,50,0
2016-09-01,-0.16515356149893978,50,0,1.6550315455964022,0,0,60.00982804232384,50,0,0.6666267680803118,100,0,0.645502712701099,50,0,,50,0
2016-09-02,-0.16019369926427526,50,0,1.6664588804600315,0,0,60.00982804232384,50,0,0.6663619982221533,100,0,0.7283708278634761,50,0,,50,0
2016-09-03,-0.13463924691154142,50,0,1.732320073833389,0,0,60.00982804232384,50,0,0.6662022437421851,100,0,0.594994966098508,50,0,,50,0
2016-09-04,-0.12390741256897327,50,0,1.759473907301934,0,0,60.00982804232384,50,0,0.6661535687085338,100,0,0.8597837334054313,50,0,,50,0
2016-09-05,-0.12765062048081086,50,0,1.74864582215095,0,0,60.00982804232384,50,0,0.6660853506149267,100,0,0.6936782023540284,50,0,,50,0
2016-09-06,-0.12226377344450272,50,0,1.7622043094560944,0,0,60.00982804232384,50,0,0.6660553906750608,100,0,0.6661331435539415,50,0,,50,0
2016-09-07,-0.11983061625689828,50,0,1.7676687557133475,0,0,60.00982804232384,50,0,0.6662036074570971,100,0,0.7641903467567509,50,0,,50,0
2016-09-08,-0.10424952089677642,50,0,1.8081238069269654,0,0,60.00982804232384,50,0,0.666407006265718,100,0,0.7278133232829229,50,0,,50,0
2016-09-09,-0.11309503938534309,50,0,1.7841729249550973,0,0,60.00982804232384,50,0,0.6665551846792854,100,0,0.7206564253238676,50,0,,50,0
2016-09-10,-0.11148520406008423,50,0,1.7870115657599615,0,0,60.00982804232384,50,0,0.6667431293499186,100,0,0.7905891928947337,50,0,,50,0
2016-09-11,-0.12986864583654664,50,0,1.737677776841562,0,0,60.00982804232384,50,0,0.6667962515644428,100,0,0.8467326034415099,50,0,,50,0
2016-09-12,-0.13058063375229986,50,0,1.7340257336646052,0,0,60.00982804232384,50,0,0.666859674852667,100,0,0.8515224844199009,50,0,,50,0
2016-09-13,-0.13021830925731,50,0,1.7347285891025024,0,0,60.00982804232384,50,0,0.6668700354159616,100,0,0.8014403306797481,50,0,,50,0
2016-09-14,-0.12971946375148108,50,0,1.7346638372309788,0,0,60.00982804232384,50,0,0.666844323895947,100,0,0.7578468581244598,50,0,,50,0
2016-09-15,-0.1325390313573693,50,0,1.7259040645398196,0,0,60.00982804232384,50,0,0.6666438457188876,100,0,0.7558649799183865,50,0,,50,0
2016-09-16,-0.1321846031482452,50,0,1.7259077799457374,0,0,60.00982804232384,50,0,0.6658777819411301,100,0,0.6959460487288635,50,0,,50,0
2016-09-17,-0.13283704758333315,50,0,1.7226199043997474,0,0,60.00982804232384,50,0,0.665152420699051,100,0,0.7852027148296935,50,0,,50,0
2016-09-18,-0.12853236421556494,50,0,1.7322904784568482,0,0,60.00982804232384,50,0,0.6643954498279222,100,0,0.700841396622885,50,0,,50,0
2016-09-19,-0.13162293939311828,50,0,1.7226680888527486,0,0,60.00982804232384,50,0,0.6636573636861123,100,0,0.6507291187766246,50,0,,50,0
2016-09-20,-0.13314802779962204,50,0,1.7191816681572345,0,0,60.00982804232384,50,0,0.662880113764498,100,0,0.7346912685186742,50,0,,50,0
2016-09-21,-0.14563438902602688,50,0,1.6849029694687647,0,0,60.00982804232384,50,0,0.6620192388853853,100,0,0.7864871801615323,50,0,,50,0
2016-09-22,-0.14715484363491527,50,0,1.6790304970099648,0,0,60.00982804232384,50,0,0.6608529512592012,100,0,0.699367385736443,50,0,,50,0
2016-09-23,-0.13987964220113158,50,0,1.6962252594214777,0,0,60.00982804232384,50,0,0.6596960396308302,100,0,0.6596827540704451,50,0,,50,0
2016-09-24,-0.13946278871494552,50,0,1.6950816947349145,0,0,60.00982804232384,50,0,0.6585435124463038,100,0,0.8213735184856394,50,0,,50,0
2016-09-25,-0.1422959425171988,50,0,1.6872458346836494,0,0,60.00982804232384,50,0,0.6572933182672529,100,0,0.8843407975058565,50,0,,50,0
2016-09-26,-0.13591031560866235,50,0,1.7025439149523842,0,0,60.00982804232384,50,0,0.6561424524210395,100,0,0.7437374437342151,50,0,,50,0
2016-09-27,-0.13803349547787166,50,0,1.6959626039741114,0,0,60.00982804232384,50,0,0.6549611576724169,100,0,0.8031401222942269,50,0,,50,0
2016-09-28,-0.13870407394426357,50,0,1.6926519662054924,0,0,60.00982804232384,50,0,0.6538489898930748,100,0,0.7223029758111571,50,0,,50,0
2016-09-29,-0.13828645088744876,50,0,1.6920912895390576,0,0,60.00982804232384,50,0,0.6527248962265277,100,0,0.692445281180212,50,0,,50,0
2016-09-30,-0.134422895228357,50,0,1.700308727141427,0,0,61.72638871158127,50,0,0.6514169761344258,100,0,0.6887301255510145,50,0,,50,0
2016-10-01,-0.1275589351460151,50,0,1.7165155857349572,0,0,61.72638871158127,50,0,0.6495796879066802,100,0,0.7744034838165549,50,0,,50,0
2016-10-02,-0.1316938667882432,50,0,1.7042725666378677,0,0,61.72638871158127,50,0,0.6473815104351545,100,0,0.6980629482072169,50,0,,50,0
2016-10-03,-0.13144857433726684,50,0,1.7045826788027925,0,0,61.72638871158127,50,0,0.6453803589934299,100,0,0.7444741066453303,50,0,,50,0
2016-10-04,-0.13490768788329066,50,0,1.6953862764925394,0,0,61.72638871158127,50,0,0.6433044806218483,100,0,0.7675537336788851,50,0,,50,0
2016-10-05,-0.13287993067857926,50,0,1.6993135085926545,0,0,61.72638871158127,50,0,0.6405678515965182,100,0,0.8116360774127023,50,0,,50,0
2016-10-06,-0.1335825281952779,50,0,1.6962271889987464,0,0,61.72638871158127,50,0,0.6380284639481731,100,0,0.8224377260619468,50,0,,50,0
2016-10-07,-0.12721623060859633,50,0,1.7112165275916325,0,0,61.72638871158127,50,0,0.6354684844342364,100,0,0.7019411941923752,50,0,,50,0
2016-10-08,-0.12603853375211704,50,0,1.7130278241573174,0,0,61.72638871158127,50,0,0.6328667819129024,100,0,0.8253904065013693,50,0,,50,0
2016-10-09,-0.12861841694831241,50,0,1.704908843615826,0,0,61.72638871158127,50,0,0.6306786062631888,100,0,0.7951581830741706,50,0,,50,0
2016-10-10,-0.12783752790052594,50,0,1.7055928913505796,0,0,61.72638871158127,50,0,0.628991446628859,100,0,0.611890941207774,50,0,,50,0
2016-10-11,-0.10218523774142735,50,0,1.7720950759624787,0,0,61.72638871158127,50,0,0.6281640478544398,100,0,0.7042051144816422,50,0,,50,0
2016-10-12,-0.11040094453961924,50,0,1.7523529680548782,0,0,61.72638871158127,50,0,0.6270372977785014,100,0,0.7597589685416437,50,0,,50,0
2016-10-13,-0.11201764869208529,50,0,1.7470412951163945,0,0,61.72638871158127,50,0,0.6256141575616824,100,0,0.6911419075223598,50,0,,50,0
2016-10-14,-0.10794650135590185,50,0,1.7562699763449945,0,0,61.72638871158127,50,0,0.6242248968893876,100,0,0.7009105048481227,50,0,,50,0
2016-10-15,-0.11068046241626885,50,0,1.7478095848460355,0,0,61.72638871158127,50,0,0.6231254005579511,100,0,0.7207815722250148,50,0,,50,0
2016-10-16,-0.10499476408799531,50,0,1.761076400872418,0,0,61.72638871158127,50,0,0.6219194766313073,100,0,0.669151354091495,50,0,,50,0
2016-10-17,-0.11020151522334468,50,0,1.7485933941947587,0,0,61.72638871158127,50,0,0.6208664904060573,100,0,0.6390618232983427,50,0,,50,0
2016-10-18,-0.1148055656591378,50,0,1.7367388574706217,0,0,61.72638871158127,50,0,0.6200042729159,100,0,0.7865467226768854,50,0,,50,0
2016-10-19,-0.12150681886196092,50,0,1.7184525700032205,0,0,61.72638871158127,50,0,0.6188058309589319,100,0,0.6300647381210038,50,0,,50,0
2016-10-20,-0.12283967425626059,50,0,1.7135546899363407,0,0,61.72638871158127,50,0,0.6175010288616355,100,0,0.6792003433873196,50,0,,50,0
2016-10-21,-0.12117518304252087,50,0,1.7177790674447484,0,0,61.72638871158127,50,0,0.6159455269110163,100,0,0.8213733384958164,50,0,,50,0
2016-10-22,-0.09641758423465818,50,0,1.7798227627431125,0,0,61.72638871158127,50,0,0.6149324958226876,100,0,0.757954470923034,50,0,,50,0
2016-10-23,-0.09958544804540556,50,0,1.7707009927941573,0,0,61.72638871158127,50,0,0.6137042103088423,100,0,0.7604167053784724,50,0,,50,0
2016-10-24,-0.10231053038931694,50,0,1.7632685749731245,0,0,61.72638871158127,50,0,0.6126019845590122,100,0,0.7451971424014692,50,0,,50,0
2016-10-25,-0.09702715376142163,50,0,1.7766961287218053,0,0,61.72638871158127,50,0,0.6113019191208945,100,0,0.736652616706002,50,0,,50,0
2016-10-26,-0.07787304021530694,50,0,1.8266924891117646,0,0,61.72638871158127,50,0,0.6103478659347026,100,0,0.7531875407922237,50,0,,50,0
2016-10-27,-0.06762242493640186,50,0,1.855161230661219,0,0,61.72638871158127,50,0,0.6093359463139972,100,0,0.9042432572777174,50,0,,50,0
2016-10-28,-0.06434744753713756,50,0,1.8631772947430805,0,0,61.72638871158127,50,0,0.6084647856253783,100,0,0.8442380566151768,50,0,,50,0
2016-10-29,-0.03936467973154687,50,0,1.928183926994963,0,0,61.72638871158127,50,0,0.607736760440678,100,0,0.8509290211720799,50,0,,50,0
2016-10-30,-0.05679574101384649,50,0,1.8822753053692316,0,0,61.72638871158127,50,0,0.6068767099928081,100,0,0.9564717568193949,50,0,,50,0
2016-10-31,-0.05852293995344286,50,0,1.878627367138147,0,0,65.63485289795943,50,0,0.6058815678261132,100,0,0.832714796486687,50,0,,50,0
2016-11-01,-0.02687287420228999,50,0,1.9610841643392658,0,0,65.63485289795943,50,0,0.6051815098617378,100,0,0.8364811735918906,50,0,,50,0
2016-11-02,-0.017957337066894098,50,0,1.9845928559519785,0,0,65.63485289795943,50,0,0.6045146247977535,100,0,0.7777088984634718,50,0,,50,0
2016-11-03,-0.07124682833570364,50,0,1.8470257410803685,0,0,65.63485289795943,50,0,0.603494451694428,100,0,0.9025758760926308,50,0,,50,0
2016-11-04,-0.05570785059365999,50,0,1.8860057298016875,0,0,65.63485289795943,50,0,0.6025608306281635,100,0,0.6588570190841179,50,0,,50,0
2016-11-05,-0.05466958110518137,50,0,1.887215915873849,0,0,65.63485289795943,50,0,0.6015137326298197,100,0,0.8252330848127394,50,0,,50,0
2016-11-06,-0.04573572982620671,50,0,1.9088959954347955,0,0,65.63485289795943,50,0,0.6005648265340844,100,0,0.8625959030566659,50,0,,50,0
2016-11-07,-0.05650794206601686,50,0,1.8805090457776452,0,0,65.63485289795943,50,0,0.5995693097358762,100,0,0.8536385553771618,50,0,,50,0
2016-11-08,-0.05196366843815406,50,0,1.8930533824863454,0,0,65.63485289795943,50,0,0.5986622296449389,100,0,0.9576754633772715,50,0,,50,0
2016-11-09,-0.04326697181010336,50,0,1.9161823083128522,0,0,65.63485289795943,50,0,0.597844515337809,100,0,0.8711867942395067,50,0,,50,0
2016-11-10,-0.052494303760485514,50,0,1.8921762583588781,0,0,65.63485289795943,50,0,0.5972170114080825,100,0,0.9634289142907897,50,0,,50,0
2016-11-11,-0.05085434465726604,50,0,1.8957457969634075,0,0,65.63485289795943,50,0,0.596555312266152,100,0,0.9530082308465664,50,0,,50,0
2016-11-12,-0.06350292564135565,50,0,1.8619130258802858,0,0,65.63485289795943,50,0,0.5957893068369995,100,0,0.9579801724085037,50,0,,50,0
2016-11-13,-0.06400991713415864,50,0,1.85890638599029,0,0,65.63485289795943,50,0,0.5951280702893613,100,0,0.7981220076658045,50,0,,50,0
2016-11-14,-0.06253471573431428,50,0,1.861806607686603,0,0,65.63485289795943,50,0,0.5945026208323727,100,0,0.9656077682797394,50,0,,50,0
2016-11-15,-0.05646558702721285,50,0,1.87702438787265,0,0,65.63485289795943,50,0,0.5938531354880022,100,0,0.8925586787062865,50,0,,50,0
2016-11-16,-0.028137024950674265,50,0,1.9526182224002013,0,0,65.63485289795943,50,0,0.5933544800285457,100,0,0.9933867995257613,50,0,,50,0
2016-11-17,-0.03655790828409121,50,0,1.9322897374560088,0,0,65.63485289795943,50,0,0.5928168294146369,100,0,0.968189090801915,50,0,,50,0
2016-11-18,-0.0232397476380427,50,0,1.9670547001584706,0,0,65.63485289795943,50,0,0.5923823142554819,100,0,0.9001157730911176,50,0,,50,0
2016-11-19,-0.022291063538974126,50,0,1.9686310154135613,0,0,65.63485289795943,50,0,0.5923011697272994,100,0,0.8534353580316443,50,0,,50,0
2016-11-20,-0.04412341386370853,50,0,1.9114005633676021,0,0,65.63485289795943,50,0,0.5922776205975739,100,0,0.7644997315137602,50,0,,50,0
2016-11-21,-0.03864753814865789,50,0,1.9249220348046028,0,0,65.63485289795943,50,0,0.5929662410212336,100,0,0.8628439405878137,50,0,,50,0
2016-11-22,-0.02814745918223044,50,0,1.9522907981396525,0,0,65.63485289795943,50,0,0.5934051887254509,100,0,0.8131671633487859,50,0,,50,0
2016-11-23,-0.03753700679683652,50,0,1.9320472131811557,0,0,65.63485289795943,50,0,0.5937079347788494,100,0,0.9045611038109896,50,0,,50,0
2016-11-24,-0.04360365077323785,50,0,1.9193455636790617,0,0,65.63485289795943,50,0,0.5940022589338967,100,0,1.0041227088553517,50,0,,50,0
2016-11-25,-0.04177808597083484,50,0,1.9228289487401369,0,0,65.63485289795943,50,0,0.5943486202527649,100,0,0.9440385063697502,50,0,,50,0
2016-11-26,-0.04752544000554169,50,0,1.907207964541219,0,0,65.63485289795943,50,0,0.5945775723292447,100,0,0.9091921174078855,50,0,,50,0
2016-11-27,-0.055072934357678925,50,0,1.8867807855195633,0,0,65.63485289795943,50,0,0.5947911401335626,100,0,0.8474252306893056,50,0,,50,0
2016-11-28,-0.05343301209560653,50,0,1.890361098777793,0,0,65.63485289795943,50,0,0.5950742967326866,100,0,0.9853937785182036,50,0,,50,0
2016-11-29,-0.0523634603797634,50,0,1.8919187826006623,0,0,65.63485289795943,50,0,0.5954159445026401,100,0,0.8856116781313702,50,0,,50,0
2016-11-30,-0.04254566308412924,50,0,1.9166624702848354,0,0,67.36141299150665,50,0,0.5957815950647773,100,0,0.8671286090902863,50,0,,50,0
2016-12-01,-0.03224351932078765,50,0,1.943655149457452,0,0,67.36141299150665,50,0,0.5962321003583,100,0,0.9042172658360959,50,0,,50,0
2016-12-02,-0.01529122511913722,50,0,1.9889389689664652,0,0,67.36141299150665,50,0,0.5968145048152516,100,0,0.9059317650495629,50,0,,50,0
2016-12-03,-0.027590744421199787,50,0,1.9702871826656587,0,0,67.36141299150665,50,0,0.5974735405221377,100,0,1.0740705755843538,50,0,,50,0
2016-12-04,-0.027866590463519855,50,0,1.9682840964182633,0,0,67.36141299150665,50,0,0.5981113040674676,100,0,0.9174570632071294,50,0,,50,0
2016-12-05,-0.04238433160743606,50,0,1.9304812338916564,0,0,67.36141299150665,50,0,0.5985642882401783,100,0,0.9603874486093669,50,0,,50,0
2016-12-06,-0.036588670641935245,50,0,1.9443852268861355,0,0,67.36141299150665,50,0,0.5990806025424238,100,0,0.931358007958903,50,0,,50,0
2016-12-07,-0.03167140905372216,50,0,1.9567586105547206,0,0,67.36141299150665,50,0,0.5996516728385313,100,0,1.0864404009387219,50,0,,50,0
2016-12-08,-0.0303356636761041,50,0,1.9609211406320892,0,0,67.36141299150665,50,0,0.6002701359587679,100,0,1.0766855017035324,50,0,,50,0
2016-12-09,-0.02678748870365148,50,0,1.969068408065148,0,0,67.36141299150665,50,0,0.6008432390535756,100,0,0.8627547947220121,50,0,,50,0
2016-12-10,-0.02449996457060687,50,0,1.975475051661171,0,0,67.36141299150665,50,0,0.6013234686408641,100,0,0.8334336379075459,50,0,,50,0
2016-12-11,-0.030017630426872433,50,0,1.960129999740946,0,0,67.36141299150665,50,0,0.6017564944547497,100,0,1.195651649452772,50,0,,50,0
2016-12-12,-0.023123788080756484,50,0,1.9777986046188947,0,0,67.36141299150665,50,0,0.6022424309590853,100,0,0.9821872261051576,50,0,,50,0
2016-12-13,-0.023732804990313244,50,0,1.9761723135549678,0,0,67.36141299150665,50,0,0.6027928340696196,100,0,1.1349260249004436,50,0,,50,0
2016-12-14,-0.0266424328270632,50,0,1.9684989290035124,0,0,67.36141299150665,50,0,0.6033365967079233,100,0,0.8852519042059374,50,0,,50,0
2016-12-15,-0.02865040224231114,50,0,1.96384300445101,0,0,67.36141299150665,50,0,0.6038626573449488,100,0,0.817181968947419,50,0,,50,0
2016-12-16,-0.023585722850633397,50,0,1.9764620547092489,0,0,67.36141299150665,50,0,0.6045030928771804,100,0,0.8546070132095873,50,0,,50,0
2016-12-17,-0.01725390857765482,50,0,1.9923498089750755,0,0,67.36141299150665,50,0,0.6051375724422756,100,0,0.9252272599159261,50,0,,50,0
2016-12-18,-0.017369102657773052,50,0,1.9922066849181892,0,0,67.36141299150665,50,0,0.6057750499368908,100,0,0.9696342503967869,50,0,,50,0
2016-12-19,-0.01842153142712761,50,0,1.9885827388660722,0,0,67.36141299150665,50,0,0.6064004077833719,100,0,1.0344840020001067,50,0,,50,0
2016-12-20,-0.010608461525794836,50,0,2.009701154760608,0,0,67.36141299150665,50,0,0.6070957036182901,100,0,0.9043274674918257,50,0,,50,0
2016-12-21,0.013962545058833691,50,0,2.078854672646632,0,0,67.36141299150665,50,0,0.6079244563485919,100,0,1.1089421629004905,50,0,,50,0
2016-12-22,0.039523506014225246,50,0,2.150981317672854,0,0,67.36141299150665,50,0,0.6089489910292678,100,0,1.1649096482734693,50,0,,50,0
2016-12-23,0.08848635249812316,50,0,2.290320196367491,0,0,67.36141299150665,50,0,0.6100453644429792,100,0,1.1258820170539807,50,0,,50,0
2016-12-24,0.06344873231793365,50,0,2.2258388546063737,0,0,67.36141299150665,50,0,0.6109227742132285,100,0,1.014656551875386,50,0,,50,0
2016-12-25,0.06653307315470226,50,0,2.2344949357364743,0,0,67.36141299150665,50,0,0.6118400013689783,100,0,1.2391951120678995,50,0,,50,0
2016-12-26,0.07138619021232115,50,0,2.248948846266152,0,0,67.36141299150665,50,0,0.612745996444837,100,0,1.0552187412775271,50,0,,50,0
2016-12-27,0.09009353935425017,50,0,2.3019313104112746,0,0,67.36141299150665,50,0,0.6137144957440239,100,0,1.2750146357048626,50,0,,50,0
2016-12-28,0.13547689589064457,50,0,2.432104310604708,0,0,67.36141299150665,50,0,0.6147919875168241,100,0,1.3214213530513192,50,0,,50,0
2016-12-29,0.12463541410732994,50,0,2.411956696879136,0,0,67.36141299150665,50,0,0.6158844046058846,100,0,1.2315352277783858,50,0,,50,0
2016-12-30,0.11009445485380738,50,0,2.3776317247113905,0,0,67.36141299150665,50,0,0.6167073344770626,100,0,1.2448264316831326,50,0,,50,0
2016-12-31,0.11586009028440669,50,0,2.392943854739683,0,0,74.56699085399576,0,0,0.6177541911575803,100,0,1.1858239048973436,50,0,,50,0
2017-01-01,0.1394176132856458,50,0,2.4586244268905406,0,0,74.56699085399576,0,0,0.6189164301852594,100,0,1.2318718486184164,50,0,,50,0
2017-01-02,0.15304974237436053,50,0,2.5031666979151965,0,100,74.56699085399576,0,0,0.6201649361407318,100,0,1.3363257102954915,50,0,,50,0
2017-01-03,0.1622470160421547,50,0,2.5369671000734004,0,100,74.56699085399576,0,0,0.6214526512952133,100,0,1.4025040748181352,50,0,,50,0
2017-01-04,0.24411272376535567,50,0,2.7819619454291837,0,100,74.56699085399576,0,0,0.623357252147172,100,0,1.4557266032595653,50,0,,50,0
2017-01-05,0.11285144572458429,50,0,2.449265039361361,0,0,74.56699085399576,0,0,0.6245840802080127,100,0,1.2536847974134548,50,0,,50,0
2017-01-06,0.016495296147482144,50,0,2.181555471201185,0,0,74.56699085399576,0,0,0.6252191169586685,100,0,1.2462333093922733,50,0,,50,0
2017-01-07,0.02617543445017732,50,0,2.205120069928577,0,0,74.56699085399576,0,0,0.6258862293021522,100,0,0.9935362693112897,50,0,,50,0
2017-01-08,0.03344138466257339,50,0,2.2238052869913534,0,0,74.56699085399576,0,0,0.6266640710164186,100,0,1.2424580197874238,50,0,,50,0
2017-01-09,0.024223799242334528,50,0,2.198655895601313,0,0,74.56699085399576,0,0,0.627365736697492,100,0,1.0181332210986467,50,0,,50,0
2017-01-10,0.026021229688721143,50,0,2.2026320644811967,0,0,74.56699085399576,0,0,0.6281621870630589,100,0,1.2116585973765157,50,0,,50,0
2017-01-11,-0.07896103297201322,50,0,1.9130038963969598,0,0,74.56699085399576,0,0,0.6284352729531985,100,0,1.0776001488861686,50,0,,50,0
2017-01-12,-0.061638976457115906,50,0,1.9560367573972823,0,0,74.56699085399576,0,0,0.6286937661628661,100,0,1.114062619785397,50,0,,50,0
2017-01-13,-0.044080841871482646,50,0,2.0009262107017514,0,0,74.56699085399576,0,0,0.6290385848852125,100,0,0.9937999968471187,50,0,,50,0
2017-01-14,-0.05012736648809637,50,0,1.9820580394013225,0,0,74.56699085399576,0,0,0.6293619435717279,100,0,1.1996736871644516,50,0,,50,0
2017-01-15,-0.04630435655813908,50,0,1.9902686377830148,0,0,74.56699085399576,0,0,0.6296248869783215,100,0,1.0969482016109617,50,0,,50,0
2017-01-16,-0.04085344276699159,50,0,2.0027620798776096,0,0,74.56699085399576,0,0,0.6299420450266809,100,0,1.1783793866132717,50,0,,50,0
2017-01-17,0.02518317955444985,50,0,2.1808284206583646,0,0,74.56699085399576,0,0,0.6306052788681005,100,0,1.1907321105131377,50,0,,50,0
2017-01-18,0.002073579406800016,50,0,2.118236115684028,0,0,74.56699085399576,0,0,0.6311355765821767,100,0,1.0851311851961905,50,0,,50,0
2017-01-19,0.0199290015823764,50,0,2.1656313448891016,0,0,74.56699085399576,0,0,0.63179472016501,100,0,1.2779822397641067,50,0,,50,0
2017-01-20,0.0128042184588172,50,0,2.145579391699198,0,0,74.56699085399576,0,0,0.6323543364119737,100,0,1.4067767831948241,50,0,,50,0
2017-01-21,0.038014095562550816,50,0,2.212533539382824,0,0,74.56699085399576,0,0,0.6330396704926534,100,0,1.3668889810158722,50,0,,50,0
2017-01-22,0.034793589846031925,50,0,2.2045378113006966,0,0,74.56699085399576,0,0,0.6337079004244947,100,0,1.2876146622698048,50,0,,50,0
2017-01-23,0.030595504290720846,50,0,2.193365662463076,0,0,74.56699085399576,0,0,0.6343640710907111,100,0,1.045180622863066,50,0,,50,0
2017-01-24,0.0012951546224097034,50,0,2.1155807917693337,0,0,74.56699085399576,0,0,0.6348708578463017,100,0,1.1237617409373066,50,0,,50,0
2017-01-25,0.007094450581092884,50,0,2.131591353557531,0,0,74.56699085399576,0,0,0.6354295050986614,100,0,1.1067739758207449,50,0,,50,0
2017-01-26,0.024417108834726454,50,0,2.1784442718080457,0,0,74.56699085399576,0,0,0.6360279609895363,100,0,1.1567120509310715,50,0,,50,0
2017-01-27,0.026914193599503297,50,0,2.1843658255094347,0,0,74.56699085399576,0,0,0.6366435039878093,100,0,1.2702965639535415,50,0,,50,0
2017-01-28,0.0283781830102412,50,0,2.18679381902234,0,0,74.56699085399576,0,0,0.6373037181235502,100,0,1.1642294875258405,50,0,,50,0
2017-01-29,0.01961919209587386,50,0,2.1668524958334956,0,0,74.56699085399576,0,0,0.6379713274916231,100,0,1.2838511340096195,50,0,,50,0
2017-01-30,0.022888082518941914,50,0,2.1749280383276806,0,0,74.56699085399576,0,0,0.6384547566966018,100,0,1.1121068515680896,50,0,,50,0
2017-01-31,0.0638475008943452,50,0,2.285516773331734,0,0,74.53014830697981,0,0,0.639212822929512,100,0,1.2018502321542412,50,0,,50,0
2017-02-01,0.07854377423719826,50,0,2.327074749304076,0,0,74.53014830697981,0,0,0.6400814540950286,100,0,1.5347775547478189,0,0,,50,0
2017-02-02,0.09380521533761518,50,0,2.3711176681921153,0,0,74.53014830697981,0,0,0.6410195087221606,100,0,1.3516689197481946,50,0,,50,0
2017-02-03,0.09726061611470162,50,0,2.3854960765791877,0,0,74.53014830697981,0,0,0.6419966370075039,100,0,1.2669751070571504,50,0,,50,0
2017-02-04,0.11157580053829907,50,0,2.4252994922101965,0,0,74.53014830697981,0,0,0.6430667976754278,100,0,1.2205987841167982,50,0,,50,0
2017-02-05,0.09324857016541792,50,0,2.3768208095295353,0,0,74.53014830697981,0,0,0.6440725542850716,100,0,1.3612025029058263,50,0,,50,0
2017-02-06,0.09872762649950324,50,0,2.3939656040130317,0,0,74.53014830697981,0,0,0.6451319219082957,100,0,1.0858293913349397,50,0,,50,0
2017-02-07,0.1218860780082323,50,0,2.46148134904476,0,0,74.53014830697981,0,0,0.646304156843419,100,0,1.3421464248511066,50,0,,50,0
2017-02-08,0.11846592192855593,50,0,2.4548944575916587,0,0,74.53014830697981,0,0,0.6474833910195605,100,0,1.2857615315294624,50,0,,50,0
2017-02-09,0.05688683689427788,50,0,2.2890673398903587,0,0,74.53014830697981,0,0,0.648349883259602,100,0,1.4750650374721466,50,0,,50,0
2017-02-10,0.06655869003233215,50,0,2.3180258827836657,0,0,74.53014830697981,0,0,0.6491254161064485,100,0,1.2146480207485644,50,0,,50,0
2017-02-11,0.07863619230147552,50,0,2.348708502987689,0,0,74.53014830697981,0,0,0.6499793654323115,100,0,1.1410435685034723,50,0,,50,0
2017-02-12,0.07313716806565201,50,0,2.3333629503951387,0,0,74.53014830697981,0,0,0.6508220031716129,100,0,1.138489167446622,50,0,,50,0
2017-02-13,0.06605049506205668,50,0,2.315130222169156,0,0,74.53014830697981,0,0,0.651607411026319,100,0,1.3400086037381558,50,0,,50,0
2017-02-14,0.07518519608820028,50,0,2.3398631260999267,0,0,74.53014830697981,0,0,0.6522897575210633,100,0,1.4482248349384352,50,0,,50,0
2017-02-15,0.07584901215736536,50,0,2.34021168631959,0,0,74.53014830697981,0,0,0.6528678656245297,100,0,1.170310549364845,50,0,,50,0
2017-02-16,0.0938314052997556,50,0,2.389418210906998,0,0,74.53014830697981,0,0,0.653498321611663,100,0,1.2899242425381925,50,0,,50,0
2017-02-17,0.10924265478473921,50,0,2.4360355884523375,0,0,74.53014830697981,0,0,0.6540079122309466,100,0,1.315832632937971,50,0,,50,0
2017-02-18,0.10936304346660124,50,0,2.4369003253231836,0,0,74.53014830697981,0,0,0.6546034040664759,100,0,1.353973577185451,50,0,,50,0
2017-02-19,0.10642887123894872,50,0,2.4288275203520855,0,0,74.53014830697981,0,0,0.6552091671529784,100,0,1.2297285076894346,50,0,,50,0
2017-02-20,0.1299320248939623,50,0,2.4934899850791323,0,0,74.53014830697981,0,0,0.655741000404365,100,0,1.3138796961885362,50,0,,50,0
2017-02-21,0.16044693712663624,50,0,2.5813196999207624,0,100,74.53014830697981,0,0,0.6563581307885187,100,0,1.2871934547915185,50,0,,50,0
2017-02-22,0.15627646605782108,50,0,2.579145669798847,0,100,74.53014830697981,0,0,0.6573223355436124,100,0,1.3133430311800973,50,0,,50,0
2017-02-23,0.20064475484150016,50,0,2.7095797911068544,0,100,74.53014830697981,0,0,0.6584204502509045,100,0,1.4686727438229854,50,0,,50,0
2017-02-24,0.19073838324127115,50,0,2.6972894362851596,0,100,74.53014830697981,0,0,0.659497543104076,100,0,1.6413137741973483,0,0,,50,0
2017-02-25,0.16116967037696578,50,0,2.6158437387430897,0,100,74.53014830697981,0,0,0.6603468486923021,100,0,1.7582782960871437,0,0,,50,0
2017-02-26,0.18446994802171895,50,0,2.6796766656249886,0,100,74.53014830697981,0,0,0.6613784235475325,100,0,1.7185080306845109,0,0,,50,0
2017-02-27,0.19177979241417636,50,0,2.7032904747309994,0,100,74.53014830697981,0,0,0.6624227977008911,100,0,1.4306788345414259,50,0,,50,0
2017-02-28,0.18465619639424669,50,0,2.6857113848849328,0,100,79.59416596449458,0,100,0.6633739124986266,100,0,1.538817813064413,0,0,,50,0
2017-03-01,0.2127803596931104,50,0,2.7712678097815493,0,100,79.59416596449458,0,100,0.6645324156205826,100,0,1.4762553285825035,50,0,,50,0
2017-03-02,0.235110806420349,50,0,2.843732598373744,0,100,79.59416596449458,0,100,0.6658045840092265,100,0,1.6708563840850892,0,0,,50,0
2017-03-03,0.24968980620500197,50,0,2.897688503418914,0,100,79.59416596449458,0,100,0.6672200663807831,100,0,1.6468420643273503,0,0,,50,0
2017-03-04,0.23040973277688873,50,0,2.846507065158519,0,100,79.59416596449458,0,100,0.6685495703402012,100,0,1.4541989618597402,50,0,,50,0
2017-03-05,0.23364860175851584,50,0,2.857646184527843,0,100,79.59416596449458,0,100,0.6698922007467439,100,0,1.5566254649113254,0,0,,50,0
2017-03-06,0.2339004724009834,50,0,2.8656750073529764,0,100,79.59416596449458,0,100,0.6712024953848621,100,0,1.5754322886516345,0,0,,50,0
2017-03-07,0.19338122386443138,50,0,2.753960454523554,0,100,79.59416596449458,0,100,0.6721443191507332,100,0,1.7119682154339544,0,0,,50,0
2017-03-08,0.12637007951940907,50,0,2.566028486795114,0,100,79.59416596449458,0,100,0.6728186210972199,100,0,1.4544635908309804,50,0,,50,0
2017-03-09,0.15782972566148823,50,0,2.653481962963899,0,100,79.59416596449458,0,100,0.6735393001364016,100,0,1.4584906344556887,50,0,,50,0
2017-03-10,0.08238257264542619,50,0,2.4386300037707493,0,0,79.59416596449458,0,100,0.673900980495829,100,0,1.5799278088102953,0,0,,50,0
2017-03-11,0.1432160583573967,50,0,2.60804330986641,0,100,79.59416596449458,0,100,0.674685560173475,100,0,1.4430746483357448,50,0,,50,0
2017-03-12,0.18468620146184436,50,0,2.7249499466609364,0,100,79.59416596449458,0,100,0.6756513352468132,100,0,1.523938183861016,0,0,,50,0
2017-03-13,0.18397553573392667,50,0,2.7370165794783885,0,100,79.59416596449458,0,100,0.6765581367965993,100,0,1.546646628187392,0,0,,50,0
2017-03-14,0.1869656860378954,50,0,2.747849276156893,0,100,79.59416596449458,0,100,0.6775087500740976,100,0,1.6595773074824283,0,0,,50,0
2017-03-15,0.1920359120689449,50,0,2.769541547926066,0,100,79.59416596449458,0,100,0.678513195625944,100,0,1.523261486224745,0,0,,50,0
2017-03-16,0.12666872613833471,50,0,2.5877895195280676,0,100,79.59416596449458,0,100,0.6792135683573873,100,0,1.6064152927450777,0,0,,50,0
2017-03-17,0.044559101366983225,50,0,2.3515492235814706,0,0,79.59416596449458,0,100,0.6795635542911612,100,0,1.4680804611411635,50,0,,50,0
2017-03-18,-0.040422687887959406,50,0,2.1085484022794776,0,0,79.59416596449458,0,100,0.6795689744158593,100,0,1.35279655297856,50,0,,50,0
2017-03-19,0.004088462677323849,50,0,2.2316820047695822,0,0,79.59416596449458,0,100,0.6797671209916264,100,0,1.3642724775339756,50,0,,50,0
2017-03-20,0.01777535817796087,50,0,2.2667831433469736,0,0,79.59416596449458,0,100,0.6800157240782756,100,0,1.1784156746216308,50,0,,50,0
2017-03-21,0.07293900772222266,50,0,2.4247947812990613,0,0,79.59416596449458,0,100,0.6804688395803129,100,0,1.2981589856765985,50,0,,50,0
2017-03-22,0.013715328681285537,50,0,2.259049742702369,0,0,79.59416596449458,0,100,0.6805814803554788,100,0,1.4153260762077953,50,0,,50,0
2017-03-23,0.0068150350409631666,50,0,2.236020999197361,0,0,79.59416596449458,0,100,0.6805438437705474,100,0,1.259805699178763,50,0,,50,0
2017-03-24,-0.06567187858912947,50,0,2.0309880686481896,0,0,79.59416596449458,0,100,0.6802079368977555,100,0,1.4008266553088398,50,0,,50,0
2017-03-25,-0.04028247866894761,50,0,2.100970303673935,0,0,79.59416596449458,0,100,0.6799903037482875,100,0,0.9979855112762512,50,0,,50,0
2017-03-26,-0.04535736715183794,50,0,2.0861627749050657,0,0,79.59416596449458,0,100,0.6798474302312054,100,0,1.2860314453480914,50,0,,50,0
2017-03-27,0.015285461530332977,50,0,2.256191582899242,0,0,79.59416596449458,0,100,0.6799500629288896,100,0,1.0718784749850052,50,0,,50,0
2017-03-28,0.015571856421111304,50,0,2.257838335803451,0,0,79.59416596449458,0,100,0.6800349135101127,100,0,1.3154604755388957,50,0,,50,0
2017-03-29,0.010610119381404576,50,0,2.242862506559244,0,0,79.59416596449458,0,100,0.6800769810851774,100,0,1.1981991576211508,50,0,,50,0
2017-03-30,0.008302922075798675,50,0,2.236052638570261,0,0,79.59416596449458,0,100,0.6800894702069186,100,0,1.3990179275212626,50,0,,50,0
2017-03-31,0.0392515037315878,50,0,2.3268968615736583,0,0,72.10585156382274,0,0,0.6802452260259185,100,0,1.279054231959298,50,0,,50,0
2017-04-01,0.043910648056166485,50,0,2.3401803532670975,0,0,72.10585156382274,0,0,0.6804615465540387,100,0,1.171831717086944,50,0,,50,0
2017-04-02,0.05504330589246339,50,0,2.371053007342207,0,0,72.10585156382274,0,0,0.6806759246626305,100,0,1.3751195416818753,50,0,,50,0
2017-04-03,0.08235009103404996,50,0,2.4510766414767553,0,0,72.10585156382274,0,0,0.6810223852724571,100,0,1.6825711959440484,0,0,,50,0
2017-04-04,0.07855401198263638,50,0,2.4413880958068273,0,0,72.10585156382274,0,0,0.6813901365002215,100,0,1.1796079823320245,50,0,,50,0
2017-04-05,0.07204676426053987,50,0,2.4245666265682537,0,0,72.10585156382274,0,0,0.6817530112076879,100,0,1.539387530150496,0,0,,50,0
2017-04-06,0.11389527413281697,50,0,2.5458768799384304,0,100,72.10585156382274,0,0,0.6823032017563745,100,0,1.399043265318683,50,0,,50,0
2017-04-07,0.10852596757599808,50,0,2.5355965498138238,0,100,72.10585156382274,0,0,0.6827857403481958,100,0,1.627333523217475,0,0,,50,0
2017-04-08,0.10178739019768308,50,0,2.5159241613524634,0,100,72.10585156382274,0,0,0.6832495616038562,100,0,1.3198029559851159,50,0,,50,0
2017-04-09,0.12168778667405752,50,0,2.5736362608405705,0,100,72.10585156382274,0,0,0.6838363083405087,100,0,1.51061710909852,0,0,,50,0
2017-04-10,0.11805511039049732,50,0,2.565126108967288,0,100,72.10585156382274,0,0,0.6843614534291538,100,0,1.4303885015461062,50,0,,50,0
2017-04-11,0.1292544998246082,50,0,2.599108062687455,0,100,72.10585156382274,0,0,0.6847851302127798,100,0,1.6254681076644117,0,0,,50,0
2017-04-12,0.11662389322685168,50,0,2.5659171699135586,0,100,72.10585156382274,0,0,0.6849213701615467,100,0,1.401985103085987,50,0,,50,0
2017-04-13,0.08337885550657202,50,0,2.470029224579902,0,0,72.10585156382274,0,0,0.6845879263087619,100,0,1.2261543431866615,50,0,,50,0
2017-04-14,0.08345542778412764,50,0,2.469772753587583,0,0,72.10585156382274,0,0,0.684421198482924,100,0,1.3523608738163446,50,0,,50,0
2017-04-15,0.08373383223944213,50,0,2.468368683260047,0,0,72.10585156382274,0,0,0.6842128367546342,100,0,1.4056939771934642,50,0,,50,0
2017-04-16,0.08182760579215338,50,0,2.460474746667492,0,0,72.10585156382274,0,0,0.683970207130765,100,0,1.3751202964829756,50,0,,50,0
2017-04-17,0.0926380632361334,50,0,2.494570836504365,0,0,72.10585156382274,0,0,0.6836306587097005,100,0,1.3639316863828566,50,0,,50,0
2017-04-18,0.09837157727990588,50,0,2.5118595699787676,0,100,72.10585156382274,0,0,0.6830289479605237,100,0,1.4567966882279184,50,0,,50,0
2017-04-19,0.10233286840884251,50,0,2.523221564236009,0,100,72.10585156382274,0,0,0.6824846092225334,100,0,1.3823099913032015,50,0,,50,0
2017-04-20,0.11928873620176335,50,0,2.5736253832670064,0,100,72.10585156382274,0,0,0.6821031713242577,100,0,1.3695646941012292,50,0,,50,0
2017-04-21,0.12609967368648003,50,0,2.5932230546235195,0,100,72.10585156382274,0,0,0.681747628787957,100,0,1.6570548768389288,0,0,,50,0
2017-04-22,0.12231713989682377,50,0,2.580969796964964,0,100,72.10585156382274,0,0,0.6812179639525952,100,0,1.4103183293575197,50,0,,50,0
2017-04-23,0.12583111400436794,50,0,2.5899446403159923,0,100,72.10585156382274,0,0,0.6805985639145367,100,0,1.6878759572628168,0,0,,50,0
2017-04-24,0.12867904520007664,50,0,2.600483894603373,0,100,72.10585156382274,0,0,0.6799224786674838,100,0,1.2166186198244946,50,0,,50,0
2017-04-25,0.14245898915795283,50,0,2.6426671046483334,0,100,72.10585156382274,0,0,0.6787115274927632,100,0,1.529924259376189,0,0,,50,0
2017-04-26,0.15179173181716282,50,0,2.672264723116717,0,100,72.10585156382274,0,0,0.6783315425740886,100,0,1.5866188902719656,0,0,,50,0
2017-04-27,0.18363629835779774,50,0,2.769003196236926,0,100,72.10585156382274,0,0,0.6787309193327747,100,0,1.5658166390998856,0,0,,50,0
2017-04-28,0.180000380053291,50,0,2.7681939707344356,0,100,72.10585156382274,0,0,0.6790763107857418,100,0,1.4499556689743538,50,0,,50,0
2017-04-29,0.1845686495483105,50,0,2.782995499200624,0,100,72.10585156382274,0,0,0.6794019287881399,100,0,1.8267225528973996,0,0,,50,0
2017-04-30,0.19854222238852035,50,0,2.8273338023471233,0,100,78.29565109936752,0,100,0.6798600387683714,100,0,1.5788509131605712,0,0,,50,0
2017-05-01,0.23097363565506823,50,0,2.9340216455860384,0,100,78.29565109936752,0,100,0.6804598479154608,100,0,1.6793729976860734,0,0,,50,0
2017-05-02,0.2438601040195634,50,0,2.9829154119545893,0,100,78.29565109936752,0,100,0.6817961511078152,100,0,1.8000625085883286,0,0,,50,0
2017-05-03,0.2767367834836474,50,0,3.0897106603058657,0,100,78.29565109936752,0,100,0.6831958451630423,100,0,1.5476381057695898,0,0,,50,0
2017-05-04,0.2808648585790507,50,0,3.1246075435776937,0,100,78.29565109936752,0,100,0.6844999944902344,100,0,2.114303219780002,0,0,,50,0
2017-05-05,0.2659352334103485,50,0,3.097790828340053,0,100,78.29565109936752,0,100,0.6858111639001092,100,0,1.6459160576121146,0,0,,50,0
2017-05-06,0.2905161093289442,50,0,3.178813931504949,0,100,78.29565109936752,0,100,0.6872263383674012,100,0,2.049488056669491,0,0,,50,0
2017-05-07,0.25535609743566545,50,0,3.0773565622378807,0,100,78.29565109936752,0,100,0.6884425944021525,100,0,2.0768651146151904,0,0,,50,0
2017-05-08,0.35159347934137897,50,0,3.38971171913193,0,100,78.29565109936752,0,100,0.6897355779538138,100,0,2.3747512304959457,0,0,,50,0
2017-05-09,0.36377026850200705,50,0,3.450238850638595,0,100,78.29565109936752,0,100,0.6912594957305572,100,0,2.092925995839883,0,0,,50,0
2017-05-10,0.3964791692886522,50,0,3.5685311873936145,0,100,78.29565109936752,0,100,0.6928598251720193,100,0,2.097852461117701,0,0,,50,0
2017-05-11,0.41771587604023397,50,0,3.665451141092641,0,100,78.29565109936752,0,100,0.694652343590106,100,0,1.9460141240456108,0,0,,50,0
2017-05-12,0.3262993792818713,50,0,3.3963707954194495,0,100,78.29565109936752,0,100,0.6959212761825755,100,0,2.1581324439728196,0,0,,50,0
2017-05-13,0.36992522889497315,50,0,3.5376571541940414,0,100,78.29565109936752,0,100,0.6975531937044032,100,0,2.0859322290488977,0,0,,50,0
2017-05-14,0.375980231068885,50,0,3.55836914923216,0,100,78.29565109936752,0,100,0.6992248525806625,100,0,2.406086650092741,0,0,,50,0
2017-05-15,0.333349231605652,50,0,3.435942961771378,0,100,78.29565109936752,0,100,0.7008926704247028,100,0,2.3045278518789525,0,0,,50,0
2017-05-16,0.34132213887048934,50,0,3.4676330917353733,0,100,78.29565109936752,0,100,0.7025580575506677,100,0,1.9329314537985676,0,0,,50,0
2017-05-17,0.3643425588813473,50,0,3.56108187483899,0,100,78.29565109936752,0,100,0.7042655448512946,100,0,2.337022781900742,0,0,,50,0
2017-05-18,0.4116452081918752,50,0,3.719952701389331,0,100,78.29565109936752,0,100,0.7061880604513543,100,0,2.1273585993772173,0,0,,50,0
2017-05-19,0.44649349076554035,50,0,3.853727206982579,0,100,78.29565109936752,0,100,0.7083644312486034,100,0,2.525144406167959,0,0,,50,0
2017-05-20,0.48652102051150037,50,0,4.000551684905867,0,100,78.29565109936752,0,100,0.7107961811072753,100,0,2.5504933011182174,0,0,,50,0
2017-05-21,0.4754154245444925,50,0,3.9840043896526174,0,100,78.29565109936752,0,100,0.7131743136596135,100,0,2.3223378129109795,0,0,,50,0
2017-05-22,0.47617481473620493,50,0,4.038490830601497,0,100,78.29565109936752,0,100,0.7154021954102489,100,0,2.570225590407991,0,0,,50,0
2017-05-23,0.5591839161144568,50,0,4.3717727868125,0,100,78.29565109936752,0,100,0.7179894093933734,100,0,3.0121059692780485,0,100,,50,0
2017-05-24,0.6278491624697315,50,0,4.662225276596031,0,100,78.29565109936752,0,100,0.7208908917394022,100,0,2.9580786842957743,0,0,,50,0
2017-05-25,0.5467670168242138,50,0,4.464317653958288,0,100,78.29565109936752,0,100,0.7234464605258264,100,0,3.381875826056337,0,100,,50,0
2017-05-26,0.5099163483158196,50,0,4.373817066077275,0,100,78.29565109936752,0,100,0.7257788596040416,100,0,2.960188419382157,0,0,,50,0
2017-05-27,0.37415693813722106,50,0,3.91217660147656,0,100,78.29565109936752,0,100,0.7276102161144483,100,0,2.7901854347694535,0,0,,50,0
2017-05-28,0.4702195702017686,50,0,4.246940008931051,0,100,78.29565109936752,0,100,0.7300141830089145,100,0,2.8185366851691724,0,0,,50,0
2017-05-29,0.4953767931193483,50,0,4.346566194765298,0,100,78.29565109936752,0,100,0.7324789210301923,100,0,2.6698798233070513,0,0,,50,0
2017-05-30,0.42354926234038437,50,0,4.111551668168836,0,100,78.29565109936752,0,100,0.7345731057473694,100,0,3.3213461275728444,0,100,,50,0
2017-05-31,0.4836287816961904,50,0,4.349315518961078,0,100,87.45646019158772,0,100,0.7373556026973102,100,0,2.9000147151610416,0,0,,50,0
2017-06-01,0.5241672326573126,50,0,4.525241392547122,0,100,87.45646019158772,0,100,0.7404675739798481,100,0,3.1551117750623483,0,100,,50,0
2017-06-02,0.5569304577621145,50,0,4.660255798829271,0,100,87.45646019158772,0,100,0.7436407281668637,100,0,2.716145867034842,0,0,,50,0
2017-06-03,0.5827621602142198,50,0,4.7763300449375725,0,100,87.45646019158772,0,100,0.7470012941975385,100,0,3.649906072901526,0,100,,50,0
2017-06-04,0.5603193889228775,50,0,4.714999824085294,0,100,87.45646019158772,0,100,0.7503133844329838,100,0,3.013854532949646,0,100,,50,0
2017-06-05,0.6291731473344971,50,0,4.9971316710135865,0,100,87.45646019158772,0,100,0.7538294938257408,100,0,3.1774346765933004,0,100,,50,0
2017-06-06,0.7065272718077118,50,0,5.323675504525567,0,100,87.45646019158772,0,100,0.7576330260418793,100,0,3.3225466847663028,0,100,,50,0
2017-06-07,0.6116792350552132,50,0,5.001244210847123,0,100,87.45646019158772,0,100,0.7607097863448871,100,0,3.6384977027822094,0,100,,50,0
2017-06-08,0.6462161116926672,50,0,5.159816094598798,0,100,87.45646019158772,0,100,0.7639507990125143,100,0,3.292607054989953,0,100,,50,0
2017-06-09,0.6335562941587065,50,0,5.145711884975574,0,100,87.45646019158772,0,100,0.7672288233994216,100,0,3.123010555215726,0,100,,50,0
2017-06-10,0.6723115640104554,50,0,5.33046504051852,0,100,87.45646019158772,0,100,0.7707477159763987,100,0,2.89612084943592,0,0,,50,0
2017-06-11,0.6872270298982815,50,0,5.415906709872878,0,100,87.45646019158772,0,100,0.7741322991815403,100,0,2.9797392531710263,0,0,,50,0
2017-06-12,0.5184991075562149,50,0,4.837459970632678,0,100,87.45646019158772,0,100,0.7766254036159496,100,0,2.9792545212063026,0,0,,50,0
2017-06-13,0.5238780542131963,50,0,4.896585524472057,0,100,87.45646019158772,0,100,0.7791700484410267,100,0,2.7781077501708595,0,0,,50,0
2017-06-14,0.39233558407031205,50,0,4.4069625719100864,0,100,87.45646019158772,0,100,0.7808021390905339,100,0,2.7063475806044783,0,0,,50,0
2017-06-15,0.37347361672738694,50,0,4.332860381799967,0,100,87.45646019158772,0,100,0.7824353807154133,100,0,2.5013468892545454,0,0,,50,0
2017-06-16,0.3982027332350661,50,0,4.438818117649314,0,100,87.45646019158772,0,100,0.7843594930904626,100,0,2.4454527940006847,0,0,,50,0
2017-06-17,0.4772750592210585,50,0,4.739511619451963,0,100,87.45646019158772,0,100,0.7865781958557891,100,0,2.501017756557664,0,0,,50,0
2017-06-18,0.39928526940853803,50,0,4.467534289764912,0,100,87.45646019158772,0,100,0.788311017824671,100,0,2.4036099641857565,0,0,,50,0
2017-06-19,0.4281280643100188,50,0,4.598022907340967,0,100,87.45646019158772,0,100,0.7902673144814177,100,0,2.671131980862577,0,0,,50,0
2017-06-20,0.48473573126981956,50,0,4.836837792137814,0,100,87.45646019158772,0,100,0.7923141183932273,100,0,2.602717689454126,0,0,,50,0
2017-06-21,0.4354854665299457,50,0,4.655672996660654,0,100,87.45646019158772,0,100,0.7940068850530757,100,0,2.6911974773755105,0,0,,50,0
2017-06-22,0.4486749492360304,50,0,4.723923076239283,0,100,87.45646019158772,0,100,0.7955869357550899,100,0,2.628511022067364,0,0,,50,0
2017-06-23,0.4421891389680962,50,0,4.70731454427385,0,100,87.45646019158772,0,100,0.7972894855845708,100,0,2.7960889118108305,0,0,,50,0
2017-06-24,0.38386557102048197,50,0,4.476798724700554,0,100,87.45646019158772,0,100,0.7986536712137636,100,0,2.5104169540005397,0,0,,50,0
2017-06-25,0.35307837814983706,50,0,4.351220471115082,0,100,87.45646019158772,0,100,0.7998394503023484,100,0,1.9984097286683702,0,0,,50,0
2017-06-26,0.31946093374063933,50,0,4.214762270658259,0,100,87.45646019158772,0,100,0.8010676829513803,100,0,2.3331747479894234,0,0,,50,0
2017-06-27,0.3625768691299336,50,0,4.382265412189279,0,100,87.45646019158772,0,100,0.8028871192380692,100,0,2.084134379100948,0,0,,50,0
2017-06-28,0.37184189776073956,50,0,4.425078117812507,0,100,87.45646019158772,0,100,0.8045573302085364,100,0,2.602445570893126,0,0,,50,0
2017-06-29,0.3569632484592673,50,0,4.373426667056588,0,100,87.45646019158772,0,100,0.8065657131094982,100,0,2.154461129437745,0,0,,50,0
2017-06-30,0.31201033979234566,50,0,4.210344123727965,0,100,88.34176662161502,0,100,0.8080655390893112,100,0,2.4973965513256684,0,0,,50,0
2017-07-01,0.2925559995514399,50,0,4.1295213712231815,0,100,88.34176662161502,0,100,0.809240918087444,100,0,2.452442424286728,0,0,,50,0
2017-07-02,0.33697519461351527,50,0,4.299284653911938,0,100,88.34176662161502,0,100,0.810619904526753,100,0,2.6601425911694996,0,0,,50,0
2017-07-03,0.34606776983465903,50,0,4.3428786785453175,0,100,88.34176662161502,0,100,0.812009504778902,100,0,2.613729508439997,0,0,,50,0
2017-07-04,0.3631576329731111,50,0,4.4110074323678985,0,100,88.34176662161502,0,100,0.8134295186287063,100,0,2.423590230634244,0,0,,50,0
2017-07-05,0.3605450061840489,50,0,4.411901938861488,0,100,88.34176662161502,0,100,0.8151623682302896,100,0,2.301514353363819,0,0,,50,0
2017-07-06,0.3546934981329769,50,0,4.390436479239231,0,100,88.34176662161502,0,100,0.8172936632061935,100,0,2.2306877469609043,0,0,,50,0
2017-07-07,0.3027377218852332,50,0,4.197252142466711,0,100,88.34176662161502,0,100,0.8196019941355888,100,0,2.2323610726278975,0,0,,50,0
2017-07-08,0.3254419261434508,50,0,4.281793185907181,0,100,88.34176662161502,0,100,0.8217833385113753,100,0,2.509132699826841,0,0,,50,0
2017-07-09,0.30364902859381954,50,0,4.1904575333319025,0,100,88.34176662161502,0,100,0.8237930893343677,100,0,2.021449882364355,0,0,,50,0
2017-07-10,0.22322703127659826,50,0,3.8679528838076007,0,100,88.34176662161502,0,100,0.8251275610129133,100,0,2.744070347545601,0,0,,50,0
2017-07-11,0.22215629655058658,50,0,3.8575250994283667,0,100,88.34176662161502,0,100,0.8267425878221032,100,0,2.3076180086104165,0,0,,50,0
2017-07-12,0.24537841774845803,50,0,3.9396822729665066,0,100,88.34176662161502,0,100,0.8284869429954105,100,0,2.35771551699487,0,0,,50,0
2017-07-13,0.23000805784331543,50,0,3.8778244530508057,0,100,88.34176662161502,0,100,0.8305218689174793,100,0,2.0972173068070536,0,0,,50,0
2017-07-14,0.17361363562995866,50,0,3.6555137274048164,0,100,88.34176662161502,0,100,0.8321763121968573,100,0,1.8349902280694905,0,0,,50,0
2017-07-15,0.07788853806185086,50,0,3.2766345460938986,0,100,88.34176662161502,0,100,0.8334244914415364,100,0,1.6839955265802735,0,0,,50,0
2017-07-16,0.04551122397311611,50,0,3.140128791662289,0,100,88.34176662161502,0,100,0.8341502172016455,100,0,1.728554147049336,0,0,,50,0
2017-07-17,0.17425320613085904,50,0,3.6324511665168817,0,100,88.34176662161502,0,100,0.8353771153389071,100,0,1.691823921424706,0,0,,50,0
2017-07-18,0.20938706899660522,50,0,3.7671382643772446,0,100,88.34176662161502,0,100,0.8366119694198726,100,0,2.1302609068045197,0,0,,50,0
2017-07-19,0.1869292747041599,50,0,3.6816204989955406,0,100,88.34176662161502,0,100,0.837847142362028,100,0,1.9008521183491955,0,0,,50,0
2017-07-20,0.41701311478510356,50,0,4.591768531080773,0,100,88.34176662161502,0,100,0.8399383532143985,100,0,2.2021191367264676,0,0,,50,0
2017-07-21,0.34462435006439573,50,0,4.322479610284158,0,100,88.34176662161502,0,100,0.8416959375875913,100,0,2.37745149993581,0,0,,50,0
2017-07-22,0.40744331981148935,50,0,4.5734066549323265,0,100,88.34176662161502,0,100,0.8436804958822878,100,0,2.400735747531158,0,0,,50,0
2017-07-23,0.371255497222053,50,0,4.436282325554985,0,100,88.34176662161502,0,100,0.8453734929208472,100,0,2.4606820210484437,0,0,,50,0
2017-07-24,0.3666985666134246,50,0,4.425960262473006,0,100,88.34176662161502,0,100,0.8470565589035636,100,0,2.648050089565055,0,0,,50,0
2017-07-25,0.27442724471846913,50,0,4.098899328488645,0,100,88.34176662161502,0,100,0.8484024506718144,100,0,2.1493411475634256,0,0,,50,0
2017-07-26,0.25633339891912355,50,0,4.029578943380291,0,100,88.34176662161502,0,100,0.8494619375049091,100,0,1.9254120241318151,0,0,,50,0
2017-07-27,0.3060266538923339,50,0,4.245440493949185,0,100,88.34176662161502,0,100,0.8507625571887756,100,0,2.2106833968474655,0,0,,50,0
2017-07-28,0.33345989013121397,50,0,4.436965044054453,0,100,88.34176662161502,0,100,0.8522881308668996,100,0,2.1816604907459665,0,0,,50,0
2017-07-29,0.28208040766746395,50,0,4.285649007429386,0,100,88.34176662161502,0,100,0.85354341836503,100,0,2.2138984642449464,0,0,,50,0
2017-07-30,0.2754644826548284,50,0,4.340759804408953,0,100,88.34176662161502,0,100,0.8548372566634103,100,0,2.023471863713839,0,0,,50,0
2017-07-31,0.2877906258258752,50,0,4.5056190122155755,0,100,90.31112477926885,0,100,0.8562294857800998,100,0,2.110138813534074,0,0,,50,0
2017-08-01,0.22554595634737024,50,0,4.280275013562124,0,100,90.31112477926885,0,100,0.8574588310517143,100,0,1.9997302617496377,0,0,,50,0
2017-08-02,0.20275817180672293,50,0,4.2096230344244265,0,100,90.31112477926885,0,100,0.8587616115708405,100,0,2.080369217400187,0,0,,50,0
2017-08-03,0.22718023782047264,50,0,4.3524812781826405,0,100,90.31112477926885,0,100,0.8602050784952701,100,0,1.9073324117832196,0,0,,50,0
2017-08-04,0.23150565866060793,50,0,4.448938210858331,0,100,90.31112477926885,0,100,0.8617438196216716,100,0,2.45166142133773,0,0,,50,0
2017-08-05,0.3456792185363816,50,0,5.0181945305324,0,100,90.31112477926885,0,100,0.8638854416234326,100,0,2.7467967467353045,0,0,,50,0
2017-08-06,0.3202106183368165,50,0,4.989700568092333,0,100,90.31112477926885,0,100,0.8659252678351266,100,0,2.1683008148835006,0,0,,50,0
2017-08-07,0.350411504818373,50,0,5.221804526052435,0,100,90.31112477926885,0,100,0.8681663579713444,100,0,2.508883777135513,0,0,,50,0
2017-08-08,0.34207342810329644,50,0,5.2537074235415435,0,100,90.31112477926885,0,100,0.8704010133180412,100,0,2.7280700322811944,0,0,,50,0
2017-08-09,0.3036104559127863,50,0,5.11532661348101,0,100,90.31112477926885,0,100,0.8723915098776747,100,0,2.323050376955896,0,0,,50,0
2017-08-10,0.3224685672156463,50,0,5.2336754506365315,0,100,90.31112477926885,0,100,0.8744498748397369,100,0,2.2936698397688264,0,0,,50,0
2017-08-11,0.382629575095418,50,0,5.552649259469368,0,100,90.31112477926885,0,100,0.8768356816558702,100,0,2.667465843688273,0,0,,50,0
2017-08-12,0.43351759665660594,50,0,5.848331250702286,0,100,90.31112477926885,0,100,0.8794642484509636,100,0,2.5314345053499436,0,0,,50,0
2017-08-13,0.4778298623358998,50,0,6.1135491506557536,0,100,90.31112477926885,0,100,0.8823233919659451,100,0,3.0388716781608958,0,100,,50,0
2017-08-14,0.529730254059142,50,0,6.446927842655461,0,100,90.31112477926885,0,100,0.8854112811328444,100,0,2.766446905468863,0,0,,50,0
2017-08-15,0.4723885558972288,50,0,6.20373352217476,0,100,90.31112477926885,0,100,0.888194655279438,100,0,3.2857502701877945,0,100,,50,0
2017-08-16,0.5190554825599997,50,0,6.479748161135391,0,100,90.31112477926885,0,100,0.891059197888119,100,0,2.908140155540588,0,0,,50,0
2017-08-17,0.4839038254201954,50,0,6.3682464215132395,0,100,90.31112477926885,0,100,0.8937941408827873,100,0,3.9746668481147465,0,100,,50,0
2017-08-18,0.41510084229622657,50,0,6.047364526616487,0,100,90.31112477926885,0,100,0.8961889224537996,100,0,3.160062048895582,0,100,,50,0
2017-08-19,0.4159539399923656,50,0,6.098036641722195,0,100,90.31112477926885,0,100,0.8985860119036889,100,0,2.9320954754015776,0,0,,50,0
2017-08-20,0.3798607172818081,50,0,5.964331379914219,0,100,90.31112477926885,0,100,0.9006931442582259,50,0,2.5365852084703664,0,0,,50,0
2017-08-21,0.3468434806545451,50,0,5.805225347922914,0,100,90.31112477926885,0,100,0.902556816928333,50,0,2.3132316988347115,0,0,,50,0
2017-08-22,0.3605016850884983,50,0,5.900222774661028,0,100,90.31112477926885,0,100,0.9043407717401729,50,0,1.8771714215798325,0,0,,50,0
2017-08-23,0.36984084629422836,50,0,5.980946599146847,0,100,90.31112477926885,0,100,0.9061375313317142,50,0,3.4345189174014266,0,100,,50,0
2017-08-24,0.4119883916642064,50,0,6.21252787433736,0,100,90.31112477926885,0,100,0.9081992648763356,50,0,2.3691418297308355,0,0,,50,0
2017-08-25,0.4118693620113271,50,0,6.22514371742606,0,100,90.31112477926885,0,100,0.9101211289375626,50,0,2.3788444454666373,0,0,,50,0
2017-08-26,0.4020320798423279,50,0,6.182907959500057,0,100,90.31112477926885,0,100,0.9121465533295026,50,0,2.4055194541343377,0,0,,50,0
2017-08-27,0.396987552558124,50,0,6.161064047873515,0,100,90.31112477926885,0,100,0.9136414504716434,50,0,3.1796425149567846,0,100,,50,0
2017-08-28,0.39800706171579764,50,0,6.184291612345547,0,100,90.31112477926885,0,100,0.91505611845563,50,0,2.7149356668221065,0,0,,50,0
2017-08-29,0.44102957204946,50,0,6.467239117940459,0,100,90.31112477926885,0,100,0.9165386436295272,50,0,3.270950696268091,0,100,,50,0
2017-08-30,0.4279065262120124,50,0,6.4195155661949315,0,100,90.31112477926885,0,100,0.9178277910743584,50,0,3.6280210637578536,0,100,,50,0
2017-08-31,0.45249875329738115,50,0,6.604711314932633,0,100,94.71525515551492,0,100,0.9196620583695078,50,0,3.541276676741322,0,100,,50,0
2017-09-01,0.4834968248941331,50,0,6.820447757015013,0,100,94.71525515551492,0,100,0.9214660138085771,50,0,3.876284247934816,0,100,,50,0
2017-09-02,0.39238109107392505,50,0,6.344720980862249,0,100,94.71525515551492,0,100,0.9228142755060511,50,0,3.341868785755898,0,100,,50,0
2017-09-03,0.3943564765412769,50,0,6.358836929489052,0,100,94.71525515551492,0,100,0.9243501713577309,50,0,2.99004535014613,0,0,,50,0
2017-09-04,0.3234935902650055,50,0,5.990004533268431,0,100,94.71525515551492,0,100,0.925509863976083,50,0,3.3505896798194903,0,100,,50,0
2017-09-05,0.33814947752369484,50,0,6.073572418491215,0,100,94.71525515551492,0,100,0.9265996740028736,50,0,3.5844484543445145,0,100,,50,0
2017-09-06,0.3686933223372392,50,0,6.2563638159154555,0,100,94.71525515551492,0,100,0.9275935451072431,50,0,3.1093653890697386,0,100,,50,0
2017-09-07,0.36206015157429133,50,0,6.267422242059121,0,100,94.71525515551492,0,100,0.9283994794055829,50,0,3.314528741434586,0,100,,50,0
2017-09-08,0.2885240716630947,50,0,5.853084288641695,0,100,94.71525515551492,0,100,0.9286559010249374,50,0,3.2201013332485964,0,100,,50,0
2017-09-09,0.28410546728151415,50,0,5.817384665555146,0,100,94.71525515551492,0,100,0.9289063253854614,50,0,2.8562564741497196,0,0,,50,0
2017-09-10,0.260933605595234,50,0,5.696947726767963,0,100,94.71525515551492,0,100,0.9289762522021073,50,0,2.2780352191175717,0,0,,50,0
2017-09-11,0.24691332636739924,50,0,5.6103222293028985,0,100,94.71525515551492,0,100,0.928518748746422,50,0,2.7930116291156586,0,0,,50,0
2017-09-12,0.2331923241514521,50,0,5.526064276691082,0,100,94.71525515551492,0,100,0.9275876383474317,50,0,2.986646324777122,0,0,,50,0
2017-09-13,0.16644760679546972,50,0,5.14119795758608,0,100,94.71525515551492,0,100,0.9266166566045938,50,0,2.838467120156792,0,0,,50,0
2017-09-14,0.013859340725372194,50,0,4.283725435725173,0,100,94.71525515551492,0,100,0.925062132239584,50,0,2.4536859251214604,0,0,,50,0
2017-09-15,0.12356360689459116,50,0,4.864549651167243,0,100,94.71525515551492,0,100,0.9246434514675028,50,0,2.260409742725847,0,0,,50,0
2017-09-16,0.12465990937670302,50,0,4.865375992646387,0,100,94.71525515551492,0,100,0.9237751175963833,50,0,2.3112985574260425,0,0,,50,0
2017-09-17,0.12420880590407905,50,0,4.851532944266216,0,100,94.71525515551492,0,100,0.922756349467466,50,0,2.3018238977716807,0,0,,50,0
2017-09-18,0.21195831499053155,50,0,5.316282917544269,0,100,94.71525515551492,0,100,0.9224531640409741,50,0,1.8824273979389892,0,0,,50,0
2017-09-19,0.17182050331740242,50,0,5.098705842009502,0,100,94.71525515551492,0,100,0.9216413692065957,50,0,2.332024399430149,0,0,,50,0
2017-09-20,0.1630435298297803,50,0,5.0443502659117705,0,100,94.71525515551492,0,100,0.9205509645828904,50,0,1.7139777841459156,0,0,,50,0
2017-09-21,0.09486210597923185,50,0,4.671184380856206,0,100,94.71525515551492,0,100,0.9189705780345232,50,0,2.3734646971418436,0,0,,50,0
2017-09-22,0.094287339056113,50,0,4.661618912817594,0,100,94.71525515551492,0,100,0.9172380239682731,50,0,1.7959433042195014,0,0,,50,0
2017-09-23,0.13147388830278744,50,0,4.849924203946115,0,100,94.71525515551492,0,100,0.9157528090788117,50,0,2.175430946542001,0,0,,50,0
2017-09-24,0.1068704860694593,50,0,4.710731373491878,0,100,94.71525515551492,0,100,0.913770189245862,50,0,1.8515350407323037,0,0,,50,0
2017-09-25,0.15617352370585028,50,0,5.006357206914932,0,100,94.71525515551492,0,100,0.9115973485775453,50,0,1.7558427462559905,0,0,,50,0
2017-09-26,0.1470253961283123,50,0,4.956308521969436,0,100,94.71525515551492,0,100,0.9098638116986464,50,0,1.9539693400393463,0,0,,50,0
2017-09-27,0.21921027375394428,50,0,5.345296239836438,0,100,94.71525515551492,0,100,0.9082354593345329,50,0,2.0828918640370033,0,0,,50,0
2017-09-28,0.2102657549161484,50,0,5.3045590798184525,0,100,94.71525515551492,0,100,0.9065969780915684,50,0,2.582335965020931,0,0,,50,0
2017-09-29,0.19983959566468407,50,0,5.248691686162404,0,100,94.71525515551492,0,100,0.9046744810392072,50,0,2.3847209284112276,0,0,,50,0
2017-09-30,0.23770233141903394,50,0,5.459644167151087,0,100,85.65364825006796,0,100,0.9028157164478966,50,0,1.9988225341332102,0,0,,50,0
2017-10-01,0.2458513270867156,50,0,5.502607490908197,0,100,85.65364825006796,0,100,0.9017850156995216,50,0,1.9197015930119377,0,0,,50,0
2017-10-02,0.24151920934472626,50,0,5.4921378548620465,0,100,85.65364825006796,0,100,0.9006651990261227,50,0,2.2989613969247418,0,0,,50,0
2017-10-03,0.21944050636267073,50,0,5.375954289386042,0,100,85.65364825006796,0,100,0.900102529049382,50,0,2.743447640355055,0,0,,50,0
2017-10-04,0.19616070830225457,50,0,5.249331436933549,0,100,85.65364825006796,0,100,0.8995269052105282,100,0,1.9953037373678222,0,0,,50,0
2017-10-05,0.2134797724973138,50,0,5.361532362057005,0,100,85.65364825006796,0,100,0.8989031128625848,100,0,1.8930557129911227,0,0,,50,0
2017-10-06,0.22095363367674328,50,0,5.402282479205207,0,100,85.65364825006796,0,100,0.8979201228516863,100,0,2.3509611889949857,0,0,,50,0
2017-10-07,0.23518926168986848,50,0,5.474464495134778,0,100,85.65364825006796,0,100,0.8973926920280828,100,0,2.2723078902200924,0,0,,50,0
2017-10-08,0.2676637176966333,50,0,5.655100509235321,0,100,85.65364825006796,0,100,0.8968406374081996,100,0,2.7011752574773373,0,0,,50,0
2017-10-09,0.29819524119319685,50,0,5.852467526293736,0,100,85.65364825006796,0,100,0.8961363480454021,100,0,2.485910355905924,0,0,,50,0
2017-10-10,0.28259450131473934,50,0,5.7887433693866,0,100,85.65364825006796,0,100,0.8956284459506628,100,0,2.5725143279669433,0,0,,50,0
2017-10-11,0.2951397183203965,50,0,5.858830894362507,0,100,85.65364825006796,0,100,0.8951163072116854,100,0,2.2163920041469005,0,0,,50,0
2017-10-12,0.41432471394334003,50,0,6.537308938617932,0,100,85.65364825006796,0,100,0.8951965930485843,100,0,2.555896168345216,0,0,,50,0
2017-10-13,0.44579568259796687,50,0,6.776672563468138,0,100,85.65364825006796,0,100,0.8957755656380424,100,0,2.6733445740703874,0,0,,50,0
2017-10-14,0.47494226550512675,50,0,6.954304151231741,0,100,85.65364825006796,0,100,0.8966892101245832,100,0,2.727615601322058,0,0,,50,0
2017-10-15,0.4459309100751961,50,0,6.8108482938679895,0,100,85.65364825006796,0,100,0.8976363303121938,100,0,3.484457152073185,0,100,,50,0
2017-10-16,0.4489622037535748,50,0,6.86040328762606,0,100,85.65364825006796,0,100,0.898402670325554,100,0,3.17337278512666,0,100,,50,0
2017-10-17,0.40480768367932124,50,0,6.6351546978633795,0,100,85.65364825006796,0,100,0.898970152515686,100,0,3.0135234552050574,0,100,,50,0
2017-10-18,0.397186564341398,50,0,6.599089814848982,0,100,85.65364825006796,0,100,0.8995848298657289,100,0,2.5840381652531357,0,0,,50,0
2017-10-19,0.41244320381230704,50,0,6.717674719361869,0,100,85.65364825006796,0,100,0.9004347770417166,50,0,3.146419575896762,0,100,,50,0
2017-10-20,0.46530515766226616,50,0,7.030063400373518,0,100,85.65364825006796,0,100,0.9016486017706108,50,0,3.1405058579931016,0,100,,50,0
2017-10-21,0.46437974488779404,50,0,7.032445042091435,0,100,85.65364825006796,0,100,0.9026459532274371,50,0,2.881102191533618,0,0,,50,0
2017-10-22,0.4449542226108567,50,0,6.962039330516224,0,100,85.65364825006796,0,100,0.903539514771299,50,0,3.204397752288237,0,100,,50,0
2017-10-23,0.4004060999077095,50,0,6.806723704165291,0,100,85.65364825006796,0,100,0.904210709236981,50,0,3.0215868105217734,0,100,,50,0
2017-10-24,0.3187326579443991,50,0,6.35292978862108,0,100,85.65364825006796,0,100,0.9045316178387509,50,0,2.8830767799861086,0,0,,50,0
2017-10-25,0.35626168658814866,50,0,6.57684860965927,0,100,85.65364825006796,0,100,0.90506352457768,50,0,2.9661204327964654,0,0,,50,0
2017-10-26,0.38300847401315036,50,0,6.736816564923636,0,100,85.65364825006796,0,100,0.9059450437714698,50,0,3.06904046264914,0,100,,50,0
2017-10-27,0.3525431294971941,50,0,6.563216768086735,0,100,85.65364825006796,0,100,0.9065871106106693,50,0,1.8362334119570927,0,0,,50,0
2017-10-28,0.347685399109264,50,0,6.52560287177603,0,100,85.65364825006796,0,100,0.907295050630256,50,0,1.5291362272174152,0,0,,50,0
2017-10-29,0.4222375701383738,50,0,6.961879773803646,0,100,85.65364825006796,0,100,0.9087254263607675,50,0,2.797670234264415,0,0,,50,0
2017-10-30,0.4032246195876352,50,0,6.8695522720106466,0,100,85.65364825006796,0,100,0.9100914683078098,50,0,2.7250759404336455,0,0,,50,0
2017-10-31,0.45403125086791657,50,0,7.183900396733318,0,100,90.63332698900346,0,100,0.9115956620549319,50,0,2.5655193251226636,0,0,,50,0
2017-11-01,0.4955503231091984,50,0,7.481127932563657,0,100,90.63332698900346,0,100,0.9134222420541673,50,0,3.1288083404682787,0,100,,50,0
2017-11-02,0.5348028420170678,50,0,7.7953431365282615,0,100,90.63332698900346,0,100,0.9157287005498214,50,0,3.1090210756195646,0,100,,50,0
2017-11-03,0.5478318733405296,50,0,7.926671363608394,0,100,90.63332698900346,0,100,0.918580314966732,50,0,2.622768797217803,0,0,,50,0
2017-11-04,0.5785017353445235,50,0,8.128830414792677,0,100,90.63332698900346,0,100,0.9217193768893258,50,0,2.9068720484844044,0,0,,50,0
2017-11-05,0.5559760059767915,50,0,8.034095028334216,0,100,90.63332698900346,0,100,0.924160134739469,50,0,3.0536532255150535,0,100,,50,0
2017-11-06,0.4777359092238258,50,0,7.577700029193014,0,100,90.63332698900346,0,100,0.926098440022464,50,0,2.778680485988167,0,0,,50,0
2017-11-07,0.4909251012941945,50,0,7.684312970945108,0,100,90.63332698900346,0,100,0.9282119517528646,50,0,3.178779657695997,0,100,,50,0
2017-11-08,0.5388453760623224,50,0,8.002890739582103,0,100,90.63332698900346,0,100,0.929479844387002,50,0,3.057147251529539,0,100,,50,0
2017-11-09,0.4670043696104347,50,0,7.608034378458833,0,100,90.63332698900346,0,100,0.9307627364173405,50,0,3.2786716383716197,0,100,,50,0
2017-11-10,0.3714984277461529,50,0,7.045593237914226,0,100,90.63332698900346,0,100,0.9313516028484726,50,0,2.4842297095637638,0,0,,50,0
2017-11-11,0.31683636632644996,50,0,6.726265039024822,0,100,90.63332698900346,0,100,0.9318619050850923,50,0,1.7100445013762013,0,0,,50,0
2017-11-12,0.20808899573864614,50,0,6.154467025626113,0,100,90.63332698900346,0,100,0.9319689412223712,50,0,1.8374164342646027,0,0,,50,0
2017-11-13,0.31326836672338665,50,0,6.853903198566325,0,100,90.63332698900346,0,100,0.9329443231829144,50,0,3.117259158644084,0,100,,50,0
2017-11-14,0.31902755085977935,50,0,6.900637590672797,0,100,90.63332698900346,0,100,0.9340274109404952,50,0,2.8251039031706,0,0,,50,0
2017-11-15,0.41540229293579406,50,0,7.560461827567196,0,100,90.63332698900346,0,100,0.9353354617067137,50,0,3.3865407111724277,0,100,,50,0
2017-11-16,0.48886932844382974,50,0,8.118466868047,0,100,90.63332698900346,0,100,0.9368229108101427,50,0,3.3755537126580863,0,100,,50,0
2017-11-17,0.45198537600574434,50,0,7.969073368835309,0,100,90.63332698900346,0,100,0.9383854896325288,50,0,3.6723353935110916,0,100,,50,0
2017-11-18,0.45278951181736277,50,0,7.997131692749348,0,100,90.63332698900346,0,100,0.9398899597239541,50,0,2.8762905370234337,0,0,,50,0
2017-11-19,0.4770085667366458,50,0,8.181982407675608,0,100,90.63332698900346,0,100,0.9413304442913663,50,0,3.267080139874761,0,100,,50,0
2017-11-20,0.500493164733894,50,0,8.393150377105808,0,100,90.63332698900346,0,100,0.9431397738470219,50,0,3.7849454180702846,0,100,,50,0
2017-11-21,0.45665757847024613,50,0,8.169577602539176,0,100,90.63332698900346,0,100,0.9448683763117292,50,0,3.7143083291114256,0,100,,50,0
2017-11-22,0.4717015749334476,50,0,8.284296617973089,0,100,90.63332698900346,0,100,0.9465139061901653,50,0,3.1158357055828847,0,100,,50,0
2017-11-23,0.43561259304826955,50,0,8.063624852500599,0,100,90.63332698900346,0,100,0.9478988780314191,50,0,3.261081805483393,0,100,,50,0
2017-11-24,0.4453563641989601,50,0,8.18071936403256,0,100,90.63332698900346,0,100,0.9487459863160423,50,0,3.044248661550805,0,100,,50,0
2017-11-25,0.5062022694709704,50,0,8.656266116324222,0,100,90.63332698900346,0,100,0.9499415398327262,50,0,3.157114242711646,0,100,,50,0
2017-11-26,0.5678527731156682,50,0,9.154409205896558,0,100,90.63332698900346,0,100,0.9512098085202976,50,0,3.411342916572888,0,100,,50,0
2017-11-27,0.6019616252124376,50,0,9.498044573505764,0,100,90.63332698900346,0,100,0.9526733591656723,50,0,3.8828987351629345,0,100,,50,0
2017-11-28,0.5987518975781811,50,0,9.633291370074721,0,100,90.63332698900346,0,100,0.9543641226516526,50,0,3.6694502123304686,0,100,,50,0
2017-11-29,0.5545954535773557,50,0,9.446160903236347,0,100,90.63332698900346,0,100,0.9557963198506765,50,0,4.398995332957467,0,100,,50,0
2017-11-30,0.5641725676588643,50,0,9.575114241626075,0,100,94.27806452377351,0,100,0.9569716529516406,50,0,3.93180010372564,0,100,,50,0
2017-12-01,0.6514823817479171,50,0,10.282711512919136,0,100,94.27806452377351,0,100,0.9582997714130654,50,0,4.235019061784017,0,100,,50,0
2017-12-02,0.6483680849650801,50,0,10.331426479927174,0,100,94.27806452377351,0,100,0.9593872714104369,50,0,3.9089342282275106,0,100,,50,0
2017-12-03,0.6707607645767236,50,0,10.521267152868958,0,100,94.27806452377351,0,100,0.9602530064988485,50,0,4.436689520076661,0,100,,50,0
2017-12-04,0.692760480139357,50,0,10.770316588688287,0,100,94.27806452377351,0,100,0.9615253413871717,50,0,4.576011300856068,0,100,,50,0
2017-12-05,0.6925110041714523,50,0,10.853999415346431,0,100,94.27806452377351,0,100,0.9625757824338267,50,0,4.571729666983037,0,100,,50,0
2017-12-06,0.9208710224179523,50,0,12.82782813170564,0,100,94.27806452377351,0,100,0.9650098813913912,50,0,5.113776265446601,0,100,,50,0
2017-12-07,1.1278732616230562,50,0,15.450411412273194,0,100,94.27806452377351,0,100,0.9694133277908397,50,0,5.2180508206097045,0,100,,50,0
2017-12-08,0.9764996277061547,50,0,14.636932512888839,0,100,94.27806452377351,0,100,0.9732604344801268,50,0,6.190395884668698,0,100,,50,0
2017-12-09,0.8200232083710725,50,0,13.392273755312518,0,100,94.27806452377351,0,100,0.9764124073141164,50,0,6.2143672653436335,0,100,,50,0
2017-12-10,0.8379545519639386,50,0,13.642215731199505,0,100,94.27806452377351,0,100,0.9798449308182909,50,0,5.535999936269549,0,100,,50,0
2017-12-11,0.939334524100564,50,0,14.724984475881778,0,100,94.27806452377351,0,100,0.9838094183377141,50,0,6.320290974659315,0,100,,50,0
2017-12-12,0.9324578497290055,50,0,15.05673883958649,0,100,94.27806452377351,0,100,0.9878699942894086,50,0,6.034723371308071,0,100,,50,0
2017-12-13,0.8082154938222786,50,0,14.125030482582988,0,100,94.27806452377351,0,100,0.9911647384778427,50,0,6.963582886516301,0,100,,50,0
2017-12-14,0.7933642829884878,50,0,14.062701610755349,0,100,94.27806452377351,0,100,0.9943747898296867,50,0,6.77023928246101,0,100,,50,0
2017-12-15,0.8667232429447207,50,0,14.840715122680177,0,100,94.27806452377351,0,100,0.998033299200743,50,0,6.436888776602669,0,100,,50,0
2017-12-16,1.0108445455932777,50,0,16.28078859913313,0,100,94.27806452377351,0,100,1.0025035906198139,0,100,6.517737023432523,0,100,,50,0
2017-12-17,0.9376404166980019,50,0,15.783386516927221,0,100,94.27806452377351,0,100,1.0066398389310114,0,100,7.12338345730674,0,100,,50,0
2017-12-18,0.887709724625073,50,0,15.397812629786502,0,100,94.27806452377351,0,100,1.0102762783985548,0,100,6.871344541638985,0,100,,50,0
2017-12-19,0.7548975243467464,50,0,14.180111941084359,0,100,94.27806452377351,0,100,1.0132552242162542,0,100,5.492342255715952,0,100,,50,0
2017-12-20,0.6266713632767326,50,0,13.097489805151463,0,100,94.27806452377351,0,100,1.0155308619559866,0,100,5.410479866332529,0,100,,50,0
2017-12-21,0.5486015995207391,50,0,12.339183622727317,0,100,94.27806452377351,0,100,1.017084745291777,0,100,5.5677325301123,0,100,,50,0
2017-12-22,0.4293260278908741,50,0,11.204256945955805,0,100,94.27806452377351,0,100,1.0183458512064985,0,100,5.815922127870765,0,100,,50,0
2017-12-23,0.4741237821134362,50,0,11.585496844718474,0,100,94.27806452377351,0,100,1.0198065635157112,0,100,4.882295194723688,0,100,,50,0
2017-12-24,0.39451299410807994,50,0,10.817698636941941,0,100,94.27806452377351,0,100,1.021172495188274,0,100,4.44912500493146,0,100,,50,0
2017-12-25,0.3963082754875515,50,0,10.779409054191001,0,100,94.27806452377351,0,100,1.0224358267249918,0,100,3.8814226031030055,0,100,,50,0
2017-12-26,0.5225424602936276,50,0,11.940430068212166,0,100,94.27806452377351,0,100,1.024162403969446,0,100,4.382549709816212,0,100,,50,0
2017-12-27,0.4788672312630045,50,0,11.590665655811815,0,100,94.27806452377351,0,100,1.0256000392419606,0,100,4.914064665383559,0,100,,50,0
2017-12-28,0.38429576509538593,50,0,10.683742695441452,0,100,94.27806452377351,0,100,1.0269165145700676,0,100,4.186028493451306,0,100,,50,0
2017-12-29,0.4009333744987316,50,0,10.813834813805643,0,100,94.27806452377351,0,100,1.0283422494719348,0,100,4.580767046859708,0,100,,50,0
2017-12-30,0.2624218487611583,50,0,9.546713232614831,0,100,94.27806452377351,0,100,1.0291968885826845,0,100,3.7396472201726767,0,100,,50,0
2017-12-31,0.33808460435707977,50,0,10.192179832283482,0,100,96.08334704471555,0,100,1.0304623130915942,0,100,3.7341869266703407,0,100,,50,0
2018-01-01,0.30000245091741323,50,0,9.792242862985374,0,100,96.08334704471555,0,100,1.031590783624695,0,100,3.4937335391848934,0,100,,50,0
2018-01-02,0.3946463959017964,50,0,10.65225068139213,0,100,96.08334704471555,0,100,1.0335267311162288,0,100,4.201184772548004,0,100,,50,0
2018-01-03,0.4089013573302372,50,0,10.757497908477811,0,100,96.08334704471555,0,100,1.0361817483490872,0,100,4.268139825144185,0,100,,50,0
2018-01-04,0.4022515630230174,50,0,10.721461287444084,0,100,96.08334704471555,0,100,1.0383476672612855,0,100,4.39311494985826,0,100,,50,0
2018-01-05,0.5324000010000812,50,0,11.99259980462743,0,100,96.08334704471555,0,100,1.0411374824731874,0,100,3.989435853138392,0,100,,50,0
2018-01-06,0.5262455973177826,50,0,11.968230428112847,0,100,96.08334704471555,0,100,1.043924953380414,0,100,4.680061825230082,0,100,,50,0
2018-01-07,0.4426782788783896,50,0,11.270295897317444,0,100,96.08334704471555,0,100,1.0459783192713772,0,100,4.4609023378674655,0,100,,50,0
2018-01-08,0.3439211794631864,50,0,10.298540746202614,0,100,96.08334704471555,0,100,1.0477070785793083,0,100,4.214321783631902,0,100,,50,0
2018-01-09,0.2983385860031744,50,0,9.846608611255698,0,100,96.08334704471555,0,100,1.0492269943493975,0,100,4.199905826378923,0,100,,50,0
2018-01-10,0.31601164450051394,50,0,9.977055480508518,0,100,96.08334704471555,0,100,1.0510990945859129,0,100,3.812187978079545,0,100,,50,0
2018-01-11,0.2016658891031077,50,0,8.914536237832898,0,100,96.08334704471555,0,100,1.052465774134023,0,100,4.093892320130883,0,100,,50,0
2018-01-12,0.24407949305065468,50,0,9.263098637572643,0,100,96.08334704471555,0,100,1.0538566000554852,0,100,3.653583855230463,0,100,,50,0
2018-01-13,0.2742309509931605,50,0,9.497909772404377,0,100,96.08334704471555,0,100,1.05546422143801,0,100,3.1826709433465825,0,100,,50,0
2018-01-14,0.23116238103867834,50,0,9.074294826750421,0,100,96.08334704471555,0,100,1.056634140440342,0,100,3.085779679419583,0,100,,50,0
2018-01-15,0.22378788861994928,50,0,8.959966195765293,0,100,96.08334704471555,0,100,1.0577882489345352,0,100,3.0387465207654722,0,100,,50,0
2018-01-16,0.0652677639569141,50,0,7.497424064282714,0,100,96.08334704471555,0,100,1.0579812786682359,0,100,2.8616659366718475,0,0,,50,0
2018-01-17,0.04601485473460979,50,0,7.283401298817317,0,100,96.08334704471555,0,100,1.0581186697213345,0,100,2.820088896940778,0,0,,50,0
2018-01-18,0.0541030993506929,50,0,7.303518176609551,0,100,96.08334704471555,0,100,1.0583244055171517,0,100,2.9447317703847027,0,0,,50,0
2018-01-19,0.06900989938202454,50,0,7.39237087590322,0,100,96.08334704471555,0,100,1.05842464716635,0,100,2.7089620417191655,0,0,,50,0
2018-01-20,0.16760889296763826,50,0,8.204371127209553,0,100,96.08334704471555,0,100,1.0588947709227232,0,100,2.9627709802307476,0,0,,50,0
2018-01-21,0.06746841257159225,50,0,7.303075975510121,0,100,96.08334704471555,0,100,1.0589363059508592,0,100,2.805883811861976,0,0,,50,0
2018-01-22,0.01692015234951442,50,0,6.833400441625704,0,100,96.08334704471555,0,100,1.0588505532712578,0,100,2.3663501846242596,0,0,,50,0
2018-01-23,0.027143144955002144,50,0,6.872633535611289,0,100,96.08334704471555,0,100,1.058899389636147,0,100,2.3180002539594966,0,0,,50,0
2018-01-24,0.055745670081896945,50,0,7.077041012967734,0,100,96.08334704471555,0,100,1.0589657803716752,0,100,2.3548975856245775,0,0,,50,0
2018-01-25,0.048569853782656845,50,0,6.983397349628931,0,100,96.08334704471555,0,100,1.0589194843081857,0,100,2.1322876652813005,0,0,,50,0
2018-01-26,0.0395274111758199,50,0,6.891307724016262,0,100,96.08334704471555,0,100,1.058789069564041,0,100,2.0428850738944613,0,0,,50,0
2018-01-27,0.0603708264015282,50,0,7.035548490875427,0,100,96.08334704471555,0,100,1.0586084158806222,0,100,2.036975197553785,0,0,,50,0
2018-01-28,0.07890026145710013,50,0,7.183296531002708,0,100,96.08334704471555,0,100,1.0583563544427474,0,100,2.1466082659176595,0,0,,50,0
2018-01-29,0.04264292780997238,50,0,6.852043723261285,0,100,96.08334704471555,0,100,1.057995993887012,0,100,1.8862311148638968,0,0,,50,0
2018-01-30,-0.04182929925879054,50,0,6.104617928315403,0,100,96.08334704471555,0,100,1.0572450972302547,0,100,2.0507046038063486,0,0,,50,0
2018-01-31,-0.03414334359539926,50,0,6.134306781986137,0,100,71.96444646892819,0,0,1.0560256209807002,0,100,1.3784427600869305,50,0,,50,0
2018-02-01,-0.10824473453528766,50,0,5.497101192188147,0,100,71.96444646892819,0,0,1.0543515048380936,0,100,1.7930638252557014,0,0,30.0,50,0
2018-02-02,-0.1227358518102196,50,0,5.323498027554922,0,100,71.96444646892819,0,0,1.0524840461744602,0,100,1.6851056820549108,0,0,15.0,100,0
2018-02-03,-0.09520196965087223,50,0,5.5124686300804155,0,100,71.96444646892819,0,0,1.050814697288975,0,100,1.5790543810086781,0,0,40.0,50,0
2018-02-04,-0.16353614508429606,50,0,4.963642811662586,0,100,71.96444646892819,0,0,1.0488502432923554,0,100,1.6913348096133478,0,0,24.0,100,0
2018-02-05,-0.2673170629655619,50,0,4.109485624576653,0,100,71.96444646892819,0,0,1.0466581981826073,0,100,1.5682770956582786,0,0,11.0,100,0
2018-02-06,-0.19662602017329464,50,0,4.628463773872194,0,100,71.96444646892819,0,0,1.0447625938817549,0,100,1.2715407108704764,50,0,8.0,100,0
2018-02-07,-0.20324313638302047,50,0,4.546302928096581,0,100,71.96444646892819,0,0,1.0427429955904175,0,100,1.2215253828182986,50,0,36.0,50,0
2018-02-08,-0.15575733744978368,50,0,4.884144577871682,0,100,71.96444646892819,0,0,1.0406939119382008,0,100,1.1433804797028888,50,0,30.0,50,0
2018-02-09,-0.120863928564359,50,0,5.128804857981035,0,100,71.96444646892819,0,0,1.038760225710517,0,100,1.1856500748624152,50,0,44.0,50,0
2018-02-10,-0.13097368376398658,50,0,5.034459775759763,0,100,71.96444646892819,0,0,1.0368140838584483,0,100,1.3711276476613945,50,0,54.0,0,0
2018-02-11,-0.16440892413991798,50,0,4.763154276779508,0,100,71.96444646892819,0,0,1.0348657385528797,0,100,1.3057087872135096,50,0,31.0,50,0
2018-02-12,-0.1013979465209638,50,0,5.2216830686479,0,100,71.96444646892819,0,0,1.0334776503385021,0,100,1.499032941788244,50,0,42.0,50,0
2018-02-13,-0.13055448881822804,50,0,4.9800691974151565,0,100,71.96444646892819,0,0,1.031807814817262,0,100,1.4584044965787915,50,0,35.0,50,0
2018-02-14,-0.05803445090341498,50,0,5.510656078733715,0,100,71.96444646892819,0,0,1.0303061420870385,0,100,1.6494676876868912,0,0,55.0,0,0
2018-02-15,-0.010860532747841097,50,0,5.859447991225154,0,100,71.96444646892819,0,0,1.0291228565619315,0,100,1.3433334292475259,50,0,71.0,0,0
2018-02-16,-0.005676438917969666,50,0,5.883676878956993,0,100,71.96444646892819,0,0,1.0279956652132967,0,100,1.598030609396691,0,0,67.0,0,0
2018-02-17,0.06232459020898226,50,0,6.373406926654949,0,100,71.96444646892819,0,0,1.0267870275041655,0,100,1.5995928172375524,0,0,74.0,0,0
2018-02-18,0.012170526167612645,50,0,5.984731692256842,0,100,71.96444646892819,0,0,1.0254604279443054,0,100,1.8054739136246243,0,0,63.0,0,0
2018-02-19,0.06283478278812377,50,0,6.350610955830459,0,100,71.96444646892819,0,0,1.0240943790931556,0,100,1.81967018962911,0,0,67.0,0,0
2018-02-20,0.06813690746644169,50,0,6.383410169019103,0,100,71.96444646892819,0,0,1.0225090499856069,0,100,1.6221265492860015,0,0,74.0,0,0
2018-02-21,0.006924842126680521,50,0,5.91275880435094,0,100,71.96444646892819,0,0,1.0204242129123262,0,100,1.7999481990282253,0,0,54.0,0,0
2018-02-22,-0.04718970663184998,50,0,5.5634042905821115,0,100,71.96444646892819,0,0,1.0180945148483418,0,100,1.5081672543218452,0,0,44.0,50,0
2018-02-23,-0.02684602109950137,50,0,5.699388427801163,0,100,71.96444646892819,0,0,1.0156406938708353,0,100,1.4899940638115745,50,0,39.0,50,0
2018-02-24,-0.06223066984060528,50,0,5.414308954430965,0,100,71.96444646892819,0,0,1.01315471904187,0,100,1.448076381590847,50,0,31.0,50,0
2018-02-25,-0.06846521529826917,50,0,5.34813861174949,0,100,71.96444646892819,0,0,1.0109955345790154,0,100,1.6088979842036166,0,0,33.0,50,0
2018-02-26,-0.015253069971104746,50,0,5.72060296717567,0,100,71.96444646892819,0,0,1.0089532922062772,0,100,1.380275762967252,50,0,37.0,50,0
2018-02-27,0.009515892283913653,50,0,5.8863726698726,0,100,71.96444646892819,0,0,1.0067704698691078,0,100,1.6346944055605725,0,0,44.0,50,0
2018-02-28,-0.01784886854285534,50,0,5.672541738710303,0,100,72.45856115228585,0,0,1.004773772840952,0,100,1.6286941238670232,0,0,41.0,50,0
2018-03-01,0.027114065009543237,50,0,5.9872675701447715,0,100,72.45856115228585,0,0,1.003309202729754,0,100,1.7315477881245371,0,0,38.0,50,0
2018-03-02,0.032646090726263365,50,0,6.011971830867786,0,100,72.45856115228585,0,0,1.0020414165001874,0,100,1.655987437323858,0,0,47.0,50,0
2018-03-03,0.0627493686352598,50,0,6.210052432387837,0,100,72.45856115228585,0,0,1.0012406371921776,0,100,1.9479520977331901,0,0,56.0,0,0
2018-03-04,0.06377771557478101,50,0,6.203555019391224,0,100,72.45856115228585,0,0,0.9999636808078985,50,0,1.568865764568196,0,0,44.0,50,0
2018-03-05,0.0667781445587959,50,0,6.219105614170278,0,100,72.45856115228585,0,0,0.9986744700888893,50,0,1.6203287584309853,0,0,55.0,0,0
2018-03-06,0.0024222235558264637,50,0,5.731103969628459,0,100,72.45856115228585,0,0,0.9966974536876673,50,0,1.6128164430247163,0,0,59.0,0,0
2018-03-07,-0.05491195491861381,50,0,5.2964590984071,0,100,72.45856115228585,0,0,0.9940603167674124,50,0,1.5482956272042472,0,0,37.0,50,0
2018-03-08,-0.09682837939887372,50,0,4.973320406608641,0,100,72.45856115228585,0,0,0.9913608157536337,50,0,1.4895060238019096,50,0,39.0,50,0
2018-03-09,-0.09686591234086593,50,0,4.928862754747786,0,100,72.45856115228585,0,0,0.9885750258959272,50,0,1.2254930839814937,50,0,37.0,50,0
2018-03-10,-0.13305536003423643,50,0,4.653012323207972,0,100,72.45856115228585,0,0,0.985526764173144,50,0,1.1992410340416415,50,0,39.0,50,0
2018-03-11,-0.07850073558645275,50,0,5.020755735346943,0,100,72.45856115228585,0,0,0.9825145940497917,50,0,1.316227396026728,50,0,40.0,50,0
2018-03-12,-0.10562758856551217,50,0,4.811993642072862,0,100,72.45856115228585,0,0,0.9795915065405026,50,0,1.3926991614413977,50,0,41.0,50,0
2018-03-13,-0.10410859122866542,50,0,4.802910399656762,0,100,72.45856115228585,0,0,0.976579970956771,50,0,1.3541822085720479,50,0,41.0,50,0
2018-03-14,-0.17374177322910855,50,0,4.298375676623857,0,100,72.45856115228585,0,0,0.9734570070695535,50,0,1.190852218964491,50,0,40.0,50,0
2018-03-15,-0.16941238582546694,50,0,4.310076579828493,0,100,72.45856115228585,0,0,0.9702504250373639,50,0,1.063927273926731,50,0,32.0,50,0
2018-03-16,-0.1603690876853245,50,0,4.353685406994249,0,100,72.45856115228585,0,0,0.9667337975561536,50,0,1.1709343552230507,50,0,33.0,50,0
2018-03-17,-0.19746495858855773,50,0,4.085024299824211,0,100,72.45856115228585,0,0,0.9627026865996433,50,0,1.0841875539541026,50,0,31.0,50,0
2018-03-18,-0.1736202874997546,50,0,4.23219441608708,0,100,72.45856115228585,0,0,0.9584952494104962,50,0,1.0535003143995845,50,0,29.0,50,0
2018-03-19,-0.14684424411047997,50,0,4.3989084880907745,0,100,72.45856115228585,0,0,0.954285931144665,50,0,1.1741444965874759,50,0,29.0,50,0
2018-03-20,-0.11932669485968858,50,0,4.569514643907822,0,100,72.45856115228585,0,0,0.9502991539200619,50,0,1.0007503644357725,50,0,37.0,50,0
2018-03-21,-0.12055210100168642,50,0,4.547328398846544,0,100,72.45856115228585,0,0,0.9461934825476664,50,0,1.234170951469428,50,0,36.0,50,0
2018-03-22,-0.13293501228698235,50,0,4.447503995791081,0,100,72.45856115228585,0,0,0.9415185621475736,50,0,1.1202953122825585,50,0,36.0,50,0
2018-03-23,-0.12814545030160393,50,0,4.465259201899296,0,100,72.45856115228585,0,0,0.9368025820456277,50,0,1.0088985017373806,50,0,28.0,50,0
2018-03-24,-0.14060289941444226,50,0,4.370579637715384,0,100,72.45856115228585,0,0,0.9318731653862461,50,0,1.2512609230598266,50,0,32.0,50,0
2018-03-25,-0.15289099386743718,50,0,4.271918588735932,0,100,72.45856115228585,0,0,0.9266952812130037,50,0,1.0288628802965745,50,0,30.0,50,0
2018-03-26,-0.1722491582470595,50,0,4.124246883182778,0,100,72.45856115228585,0,0,0.9213496475288376,50,0,1.0994312832874407,50,0,31.0,50,0
2018-03-27,-0.19715307371743407,50,0,3.945376393746915,0,100,72.45856115228585,0,0,0.9143766948885376,50,0,1.0624772604324368,50,0,24.0,100,0
2018-03-28,-0.18887245691148,50,0,3.9833599148636076,0,100,72.45856115228585,0,0,0.9053570566346145,50,0,0.9481021333723199,50,0,24.0,100,0
2018-03-29,-0.2506559407234329,50,0,3.560754694110898,0,100,72.45856115228585,0,0,0.8966350460056052,100,0,1.0262941758133042,50,0,18.0,100,0
2018-03-30,-0.2704085632652539,50,0,3.4147035571225444,0,100,72.45856115228585,0,0,0.8887378628230368,100,0,0.9724559235306196,50,0,12.0,100,0
2018-03-31,-0.2630457372097792,50,0,3.45199463012528,0,100,57.96482878975008,50,0,0.8806148520575153,100,0,0.7892629610647542,50,0,16.0,100,0
2018-04-01,-0.27152291381599325,50,0,3.385825446615947,0,100,57.96482878975008,50,0,0.8715347009603827,100,0,0.953889315398055,50,0,16.0,100,0
2018-04-02,-0.2532436383362783,50,0,3.4917352659746954,0,100,57.96482878975008,50,0,0.8621927209905538,100,0,0.9526365034270579,50,0,11.0,100,0
2018-04-03,-0.2226123858544646,50,0,3.6753386001572577,0,100,57.96482878975008,50,0,0.8536514906589603,100,0,1.0420277448624902,50,0,22.0,100,0
2018-04-04,-0.2715574953727553,50,0,3.3509604402779924,0,100,57.96482878975008,50,0,0.8448965278949119,100,0,0.9062697081950258,50,0,22.0,100,0
2018-04-05,-0.2694413521626456,50,0,3.3525335548469664,0,100,57.96482878975008,50,0,0.8354511367970711,100,0,0.9057081671674975,50,0,17.0,100,0
2018-04-06,-0.28315322186756814,50,0,3.2530291125717237,0,100,57.96482878975008,50,0,0.8246786799064405,100,0,0.8038427044357452,50,0,19.0,100,0
2018-04-07,-0.2611061490570441,50,0,3.3814332628524015,0,100,57.96482878975008,50,0,0.814308998319153,100,0,1.0693322955760962,50,0,20.0,100,0
2018-04-08,-0.25124418741293636,50,0,3.4344363762662007,0,100,57.96482878975008,50,0,0.8042138633024221,100,0,0.9705045053897526,50,0,17.0,100,0
2018-04-09,-0.2718122068770117,50,0,3.293616021714644,0,100,57.96482878975008,50,0,0.794974848948283,100,0,0.8669083286101028,50,0,21.0,100,0
2018-04-10,-0.26484469861050164,50,0,3.3254820004452763,0,100,57.96482878975008,50,0,0.7866199638942126,100,0,0.9552120482372259,50,0,18.0,100,0
2018-04-11,-0.25467813436201736,50,0,3.3805217002774333,0,100,57.96482878975008,50,0,0.77890317839723,100,0,0.9493064118998691,50,0,20.0,100,0
2018-04-12,-0.17978268161751715,50,0,3.837842720692124,0,100,57.96482878975008,50,0,0.7724554943943416,100,0,0.9682154329653777,50,0,18.0,100,0
2018-04-13,-0.1791532055909273,50,0,3.835257707370609,0,100,57.96482878975008,50,0,0.7656457598392298,100,0,1.1175285238829924,50,0,23.0,100,0
2018-04-14,-0.17232469487903504,50,0,3.8676214472464703,0,100,57.96482878975008,50,0,0.7594952277155608,100,0,0.9249298367102753,50,0,,50,0
2018-04-15,-0.14625522785034786,50,0,4.019109327534953,0,100,57.96482878975008,50,0,0.7534668543479782,100,0,1.1358456272431303,50,0,,50,0
2018-04-16,-0.16929801453096768,50,0,3.8669237539660153,0,100,57.96482878975008,50,0,0.74629971887378,100,0,0.9588386618880294,50,0,,50,0
2018-04-17,-0.18151885751662805,50,0,3.780953822469572,0,100,57.96482878975008,50,0,0.739347732931575,100,0,1.1034137990009538,50,0,26.0,50,0
2018-04-18,-0.16018949937350374,50,0,3.902724692146521,0,100,57.96482878975008,50,0,0.7332699391596091,100,0,1.0750656610369134,50,0,24.0,100,0
2018-04-19,-0.15359732052691646,50,0,3.94503683753352,0,100,57.96482878975008,50,0,0.7270857001002375,100,0,1.2158505662548769,50,0,25.0,100,0
2018-04-20,-0.11054071985178719,50,0,4.2033845859538745,0,100,57.96482878975008,50,0,0.7221951632159608,100,0,0.9625427031574182,50,0,26.0,50,0
2018-04-21,-0.10952825144667395,50,0,4.203008729314352,0,100,57.96482878975008,50,0,0.7167215396768927,100,0,1.2050650941483734,50,0,32.0,50,0
2018-04-22,-0.11479186484587048,50,0,4.161772263927654,0,100,57.96482878975008,50,0,0.7115415825221847,100,0,1.1883100787333696,50,0,31.0,50,0
2018-04-23,-0.10559427188813465,50,0,4.211298828132647,0,100,57.96482878975008,50,0,0.7056495175394784,100,0,1.1243495547610103,50,0,28.0,50,0
2018-04-24,-0.051594982705095105,50,0,4.537622040333739,0,100,57.96482878975008,50,0,0.6998960292652213,100,0,1.2531006053654996,50,0,29.0,50,0
2018-04-25,-0.11330598770028338,50,0,4.1515201932531385,0,100,57.96482878975008,50,0,0.693871959267601,100,0,0.9762017467854712,50,0,64.0,0,0
2018-04-26,-0.0836180446035197,50,0,4.330770894108575,0,100,57.96482878975008,50,0,0.6868084245213724,100,0,1.0480999500956207,50,0,47.0,50,0
2018-04-27,-0.10533490611895899,50,0,4.186582880344329,0,100,57.96482878975008,50,0,0.6795801200581469,100,0,1.0864409466172602,50,0,55.0,0,0
2018-04-28,-0.07795482756191016,50,0,4.341978343044585,0,100,57.96482878975008,50,0,0.6731032019234613,100,0,1.0061794856903232,50,0,54.0,0,0
2018-04-29,-0.07401213711880766,50,0,4.354904691542687,0,100,57.96482878975008,50,0,0.6675134570837161,100,0,1.221916166256003,50,0,61.0,0,0
2018-04-30,-0.08758077253719394,50,0,4.264795150931893,0,100,63.345320805328186,50,0,0.6622350704758416,100,0,1.173348505632995,50,0,59.0,0,0
2018-05-01,-0.09992416145855315,50,0,4.180813838380404,0,100,63.345320805328186,50,0,0.6567522464747497,100,0,1.1642794977960165,50,0,56.0,0,0
2018-05-02,-0.09116194080362165,50,0,4.229717595568291,0,100,63.345320805328186,50,0,0.6522984922324618,100,0,1.0527138487099488,50,0,52.0,0,0
2018-05-03,-0.05006512541676996,50,0,4.467541614794908,0,100,63.345320805328186,50,0,0.6477166375260325,100,0,1.1460132541451233,50,0,55.0,0,0
2018-05-04,-0.055150591402344094,50,0,4.429631044735929,0,100,63.345320805328186,50,0,0.6428852407221582,100,0,1.0953158682133586,50,0,56.0,0,0
2018-05-05,-0.048063513146130374,50,0,4.461642135625367,0,100,63.345320805328186,50,0,0.6384844253084221,100,0,1.3145083472461827,50,0,63.0,0,0
2018-05-06,-0.063684147244032,50,0,4.357465908595033,0,100,63.345320805328186,50,0,0.6340907075796098,100,0,1.060041732479118,50,0,67.0,0,0
2018-05-07,-0.08339563869182554,50,0,4.22944101965145,0,100,63.345320805328186,50,0,0.6309780822596825,100,0,1.1368326907578095,50,0,56.0,0,0
2018-05-08,-0.09311877061320813,50,0,4.160308149157863,0,100,63.345320805328186,50,0,0.6280479361775707,100,0,1.0282552114594503,50,0,62.0,0,0
2018-05-09,-0.0876494812765701,50,0,4.185034174435366,0,100,63.345320805328186,50,0,0.6251490728109638,100,0,1.2104889980668887,50,0,53.0,0,0
2018-05-10,-0.10744621495187451,50,0,4.058971907029696,0,100,63.345320805328186,50,0,0.6220276530526179,100,0,1.188663515421064,50,0,63.0,0,0
2018-05-11,-0.15408385699614702,50,0,3.772094767897635,0,100,63.345320805328186,50,0,0.6178659563938285,100,0,0.8790422245835415,50,0,41.0,50,0
2018-05-12,-0.14896520941740138,50,0,3.79214599162421,0,100,63.345320805328186,50,0,0.614517941869497,100,0,1.1194837103709834,50,0,44.0,50,0
2018-05-13,-0.13285097763040482,50,0,3.8760376821187945,0,100,63.345320805328186,50,0,0.6117272476030682,100,0,0.9909292551290672,50,0,40.0,50,0
2018-05-14,-0.13825291316318852,50,0,3.8551188809232886,0,100,63.345320805328186,50,0,0.6088868134908142,100,0,0.9115349845255846,50,0,40.0,50,0
2018-05-15,-0.15218326724436743,50,0,3.764526613184326,0,100,63.345320805328186,50,0,0.6057353853971412,100,0,0.9938949359245028,50,0,40.0,50,0
2018-05-16,-0.16375173538377336,50,0,3.684255111357046,0,100,63.345320805328186,50,0,0.602627630474772,100,0,1.1940873174746913,50,0,32.0,50,0
2018-05-17,-0.1871057806360157,50,0,3.553263735310445,0,100,63.345320805328186,50,0,0.5995108257144687,100,0,0.8818780894928352,50,0,31.0,50,0
2018-05-18,-0.17277113999327895,50,0,3.6251563251398906,0,100,63.345320805328186,50,0,0.5963217997049192,100,0,0.9668137636069852,50,0,37.0,50,0
2018-05-19,-0.17320882510143018,50,0,3.6149285790871835,0,100,63.345320805328186,50,0,0.5929834473696655,100,0,0.9882726230864338,50,0,31.0,50,0
2018-05-20,-0.1518634533396917,50,0,3.7295581353046487,0,100,63.345320805328186,50,0,0.5900511620344214,100,0,0.9310456121545219,50,0,32.0,50,0
2018-05-21,-0.16067627735692094,50,0,3.6711836325177667,0,100,63.345320805328186,50,0,0.5878299298268317,100,0,1.0538891647729824,50,0,41.0,50,0
2018-05-22,-0.19001119220815108,50,0,3.4921733579249516,0,100,63.345320805328186,50,0,0.5854581676261872,100,0,0.9613850977527046,50,0,30.0,50,0
2018-05-23,-0.22647136502439208,50,0,3.2728999920838726,0,100,63.345320805328186,50,0,0.5834801051221793,100,0,0.9712427621350753,50,0,26.0,50,0
2018-05-24,-0.2223109229345147,50,0,3.2895989314753638,0,100,63.345320805328186,50,0,0.5817025327967421,100,0,0.8420483543664464,50,0,27.0,50,0
2018-05-25,-0.23326522459068888,50,0,3.217545682687423,0,100,63.345320805328186,50,0,0.57966901147542,100,0,1.0122149548270807,50,0,25.0,100,0
2018-05-26,-0.24059254806072378,50,0,3.168015227057924,0,100,63.345320805328186,50,0,0.5781541355791073,100,0,0.9378987159925398,50,0,23.0,100,0
2018-05-27,-0.23942862569980597,50,0,3.1665580586869986,0,100,63.345320805328186,50,0,0.5774936809351229,100,0,0.9247340989576006,50,0,19.0,100,0
2018-05-28,-0.2559967608866076,50,0,3.062287073287978,0,100,63.345320805328186,50,0,0.5761555398472511,100,0,0.8772200049700865,50,0,22.0,100,0
2018-05-29,-0.2294249730038801,50,0,3.2031500071055317,0,100,63.345320805328186,50,0,0.5750273532212461,100,0,0.7730591255118188,50,0,16.0,100,0
2018-05-30,-0.2352539629271409,50,0,3.1626026664586586,0,100,63.345320805328186,50,0,0.5734658396999968,100,0,0.9929332276575531,50,0,38.0,50,0
2018-05-31,-0.22696668606047998,50,0,3.2004725993823238,0,100,57.34742559837923,50,0,0.5716813115525737,100,0,0.9785445937605489,50,0,25.0,100,0
2018-06-01,-0.223548834599229,50,0,3.211262498219118,0,100,57.34742559837923,50,0,0.5700097616902815,100,0,0.9375163085171413,50,0,24.0,100,0
2018-06-02,-0.2145179355518224,50,0,3.254491303886567,0,100,57.34742559837923,50,0,0.5686808377374629,100,0,0.8699494880217203,50,0,27.0,50,0
2018-06-03,-0.20964950895084547,50,0,3.2749728372971267,0,100,57.34742559837923,50,0,0.5668750158526007,100,0,0.9660670394631146,50,0,40.0,50,0
2018-06-04,-0.22588740009487607,50,0,3.1766835386389,0,100,57.34742559837923,50,0,0.5652369325569893,100,0,1.042715210920608,50,0,41.0,50,0
2018-06-05,-0.21598467167475105,50,0,3.222643442230258,0,100,57.34742559837923,50,0,0.5631302782279961,100,0,0.9829901522004362,50,0,26.0,50,0
2018-06-06,-0.21286926556403982,50,0,3.2325111055451554,0,100,57.34742559837923,50,0,0.5606536394852119,100,0,0.8524062571097291,50,0,42.0,50,0
2018-06-07,-0.211570856642296,50,0,3.2320157372307365,0,100,57.34742559837923,50,0,0.5581535601927019,100,0,0.8271017136348151,50,0,38.0,50,0
2018-06-08,-0.21459216636980563,50,0,3.206948167869949,0,100,57.34742559837923,50,0,0.5551253076213835,100,0,0.8377926832960448,50,0,40.0,50,0
2018-06-09,-0.2194796848719115,50,0,3.172357733358429,0,100,57.34742559837923,50,0,0.5524253802096124,100,0,0.828760154244667,50,0,39.0,50,0
2018-06-10,-0.28074335647186427,50,0,2.826469859524419,0,100,57.34742559837923,50,0,0.5490181910181617,100,0,0.6894211421247449,50,0,24.0,100,0
2018-06-11,-0.2717419262486917,50,0,2.8649706984737477,0,100,57.34742559837923,50,0,0.5455853047708691,100,0,0.7094290824027945,50,0,15.0,100,0
2018-06-12,-0.29586425678294537,50,0,2.7251192173978303,0,100,57.34742559837923,50,0,0.5425163639882112,100,0,0.743411580056516,50,0,19.0,100,0
2018-06-13,-0.31127667699771505,50,0,2.628669640198761,0,100,57.34742559837923,50,0,0.5397141152284317,100,0,0.7048353543660436,50,0,19.0,100,0
2018-06-14,-0.28576674512454353,50,0,2.7583791843422216,0,100,57.34742559837923,50,0,0.5368761475560916,100,0,0.7413136286396851,50,0,17.0,100,0
2018-06-15,-0.3030726938712285,50,0,2.6579855306928994,0,100,57.34742559837923,50,0,0.5342137098251298,100,0,0.7766495539765551,50,0,26.0,50,0
2018-06-16,-0.2954640964298647,50,0,2.69293606275318,0,100,57.34742559837923,50,0,0.5316353707923172,100,0,0.7948276581408523,50,0,22.0,100,0
2018-06-17,-0.29866954639759463,50,0,2.6697297301449123,0,100,57.34742559837923,50,0,0.5286616725984146,100,0,0.7786392477343015,50,0,23.0,100,0
2018-06-18,-0.2786768751280704,50,0,2.769382817144849,0,100,57.34742559837923,50,0,0.5256037388643122,100,0,0.7907274147072141,50,0,27.0,50,0
2018-06-19,-0.27618895152854384,50,0,2.7761211153382224,0,100,57.34742559837923,50,0,0.5227733968992825,100,0,0.7956567572998616,50,0,32.0,50,0
2018-06-20,-0.27431202198013593,50,0,2.7795489324679044,0,100,57.34742559837923,50,0,0.5196091387333439,100,0,0.8479613884402649,50,0,34.0,50,0
2018-06-21,-0.2769995058866824,50,0,2.7610014816629147,0,100,57.34742559837923,50,0,0.5163893379494637,100,0,0.8658314785234319,50,0,37.0,50,0
2018-06-22,-0.3275659901962016,50,0,2.4854758937702512,0,0,57.34742559837923,50,0,0.5126713197625525,100,0,0.7277786627508784,50,0,28.0,50,0
2018-06-23,-0.31826940098269724,50,0,2.5282969532532555,0,100,57.34742559837923,50,0,0.508996595104051,100,0,0.7634593429189698,50,0,17.0,100,0
2018-06-24,-0.31999248599419866,50,0,2.5127943719412524,0,100,57.34742559837923,50,0,0.5052678267831535,100,0,0.7841031300639392,50,0,15.0,100,0
2018-06-25,-0.31203675898430117,50,0,2.5481968362254404,0,100,57.34742559837923,50,0,0.5020421399911882,100,0,0.7283666766040836,50,0,16.0,100,0
2018-06-26,-0.3231874730761469,50,0,2.483991398046293,0,0,57.34742559837923,50,0,0.4992065429543748,100,0,0.6699750025776464,50,0,21.0,100,0
2018-06-27,-0.3157483612853718,50,0,2.4974458032820275,0,0,57.34742559837923,50,0,0.4967288917627393,100,0,0.5467715504548162,50,0,18.0,100,0
2018-06-28,-0.33713323085028224,50,0,2.3796144967450985,0,0,57.34742559837923,50,0,0.4941732210816716,100,0,0.7213611571763726,50,0,20.0,100,0
2018-06-29,-0.30824246058833155,50,0,2.5225812819137046,0,100,57.34742559837923,50,0,0.4920189810451887,100,0,0.6625597987402259,50,0,16.0,100,0
2018-06-30,-0.29589099936229263,50,0,2.5808915279910813,0,100,53.88367587161657,50,0,0.48948232807256215,100,0,0.6580733760783081,50,0,22.0,100,0
2018-07-01,-0.29585365471949676,50,0,2.5707949900048184,0,100,53.88367587161657,50,0,0.4871399024099574,100,0,0.6908681447152376,50,0,27.0,50,0
2018-07-02,-0.27631651195371154,50,0,2.6658791235724126,0,100,53.88367587161657,50,0,0.4849463785710248,100,0,0.6738831789998927,50,0,27.0,50,0
2018-07-03,-0.28472439445565634,50,0,2.616937715133795,0,100,53.88367587161657,50,0,0.48325776771541773,100,0,0.5729633558467474,50,0,31.0,50,0
2018-07-04,-0.27834560772010164,50,0,2.6449225039572504,0,100,53.88367587161657,50,0,0.48157169427743485,100,0,0.6530419674722341,50,0,33.0,50,0
2018-07-05,-0.281674295418404,50,0,2.6226672586875392,0,100,53.88367587161657,50,0,0.4799095498041154,100,0,0.657988313931271,50,0,37.0,50,0
2018-07-06,-0.27620238217339893,50,0,2.6433771201605682,0,100,53.88367587161657,50,0,0.47852590508435566,100,0,0.7711381249428826,50,0,34.0,50,0
2018-07-07,-0.2650809199523653,50,0,2.694396016083568,0,100,53.88367587161657,50,0,0.47705661851206554,100,0,0.7621775333130586,50,0,34.0,50,0
2018-07-08,-0.26717908058922035,50,0,2.676465070296425,0,100,53.88367587161657,50,0,0.4753721465492088,100,0,0.7800844703557417,50,0,38.0,50,0
2018-07-09,-0.27031793813680305,50,0,2.6554497411143845,0,100,53.88367587161657,50,0,0.47347760502411945,100,0,0.662446089675208,50,0,39.0,50,0
2018-07-10,-0.29812989727460143,50,0,2.5098461106386454,0,100,53.88367587161657,50,0,0.4714264959553213,100,0,0.7287939719486769,50,0,37.0,50,0
2018-07-11,-0.29222711862712286,50,0,2.533005821443773,0,100,53.88367587161657,50,0,0.4694952018553074,100,0,0.6307924766528545,50,0,29.0,50,0
2018-07-12,-0.30911160055731024,50,0,2.4422881444295492,0,0,53.88367587161657,50,0,0.4674737122817148,100,0,0.643768187133705,50,0,33.0,50,0
2018-07-13,-0.30460590779740226,50,0,2.457930522341277,0,0,53.88367587161657,50,0,0.46558632185874826,100,0,0.6623756569551948,50,0,29.0,50,0
2018-07-14,-0.3007393352577076,50,0,2.4721522228143815,0,0,53.88367587161657,50,0,0.4638012888851791,100,0,0.5974506408337181,50,0,29.0,50,0
2018-07-15,-0.29331489443040726,50,0,2.504555233412592,0,100,53.88367587161657,50,0,0.4622122242528548,100,0,0.6138674838065445,50,0,32.0,50,0
2018-07-16,-0.2643034980658688,50,0,2.643216126558651,0,100,53.88367587161657,50,0,0.4609707840713928,100,0,0.565079357262408,50,0,36.0,50,0
2018-07-17,-0.21624100009601985,50,0,2.8778445519965294,0,100,53.88367587161657,50,0,0.4598954867775415,100,0,0.8065384949462318,50,0,39.0,50,0
2018-07-18,-0.2120224185825286,50,0,2.8940171257976446,0,100,53.88367587161657,50,0,0.4592920810473458,100,0,0.9726372436767196,50,0,42.0,50,0
2018-07-19,-0.20515076279389965,50,0,2.9239507206787234,0,100,53.88367587161657,50,0,0.4588933361115477,100,0,0.9081717152923681,50,0,44.0,50,0
2018-07-20,-0.2164209977539198,50,0,2.8636630160600838,0,100,53.88367587161657,50,0,0.45840356370372237,100,0,0.819772255160387,50,0,47.0,50,0
2018-07-21,-0.21000088753168028,50,0,2.89057395909067,0,100,53.88367587161657,50,0,0.4580717743612643,100,0,0.7284394330378823,50,0,43.0,50,0
2018-07-22,-0.21102577549683327,50,0,2.8806339720674514,0,100,53.88367587161657,50,0,0.4576107179211301,100,0,0.9847051004927186,50,0,46.0,50,0
2018-07-23,-0.18631685612469662,50,0,2.9978180410710746,0,100,53.88367587161657,50,0,0.4570880297719057,100,0,0.9211167865262269,50,0,44.0,50,0
2018-07-24,-0.13325822376411453,50,0,3.2553821781253043,0,100,53.88367587161657,50,0,0.45718350732713486,100,0,0.9139206426968212,50,0,49.0,50,0
2018-07-25,-0.14941164634472376,50,0,3.1729950382138377,0,100,53.88367587161657,50,0,0.45718148482648996,100,0,1.0413858605126534,50,0,54.0,0,0
2018-07-26,-0.17231414603057668,50,0,3.0549504124316975,0,100,53.88367587161657,50,0,0.45718430922206027,100,0,0.9709744641478099,50,0,53.0,0,0
2018-07-27,-0.15220136443452426,50,0,3.148511700427349,0,100,53.88367587161657,50,0,0.4571726884626394,100,0,0.9711689642754842,50,0,47.0,50,0
2018-07-28,-0.1512106241192894,50,0,3.148152990044719,0,100,53.88367587161657,50,0,0.45713370984168455,100,0,0.8602377646092733,50,0,54.0,0,0
2018-07-29,-0.14869872102644946,50,0,3.1564316436522115,0,100,53.88367587161657,50,0,0.45728740322545214,100,0,0.9928960444334018,50,0,54.0,0,0
2018-07-30,-0.15352053538939975,50,0,3.1275933080324365,0,100,53.88367587161657,50,0,0.45741319532636354,100,0,0.7719922727475182,50,0,53.0,0,0
2018-07-31,-0.18884310270414814,50,0,2.950708618655206,0,100,57.28280684362722,50,0,0.45727648341277427,100,0,0.820955041720602,50,0,48.0,50,0
2018-08-01,-0.19888689587659014,50,0,2.8959516625196287,0,100,57.28280684362722,50,0,0.45660708173995623,100,0,0.7987892921358639,50,0,39.0,50,0
2018-08-02,-0.20297428606519208,50,0,2.8697620324631585,0,100,57.28280684362722,50,0,0.4559019029496444,100,0,0.8271583977476956,50,0,39.0,50,0
2018-08-03,-0.2130112145038877,50,0,2.8143922612552514,0,100,57.28280684362722,50,0,0.4550703181839432,100,0,0.8622622253036079,50,0,36.0,50,0
2018-08-04,-0.24497277215392826,50,0,2.6542222046108543,0,100,57.28280684362722,50,0,0.4539125149292506,100,0,0.8905654446911103,50,0,31.0,50,0
2018-08-05,-0.24250192647282148,50,0,2.6605258632800663,0,100,57.28280684362722,50,0,0.452914797288327,100,0,0.7879948155628493,50,0,23.0,100,0
2018-08-06,-0.25008724440266716,50,0,2.6174138679931422,0,100,57.28280684362722,50,0,0.45195119697478425,100,0,0.6388616826460819,50,0,25.0,100,0
2018-08-07,-0.26611016335979987,50,0,2.534706581620102,0,100,57.28280684362722,50,0,0.450775866173365,100,0,0.7450135683803563,50,0,25.0,100,0
2018-08-08,-0.3015974106021683,50,0,2.3593229581662656,0,0,57.28280684362722,50,0,0.44938113385071976,100,0,0.7140793847493613,50,0,23.0,100,0
2018-08-09,-0.27783229592383746,50,0,2.464651977201187,0,0,57.28280684362722,50,0,0.4478242719148232,100,0,0.6635277700552921,50,0,19.0,100,0
2018-08-10,-0.31105018171869075,50,0,2.302356654957323,0,0,57.28280684362722,50,0,0.44609959172212427,100,0,0.7906897753860533,50,0,21.0,100,0
2018-08-11,-0.2964732245709726,50,0,2.3653743980121194,0,0,57.28280684362722,50,0,0.4444767869106324,100,0,0.7352409293634818,50,0,18.0,100,0
2018-08-12,-0.29621849669287303,50,0,2.3619749966934194,0,0,57.28280684362722,50,0,0.44278780196392664,100,0,0.67538761382074,50,0,18.0,100,0
2018-08-13,-0.29995179024267493,50,0,2.340033000047709,0,0,57.28280684362722,50,0,0.4407035696108652,100,0,0.6688968825702367,50,0,21.0,100,0
2018-08-14,-0.30566974094852034,50,0,2.306217528138153,0,0,57.28280684362722,50,0,0.43904734225107167,100,0,0.5744901176432547,50,0,16.0,100,0
2018-08-15,-0.2982608962068336,50,0,2.3344032214583703,0,0,57.28280684362722,50,0,0.4372060902023828,100,0,0.7190754729249259,50,0,18.0,100,0
2018-08-16,-0.296503450685453,50,0,2.3383745492129897,0,0,57.28280684362722,50,0,0.4355479681281576,100,0,0.6942475384339695,50,0,21.0,100,0
2018-08-17,-0.2748246133273009,50,0,2.4356061855920133,0,0,57.28280684362722,50,0,0.4338309417907727,100,0,0.6820362981551468,50,0,19.0,100,0
2018-08-18,-0.28783268613151297,50,0,2.3710461323875944,0,0,57.28280684362722,50,0,0.43197642248054685,100,0,0.7221342455135057,50,0,24.0,100,0
2018-08-19,-0.2806490431352406,50,0,2.401044503313396,0,0,57.28280684362722,50,0,0.4302530527828073,100,0,0.649610252904039,50,0,27.0,50,0
2018-08-20,-0.2979259283103098,50,0,2.3168826516729863,0,0,57.28280684362722,50,0,0.4284946786408657,100,0,0.6898604850042361,50,0,26.0,50,0
2018-08-21,-0.2818881337166627,50,0,2.386963487104613,0,0,57.28280684362722,50,0,0.4267573312763727,100,0,0.6554131520320521,50,0,19.0,100,0
2018-08-22,-0.2905229822456228,50,0,2.343420060973271,0,0,57.28280684362722,50,0,0.4247130994706067,100,0,0.7514066555957619,50,0,21.0,100,0
2018-08-23,-0.27846421983998026,50,0,2.3952813787901364,0,0,57.28280684362722,50,0,0.4227624185704594,100,0,0.6604178712398144,50,0,18.0,100,0
2018-08-24,-0.26403856928347813,50,0,2.4578399965533393,0,0,57.28280684362722,50,0,0.42079111228610344,100,0,0.6679443765155783,50,0,19.0,100,0
2018-08-25,-0.2605749242763587,50,0,2.4712015215266088,0,0,57.28280684362722,50,0,0.41894612183094426,100,0,0.6252156139292478,50,0,22.0,100,0
2018-08-26,-0.26526214564850253,50,0,2.446786233350407,0,0,57.28280684362722,50,0,0.4172071313084725,100,0,0.8053836576940003,50,0,19.0,100,0
2018-08-27,-0.25367984570508395,50,0,2.497154824190215,0,0,57.28280684362722,50,0,0.415589138642025,100,0,0.8745581211971614,50,0,18.0,100,0
2018-08-28,-0.233908970421596,50,0,2.585285893043346,0,100,57.28280684362722,50,0,0.41402341844078216,100,0,0.7436264091485283,50,0,19.0,100,0
2018-08-29,-0.23932305125254646,50,0,2.559118519931136,0,100,57.28280684362722,50,0,0.4125339219930921,100,0,0.6757807181906409,50,0,19.0,100,0
2018-08-30,-0.24469151046298176,50,0,2.530580023901727,0,100,57.28280684362722,50,0,0.41125877386709825,100,0,0.7351926226410357,50,0,22.0,100,0
2018-08-31,-0.24004672190539708,50,0,2.5472914330099474,0,100,55.01768777342329,50,0,0.4100364040260456,100,0,0.745346491600289,50,0,17.0,100,0
2018-09-01,-0.22687627788545098,50,0,2.6032911258062685,0,100,55.01768777342329,50,0,0.4087731649510019,100,0,0.7361245779128005,50,0,21.0,100,0
2018-09-02,-0.21952223639683355,50,0,2.6326898129576586,0,100,55.01768777342329,50,0,0.40756253302939277,100,0,0.7143201756493082,50,0,18.0,100,0
2018-09-03,-0.22191073392720861,50,0,2.617458053717555,0,100,55.01768777342329,50,0,0.4064886896645963,100,0,0.7178487468828001,50,0,19.0,100,0
2018-09-04,-0.2140568399414077,50,0,2.649210320080615,0,100,55.01768777342329,50,0,0.405519656331097,100,0,0.6352745956125178,50,0,26.0,50,0
2018-09-05,-0.2588191120458337,50,0,2.4407088178102594,0,0,55.01768777342329,50,0,0.40447312935682866,100,0,0.6506956170037951,50,0,17.0,100,0
2018-09-06,-0.28243251078686943,50,0,2.3282032201525205,0,0,55.01768777342329,50,0,0.40317864582137936,100,0,0.6649311978091621,50,0,14.0,100,0
2018-09-07,-0.28839300313803967,50,0,2.296132674135725,0,0,55.01768777342329,50,0,0.40185791801477183,100,0,0.6828266919019151,50,0,17.0,100,0
2018-09-08,-0.3058098805786987,50,0,2.213690766964798,0,0,55.01768777342329,50,0,0.4003276849013696,100,0,0.6537588655705567,50,0,18.0,100,0
2018-09-09,-0.3006463809500665,50,0,2.232319269165091,0,0,55.01768777342329,50,0,0.3988694894373957,100,0,0.7094134508325473,50,0,13.0,100,0
2018-09-10,-0.2966831167730288,50,0,2.2454045890217005,0,0,55.01768777342329,50,0,0.39766673607016095,100,0,0.5903198915963335,50,0,15.0,100,0
2018-09-11,-0.29753926000399616,50,0,2.2359869629504328,0,0,55.01768777342329,50,0,0.39670834331549204,100,0,0.6094233514515296,50,0,18.0,100,0
2018-09-12,-0.2932973785116828,50,0,2.2500975942877073,0,0,55.01768777342329,50,0,0.3957835270647021,100,0,0.7294287944636413,50,0,14.0,100,0
2018-09-13,-0.2794980683908047,50,0,2.3046420410033353,0,0,55.01768777342329,50,0,0.39499886315634547,100,0,0.6517868938458237,50,0,20.0,100,0
2018-09-14,-0.2791467225576562,50,0,2.302425507024752,0,0,55.01768777342329,50,0,0.3942639652998446,100,0,0.5967256308333565,50,0,23.0,100,0
2018-09-15,-0.27672868252075283,50,0,2.30927892806084,0,0,55.01768777342329,50,0,0.3935587049132859,100,0,0.6223665883392708,50,0,24.0,100,0
2018-09-16,-0.27884151412108266,50,0,2.2962611017480805,0,0,55.01768777342329,50,0,0.3929678777852611,100,0,0.6225515820483402,50,0,28.0,50,0
2018-09-17,-0.29781466804601164,50,0,2.2085895203671524,0,0,55.01768777342329,50,0,0.39210836774708846,100,0,0.5886051243608089,50,0,25.0,100,0
2018-09-18,-0.2910912241922408,50,0,2.2340793217990953,0,0,55.01768777342329,50,0,0.39131220383562976,100,0,0.6183742810955188,50,0,21.0,100,0
2018-09-19,-0.2874622443037747,50,0,2.246048254584396,0,0,55.01768777342329,50,0,0.3904687844408722,100,0,0.72307696615097,50,0,24.0,100,0
2018-09-20,-0.2780638138792523,50,0,2.2828632099336126,0,0,55.01768777342329,50,0,0.3896630143581302,100,0,0.6717395373257067,50,0,24.0,100,0
2018-09-21,-0.25783079915284784,50,0,2.364271370577047,0,0,55.01768777342329,50,0,0.3888978886827525,100,0,0.6560227978730812,50,0,31.0,50,0
2018-09-22,-0.2606425523420861,50,0,2.3480252371161017,0,0,55.01768777342329,50,0,0.38809599609769085,100,0,0.7243695309110524,50,0,35.0,50,0
2018-09-23,-0.2608508153467476,50,0,2.343492656964154,0,0,55.01768777342329,50,0,0.38742586517004,100,0,0.6818063176893044,50,0,38.0,50,0
2018-09-24,-0.27094914160384675,50,0,2.2956806158546987,0,0,55.01768777342329,50,0,0.3866657137364188,100,0,0.6753321954717456,50,0,43.0,50,0
2018-09-25,-0.2832184593521936,50,0,2.2364261534604135,0,0,55.01768777342329,50,0,0.3858192691401323,100,0,0.752832407009244,50,0,37.0,50,0
2018-09-26,-0.27934947985755376,50,0,2.249326755631054,0,0,55.01768777342329,50,0,0.3849934167575362,100,0,0.6265906986355637,50,0,37.0,50,0
2018-09-27,-0.2621041266109574,50,0,2.3203900791869363,0,0,55.01768777342329,50,0,0.38434665595023865,100,0,0.6339172618971957,50,0,42.0,50,0
2018-09-28,-0.2665695519970648,50,0,2.2977958160391365,0,0,55.01768777342329,50,0,0.3837408380487806,100,0,0.7083210191741549,50,0,42.0,50,0
2018-09-29,-0.26953842039838144,50,0,2.2808855685133524,0,0,55.01768777342329,50,0,0.3835586545487922,100,0,0.6730989742050256,50,0,37.0,50,0
2018-09-30,-0.2678685380967801,50,0,2.2842898897851422,0,0,53.644868982681594,50,0,0.38331858515179146,100,0,0.7243159197349643,50,0,34.0,50,0
2018-10-01,-0.2709594571250399,50,0,2.266069951951604,0,0,53.644868982681594,50,0,0.3832360453786891,100,0,0.7120480374609905,50,0,35.0,50,0
2018-10-02,-0.27500808633341234,50,0,2.2443434029988905,0,0,53.644868982681594,50,0,0.3832252595621046,100,0,0.6087332796355833,50,0,33.0,50,0
2018-10-03,-0.278323728172174,50,0,2.2257424656509937,0,0,53.644868982681594,50,0,0.38303060847444687,100,0,0.6421518079343043,50,0,36.0,50,0
2018-10-04,-0.27168517860174674,50,0,2.250154257274404,0,0,53.644868982681594,50,0,0.38300099433005697,100,0,0.6716249445886179,50,0,29.0,50,0
2018-10-05,-0.26844402137553725,50,0,2.2604136385465674,0,0,53.644868982681594,50,0,0.3829742726365548,100,0,0.576124200138309,50,0,37.0,50,0
2018-10-06,-0.271167335344387,50,0,2.245113075571455,0,0,53.644868982681594,50,0,0.3829606341694196,100,0,0.5624600536534299,50,0,34.0,50,0
2018-10-07,-0.2700027375624387,50,0,2.2465389975510037,0,0,53.644868982681594,50,0,0.38281851422689134,100,0,0.641573713531163,50,0,29.0,50,0
2018-10-08,-0.26678963282302964,50,0,2.256824700766953,0,0,53.644868982681594,50,0,0.38266382970802676,100,0,0.6083014773746263,50,0,26.0,50,0
2018-10-09,-0.2678719602300013,50,0,2.2485290386671033,0,0,53.644868982681594,50,0,0.38244702372023615,100,0,0.5777391709152926,50,0,31.0,50,0
2018-10-10,-0.2727974824220905,50,0,2.224255162270044,0,0,53.644868982681594,50,0,0.38225049370816205,100,0,0.6326337216522038,50,0,28.0,50,0
2018-10-11,-0.3004361448973039,50,0,2.095296288878095,0,0,53.644868982681594,50,0,0.3822693920630522,100,0,0.6829371615118931,50,0,19.0,100,0
2018-10-12,-0.2975832237728911,50,0,2.1033430372258057,0,0,53.644868982681594,50,0,0.38222620828603004,100,0,0.5518155736375643,50,0,13.0,100,0
2018-10-13,-0.2969398217926903,50,0,2.1024006212894117,0,0,53.644868982681594,50,0,0.382198384964569,100,0,0.5951818273008977,50,0,15.0,100,0
2018-10-14,-0.2979491341395337,50,0,2.0944209544663015,0,0,53.644868982681594,50,0,0.3821663132216115,100,0,0.47745483711907255,100,0,18.0,100,0
2018-10-15,-0.2767539923888233,50,0,2.179225043935915,0,0,53.644868982681594,50,0,0.38230362449606403,100,0,0.7052136500736534,50,0,20.0,100,0
2018-10-16,-0.27485983346394627,50,0,2.182492626806802,0,0,53.644868982681594,50,0,0.3824647239487222,100,0,0.586842337935455,50,0,24.0,100,0
2018-10-17,-0.27618245929972934,50,0,2.172796462911637,0,0,53.644868982681594,50,0,0.3827990513412954,100,0,0.6084728219940694,50,0,23.0,100,0
2018-10-18,-0.2797188983200943,50,0,2.1540420640578453,0,0,53.644868982681594,50,0,0.3829694644246405,100,0,0.6072301305977006,50,0,26.0,50,0
2018-10-19,-0.2809595894446857,50,0,2.14639766734775,0,0,53.644868982681594,50,0,0.3830748157129391,100,0,0.6202833992845295,50,0,24.0,100,0
2018-10-20,-0.2762806737044867,50,0,2.1517217556209207,0,0,53.644868982681594,50,0,0.383224868177109,100,0,0.6249124169479344,50,0,21.0,100,0
2018-10-21,-0.27566261434004286,50,0,2.1509576729280444,0,0,53.644868982681594,50,0,0.3832450159955692,100,0,0.5977347552695503,50,0,21.0,100,0
2018-10-22,-0.27608654541993655,50,0,2.145385886887113,0,0,53.644868982681594,50,0,0.38327067406079257,100,0,0.6697125951115503,50,0,27.0,50,0
2018-10-23,-0.2768915817929289,50,0,2.138254254626758,0,0,53.644868982681594,50,0,0.38326668772405276,100,0,0.6645536056862005,50,0,24.0,100,0
2018-10-24,-0.27532305767397236,50,0,2.1410962480526226,0,0,53.644868982681594,50,0,0.38333373886038163,100,0,0.49172103155519703,100,0,23.0,100,0
2018-10-25,-0.2760644857597341,50,0,2.13416860295523,0,0,53.644868982681594,50,0,0.3833223542186218,100,0,0.5932606336381756,50,0,25.0,100,0
2018-10-26,-0.27537501187833113,50,0,2.1316798260609238,0,0,53.644868982681594,50,0,0.38317809224720867,100,0,0.6279201963533904,50,0,29.0,50,0
2018-10-27,-0.2748946442545126,50,0,2.1303565341786084,0,0,53.644868982681594,50,0,0.3830186277603907,100,0,0.5965878216722258,50,0,33.0,50,0
2018-10-28,-0.2750717805833196,50,0,2.126360940158088,0,0,53.644868982681594,50,0,0.3828145825384064,100,0,0.6054353918516998,50,0,35.0,50,0
2018-10-29,-0.28665522260229875,50,0,2.0757749058636445,0,0,53.644868982681594,50,0,0.38282290309721434,100,0,0.6263752800299914,50,0,34.0,50,0
2018-10-30,-0.28574883623358316,50,0,2.075869748774425,0,0,53.644868982681594,50,0,0.3828085056146844,100,0,0.6607828364368165,50,0,31.0,50,0
2018-10-31,-0.28270125876817803,50,0,2.0842227089043384,0,0,52.64218559896172,50,0,0.3830024254792509,100,0,0.6907642939530362,50,0,32.0,50,0
2018-11-01,-0.27938452806884595,50,0,2.093359929853445,0,0,52.64218559896172,50,0,0.38325722676029045,100,0,0.664874439903944,50,0,29.0,50,0
2018-11-02,-0.2789295439953921,50,0,2.0920981637326803,0,0,52.64218559896172,50,0,0.38347751166619437,100,0,0.6316939145851823,50,0,36.0,50,0
2018-11-03,-0.28017786123743693,50,0,2.0839464174221303,0,0,52.64218559896172,50,0,0.38365272741282164,100,0,0.6879056223165336,50,0,36.0,50,0
2018-11-04,-0.272934916274686,50,0,2.10984880699781,0,0,52.64218559896172,50,0,0.3837033645754891,100,0,0.5338581101865225,50,0,41.0,50,0
2018-11-05,-0.27430996296935806,50,0,2.101084039017477,0,0,52.64218559896172,50,0,0.38346494858476393,100,0,0.629466757394899,50,0,42.0,50,0
2018-11-06,-0.27113405550815656,50,0,2.1105744375294933,0,0,52.64218559896172,50,0,0.38319031830957667,100,0,0.5574315157179842,50,0,42.0,50,0
2018-11-07,-0.26628323897550227,50,0,2.1270561745293715,0,0,52.64218559896172,50,0,0.3829115278543134,100,0,0.5840566104315532,50,0,48.0,50,0
2018-11-08,-0.2740142677356627,50,0,2.0932663430654475,0,0,52.64218559896172,50,0,0.3826454705278832,100,0,0.5322025175693814,50,0,51.0,0,0
2018-11-09,-0.28018547507450814,50,0,2.0657281758980384,0,0,52.64218559896172,50,0,0.38232681437781785,100,0,0.5520660055770837,50,0,47.0,50,0
2018-11-10,-0.27836219442322657,50,0,2.069887884375807,0,0,52.64218559896172,50,0,0.38208799178849623,100,0,0.583086293414978,50,0,52.0,0,0
2018-11-11,-0.2798041159868404,50,0,2.0612115052821536,0,0,52.64218559896172,50,0,0.3817482831507643,100,0,0.6271729641842304,50,0,54.0,0,0
2018-11-12,-0.2809500639614251,50,0,2.053521821975751,0,0,52.64218559896172,50,0,0.3811010234891404,100,0,0.6132230863244587,50,0,52.0,0,0
2018-11-13,-0.28505163799166766,50,0,2.0335420541501126,0,0,52.64218559896172,50,0,0.3805577173259931,100,0,0.5143928623243749,50,0,56.0,0,0
2018-11-14,-0.3413344601834806,50,0,1.8062279757162378,0,0,52.64218559896172,50,0,0.3798733072799289,100,0,0.5647464321133798,50,0,49.0,50,0
2018-11-15,-0.3409839494163336,50,0,1.7924511782076755,0,0,52.64218559896172,50,0,0.3790625192459252,100,0,0.48173726480233064,100,0,28.0,50,0
2018-11-16,-0.3438383237193272,50,0,1.7765107072288497,0,0,52.64218559896172,50,0,0.3783252840443942,100,0,0.48104897715340345,100,0,23.0,100,0
2018-11-17,-0.3431934521867026,50,0,1.7759777417192502,0,0,52.64218559896172,50,0,0.3775827317078956,100,0,0.5590555149468855,50,0,24.0,100,0
2018-11-18,-0.338541631063479,50,0,1.7912952703566438,0,0,52.64218559896172,50,0,0.3769240806846803,100,0,0.4655152531519927,100,0,26.0,50,0
2018-11-19,-0.400662387390381,50,0,1.5435874040933097,0,0,52.64218559896172,50,0,0.37623614062203975,100,0,0.4587416575131815,100,0,28.0,50,0
2018-11-20,-0.43749094302358255,50,0,1.3893820419254477,0,0,52.64218559896172,50,0,0.3754445879056431,100,0,0.43033778745404566,100,0,21.0,100,0
2018-11-21,-0.4172469127941897,50,0,1.4625197967732704,0,0,52.64218559896172,50,0,0.3750526417097879,100,0,0.3292784548794113,100,0,15.0,100,0
2018-11-22,-0.43728321626228467,50,0,1.382238063922548,0,0,52.64218559896172,50,0,0.37501051547019315,100,0,0.3813970478593633,100,0,14.0,100,0
2018-11-23,-0.4378125580510062,50,0,1.3765494717916484,0,0,52.64218559896172,50,0,0.3750869889480922,100,0,0.3768107418244971,100,0,12.0,100,0
2018-11-24,-0.4781904184518386,50,0,1.2203836452060624,0,0,52.64218559896172,50,0,0.3747938490454048,100,0,0.42492801117818935,100,0,15.0,100,0
2018-11-25,-0.46535097576490997,50,0,1.2643725737985871,0,0,52.64218559896172,50,0,0.3746641048918928,100,0,0.3390173121266266,100,0,9.0,100,0
2018-11-26,-0.4853718509792838,50,0,1.1844569474714208,50,0,52.64218559896172,50,0,0.3747222553220178,100,0,0.3005172207295596,100,0,17.0,100,0
2018-11-27,-0.4778292237520271,50,0,1.2079009732446984,0,0,52.64218559896172,50,0,0.37512989511751416,100,0,0.3417218367395879,100,0,11.0,100,0
2018-11-28,-0.4403965101472278,50,0,1.34482632845047,0,0,52.64218559896172,50,0,0.37544351717594854,100,0,0.33564506717814147,100,0,14.0,100,0
2018-11-29,-0.4380186187737621,50,0,1.353355991879634,0,0,52.64218559896172,50,0,0.3760137531644854,100,0,0.3167571915011966,100,0,18.0,100,0
2018-11-30,-0.46009790712071086,50,0,1.267444597645511,0,0,45.479350624784516,50,0,0.37652450781782193,100,0,0.2997814933166089,100,0,19.0,100,0
2018-12-01,-0.44532317441487773,50,0,1.3220003993671792,0,0,45.479350624784516,50,0,0.37736765955294393,100,0,0.36389971482749056,100,0,13.0,100,0
2018-12-02,-0.4493261001335191,50,0,1.305129501852406,0,0,45.479350624784516,50,0,0.37817452069270635,100,0,0.33311487194896583,100,0,15.0,100,0
2018-12-03,-0.47226818358522055,50,0,1.2230027265565198,0,0,45.479350624784516,50,0,0.3788916126067138,100,0,0.32134549760265796,100,0,17.0,100,0
2018-12-04,-0.46992686319046123,50,0,1.237553838626575,0,0,45.479350624784516,50,0,0.37941081207173344,100,0,0.39537920241110885,100,0,12.0,100,0
2018-12-05,-0.48164297018021446,50,0,1.1783100886481244,50,0,45.479350624784516,50,0,0.3796832847103764,100,0,0.3548005203094266,100,0,19.0,100,0
2018-12-06,-0.4965102191933841,50,0,1.1147254003687241,50,0,45.479350624784516,50,0,0.37960901003595465,100,0,0.3591771721279852,100,0,13.0,100,0
2018-12-07,-0.5077300636510674,100,0,1.0698501146968962,50,0,45.479350624784516,50,0,0.37938620663168154,100,0,0.28217336108912133,100,0,11.0,100,0
2018-12-08,-0.5044223058177891,100,0,1.0801593007164576,50,0,45.479350624784516,50,0,0.37920745791426513,100,0,0.3116345972592944,100,0,11.0,100,0
2018-12-09,-0.4926970704104721,50,0,1.1213099517007379,50,0,45.479350624784516,50,0,0.379087514239716,100,0,0.3230181538199653,100,0,14.0,100,0
2018-12-10,-0.5032284602584897,100,0,1.0803552831700873,50,0,45.479350624784516,50,0,0.37880448311726533,100,0,0.32033620623011705,100,0,19.0,100,0
2018-12-11,-0.5072027931535061,100,0,1.0602900015435053,50,0,45.479350624784516,50,0,0.3787819454760669,100,0,0.3106032126715758,100,0,15.0,100,0
2018-12-12,-0.5005889558058739,100,0,1.0817874142015975,50,0,45.479350624784516,50,0,0.37865577804803513,100,0,0.3020880953329072,100,0,14.0,100,0
2018-12-13,-0.5145026208474082,100,0,1.0296717056800007,50,0,45.479350624784516,50,0,0.37819864464939995,100,0,0.34362239076076573,100,0,14.0,100,0
2018-12-14,-0.5192878273905049,100,0,1.0096077069913705,50,0,45.479350624784516,50,0,0.377722210468048,100,0,0.355254213344489,100,0,10.0,100,0
2018-12-15,-0.5202267363052048,100,0,1.0045662098059396,50,0,45.479350624784516,50,0,0.37704113644389,100,0,0.36223880619288534,100,0,11.0,100,0
2018-12-16,-0.5190372584685691,100,0,1.007155753957755,50,0,45.479350624784516,50,0,0.37640838194471193,100,0,0.28112052347505023,100,0,13.0,100,0
2018-12-17,-0.49188136647865854,50,0,1.102081641452083,50,0,45.479350624784516,50,0,0.37569321193741106,100,0,0.40937124107018685,100,0,17.0,100,0
2018-12-18,-0.47682774628913766,50,0,1.1517064970042667,50,0,45.479350624784516,50,0,0.3752615463010843,100,0,0.348550492545693,100,0,23.0,100,0
2018-12-19,-0.4730462031169926,50,0,1.1628230496794574,50,0,45.479350624784516,50,0,0.3749191654179614,100,0,0.4367961436245497,100,0,21.0,100,0
2018-12-20,-0.4401439395229651,50,0,1.2780824409591647,0,0,45.479350624784516,50,0,0.37471587774896714,100,0,0.4167825860022981,100,0,27.0,50,0
2018-12-21,-0.4599750623623743,50,0,1.2052677928153828,0,0,45.479350624784516,50,0,0.37458051700837763,100,0,0.4416732220921038,100,0,35.0,50,0
2018-12-22,-0.44870811035790864,50,0,1.2437440794839776,0,0,45.479350624784516,50,0,0.3744600052301504,100,0,0.5401575114332275,50,0,28.0,50,0
2018-12-23,-0.4504634109058348,50,0,1.2357293490809547,0,0,45.479350624784516,50,0,0.3742203956733,100,0,0.5636220546319984,50,0,31.0,50,0
2018-12-24,-0.44158297519672135,50,0,1.2651736799855406,0,0,45.479350624784516,50,0,0.37377551407220705,100,0,0.5230218185597114,50,0,25.0,100,0
2018-12-25,-0.46614058388418117,50,0,1.1770438562274692,50,0,45.479350624784516,50,0,0.3734629800522424,100,0,0.48319551713455094,100,0,33.0,50,0
2018-12-26,-0.4618519264154095,50,0,1.1905109935892801,50,0,45.479350624784516,50,0,0.3733970890528881,100,0,0.4799692502919758,100,0,26.0,50,0
2018-12-27,-0.4813203686287401,50,0,1.1202007020647442,50,0,45.479350624784516,50,0,0.3730593115635569,100,0,0.5260838174255268,50,0,29.0,50,0
2018-12-28,-0.4538951432926279,50,0,1.2115724783416857,0,0,45.479350624784516,50,0,0.37308267939536105,100,0,0.5128822878030833,50,0,21.0,100,0
2018-12-29,-0.458893512712953,50,0,1.1925434727098645,50,0,45.479350624784516,50,0,0.3731055375181216,100,0,0.44076713480269214,100,0,24.0,100,0
2018-12-30,-0.45840616164502507,50,0,1.1923042947411266,50,0,45.479350624784516,50,0,0.37301991266233003,100,0,0.5631167177718235,50,0,23.0,100,0
2018-12-31,-0.47042766537054825,50,0,1.1483557122856332,50,0,44.67643063566215,50,0,0.3728650859073855,100,0,0.49168287889921164,100,0,26.0,50,0
2019-01-01,-0.4593885513002463,50,0,1.1850854265581099,50,0,44.67643063566215,50,0,0.3724160259833322,100,0,0.4647523408596402,100,0,24.0,100,0
2019-01-02,-0.451214110680288,50,0,1.2121415374121378,0,0,44.67643063566215,50,0,0.3718645653699521,100,0,0.4983596671001289,100,0,30.0,50,0
2019-01-03,-0.4611209407481255,50,0,1.1758365769306605,50,0,44.67643063566215,50,0,0.37126550488601723,100,0,0.5151434005246288,50,0,33.0,50,0
2019-01-04,-0.4570867982974924,50,0,1.1883018974015773,50,0,44.67643063566215,50,0,0.37069395875050626,100,0,0.4804451458056458,100,0,48.0,50,0
2019-01-05,-0.45960829236896555,50,0,1.1784058048405357,50,0,44.67643063566215,50,0,0.3703197129318928,100,0,0.5468678733867904,50,0,36.0,50,0
2019-01-06,-0.4371352212808484,50,0,1.254100128643999,0,0,44.67643063566215,50,0,0.3700142306950981,100,0,0.49063752355526447,100,0,31.0,50,0
2019-01-07,-0.44094575024885424,50,0,1.239141410165063,0,0,44.67643063566215,50,0,0.36953025512589494,100,0,0.5020421060839887,50,0,39.0,50,0
2019-01-08,-0.44150670583526425,50,0,1.2355298962847983,0,0,44.67643063566215,50,0,0.36902839647731117,100,0,0.6202895500592142,50,0,39.0,50,0
2019-01-09,-0.44042849644984833,50,0,1.2381161178073123,0,0,44.67643063566215,50,0,0.36851235539908744,100,0,0.5946117601945097,50,0,42.0,50,0
2019-01-10,-0.4713971401569741,50,0,1.1209221365450293,50,0,44.67643063566215,50,0,0.36763703148584587,100,0,0.5344723470036131,50,0,37.0,50,0
2019-01-11,-0.47139919916775197,50,0,1.1189415906845603,50,0,44.67643063566215,50,0,0.36676324791247644,100,0,0.48165291855115394,100,0,19.0,100,0
2019-01-12,-0.471891638407443,50,0,1.1159170162762426,50,0,44.67643063566215,50,0,0.365925016954041,100,0,0.4560874461444199,100,0,22.0,100,0
2019-01-13,-0.4816035583397192,50,0,1.0817205514662938,50,0,44.67643063566215,50,0,0.36515402646571976,100,0,0.4484462698830103,100,0,21.0,100,0
2019-01-14,-0.46700055450098804,50,0,1.1296769123679096,50,0,44.67643063566215,50,0,0.3644887499464921,100,0,0.4846371180185237,100,0,16.0,100,0
2019-01-15,-0.47502601361545954,50,0,1.1024903888365214,50,0,44.67643063566215,50,0,0.36356872905908666,100,0,0.44716056228283035,100,0,27.0,50,0
2019-01-16,-0.4725662653065571,50,0,1.1095827915676326,50,0,44.67643063566215,50,0,0.3625297522435588,100,0,0.44146481769827584,100,0,24.0,100,0
2019-01-17,-0.4693248460988571,50,0,1.1189475776318891,50,0,44.67643063566215,50,0,0.36138579025921297,100,0,0.43035780127005574,100,0,28.0,50,0
2019-01-18,-0.47196480083215975,50,0,1.1086952642530339,50,0,44.67643063566215,50,0,0.3602083270643575,100,0,0.46319928894122336,100,0,29.0,50,0
2019-01-19,-0.4646851457130355,50,0,1.1317651757117742,50,0,44.67643063566215,50,0,0.35910425504973903,100,0,0.4689576866613306,100,0,31.0,50,0
2019-01-20,-0.478179071378526,50,0,1.0852574462228382,50,0,44.67643063566215,50,0,0.3578148615690093,100,0,0.5304664658639067,50,0,35.0,50,0
2019-01-21,-0.478272574209913,50,0,1.0836562207445355,50,0,44.67643063566215,50,0,0.3563443779097851,100,0,0.5129668375109279,50,0,30.0,50,0
2019-01-22,-0.47376389731708834,50,0,1.095633657821295,50,0,44.67643063566215,50,0,0.3550533113394454,100,0,0.43770335794515614,100,0,27.0,50,0
2019-01-23,-0.47590866200504844,50,0,1.0870638546730733,50,0,44.67643063566215,50,0,0.35367391672790904,100,0,0.5026075321424018,50,0,33.0,50,0
2019-01-24,-0.4743450131978939,50,0,1.0910759560312377,50,0,44.67643063566215,50,0,0.352359710857504,100,0,0.5561341191549805,50,0,37.0,50,0
2019-01-25,-0.47468934283924674,50,0,1.0883801359088106,50,0,44.67643063566215,50,0,0.3511258647640589,100,0,0.4783016099410673,100,0,35.0,50,0
2019-01-26,-0.47491201891935303,50,0,1.0862793645793791,50,0,44.67643063566215,50,0,0.3498557094140943,100,0,0.5216457394721219,50,0,41.0,50,0
2019-01-27,-0.4765489897961951,50,0,1.0795710892021673,50,0,44.67643063566215,50,0,0.3484789688441909,100,0,0.4881332602586335,100,0,39.0,50,0
2019-01-28,-0.4855355075417062,50,0,1.0475447762330832,50,0,44.67643063566215,50,0,0.3471726242475223,100,0,0.48433450420653146,100,0,35.0,50,0
2019-01-29,-0.4888708675810978,50,0,1.0348713455080782,50,0,44.67643063566215,50,0,0.34582419783218893,100,0,0.48951964274000415,100,0,21.0,100,0
2019-01-30,-0.48461513791092864,50,0,1.0469655802512832,50,0,44.67643063566215,50,0,0.34488057715648934,100,0,0.4543799032749111,100,0,22.0,100,0
2019-01-31,-0.4869649194891429,50,0,1.0377977714918587,50,0,43.8687946863864,50,0,0.34398982372566755,100,0,0.520850288210698,50,0,17.0,100,0
2019-02-01,-0.48352346103951055,50,0,1.0476978154046457,50,0,43.8687946863864,50,0,0.3431205893245143,100,0,0.5323015450893785,50,0,23.0,100,0
2019-02-02,-0.4818542132243317,50,0,1.0520997316877534,50,0,43.8687946863864,50,0,0.34239781986098167,100,0,0.4924429425661304,100,0,22.0,100,0
2019-02-03,-0.4862695796784266,50,0,1.036525477575215,50,0,43.8687946863864,50,0,0.341372955405576,100,0,0.4718459680880825,100,0,19.0,100,0
2019-02-04,-0.4861008717853882,50,0,1.0353207592229625,50,0,43.8687946863864,50,0,0.3404294194426806,100,0,0.5020585353762234,50,0,27.0,50,0
2019-02-05,-0.48454128369133825,50,0,1.0391820065339474,50,0,43.8687946863864,50,0,0.3395166366993921,100,0,0.5042654226008227,50,0,21.0,100,0
2019-02-06,-0.4896777255441422,50,0,1.0206107788953354,50,0,43.8687946863864,50,0,0.3384810152363942,100,0,0.5495475732393499,50,0,14.0,100,0
2019-02-07,-0.4902183939388723,50,0,1.0173083746159057,50,0,43.8687946863864,50,0,0.33735757408190614,100,0,0.5811195880268121,50,0,18.0,100,0
2019-02-08,-0.46655300824579143,50,0,1.09331985352704,50,0,43.8687946863864,50,0,0.3363901509613841,100,0,0.5669729803995248,50,0,37.0,50,0
2019-02-09,-0.4657025221776371,50,0,1.0951785558819893,50,0,43.8687946863864,50,0,0.3353471243629627,100,0,0.5410836659319609,50,0,42.0,50,0
2019-02-10,-0.4637366662870065,50,0,1.1006456973460996,50,0,43.8687946863864,50,0,0.3343026725617006,100,0,0.5114138889129602,50,0,40.0,50,0
2019-02-11,-0.4683662926658216,50,0,1.084323417783135,50,0,43.8687946863864,50,0,0.33333759639603455,100,0,0.5314210917556995,50,0,46.0,50,0
2019-02-12,-0.4684056144501794,50,0,1.082716589297292,50,0,43.8687946863864,50,0,0.3324032857384551,100,0,0.48016951500743055,100,0,38.0,50,0
2019-02-13,-0.46875436093572564,50,0,1.078371236101684,50,0,43.8687946863864,50,0,0.3314132486052502,100,0,0.5567543225386078,50,0,48.0,50,0
2019-02-14,-0.46997400348492985,50,0,1.0733279203009738,50,0,43.8687946863864,50,0,0.3304993050561673,100,0,0.5256775679383129,50,0,48.0,50,0
2019-02-15,-0.46953115652272115,50,0,1.0734869656391484,50,0,43.8687946863864,50,0,0.3295906853243784,100,0,0.46245038298897184,100,0,43.0,50,0
2019-02-16,-0.4674071456809713,50,0,1.0786479114944238,50,0,43.8687946863864,50,0,0.32875002844669005,100,0,0.5552622606061558,50,0,43.0,50,0
2019-02-17,-0.4637320488632344,50,0,1.0892926819619277,50,0,43.8687946863864,50,0,0.32803278718046774,100,0,0.580011537095148,50,0,38.0,50,0
2019-02-18,-0.44092533206642887,50,0,1.1615614629562525,50,0,43.8687946863864,50,0,0.32745354816810596,100,0,0.6120587717367495,50,0,63.0,0,0
2019-02-19,-0.43800973596384574,50,0,1.169447651680833,50,0,43.8687946863864,50,0,0.3267338559433474,100,0,0.6298118699836536,50,0,65.0,0,0
2019-02-20,-0.4349298733731823,50,0,1.1793736556921555,50,0,43.8687946863864,50,0,0.3258887484064207,100,0,0.5379199532089876,50,0,59.0,0,0
2019-02-21,-0.4383615402646028,50,0,1.1666551637156644,50,0,43.8687946863864,50,0,0.32492751975619294,100,0,0.4953977446166371,100,0,59.0,0,0
2019-02-22,-0.4331058640858799,50,0,1.1825110400376164,50,0,43.8687946863864,50,0,0.32399731005162125,100,0,0.6644813971372419,50,0,61.0,0,0
2019-02-23,-0.41778861683449986,50,0,1.2299632017278248,0,0,43.8687946863864,50,0,0.3230190093483007,100,0,0.5917438832100997,50,0,63.0,0,0
2019-02-24,-0.45086101284592106,50,0,1.1225920151278481,50,0,43.8687946863864,50,0,0.3219512235376937,100,0,0.5875090227222165,50,0,69.0,0,0
2019-02-25,-0.4442603728158789,50,0,1.1419994865205556,50,0,43.8687946863864,50,0,0.3208350518279986,100,0,0.5723688906402425,50,0,47.0,50,0
2019-02-26,-0.44659514367337266,50,0,1.133413813815408,50,0,43.8687946863864,50,0,0.31965655770323814,100,0,0.6537386828508458,50,0,40.0,50,0
2019-02-27,-0.4461728540712562,50,0,1.133507406951874,50,0,43.8687946863864,50,0,0.31840418727131314,100,0,0.5663207658613741,50,0,39.0,50,0
2019-02-28,-0.4466099087864457,50,0,1.1307308089434656,50,0,45.33908164614853,50,0,0.31720504477630823,100,0,0.6140275387800154,50,0,39.0,50,0
2019-03-01,-0.44486086304660805,50,0,1.1351381183106626,50,0,45.33908164614853,50,0,0.3160112753907641,100,0,0.65640666123222,50,0,42.0,50,0
2019-03-02,-0.444852090760133,50,0,1.1339810425472814,50,0,45.33908164614853,50,0,0.3147520227884302,100,0,0.5523040142616542,50,0,41.0,50,0
2019-03-03,-0.44736146818766503,50,0,1.125019148315734,50,0,45.33908164614853,50,0,0.3135278512430793,100,0,0.5929065536359079,50,0,44.0,50,0
2019-03-04,-0.4548971733727241,50,0,1.0991612296231046,50,0,45.33908164614853,50,0,0.31233865153562484,100,0,0.5508951944881515,50,0,36.0,50,0
2019-03-05,-0.4415658972783015,50,0,1.1404835372238882,50,0,45.33908164614853,50,0,0.3117954019962884,100,0,0.6053055298247233,50,0,35.0,50,0
2019-03-06,-0.44036991902592976,50,0,1.1431304733036614,50,0,45.33908164614853,50,0,0.3112808374170786,100,0,0.5455366898911342,50,0,42.0,50,0
2019-03-07,-0.4399500486591407,50,0,1.1434180890150616,50,0,45.33908164614853,50,0,0.31077306376123015,100,0,0.6500334728571387,50,0,56.0,0,0
2019-03-08,-0.44135602963701,50,0,1.1376028218059453,50,0,45.33908164614853,50,0,0.31025813042579997,100,0,0.6181483747868386,50,0,54.0,0,0
2019-03-09,-0.4346419761822936,50,0,1.15777989930907,50,0,45.33908164614853,50,0,0.3097192957304426,100,0,0.6104452685481829,50,0,55.0,0,0
2019-03-10,-0.4351752722541392,50,0,1.154975643564782,50,0,45.33908164614853,50,0,0.3097215074349055,100,0,0.5776164841052814,50,0,55.0,0,0
2019-03-11,-0.4399244154076678,50,0,1.1386214550252283,50,0,45.33908164614853,50,0,0.3100090862163533,100,0,0.6039630666495097,50,0,56.0,0,0
2019-03-12,-0.43904219273800116,50,0,1.1399225230667023,50,0,45.33908164614853,50,0,0.31007826692357365,100,0,0.6153193664014345,50,0,56.0,0,0
2019-03-13,-0.4396309511101034,50,0,1.1369999605756986,50,0,45.33908164614853,50,0,0.3103431780506767,100,0,0.5778877010683404,50,0,54.0,0,0
2019-03-14,-0.4393386002338742,50,0,1.1366720982330223,50,0,45.33908164614853,50,0,0.31049777139603646,100,0,0.6631696036351833,50,0,55.0,0,0
2019-03-15,-0.43474476298275455,50,0,1.1499805003100356,50,0,45.33908164614853,50,0,0.31100680513730816,100,0,0.6750261106961131,50,0,55.0,0,0
2019-03-16,-0.42624788454975354,50,0,1.1749526996075508,50,0,45.33908164614853,50,0,0.3114777109974431,100,0,0.7439947625207652,50,0,54.0,0,0
2019-03-17,-0.42838499037257377,50,0,1.1673657899966858,50,0,45.33908164614853,50,0,0.3121055749780509,100,0,0.6402838735525955,50,0,58.0,0,0
2019-03-18,-0.42807349847368603,50,0,1.1671249780134896,50,0,45.33908164614853,50,0,0.31271307533132736,100,0,0.7266823426907331,50,0,56.0,0,0
2019-03-19,-0.4255839947982941,50,0,1.1740555213186377,50,0,45.33908164614853,50,0,0.31306852651864786,100,0,0.7774034156248,50,0,56.0,0,0
2019-03-20,-0.4223143388980581,50,0,1.1832450562157288,50,0,45.33908164614853,50,0,0.3133259033860796,100,0,0.7707157227561048,50,0,55.0,0,0
2019-03-21,-0.4273053646497242,50,0,1.166365891905468,50,0,45.33908164614853,50,0,0.3137562274676128,100,0,0.6529760816757308,50,0,62.0,0,0
2019-03-22,-0.4264889975772624,50,0,1.1676833722102793,50,0,45.33908164614853,50,0,0.3140302278386529,100,0,0.7183911630284615,50,0,56.0,0,0
2019-03-23,-0.42662908808591127,50,0,1.1661506730603073,50,0,45.33908164614853,50,0,0.3143834880285408,100,0,0.6547695720946608,50,0,50.0,0,0
2019-03-24,-0.4276228289079058,50,0,1.1619904608665954,50,0,45.33908164614853,50,0,0.3149450936294409,100,0,0.6668495223878304,50,0,44.0,50,0
2019-03-25,-0.4333412994832717,50,0,1.1428442380188106,50,0,45.33908164614853,50,0,0.31539050388983086,100,0,0.6692057963095177,50,0,46.0,50,0
2019-03-26,-0.4323039141823239,50,0,1.1447492667379922,50,0,45.33908164614853,50,0,0.31599626537381115,100,0,0.6053503894165086,50,0,43.0,50,0
2019-03-27,-0.4220182752528915,50,0,1.175739946147433,50,0,45.33908164614853,50,0,0.31684277958960494,100,0,0.6906495484165891,50,0,44.0,50,0
2019-03-28,-0.4235111972444998,50,0,1.1701270127099608,50,0,45.33908164614853,50,0,0.3179380806670762,100,0,0.6815971986142539,50,0,49.0,50,0
2019-03-29,-0.4162902832877259,50,0,1.1920779479257602,50,0,45.33908164614853,50,0,0.319061248099406,100,0,0.7005606236532863,50,0,50.0,0,0
2019-03-30,-0.41605456134807867,50,0,1.1918286340112985,50,0,45.33908164614853,50,0,0.3201013166012662,100,0,0.6580539018416827,50,0,57.0,0,0
2019-03-31,-0.41545955635480947,50,0,1.1915773544085417,50,0,46.526572814250805,50,0,0.321298347686763,100,0,0.6550173782339496,50,0,56.0,0,0
2019-04-01,-0.41131193498412943,50,0,1.2034324145858166,0,0,46.526572814250805,50,0,0.3225281407854705,100,0,0.6542917362232984,50,0,62.0,0,0
2019-04-02,-0.3407532378726945,50,0,1.4245941767833925,0,0,46.526572814250805,50,0,0.32415572315077223,100,0,0.8837664460816067,50,0,60.0,0,0
2019-04-03,-0.336005036215148,50,0,1.4395960367228942,0,0,46.526572814250805,50,0,0.3259941806218597,100,0,0.8848372085852,50,0,71.0,0,0
2019-04-04,-0.3409710591083029,50,0,1.4240032563911111,0,0,46.526572814250805,50,0,0.3278740123895183,100,0,0.8925750598132962,50,0,61.0,0,0
2019-04-05,-0.32960882771046685,50,0,1.457911977389935,0,0,46.526572814250805,50,0,0.3299391233320254,100,0,0.9523907022113655,50,0,59.0,0,0
2019-04-06,-0.3286786419607126,50,0,1.4596808373985741,0,0,46.526572814250805,50,0,0.3320148004536212,100,0,0.8285324167505214,50,0,65.0,0,0
2019-04-07,-0.31525420279214855,50,0,1.5000289016455073,0,0,46.526572814250805,50,0,0.3339390355466813,100,0,0.8583504529257604,50,0,69.0,0,0
2019-04-08,-0.3068299382601183,50,0,1.525699276367813,0,0,46.526572814250805,50,0,0.33582419216247417,100,0,0.9539133960063833,50,0,65.0,0,0
2019-04-09,-0.3153419256568988,50,0,1.4987968559737403,0,0,46.526572814250805,50,0,0.33775352223829397,100,0,0.8371553663333352,50,0,64.0,0,0
2019-04-10,-0.3048973867664829,50,0,1.5307039691747,0,0,46.526572814250805,50,0,0.339335638440606,100,0,0.9395957011399133,50,0,62.0,0,0
2019-04-11,-0.32927782637744946,50,0,1.4540259399108908,0,0,46.526572814250805,50,0,0.34101244060323377,100,0,0.9714369542688058,50,0,65.0,0,0
2019-04-12,-0.326522571134048,50,0,1.461835770775991,0,0,46.526572814250805,50,0,0.34256767305618196,100,0,0.9141662681753839,50,0,42.0,50,0
2019-04-13,-0.3273898281110628,50,0,1.4580643659946684,0,0,46.526572814250805,50,0,0.3442042434580051,100,0,0.8137011525849184,50,0,62.0,0,0
2019-04-14,-0.31929004402901,50,0,1.4801322392587843,0,0,46.526572814250805,50,0,0.34583094261980346,100,0,0.7338005121219167,50,0,51.0,0,0
2019-04-15,-0.3298510991873795,50,0,1.4460134583903845,0,0,46.526572814250805,50,0,0.34758639711125305,100,0,0.8988115094339241,50,0,60.0,0,0
2019-04-16,-0.3148330020506025,50,0,1.49125791805069,0,0,46.526572814250805,50,0,0.34938622622202614,100,0,0.8828510394788769,50,0,50.0,0,0
2019-04-17,-0.3132378376888184,50,0,1.4955750376573886,0,0,46.526572814250805,50,0,0.3514074265449071,100,0,0.8892502844542898,50,0,61.0,0,0
2019-04-18,-0.3085226497925509,50,0,1.508947096460079,0,0,46.526572814250805,50,0,0.3533303181362137,100,0,0.94946215894034,50,0,64.0,0,0
2019-04-19,-0.3087105642036205,50,0,1.510663706493689,0,0,46.526572814250805,50,0,0.355305943874182,100,0,0.9709770891606007,50,0,61.0,0,0
2019-04-20,-0.3065545875265539,50,0,1.5159564634047742,0,0,46.526572814250805,50,0,0.3573217894628595,100,0,0.8563466186921739,50,0,62.0,0,0
2019-04-21,-0.30823709815469547,50,0,1.5091997029678346,0,0,46.526572814250805,50,0,0.3594102521469971,100,0,1.0403287130033527,50,0,62.0,0,0
2019-04-22,-0.3002175991191356,50,0,1.5326944985969762,0,0,46.526572814250805,50,0,0.3614174874856054,100,0,0.8723535328939733,50,0,61.0,0,0
2019-04-23,-0.28574664623206,50,0,1.5768472144907861,0,0,46.526572814250805,50,0,0.36343659047905147,100,0,0.7931833981572065,50,0,68.0,0,0
2019-04-24,-0.2957301468205121,50,0,1.543109251578071,0,0,46.526572814250805,50,0,0.36550055934371595,100,0,1.1356680397243837,50,0,65.0,0,0
2019-04-25,-0.32381148023912004,50,0,1.4552282242184789,0,0,46.526572814250805,50,0,0.36729889663185766,100,0,0.9528393513669057,50,0,58.0,0,0
2019-04-26,-0.32118208254119734,50,0,1.4601587857462297,0,0,46.526572814250805,50,0,0.3690241098702745,100,0,0.9504072972042575,50,0,41.0,50,0
2019-04-27,-0.31815057190939666,50,0,1.4676647640259912,0,0,46.526572814250805,50,0,0.37058536246897483,100,0,0.8520970452056432,50,0,42.0,50,0
2019-04-28,-0.3212738865863561,50,0,1.4568348356512795,0,0,46.526572814250805,50,0,0.3722087053449879,100,0,1.0085606888598553,50,0,40.0,50,0
2019-04-29,-0.32103781670254167,50,0,1.4554328070064417,0,0,46.526572814250805,50,0,0.3738401980175806,100,0,1.0549088198331293,50,0,42.0,50,0
2019-04-30,-0.31029084474196855,50,0,1.4872345595125807,0,0,50.987110496684316,50,0,0.37550615752160754,100,0,0.9094762187212552,50,0,42.0,50,0
2019-05-01,-0.3042898475962718,50,0,1.499417064288603,0,0,50.987110496684316,50,0,0.3774863938397513,100,0,1.1250021516861208,50,0,51.0,0,0
2019-05-02,-0.2970515691788226,50,0,1.5198343719292184,0,0,50.987110496684316,50,0,0.3794697406579423,100,0,1.2200119176948283,50,0,50.0,0,0
2019-05-03,-0.27270205566413175,50,0,1.592866518212697,0,0,50.987110496684316,50,0,0.381667036120576,100,0,1.0504097140505164,50,0,63.0,0,0
2019-05-04,-0.26212833124461427,50,0,1.6237998831602531,0,0,50.987110496684316,50,0,0.384031852511313,100,0,0.9495043831398039,50,0,66.0,0,0
2019-05-05,-0.26680584702122273,50,0,1.6090000911734914,0,0,50.987110496684316,50,0,0.38629995819335694,100,0,0.910125349383079,50,0,67.0,0,0
2019-05-06,-0.2709709802171665,50,0,1.5969645736011615,0,0,50.987110496684316,50,0,0.38859975865880264,100,0,1.0549764603958829,50,0,57.0,0,0
2019-05-07,-0.258973136695015,50,0,1.632758790652419,0,0,50.987110496684316,50,0,0.3908879814360755,100,0,0.9549080284045155,50,0,69.0,0,0
2019-05-08,-0.24973804763643392,50,0,1.660600615013132,0,0,50.987110496684316,50,0,0.3931192372850916,100,0,1.1186383944324678,50,0,63.0,0,0
2019-05-09,-0.23008042613264937,50,0,1.7197024410317594,0,0,50.987110496684316,50,0,0.3955271877980436,100,0,1.160661021217455,50,0,69.0,0,0
2019-05-10,-0.21147790233465502,50,0,1.7755208849409085,0,0,50.987110496684316,50,0,0.3979713669726455,100,0,1.0311217896951044,50,0,71.0,0,0
2019-05-11,-0.1256759963971661,50,0,2.0428935014791874,0,0,50.987110496684316,50,0,0.40112183002574675,100,0,1.1378625885477915,50,0,76.0,0,0
2019-05-12,-0.16196119013843702,50,0,1.9336749306740402,0,0,50.987110496684316,50,0,0.4040404414360376,100,0,1.4935391506329159,50,0,75.0,0,0
2019-05-13,-0.08752574823724193,50,0,2.168929740654751,0,0,50.987110496684316,50,0,0.4074051651515911,100,0,1.5760714691139417,0,0,78.0,0,0
2019-05-14,-0.07778233731110094,50,0,2.2091307957633215,0,0,50.987110496684316,50,0,0.41095917624934497,100,0,1.5532332028213216,0,0,78.0,0,0
2019-05-15,-0.059223617637030615,50,0,2.277649054601153,0,0,50.987110496684316,50,0,0.41464007782709533,100,0,1.6268340122569562,0,0,77.0,0,0
2019-05-16,-0.09552270867768672,50,0,2.176474413014834,0,0,50.987110496684316,50,0,0.4181302548995451,100,0,1.5952968439854083,0,0,75.0,0,0
2019-05-17,-0.14352319071655267,50,0,2.0255050261227745,0,0,50.987110496684316,50,0,0.4213059165932483,100,0,1.4756484496256699,50,0,65.0,0,0
2019-05-18,-0.14811986064253974,50,0,2.0092001761431666,0,0,50.987110496684316,50,0,0.42449497065335456,100,0,1.436280939372712,50,0,67.0,0,0
2019-05-19,-0.06522352592215694,50,0,2.2656368941362106,0,0,50.987110496684316,50,0,0.4283553723665113,100,0,1.6413870152557024,0,0,70.0,0,0
2019-05-20,-0.08764973507113914,50,0,2.19653899460621,0,0,50.987110496684316,50,0,0.4320532864418689,100,0,1.667480555179337,0,0,73.0,0,0
2019-05-21,-0.08857406307850149,50,0,2.1939495297116807,0,0,50.987110496684316,50,0,0.43574451324394126,100,0,1.611832428886377,0,0,68.0,0,0
2019-05-22,-0.11704186831730518,50,0,2.1040863615125383,0,0,50.987110496684316,50,0,0.4392772616721116,100,0,1.733040653492742,0,0,69.0,0,0
2019-05-23,-0.0976984444899912,50,0,2.163848511627185,0,0,50.987110496684316,50,0,0.4429215988492232,100,0,1.5763178742306938,0,0,65.0,0,0
2019-05-24,-0.09101992227494025,50,0,2.185114277783938,0,0,50.987110496684316,50,0,0.4465941759188327,100,0,1.6098763600104922,0,0,64.0,0,0
2019-05-25,-0.08525629264012859,50,0,2.2021490875265988,0,0,50.987110496684316,50,0,0.4503343775479744,100,0,1.4461859808825006,50,0,69.0,0,0
2019-05-26,-0.027585394267945988,50,0,2.381231177199154,0,0,50.987110496684316,50,0,0.4542756950938632,100,0,1.6763989908551251,0,0,67.0,0,0
2019-05-27,-0.02218821533660137,50,0,2.400498316096221,0,0,50.987110496684316,50,0,0.45827161106141706,100,0,1.999822154274458,0,0,70.0,0,0
2019-05-28,-0.03286790308215352,50,0,2.3700261524481347,0,0,50.987110496684316,50,0,0.46217263639309414,100,0,1.916337194912743,0,0,71.0,0,0
2019-05-29,-0.04938082976326758,50,0,2.348913093367172,0,0,50.987110496684316,50,0,0.46598098720140296,100,0,1.965906568456808,0,0,71.0,0,0
2019-05-30,-0.08329477581793641,50,0,2.24127158622751,0,0,50.987110496684316,50,0,0.4694275664656931,100,0,1.7996261016093333,0,0,73.0,0,0
2019-05-31,-0.06000713059318406,50,0,2.314681024857912,0,0,60.85482953241352,50,0,0.4729683868247862,100,0,1.3253168665186257,50,0,61.0,0,0
2019-06-01,-0.06094865113586846,50,0,2.310604438995631,0,0,60.85482953241352,50,0,0.47650712979428655,100,0,1.6643902364022551,0,0,62.0,0,0
2019-06-02,-0.04537854671797042,50,0,2.3579504536520015,0,0,60.85482953241352,50,0,0.48017787664078426,100,0,1.4701868217487744,50,0,63.0,0,0
2019-06-03,-0.09592676191197955,50,0,2.2006459807844987,0,0,60.85482953241352,50,0,0.4835805395967615,100,0,1.3678151023850662,50,0,66.0,0,0
2019-06-04,-0.13712447292040675,50,0,2.056793417490515,0,0,60.85482953241352,50,0,0.4866976388271762,100,0,1.6200631105490784,0,0,42.0,50,0
2019-06-05,-0.12494373357011532,50,0,2.093725791560247,0,0,60.85482953241352,50,0,0.48991282852950363,100,0,1.5957578470001519,0,0,27.0,50,0
2019-06-06,-0.12690190603484125,50,0,2.0848669612540545,0,0,60.85482953241352,50,0,0.4931012309942414,100,0,1.5760349421199753,0,0,34.0,50,0
2019-06-07,-0.10623226640663054,50,0,2.147963455535132,0,0,60.85482953241352,50,0,0.496238286335607,100,0,1.6059864722592887,0,0,27.0,50,0
2019-06-08,-0.1137314006129833,50,0,2.1223224109815066,0,0,60.85482953241352,50,0,0.4993204266002157,100,0,1.2242379832630492,50,0,62.0,0,0
2019-06-09,-0.14037662108883986,50,0,2.037731275448857,0,0,60.85482953241352,50,0,0.502019840571413,100,0,1.4289429261952702,50,0,62.0,0,0
2019-06-10,-0.11062105401980965,50,0,2.130481672798774,0,0,60.85482953241352,50,0,0.5049163243383508,100,0,1.548470094956155,0,0,46.0,50,0
2019-06-11,-0.11716960885474778,50,0,2.1085347448123417,0,0,60.85482953241352,50,0,0.5076999453341962,100,0,1.4208013356676181,50,0,61.0,0,0
2019-06-12,-0.09876230629533485,50,0,2.1649812859706468,0,0,60.85482953241352,50,0,0.510645627944736,100,0,1.330833141807046,50,0,60.0,0,0
2019-06-13,-0.09204594003527156,50,0,2.1845371095080037,0,0,60.85482953241352,50,0,0.5135122660909389,100,0,1.544232621720997,0,0,63.0,0,0
2019-06-14,-0.05417184492722675,50,0,2.304301055034511,0,0,60.85482953241352,50,0,0.5165914779950807,100,0,1.781393604944969,0,0,67.0,0,0
2019-06-15,-0.04198543204027908,50,0,2.3409184541705232,0,0,60.85482953241352,50,0,0.52007699291881,100,0,1.568493779968102,0,0,75.0,0,0
2019-06-16,-0.029633835730034083,50,0,2.381658011222326,0,0,60.85482953241352,50,0,0.5235863532100679,100,0,1.461199091485376,50,0,80.0,0,100
2019-06-17,-0.004173483853962608,50,0,2.462216610796689,0,0,60.85482953241352,50,0,0.5273473899246042,100,0,1.5730145594677458,0,0,84.0,0,100
2019-06-18,-0.030207313213003708,50,0,2.3809065243833207,0,0,60.85482953241352,50,0,0.530907616186042,100,0,1.8603369306431177,0,0,83.0,0,100
2019-06-19,-0.012216716775188438,50,0,2.439366570589059,0,0,60.85482953241352,50,0,0.5346131670573493,100,0,1.9939058608863836,0,0,82.0,0,100
2019-06-20,0.007987434959178962,50,0,2.503736068308158,0,100,60.85482953241352,50,0,0.5384211929982696,100,0,1.6811319101911566,0,0,81.0,0,100
2019-06-21,0.05029695038573352,50,0,2.639638220271712,0,100,60.85482953241352,50,0,0.5425197158420068,100,0,1.6453765387827468,0,0,84.0,0,100
2019-06-22,0.09641235688921757,50,0,2.7917213336323625,0,100,60.85482953241352,50,0,0.5469808089584384,100,0,1.893764175445632,0,0,83.0,0,100
2019-06-23,0.1032863705112621,50,0,2.814684176951619,0,100,60.85482953241352,50,0,0.5515393129202423,100,0,2.3751092321439247,0,0,84.0,0,100
2019-06-24,0.11695559863512521,50,0,2.86362869667205,0,100,60.85482953241352,50,0,0.5560623621808485,100,0,2.3896234097857683,0,0,80.0,0,100
2019-06-25,0.17130051508658825,50,0,3.0450187329054637,0,100,60.85482953241352,50,0,0.5608269597353333,100,0,2.0431689960017314,0,0,87.0,0,100
2019-06-26,0.24986918575032238,50,0,3.3325090300877975,0,100,60.85482953241352,50,0,0.5661627462077682,100,0,2.6433240805086458,0,0,95.0,0,100
2019-06-27,0.1039287941543337,50,0,2.8724057028209904,0,100,60.85482953241352,50,0,0.5705259493234401,100,0,2.180992499989301,0,0,92.0,0,100
2019-06-28,0.19662171385653185,50,0,3.18803920767701,0,100,60.85482953241352,50,0,0.5754535419160199,100,0,2.38028958283194,0,0,62.0,0,0
2019-06-29,0.16043874611159353,50,0,3.074640121467496,0,100,60.85482953241352,50,0,0.5801627907241221,100,0,2.5049933534187194,0,0,74.0,0,0
2019-06-30,0.06912098362750872,50,0,2.7856023698417243,0,100,65.98127905541367,50,0,0.5843675347739397,100,0,2.111580078868288,0,0,78.0,0,0
2019-07-01,0.04675929970097439,50,0,2.7103064075685013,0,100,65.98127905541367,50,0,0.588519708879319,100,0,1.8651781201913598,0,0,65.0,0,0
2019-07-02,0.0608496344167855,50,0,2.7553838095253957,0,100,65.98127905541367,50,0,0.5929376156175968,100,0,1.962562118950781,0,0,63.0,0,0
2019-07-03,0.15155005798552557,50,0,3.0523629101777052,0,100,65.98127905541367,50,0,0.597932329003317,100,0,2.3186816603353537,0,0,79.0,0,100
2019-07-04,0.0871489533623455,50,0,2.848745909693265,0,100,65.98127905541367,50,0,0.6025197784913932,100,0,2.305815598265577,0,0,76.0,0,0
2019-07-05,0.07247486657697946,50,0,2.7977381062512796,0,100,65.98127905541367,50,0,0.6068940924226962,100,0,2.433599058782493,0,0,67.0,0,0
2019-07-06,0.0883255572647936,50,0,2.845440308556822,0,100,65.98127905541367,50,0,0.6113954064252883,100,0,2.3546493362032943,0,0,72.0,0,0
2019-07-07,0.10692442969576242,50,0,2.902486640619797,0,100,65.98127905541367,50,0,0.6159921609107699,100,0,1.9783162145480253,0,0,67.0,0,0
2019-07-08,0.17098444260507545,50,0,3.114435807609801,0,100,65.98127905541367,50,0,0.6210525729034247,100,0,2.4864049830851758,0,0,74.0,0,0
2019-07-09,0.18740877860775162,50,0,3.172966945611868,0,100,65.98127905541367,50,0,0.6263939566323176,100,0,2.2448469910037168,0,0,84.0,0,100
2019-07-10,0.14406268838548586,50,0,3.047311237479928,0,100,65.98127905541367,50,0,0.6314764699333597,100,0,1.9017036532889793,0,0,83.0,0,100
2019-07-11,0.08010374302310172,50,0,2.837262471159307,0,100,65.98127905541367,50,0,0.6360703447013935,100,0,1.7610183883319912,0,0,62.0,0,0
2019-07-12,0.11757425564484462,50,0,2.9613988423018247,0,100,65.98127905541367,50,0,0.640968991075804,100,0,2.1784433026474765,0,0,33.0,50,0
2019-07-13,0.08086870032148984,50,0,2.838810982800631,0,100,65.98127905541367,50,0,0.6456523382399908,100,0,1.8084004256715223,0,0,65.0,0,0
2019-07-14,-0.0010621302694344076,50,0,2.5680602846141762,0,100,65.98127905541367,50,0,0.6499017526829247,100,0,1.7668102114079414,0,0,61.0,0,0
2019-07-15,0.047901493972013785,50,0,2.723520785625168,0,100,65.98127905541367,50,0,0.6544056292578484,100,0,1.7154806095826522,0,0,16.0,100,0
2019-07-16,-0.0641984660316508,50,0,2.3569085981129825,0,0,65.98127905541367,50,0,0.658021683209029,100,0,1.929196456654195,0,0,34.0,50,0
2019-07-17,-0.04962863559916959,50,0,2.403574398804114,0,0,65.98127905541367,50,0,0.6616931540977092,100,0,1.4364210303446898,50,0,19.0,100,0
2019-07-18,0.025286649962862777,50,0,2.648343601376678,0,100,65.98127905541367,50,0,0.6657237337049212,100,0,1.387376776558399,50,0,40.0,50,0
2019-07-19,0.012545806466005838,50,0,2.606965049741766,0,100,65.98127905541367,50,0,0.6696328108664215,100,0,1.4112465279796913,50,0,42.0,50,0
2019-07-20,0.03709588727907102,50,0,2.6837140841394356,0,100,65.98127905541367,50,0,0.6735392833258182,100,0,2.119482974548397,0,0,34.0,50,0
2019-07-21,0.015058274456434945,50,0,2.6115076287085284,0,100,65.98127905541367,50,0,0.6772889124681369,100,0,1.7433200258397983,0,0,42.0,50,0
2019-07-22,-0.00588405106236534,50,0,2.5401254637435198,0,100,65.98127905541367,50,0,0.6802944769444311,100,0,1.8651045251338363,0,0,42.0,50,0
2019-07-23,-0.04024852341168667,50,0,2.4247696236104623,0,0,65.98127905541367,50,0,0.6829851893190162,100,0,1.6250567548744768,0,0,40.0,50,0
2019-07-24,-0.04855068410178348,50,0,2.402584862826306,0,0,65.98127905541367,50,0,0.6855234378156537,100,0,1.5014033345245992,0,0,20.0,100,0
2019-07-25,-0.04076302231158018,50,0,2.424093540016158,0,0,65.98127905541367,50,0,0.6881012765756802,100,0,1.6965867195935467,0,0,42.0,50,0
2019-07-26,-0.04583630615784048,50,0,2.4052377822973217,0,0,65.98127905541367,50,0,0.6904973114754577,100,0,1.7937890607966742,0,0,24.0,100,0
2019-07-27,-0.07569782836598371,50,0,2.3061597152172526,0,0,65.98127905541367,50,0,0.6926701544513441,100,0,1.6279273853893224,0,0,47.0,50,0
2019-07-28,-0.0693867679392153,50,0,2.3226852536305977,0,0,65.98127905541367,50,0,0.6948008567905065,100,0,1.8122133206619058,0,0,16.0,100,0
2019-07-29,-0.08444205007381742,50,0,2.312708542987764,0,0,65.98127905541367,50,0,0.6969640380253312,100,0,1.8016891350642268,0,0,19.0,100,0
2019-07-30,-0.07842989006054368,50,0,2.3295934138236865,0,0,65.98127905541367,50,0,0.6990420010770865,100,0,1.5297138265004975,0,0,22.0,100,0
2019-07-31,-0.0436086366084812,50,0,2.4395922314548626,0,0,62.93903834812051,50,0,0.7015322035405717,100,0,1.864904037665452,0,0,31.0,50,0
2019-08-01,-0.0189053662122361,50,0,2.517935207943675,0,100,62.93903834812051,50,0,0.7041373241087733,100,0,1.5992222654517236,0,0,57.0,0,0
2019-08-02,-0.010096005262835966,50,0,2.5447311722894126,0,100,62.93903834812051,50,0,0.7068825280948784,100,0,1.9404346989027115,0,0,61.0,0,0
2019-08-03,0.010226701282958977,50,0,2.6078164590244435,0,100,62.93903834812051,50,0,0.7096164415620174,100,0,2.0465697495524986,0,0,61.0,0,0
2019-08-04,0.0226326669394295,50,0,2.645395554791203,0,100,62.93903834812051,50,0,0.7125258392101611,100,0,1.9752066141192155,0,0,62.0,0,0
2019-08-05,0.07807857288561011,50,0,2.8332428424580676,0,100,62.93903834812051,50,0,0.7155539823438684,100,0,1.8990174473587118,0,0,64.0,0,0
2019-08-06,0.04759888078958164,50,0,2.7399069505061258,0,100,62.93903834812051,50,0,0.7184714635621668,100,0,2.062142884911372,0,0,66.0,0,0
2019-08-07,0.08514559318394825,50,0,2.8645774142873552,0,100,62.93903834812051,50,0,0.7215178833805346,100,0,1.9936715501502917,0,0,45.0,50,0
2019-08-08,0.08014312620937138,50,0,2.8519237009326277,0,100,62.93903834812051,50,0,0.7245795768401696,100,0,1.8677421606002604,0,0,61.0,0,0
2019-08-09,0.0730574601971305,50,0,2.82723509142394,0,100,62.93903834812051,50,0,0.727638034923206,100,0,1.9281956782638632,0,0,60.0,0,0
2019-08-10,0.03187979895965751,50,0,2.6899408004560916,0,100,62.93903834812051,50,0,0.7304937117206654,100,0,1.8793630575460956,0,0,59.0,0,0
2019-08-11,0.04761839022371129,50,0,2.738580839794441,0,100,62.93903834812051,50,0,0.7333425987953065,100,0,1.8852487156862727,0,0,45.0,50,0
2019-08-12,0.0360589440718887,50,0,2.698922676885626,0,100,62.93903834812051,50,0,0.7360557362291845,100,0,1.6662950415626088,0,0,48.0,50,0
2019-08-13,-0.002940222360706936,50,0,2.571584529993768,0,100,62.93903834812051,50,0,0.7387260721212457,100,0,1.9556673912437177,0,0,45.0,50,0
2019-08-14,-0.065252094185017,50,0,2.3682620427312453,0,0,62.93903834812051,50,0,0.7412636139497079,100,0,1.7347205271164732,0,0,11.0,100,0
2019-08-15,-0.04443237191036672,50,0,2.431634101809775,0,0,62.93903834812051,50,0,0.7438645384520203,100,0,1.702810048993247,0,0,13.0,100,0
2019-08-16,-0.04012711136462696,50,0,2.4423882692355137,0,0,62.93903834812051,50,0,0.7464786117117103,100,0,1.680843951614479,0,0,31.0,50,0
2019-08-17,-0.05232032758340911,50,0,2.399255690535432,0,0,62.93903834812051,50,0,0.7491029985789475,100,0,1.3998104427827087,50,0,20.0,100,0
2019-08-18,-0.04342472560206518,50,0,2.424340949031543,0,0,62.93903834812051,50,0,0.7517993872960742,100,0,1.3720189798845142,50,0,14.0,100,0
2019-08-19,-0.0034887870413027886,50,0,2.5496441101663274,0,100,62.93903834812051,50,0,0.7546012048098681,100,0,1.8677374081485842,0,0,30.0,50,0
2019-08-20,-0.012865043188720612,50,0,2.51869396000895,0,100,62.93903834812051,50,0,0.7573515098509236,100,0,1.7704151001089206,0,0,39.0,50,0
2019-08-21,-0.06209064892078991,50,0,2.35709041081264,0,0,62.93903834812051,50,0,0.7595896234428381,100,0,1.4993553263001929,50,0,11.0,100,0
2019-08-22,-0.06035064563583944,50,0,2.358561076603875,0,0,62.93903834812051,50,0,0.7615342791290534,100,0,1.5070224117700441,0,0,5.0,100,0
2019-08-23,-0.041946662873127975,50,0,2.423094073758886,0,0,62.93903834812051,50,0,0.7634704486879996,100,0,1.6739384636505237,0,0,33.0,50,0
2019-08-24,-0.06154743848690863,50,0,2.3570931204643073,0,0,62.93903834812051,50,0,0.7652579084563113,100,0,1.7208571366635672,0,0,39.0,50,0
2019-08-25,-0.06515016701132224,50,0,2.342423546440355,0,0,62.93903834812051,50,0,0.7670693295370749,100,0,1.6444380887294292,0,0,33.0,50,0
2019-08-26,-0.04664248460639349,50,0,2.399247127718881,0,0,62.93903834812051,50,0,0.7688906970060547,100,0,1.481438106231043,50,0,41.0,50,0
2019-08-27,-0.06131628075604332,50,0,2.350395392932606,0,0,62.93903834812051,50,0,0.7705534729152832,100,0,1.459413517981157,50,0,30.0,50,0
2019-08-28,-0.09343775763880412,50,0,2.2444071167512156,0,0,62.93903834812051,50,0,0.7719119904159085,100,0,1.5800644614206958,0,0,32.0,50,0
2019-08-29,-0.11063787814366048,50,0,2.185140416900998,0,0,62.93903834812051,50,0,0.7730886465688386,100,0,1.6520693539322922,0,0,20.0,100,0
2019-08-30,-0.10366187185254855,50,0,2.2037620769796353,0,0,62.93903834812051,50,0,0.7736129697296125,100,0,1.6029890719129016,0,0,24.0,100,0
2019-08-31,-0.10162059394684463,50,0,2.2066845602803835,0,0,61.17910791147408,50,0,0.774426221552189,100,0,1.6621676333124116,0,0,20.0,100,0
2019-09-01,-0.0904486961954057,50,0,2.239497003766389,0,0,61.17910791147408,50,0,0.7746802729227544,100,0,1.4167573472353552,50,0,24.0,100,0
2019-09-02,-0.046621804442477655,50,0,2.3765343255414018,0,0,61.17910791147408,50,0,0.7749606131185759,100,0,1.5922163732472123,0,0,28.0,50,0
2019-09-03,-0.03016629264241753,50,0,2.427769817725477,0,0,61.17910791147408,50,0,0.775171912855083,100,0,1.805393345942011,0,0,41.0,50,0
2019-09-04,-0.03383020203181287,50,0,2.4142620619635253,0,0,61.17910791147408,50,0,0.7756304687810885,100,0,1.4900062214361205,50,0,43.0,50,0
2019-09-05,-0.034369470462952426,50,0,2.4109262823539903,0,0,61.17910791147408,50,0,0.7765027816002306,100,0,1.8167101830074242,0,0,41.0,50,0
2019-09-06,-0.05837981209688704,50,0,2.3503004955278657,0,0,61.17910791147408,50,0,0.7774014003190773,100,0,1.7329012645193358,0,0,43.0,50,0
2019-09-07,-0.0470875911589588,50,0,2.383617760112221,0,0,61.17910791147408,50,0,0.777685168740692,100,0,1.6195547553875231,0,0,39.0,50,0
2019-09-08,-0.05371556322670215,50,0,2.3599605901475385,0,0,61.17910791147408,50,0,0.7781027027058418,100,0,1.9008751530841625,0,0,43.0,50,0
2019-09-09,-0.05928363595914759,50,0,2.3392279049104103,0,0,61.17910791147408,50,0,0.7784471596960296,100,0,1.5382975700141195,0,0,41.0,50,0
2019-09-10,-0.07698373585847193,50,0,2.279824599092909,0,0,61.17910791147408,50,0,0.7788683490648014,100,0,1.8944062919934566,0,0,41.0,50,0
2019-09-11,-0.07511170618263086,50,0,2.288893209041149,0,0,61.17910791147408,50,0,0.7791646940102773,100,0,1.9158728592661067,0,0,38.0,50,0
2019-09-12,-0.05691667821945452,50,0,2.3440403616718775,0,0,61.17910791147408,50,0,0.7795629669176681,100,0,1.632665015410084,0,0,39.0,50,0
2019-09-13,-0.06151167801343876,50,0,2.3272188290820317,0,0,61.17910791147408,50,0,0.77986942836838,100,0,1.5632583682524013,0,0,38.0,50,0
2019-09-14,-0.06047772712609462,50,0,2.327542378650885,0,0,61.17910791147408,50,0,0.7797055800784463,100,0,1.629918945486937,0,0,39.0,50,0
2019-09-15,-0.06478860799350038,50,0,2.3109748369048977,0,0,61.17910791147408,50,0,0.7794703677991831,100,0,1.5389921651903526,0,0,38.0,50,0
2019-09-16,-0.06835668946577941,50,0,2.2964826890188963,0,0,61.17910791147408,50,0,0.7792717754984717,100,0,1.6977849435217138,0,0,38.0,50,0
2019-09-17,-0.0730750866353071,50,0,2.278961778348322,0,0,61.17910791147408,50,0,0.7790778975763639,100,0,1.5211212756622767,0,0,41.0,50,0
2019-09-18,-0.0763915758204524,50,0,2.267739114452478,0,0,61.17910791147408,50,0,0.7791210108313481,100,0,1.7751442237253283,0,0,38.0,50,0
2019-09-19,-0.06898810988624497,50,0,2.288008947830678,0,0,61.17910791147408,50,0,0.7790335486080883,100,0,1.5242549049205338,0,0,31.0,50,0
2019-09-20,-0.0761850443497056,50,0,2.2625665501539407,0,0,61.17910791147408,50,0,0.7789268125267673,100,0,1.5349792080865288,0,0,41.0,50,0
2019-09-21,-0.08930655923281738,50,0,2.218288868867915,0,0,61.17910791147408,50,0,0.7786158644456375,100,0,1.6527949717999701,0,0,37.0,50,0
2019-09-22,-0.0850723447925655,50,0,2.228313912793977,0,0,61.17910791147408,50,0,0.7787206652007308,100,0,1.657104407514213,0,0,37.0,50,0
2019-09-23,-0.11008802811637626,50,0,2.1465540444075444,0,0,61.17910791147408,50,0,0.7790729377224795,100,0,1.1460380974405853,50,0,41.0,50,0
2019-09-24,-0.1857018095473948,50,0,1.905083922245334,0,0,61.17910791147408,50,0,0.7789473434355776,100,0,1.50171052987738,0,0,39.0,50,0
2019-09-25,-0.19794494552052275,50,0,1.860789535894694,0,0,61.17910791147408,50,0,0.7787510512334939,100,0,1.3447070481814105,50,0,15.0,100,0
2019-09-26,-0.21974241137239658,50,0,1.7851740671434853,0,0,61.17910791147408,50,0,0.7781489353461787,100,0,1.4145278136053228,50,0,12.0,100,0
2019-09-27,-0.21287125089252334,50,0,1.803926258755464,0,0,61.17910791147408,50,0,0.7776484462102158,100,0,1.0702345053849471,50,0,24.0,100,0
2019-09-28,-0.21140340953518122,50,0,1.8050465291442566,0,0,61.17910791147408,50,0,0.77736328311747,100,0,1.2772376830169287,50,0,32.0,50,0
2019-09-29,-0.22110699927474775,50,0,1.7726490510330377,0,0,61.17910791147408,50,0,0.7767831532837037,100,0,1.1127347029509569,50,0,33.0,50,0
2019-09-30,-0.20524845732913657,50,0,1.81827928005715,0,0,56.24450951901257,50,0,0.7764133046915445,100,0,1.04613888174421,50,0,27.0,50,0
2019-10-01,-0.2024114474868182,50,0,1.8230719453093478,0,0,56.24450951901257,50,0,0.7759098360446871,100,0,1.1944117931155904,50,0,38.0,50,0
2019-10-02,-0.19883980470365095,50,0,1.8312965949632027,0,0,56.24450951901257,50,0,0.7753591382868633,100,0,1.242687890047314,50,0,39.0,50,0
2019-10-03,-0.20636754401401103,50,0,1.8053750704372533,0,0,56.24450951901257,50,0,0.7744427791532866,100,0,1.2000463259947156,50,0,37.0,50,0
2019-10-04,-0.21255805202048586,50,0,1.783810487211673,0,0,56.24450951901257,50,0,0.7733900498843223,100,0,1.1801265588210539,50,0,30.0,50,0
2019-10-05,-0.2142581317823421,50,0,1.7764073667976614,0,0,56.24450951901257,50,0,0.7722250925206011,100,0,1.270165510525348,50,0,31.0,50,0
2019-10-06,-0.23474295165584128,50,0,1.7117916492222627,0,0,56.24450951901257,50,0,0.7707491158993026,100,0,1.1914884506684347,50,0,32.0,50,0
2019-10-07,-0.20788684017349554,50,0,1.790552893052674,0,0,56.24450951901257,50,0,0.7695981070964679,100,0,1.2187756651988277,50,0,27.0,50,0
2019-10-08,-0.21050203765593445,50,0,1.780583946818271,0,0,56.24450951901257,50,0,0.7682725181970722,100,0,1.3191473492858572,50,0,39.0,50,0
2019-10-09,-0.18116785144072522,50,0,1.8669611601677596,0,0,56.24450951901257,50,0,0.766919816340624,100,0,1.1299959966933166,50,0,37.0,50,0
2019-10-10,-0.1826149962603084,50,0,1.8602112092815202,0,0,56.24450951901257,50,0,0.7651985196650211,100,0,1.375843265337446,50,0,41.0,50,0
2019-10-11,-0.203169302630734,50,0,1.795526037236645,0,0,56.24450951901257,50,0,0.7629775421157773,100,0,1.3152212395949587,50,0,39.0,50,0
2019-10-12,-0.20078194308245884,50,0,1.800670290428977,0,0,56.24450951901257,50,0,0.7607004444067279,100,0,1.0800527994043134,50,0,38.0,50,0
2019-10-13,-0.20304706779805531,50,0,1.7914647787608209,0,0,56.24450951901257,50,0,0.7582743583467696,100,0,1.1687875730966464,50,0,38.0,50,0
2019-10-14,-0.20179836986415686,50,0,1.8011769115054355,0,0,56.24450951901257,50,0,0.755342105684724,100,0,1.12451067306625,50,0,37.0,50,0
2019-10-15,-0.21463700613930972,50,0,1.7590249438940544,0,0,56.24450951901257,50,0,0.7515926802379372,100,0,1.2476218707509892,50,0,39.0,50,0
2019-10-16,-0.22560244610229602,50,0,1.7232117828591018,0,0,56.24450951901257,50,0,0.7489767111037686,100,0,1.1233383294993147,50,0,40.0,50,0
2019-10-17,-0.22047166141230526,50,0,1.7359551577904675,0,0,56.24450951901257,50,0,0.7455666983998559,100,0,1.216222886375475,50,0,40.0,50,0
2019-10-18,-0.22840432995756726,50,0,1.7096525697962557,0,0,56.24450951901257,50,0,0.7423994789354901,100,0,1.2510302720668178,50,0,40.0,50,0
2019-10-19,-0.22918371261178275,50,0,1.7053620163572574,0,0,56.24450951901257,50,0,0.7399624015515416,100,0,1.109062597447341,50,0,41.0,50,0
2019-10-20,-0.21013825588890317,50,0,1.7601716505478393,0,0,56.24450951901257,50,0,0.7378320514937695,100,0,1.146537516474785,50,0,37.0,50,0
2019-10-21,-0.21006106140530728,50,0,1.7576398576599896,0,0,56.24450951901257,50,0,0.7355679300308041,100,0,1.2779869273400435,50,0,37.0,50,0
2019-10-22,-0.22298897196685008,50,0,1.716595055002477,0,0,56.24450951901257,50,0,0.7324651579024427,100,0,1.335779707998432,50,0,39.0,50,0
2019-10-23,-0.2631520402930595,50,0,1.5927761344242612,0,0,56.24450951901257,50,0,0.7296962047573725,100,0,1.3026652397059024,50,0,33.0,50,0
2019-10-24,-0.2623554487296788,50,0,1.5902956859242292,0,0,56.24450951901257,50,0,0.7270180563045806,100,0,0.9598858256943897,50,0,20.0,100,0
2019-10-25,-0.17643648209395105,50,0,1.8444827294141954,0,0,56.24450951901257,50,0,0.7246115253039206,100,0,1.0594752930342395,50,0,24.0,100,0
2019-10-26,-0.13542123300681985,50,0,1.9681866638129313,0,0,56.24450951901257,50,0,0.7222649861783971,100,0,1.275980004631495,50,0,53.0,0,0
2019-10-27,-0.11388849535775777,50,0,2.0310127880015374,0,0,56.24450951901257,50,0,0.719457920359441,100,0,1.0555085544945686,50,0,50.0,0,0
2019-10-28,-0.1321809517812197,50,0,1.9775615826068325,0,0,56.24450951901257,50,0,0.7163961178802117,100,0,1.2348466272698069,50,0,52.0,0,0
2019-10-29,-0.12511050934966048,50,0,1.9986081262585675,0,0,56.24450951901257,50,0,0.7136788253271232,100,0,1.207438232742495,50,0,54.0,0,0
2019-10-30,-0.1430811337922766,50,0,1.9434027891231644,0,0,56.24450951901257,50,0,0.7112081397480392,100,0,1.2086375680415473,50,0,53.0,0,0
2019-10-31,-0.14527256393325358,50,0,1.9350140727559408,0,0,58.61686226804411,50,0,0.7083827180743286,100,0,1.1719899261899067,50,0,50.0,0,0
2019-11-01,-0.1394161764769189,50,0,1.9527269811906325,0,0,58.61686226804411,50,0,0.7058949974677811,100,0,1.1724634990213292,50,0,49.0,50,0
2019-11-02,-0.13614437560322834,50,0,1.960409002513929,0,0,58.61686226804411,50,0,0.7041327592359623,100,0,1.215007510158424,50,0,51.0,0,0
2019-11-03,-0.14261814700297645,50,0,1.938758471002789,0,0,58.61686226804411,50,0,0.701937274678276,100,0,1.2406224740805931,50,0,56.0,0,0
2019-11-04,-0.12806969262274567,50,0,1.9800221875349784,0,0,58.61686226804411,50,0,0.7005549900196789,100,0,1.2042430739229706,50,0,49.0,50,0
2019-11-05,-0.13253904363775168,50,0,1.9589941637505894,0,0,58.61686226804411,50,0,0.698875682757632,100,0,1.3167540270137843,50,0,54.0,0,0
2019-11-06,-0.1309375999071143,50,0,1.9614386123972265,0,0,58.61686226804411,50,0,0.696623962309378,100,0,1.188519570068592,50,0,53.0,0,0
2019-11-07,-0.14148677584226838,50,0,1.9286796227212741,0,0,58.61686226804411,50,0,0.694354367700039,100,0,1.202444893402136,50,0,54.0,0,0
2019-11-08,-0.17104601234484285,50,0,1.83856395460028,0,0,58.61686226804411,50,0,0.6917227736521296,100,0,1.110341003740979,50,0,42.0,50,0
2019-11-09,-0.16956315207985861,50,0,1.840333220000929,0,0,58.61686226804411,50,0,0.6891479013283034,100,0,1.2103340098667714,50,0,38.0,50,0
2019-11-10,-0.1530679910185773,50,0,1.8863950966663123,0,0,58.61686226804411,50,0,0.6868831551357455,100,0,1.417219532261038,50,0,39.0,50,0
2019-11-11,-0.17666170840013012,50,0,1.8153860581004986,0,0,58.61686226804411,50,0,0.6847299958005915,100,0,1.2647278716024737,50,0,40.0,50,0
2019-11-12,-0.1713865268807384,50,0,1.8288966047100383,0,0,58.61686226804411,50,0,0.6826821207967234,100,0,1.1221454271649303,50,0,39.0,50,0
2019-11-13,-0.1740666793990082,50,0,1.8220139264600241,0,0,58.61686226804411,50,0,0.6806872350687051,100,0,1.126744083612303,50,0,38.0,50,0
2019-11-14,-0.18261702661686063,50,0,1.7946163749167674,0,0,58.61686226804411,50,0,0.6787026798571448,100,0,1.4019314752575494,50,0,41.0,50,0
2019-11-15,-0.1953205459382257,50,0,1.7552362828884713,0,0,58.61686226804411,50,0,0.6768363144010249,100,0,1.2930869436317576,50,0,38.0,50,0
2019-11-16,-0.1944162103933664,50,0,1.755582126087742,0,0,58.61686226804411,50,0,0.6749757561213711,100,0,1.1806004384482645,50,0,41.0,50,0
2019-11-17,-0.1924539321874671,50,0,1.7591573039462456,0,0,58.61686226804411,50,0,0.673134678055121,100,0,1.2324710650812134,50,0,38.0,50,0
2019-11-18,-0.21511217097446295,50,0,1.6906857594443931,0,0,58.61686226804411,50,0,0.6710593266693933,100,0,1.1106946266622546,50,0,38.0,50,0
2019-11-19,-0.2197072608245847,50,0,1.6749903592139808,0,0,58.61686226804411,50,0,0.6686812561187543,100,0,1.1562015421544602,50,0,32.0,50,0
2019-11-20,-0.2222715356547842,50,0,1.6648023417658087,0,0,58.61686226804411,50,0,0.6660306791015402,100,0,1.0959689976999354,50,0,32.0,50,0
2019-11-21,-0.2547731149327499,50,0,1.5674396076402108,0,0,58.61686226804411,50,0,0.6630843337397817,100,0,1.013616682205297,50,0,30.0,50,0
2019-11-22,-0.27749722569079377,50,0,1.4969923377685146,0,0,58.61686226804411,50,0,0.6598101454044382,100,0,0.9255896832383691,50,0,20.0,100,0
2019-11-23,-0.2734281496457706,50,0,1.5051899481388074,0,0,58.61686226804411,50,0,0.6564616050197045,100,0,1.1920299364186615,50,0,23.0,100,0
2019-11-24,-0.3008660565234132,50,0,1.4254358493578008,0,0,58.61686226804411,50,0,0.6525103533334594,100,0,0.8711331617201995,50,0,21.0,100,0
2019-11-25,-0.28618621023871427,50,0,1.4641559352189026,0,0,58.61686226804411,50,0,0.6488403960116719,100,0,0.8241214403495095,50,0,17.0,100,0
2019-11-26,-0.28365076974632636,50,0,1.4681119762185697,0,0,58.61686226804411,50,0,0.6448334474562333,100,0,0.8203547342514655,50,0,21.0,100,0
2019-11-27,-0.25722555641414047,50,0,1.5405558121149403,0,0,58.61686226804411,50,0,0.6410095794235796,100,0,0.9426450410812376,50,0,20.0,100,0
2019-11-28,-0.26361560016687036,50,0,1.5204584089510373,0,0,58.61686226804411,50,0,0.6371732466806262,100,0,1.1654762957365374,50,0,32.0,50,0
2019-11-29,-0.24104791282603114,50,0,1.5824256844053797,0,0,58.61686226804411,50,0,0.6337978129835977,100,0,1.0337566232701116,50,0,31.0,50,0
2019-11-30,-0.2545644998904604,50,0,1.5416893434925687,0,0,52.9528815388024,50,0,0.6302178158937989,100,0,0.8965186194994554,50,0,38.0,50,0
2019-12-01,-0.2644540923949072,50,0,1.5118843661587489,0,0,52.9528815388024,50,0,0.6266914673203365,100,0,0.9423048419804616,50,0,25.0,100,0
2019-12-02,-0.27124931508364736,50,0,1.4901145217945517,0,0,52.9528815388024,50,0,0.6235365178792,100,0,0.9787747720510667,50,0,28.0,50,0
2019-12-03,-0.27167513734242654,50,0,1.4861996844700833,0,0,52.9528815388024,50,0,0.6209497829954587,100,0,1.0636326938650902,50,0,28.0,50,0
2019-12-04,-0.2778998298399666,50,0,1.4661442724679639,0,0,52.9528815388024,50,0,0.6181678822618977,100,0,1.130984904482736,50,0,24.0,100,0
2019-12-05,-0.2639425980952342,50,0,1.5030336712625152,0,0,52.9528815388024,50,0,0.6155155012181999,100,0,0.9743737994764745,50,0,21.0,100,0
2019-12-06,-0.25426948007779554,50,0,1.5278644437194644,0,0,52.9528815388024,50,0,0.6129671737743994,100,0,0.9840150381042319,50,0,29.0,50,0
2019-12-07,-0.25585220031877504,50,0,1.5217999307313004,0,0,52.9528815388024,50,0,0.6103712037879916,100,0,1.1034879874188113,50,0,32.0,50,0
2019-12-08,-0.2546053444422326,50,0,1.5236420570037492,0,0,52.9528815388024,50,0,0.6074418937625169,100,0,1.0066961391359452,50,0,28.0,50,0
2019-12-09,-0.2681073301320205,50,0,1.4839569934989298,0,0,52.9528815388024,50,0,0.6045419052141361,100,0,1.0051366877704526,50,0,32.0,50,0
2019-12-10,-0.27569996307629946,50,0,1.4606488003419316,0,0,52.9528815388024,50,0,0.6019581871312439,100,0,0.9802371852284274,50,0,26.0,50,0
2019-12-11,-0.2777107856337187,50,0,1.452831411808314,0,0,52.9528815388024,50,0,0.5993661068724804,100,0,0.8652737980996528,50,0,20.0,100,0
2019-12-12,-0.27801326782540553,50,0,1.4498707721483648,0,0,52.9528815388024,50,0,0.596545493414173,100,0,0.8651152388304676,50,0,23.0,100,0
2019-12-13,-0.2741413287586139,50,0,1.4589219732289531,0,0,52.9528815388024,50,0,0.5939847757113522,100,0,1.005626278196233,50,0,22.0,100,0
2019-12-14,-0.2866615060646128,50,0,1.4225570206945728,0,0,52.9528815388024,50,0,0.5913795432398514,100,0,0.987212892862934,50,0,27.0,50,0
2019-12-15,-0.28371224943394563,50,0,1.4292631742361177,0,0,52.9528815388024,50,0,0.5886363332667879,100,0,0.7937544683216049,50,0,21.0,100,0
2019-12-16,-0.30002670876207105,50,0,1.381973267705492,0,0,52.9528815388024,50,0,0.5858996404662902,100,0,1.0063889884120971,50,0,24.0,100,0
2019-12-17,-0.3193508687629028,50,0,1.3258888142636776,0,0,52.9528815388024,50,0,0.5833625071321489,100,0,0.8622934976592938,50,0,23.0,100,0
2019-12-18,-0.269493371862377,50,0,1.4600031267013822,0,0,52.9528815388024,50,0,0.5812590423424135,100,0,0.830971332762107,50,0,15.0,100,0
2019-12-19,-0.2795661098960719,50,0,1.4308755120375507,0,0,52.9528815388024,50,0,0.579024243101764,100,0,1.0352606762386556,50,0,21.0,100,0
2019-12-20,-0.2768332868178049,50,0,1.437104191650674,0,0,52.9528815388024,50,0,0.5768028784688009,100,0,1.0006687371290415,50,0,23.0,100,0
2019-12-21,-0.2800082200353382,50,0,1.4269523022494013,0,0,52.9528815388024,50,0,0.5744680241425345,100,0,1.1206464350267225,50,0,23.0,100,0
2019-12-22,-0.25528099880000527,50,0,1.4932198602317355,0,0,52.9528815388024,50,0,0.5719520442837224,100,0,1.0833757820521486,50,0,20.0,100,0
2019-12-23,-0.26673489097187225,50,0,1.4603116027265932,0,0,52.9528815388024,50,0,0.5692256424728435,100,0,0.9708781383467026,50,0,33.0,50,0
2019-12-24,-0.2730522389544156,50,0,1.441735287931231,0,0,52.9528815388024,50,0,0.56649611585158,100,0,0.8128383711500416,50,0,25.0,100,0
2019-12-25,-0.2754202200593065,50,0,1.4314986912436456,0,0,52.9528815388024,50,0,0.5637568554693967,100,0,0.8198869605146191,50,0,22.0,100,0
2019-12-26,-0.27504094044972044,50,0,1.4308111342164136,0,0,52.9528815388024,50,0,0.5610952524531748,100,0,1.108283852223938,50,0,39.0,50,0
2019-12-27,-0.27177432599085216,50,0,1.4378752979242146,0,0,52.9528815388024,50,0,0.5583580456643755,100,0,0.9498309688665685,50,0,38.0,50,0
2019-12-28,-0.26666484776427823,50,0,1.450267423984475,0,0,52.9528815388024,50,0,0.555706435315816,100,0,0.9617077610158988,50,0,37.0,50,0
2019-12-29,-0.2598183053576018,50,0,1.4656799293438254,0,0,52.9528815388024,50,0,0.5531175087621931,100,0,1.0036995295226052,50,0,37.0,50,0
2019-12-30,-0.2717391467888147,50,0,1.4321432575839357,0,0,52.9528815388024,50,0,0.5506539585725785,100,0,1.0813965970941364,50,0,40.0,50,0
2019-12-31,-0.27611816331108585,50,0,1.4185088955403717,0,0,51.646182086629324,50,0,0.5481213376078145,100,0,0.9198301846609549,50,0,38.0,50,0
2020-01-01,-0.27586570321026443,50,0,1.4177971045106117,0,0,51.646182086629324,50,0,0.5454459121637162,100,0,1.1105433278853822,50,0,37.0,50,0
2020-01-02,-0.29219072366723053,50,0,1.3722803545452114,0,0,51.646182086629324,50,0,0.5427315081707222,100,0,0.8771394944716387,50,0,39.0,50,0
2020-01-03,-0.26528413981333226,50,0,1.4436639078498548,0,0,51.646182086629324,50,0,0.5401513800423839,100,0,1.093730209860248,50,0,38.0,50,0
2020-01-04,-0.26314650593407013,50,0,1.4477435144084911,0,0,51.646182086629324,50,0,0.5376393761810916,100,0,1.088151964049323,50,0,38.0,50,0
2020-01-05,-0.26297978336951533,50,0,1.4467957176287403,0,0,51.646182086629324,50,0,0.5351339117552553,100,0,1.0695135218534388,50,0,39.0,50,0
2020-01-06,-0.2324762100232323,50,0,1.5279920793564103,0,0,51.646182086629324,50,0,0.5328373803839456,100,0,0.9051349198819114,50,0,41.0,50,0
2020-01-07,-0.20575291087624914,50,0,1.5991138002949148,0,0,51.646182086629324,50,0,0.5307225205589052,100,0,1.221389007915169,50,0,40.0,50,0
2020-01-08,-0.21163353162046633,50,0,1.5824013536285197,0,0,51.646182086629324,50,0,0.5285164000613667,100,0,1.0294880610986008,50,0,51.0,0,0
2020-01-09,-0.22968996318818252,50,0,1.5331863869168152,0,0,51.646182086629324,50,0,0.5262834039566503,100,0,1.0860633608966108,50,0,44.0,50,0
2020-01-10,-0.20719113604476883,50,0,1.592792651103547,0,0,51.646182086629324,50,0,0.5242878857468288,100,0,1.0714164424105441,50,0,41.0,50,0
2020-01-11,-0.2144158323593136,50,0,1.5719525998849118,0,0,51.646182086629324,50,0,0.5222241003627736,100,0,1.1624421716112587,50,0,50.0,0,0
2020-01-12,-0.20488219901832672,50,0,1.5961631323300762,0,0,51.646182086629324,50,0,0.5204240175822682,100,0,1.0732925343853559,50,0,45.0,50,0
2020-01-13,-0.20818822941115117,50,0,1.5861231100143356,0,0,51.646182086629324,50,0,0.5192270383507389,100,0,1.0035712646525246,50,0,49.0,50,0
2020-01-14,-0.15830053095690966,50,0,1.7224132633420532,0,0,51.646182086629324,50,0,0.5184163209593876,100,0,1.0781966949160056,50,0,56.0,0,0
2020-01-15,-0.16073774476415792,50,0,1.7167539155737854,0,0,51.646182086629324,50,0,0.5178039954278247,100,0,1.1474339496804271,50,0,54.0,0,0
2020-01-16,-0.1680639998409264,50,0,1.6967211828915112,0,0,51.646182086629324,50,0,0.5170969264785152,100,0,1.191726562491629,50,0,55.0,0,0
2020-01-17,-0.15459779918537297,50,0,1.7323990019383129,0,0,51.646182086629324,50,0,0.5164663609578156,100,0,1.2098335696132503,50,0,54.0,0,0
2020-01-18,-0.15371565838492224,50,0,1.7333886005582366,0,0,51.646182086629324,50,0,0.5159275657021363,100,0,1.0076160295330479,50,0,51.0,0,0
2020-01-19,-0.17119329506410141,50,0,1.6846993732606028,0,0,51.646182086629324,50,0,0.5151612504843646,100,0,1.1498523128916422,50,0,53.0,0,0
2020-01-20,-0.17487852729075676,50,0,1.6728846892893985,0,0,51.646182086629324,50,0,0.5143590287663994,100,0,1.0852304775417536,50,0,48.0,50,0
2020-01-21,-0.16822355066217545,50,0,1.6892675803894854,0,0,51.646182086629324,50,0,0.5135718543903717,100,0,1.1287490627715253,50,0,49.0,50,0
2020-01-22,-0.17434461310633168,50,0,1.6713138535753596,0,0,51.646182086629324,50,0,0.512806786208255,100,0,1.166944228890125,50,0,52.0,0,0
2020-01-23,-0.1947978314625247,50,0,1.6151342619361266,0,0,51.646182086629324,50,0,0.5119846616069265,100,0,1.1551846294880157,50,0,49.0,50,0
2020-01-24,-0.19092437781524044,50,0,1.6243459004077263,0,0,51.646182086629324,50,0,0.5112487521244328,100,0,1.1068387744719612,50,0,40.0,50,0
2020-01-25,-0.19672566319586812,50,0,1.6074303886245374,0,0,51.646182086629324,50,0,0.5106512175071253,100,0,1.1494174350920063,50,0,41.0,50,0
2020-01-26,-0.18027435947350107,50,0,1.6497117508425483,0,0,51.646182086629324,50,0,0.5099356360221619,100,0,1.0289953080544134,50,0,42.0,50,0
2020-01-27,-0.15695400749702906,50,0,1.7108452602726338,0,0,51.646182086629324,50,0,0.5093606001692623,100,0,0.9508552278835011,50,0,50.0,0,0
2020-01-28,-0.12914899496219287,50,0,1.7846658627496712,0,0,51.646182086629324,50,0,0.508707193757883,100,0,1.0836086013577313,50,0,54.0,0,0
2020-01-29,-0.12938067665603933,50,0,1.7852822234634451,0,0,51.646182086629324,50,0,0.5080714515596075,100,0,1.2571905053799175,50,0,57.0,0,0
2020-01-30,-0.11638806485323464,50,0,1.8207786175705671,0,0,51.646182086629324,50,0,0.5076753266957273,100,0,1.2565140797880037,50,0,57.0,0,0
2020-01-31,-0.12854547966393917,50,0,1.789554967565867,0,0,57.94155530964533,50,0,0.5072039546095694,100,0,1.1294477699591385,50,0,55.0,0,0
2020-02-01,-0.12705090800763202,50,0,1.7920659113832351,0,0,57.94155530964533,50,0,0.5067659529924776,100,0,1.1812732086045923,50,0,57.0,0,0
2020-02-02,-0.13008434256600448,50,0,1.7817797303524765,0,0,57.94155530964533,50,0,0.5062892656054256,100,0,1.1186661470229935,50,0,57.0,0,0
2020-02-03,-0.13483622015134133,50,0,1.7682789888299246,0,0,57.94155530964533,50,0,0.5059403118053997,100,0,1.1508103388805206,50,0,59.0,0,0
2020-02-04,-0.14353935579321617,50,0,1.7436845879468978,0,0,57.94155530964533,50,0,0.5056410474447542,100,0,1.0139603360368419,50,0,56.0,0,0
2020-02-05,-0.11072203969752256,50,0,1.8301823467172835,0,0,57.94155530964533,50,0,0.5054887761961069,100,0,1.255491335595693,50,0,53.0,0,0
2020-02-06,-0.10464381532054365,50,0,1.8489700935871864,0,0,57.94155530964533,50,0,0.5054357170589487,100,0,1.1205199682352347,50,0,61.0,0,0
2020-02-07,-0.10300845726725315,50,0,1.8581865695343331,0,0,57.94155530964533,50,0,0.5054221440862305,100,0,1.131058218248967,50,0,56.0,0,0
2020-02-08,-0.09607785564323451,50,0,1.8768225942294814,0,0,57.94155530964533,50,0,0.5053317095433107,100,0,1.1430179427634537,50,0,56.0,0,0
2020-02-09,-0.07980026611645327,50,0,1.9197034449989028,0,0,57.94155530964533,50,0,0.505269981032915,100,0,1.285976595906503,50,0,56.0,0,0
2020-02-10,-0.10147011423470831,50,0,1.8646135973846758,0,0,57.94155530964533,50,0,0.5052167375619525,100,0,1.0188634334864108,50,0,57.0,0,0
2020-02-11,-0.0745506769139265,50,0,1.9375627495689791,0,0,57.94155530964533,50,0,0.505626092697571,100,0,1.2359145549089714,50,0,52.0,0,0
2020-02-12,-0.06928986344191106,50,0,1.951532702197568,0,0,57.94155530964533,50,0,0.5060691778376293,100,0,1.214447164717572,50,0,61.0,0,0
2020-02-13,-0.0789373400209552,50,0,1.9255132802581472,0,0,57.94155530964533,50,0,0.5057994180401948,100,0,1.193297139425531,50,0,65.0,0,0
2020-02-14,-0.07083475601172136,50,0,1.9466411414744726,0,0,57.94155530964533,50,0,0.505254864515498,100,0,1.1534231866128792,50,0,63.0,0,0
2020-02-15,-0.1025805309696275,50,0,1.8597540944040807,0,0,57.94155530964533,50,0,0.5043753062162869,100,0,1.1767515755721458,50,0,64.0,0,0
2020-02-16,-0.10004375191556086,50,0,1.8649396895672112,0,0,57.94155530964533,50,0,0.5036406706685814,100,0,1.142816219941286,50,0,59.0,0,0
2020-02-17,-0.11901143697687312,50,0,1.8122925892863613,0,0,57.94155530964533,50,0,0.5027330987556559,100,0,1.2698237506776393,50,0,49.0,50,0
2020-02-18,-0.08477517591298532,50,0,1.905674949823279,0,0,57.94155530964533,50,0,0.5021799043259844,100,0,1.2150577282059711,50,0,53.0,0,0
2020-02-19,-0.12420075815617465,50,0,1.7989239892429005,0,0,57.94155530964533,50,0,0.5014385918563637,100,0,1.1744943452068097,50,0,50.0,0,0
2020-02-20,-0.125669712934852,50,0,1.7926319573327805,0,0,57.94155530964533,50,0,0.5006405468624667,100,0,0.9791140745609266,50,0,44.0,50,0
2020-02-21,-0.11975017156543441,50,0,1.8067702978687632,0,0,57.94155530964533,50,0,0.4998488299065376,100,0,1.2005981483417933,50,0,44.0,50,0
2020-02-22,-0.12180303805863754,50,0,1.7996186875398366,0,0,57.94155530964533,50,0,0.49911166982951166,100,0,1.1455051885092604,50,0,43.0,50,0
2020-02-23,-0.1013180585401675,50,0,1.8526310988432813,0,0,57.94155530964533,50,0,0.4983735114315455,100,0,1.1201600494632549,50,0,46.0,50,0
2020-02-24,-0.12431806036860023,50,0,1.7901061865414887,0,0,57.94155530964533,50,0,0.4975568934955526,100,0,1.0987915213803365,50,0,46.0,50,0
2020-02-25,-0.14640791393785046,50,0,1.731716601218066,0,0,57.94155530964533,50,0,0.4966198477535706,100,0,1.1247882000742568,50,0,44.0,50,0
2020-02-26,-0.18413783735683784,50,0,1.628840391286882,0,0,57.94155530964533,50,0,0.4955617438637077,100,0,0.985030463076928,50,0,41.0,50,0
2020-02-27,-0.18516430539785614,50,0,1.6233763853581624,0,0,57.94155530964533,50,0,0.49472507708058777,100,0,1.0320198643941931,50,0,39.0,50,0
2020-02-28,-0.1870708879762336,50,0,1.6163475239958234,0,0,57.94155530964533,50,0,0.49387841469340066,100,0,1.0936966127795753,50,0,40.0,50,0
2020-02-29,-0.19875291281144145,50,0,1.583523787578992,0,0,55.20176824311299,50,0,0.4928632790313281,100,0,0.9584154514703982,50,0,38.0,50,0
2020-03-01,-0.20142767424184957,50,0,1.5744067964510802,0,0,55.20176824311299,50,0,0.49200865379757075,100,0,1.1930334668425013,50,0,39.0,50,0
2020-03-02,-0.17612567789647618,50,0,1.6397533321854159,0,0,55.20176824311299,50,0,0.4912503639482188,100,0,1.0435109165778302,50,0,38.0,50,0
2020-03-03,-0.18596991485535921,50,0,1.6126914466394453,0,0,55.20176824311299,50,0,0.49046050004653263,100,0,1.0627938166789752,50,0,38.0,50,0
2020-03-04,-0.18533401618878828,50,0,1.6086477283135427,0,0,55.20176824311299,50,0,0.4897387201133738,100,0,1.179678010236349,50,0,40.0,50,0
2020-03-05,-0.1639233127928262,50,0,1.663029099488402,0,0,55.20176824311299,50,0,0.48921747221796225,100,0,1.1532290872058135,50,0,41.0,50,0
2020-03-06,-0.1582405453824791,50,0,1.6766208512667882,0,0,55.20176824311299,50,0,0.4887238473532152,100,0,1.1215185310335842,50,0,39.0,50,0
2020-03-07,-0.17571313891796372,50,0,1.6292212530879826,0,0,55.20176824311299,50,0,0.48812633667367655,100,0,1.1266010548040333,50,0,38.0,50,0
2020-03-08,-0.23088488123420942,50,0,1.4833331841362878,0,0,55.20176824311299,50,0,0.48741123186154545,100,0,1.0742697369048273,50,0,33.0,50,0
2020-03-09,-0.24494714299591608,50,0,1.4429300836758254,0,0,55.20176824311299,50,0,0.48664543465988963,100,0,0.9258067331369112,50,0,17.0,100,0
2020-03-10,-0.2433913208857939,50,0,1.4439989422925545,0,0,55.20176824311299,50,0,0.48590933848379264,100,0,0.8203615605323126,50,0,16.0,100,0
2020-03-11,-0.23988928740337692,50,0,1.447955208688326,0,0,55.20176824311299,50,0,0.48544755161351466,100,0,0.7333061742061708,50,0,17.0,100,0
2020-03-12,-0.44368374746156103,50,0,0.9039355883585194,100,0,55.20176824311299,50,0,0.484076281015759,100,0,0.8332419952797484,50,0,14.0,100,0
2020-03-13,-0.392581269489535,50,0,1.0250711967518618,50,0,55.20176824311299,50,0,0.48293715657598396,100,0,0.5310782659033154,50,0,10.0,100,0
2020-03-14,-0.42650700061782104,50,0,0.9366101569523034,100,0,55.20176824311299,50,0,0.4818239397543021,100,0,0.5526130690021352,50,0,8.0,100,0
2020-03-15,-0.4104549935283077,50,0,0.9748429166257812,100,0,55.20176824311299,50,0,0.48068707208112915,100,0,0.4983214029011637,100,0,12.0,100,0
2020-03-16,-0.43423173772874574,50,0,0.9114161466404653,100,0,55.20176824311299,50,0,0.4794181873801213,100,0,0.48515841503022916,100,0,9.0,100,0
2020-03-17,-0.40390056457713464,50,0,0.9842028938243461,100,0,55.20176824311299,50,0,0.478229770021748,100,0,0.521276825213048,50,0,8.0,100,0
2020-03-18,-0.40540234481789467,50,0,0.9791661823362364,100,0,55.20176824311299,50,0,0.47708931788012304,100,0,0.4269489686230348,100,0,11.0,100,0
2020-03-19,-0.34599097241277066,50,0,1.125597130552281,50,0,55.20176824311299,50,0,0.47607500121806834,100,0,0.4909886922332645,100,0,12.0,100,0
2020-03-20,-0.3473706610919796,50,0,1.1194307154406637,50,0,55.20176824311299,50,0,0.4751704021094382,100,0,0.58091429625833,50,0,9.0,100,0
2020-03-21,-0.3471971311021294,50,0,1.118905032124141,50,0,55.20176824311299,50,0,0.47434137762947776,100,0,0.6070241621507875,50,0,9.0,100,0
2020-03-22,-0.37256512222237465,50,0,1.0556144809054204,50,0,55.20176824311299,50,0,0.47346130521858554,100,0,0.6142678040284305,50,0,11.0,100,0
2020-03-23,-0.32431000645500735,50,0,1.17343783642947,50,0,55.20176824311299,50,0,0.47284299563634563,100,0,0.5475565212386595,50,0,10.0,100,0
2020-03-24,-0.3038697398087569,50,0,1.2246548836339495,0,0,55.20176824311299,50,0,0.472365017144,100,0,0.6931863866352537,50,0,12.0,100,0
2020-03-25,-0.3099956161628033,50,0,1.2083009226769714,0,0,55.20176824311299,50,0,0.47177568205258125,100,0,0.4978816214600332,100,0,13.0,100,0
2020-03-26,-0.30535676721682625,50,0,1.2189582201405669,0,0,55.20176824311299,50,0,0.47110173699441427,100,0,0.8395563668070661,50,0,14.0,100,0
2020-03-27,-0.3244560079210383,50,0,1.170467224552536,50,0,55.20176824311299,50,0,0.47034850779401344,100,0,0.8215931265112345,50,0,12.0,100,0
2020-03-28,-0.3432835820063978,50,0,1.1229422989217301,50,0,55.20176824311299,50,0,0.46949096414475633,100,0,0.6728814628224025,50,0,8.0,100,0
2020-03-29,-0.36696638946860494,50,0,1.0632894316420527,50,0,55.20176824311299,50,0,0.4686253687960762,100,0,0.7233507694335162,50,0,12.0,100,0
2020-03-30,-0.32757266663075163,50,0,1.158216049859293,50,0,55.20176824311299,50,0,0.46799424185944627,100,0,0.7115153116282613,50,0,10.0,100,0
2020-03-31,-0.3276787036390805,50,0,1.1565251098174785,50,0,48.37106242897722,50,0,0.46740374628893755,100,0,0.8041252107015072,50,0,12.0,100,0
2020-04-01,-0.31070424334724717,50,0,1.1934773968878347,50,0,48.37106242897722,50,0,0.4668981775677598,100,0,0.7562141380621159,50,0,12.0,100,0
2020-04-02,-0.2996551207653113,50,0,1.2193811745122152,0,0,48.37106242897722,50,0,0.46642890068170945,100,0,0.7943906926924692,50,0,14.0,100,0
2020-04-03,-0.3026203091453769,50,0,1.211089990348798,0,0,48.37106242897722,50,0,0.4660373887191251,100,0,0.6976527105082105,50,0,14.0,100,0
2020-04-04,-0.294652702912264,50,0,1.2294873553091425,0,0,48.37106242897722,50,0,0.46566867935967515,100,0,0.8268123086790623,50,0,12.0,100,0
2020-04-05,-0.2998003526607136,50,0,1.2161214100150588,0,0,48.37106242897722,50,0,0.4653912669347416,100,0,0.9111029039176946,50,0,12.0,100,0
2020-04-06,-0.2630664746821461,50,0,1.3058601296177936,0,0,48.37106242897722,50,0,0.4654557981238395,100,0,0.6993621270742569,50,0,12.0,100,0
2020-04-07,-0.27105074948759983,50,0,1.284988589450664,0,0,48.37106242897722,50,0,0.4651533301930318,100,0,0.9573243934812379,50,0,20.0,100,0
2020-04-08,-0.2577051585607911,50,0,1.3168497346696135,0,0,48.37106242897722,50,0,0.46497341324675523,100,0,0.808752963275284,50,0,21.0,100,0
2020-04-09,-0.2631768180112271,50,0,1.3027614694273295,0,0,48.37106242897722,50,0,0.46470084717397075,100,0,0.8652509533935671,50,0,22.0,100,0
2020-04-10,-0.2936717705290843,50,0,1.223298453022987,0,0,48.37106242897722,50,0,0.4642939837728566,100,0,0.8724710628235047,50,0,15.0,100,0
2020-04-11,-0.29189170044991203,50,0,1.2264833708578995,0,0,48.37106242897722,50,0,0.46372515855892776,100,0,0.8445028624051865,50,0,15.0,100,0
2020-04-12,-0.28482788123791253,50,0,1.24249965893244,0,0,48.37106242897722,50,0,0.4632685411642708,100,0,0.8094755462369352,50,0,10.0,100,0
2020-04-13,-0.293235575440661,50,0,1.2210521649010588,0,0,48.37106242897722,50,0,0.4628149854089186,100,0,0.8893829771536557,50,0,11.0,100,0
2020-04-14,-0.2923057785696819,50,0,1.2222189433707196,0,0,48.37106242897722,50,0,0.46240720394413576,100,0,0.882884343138565,50,0,15.0,100,0
2020-04-15,-0.31062353258083186,50,0,1.1768807393392242,50,0,48.37106242897722,50,0,0.46191397000977186,100,0,0.880403927781734,50,0,18.0,100,0
2020-04-16,-0.27346871584220894,50,0,1.2650861133380402,0,0,48.37106242897722,50,0,0.4615946713192701,100,0,0.8155948055051877,50,0,13.0,100,0
2020-04-17,-0.27693202109208276,50,0,1.2558432384842328,0,0,48.37106242897722,50,0,0.46126297509215997,100,0,0.6999556334677614,50,0,15.0,100,0
2020-04-18,-0.2636026934849965,50,0,1.2869525520858964,0,0,48.37106242897722,50,0,0.4609715791874119,100,0,0.8611926710305438,50,0,18.0,100,0
2020-04-19,-0.2719522196099054,50,0,1.2659863822328963,0,0,48.37106242897722,50,0,0.46071607651663965,100,0,0.8285448506337929,50,0,16.0,100,0
2020-04-20,-0.29365717324790375,50,0,1.2124661407656274,0,0,48.37106242897722,50,0,0.4603787849378264,100,0,0.8752686005582861,50,0,15.0,100,0
2020-04-21,-0.29226044758488284,50,0,1.214548615149057,0,0,48.37106242897722,50,0,0.4600665267093482,100,0,0.8004081961095201,50,0,17.0,100,0
2020-04-22,-0.27358156436929404,50,0,1.2582776790185766,0,0,48.37106242897722,50,0,0.4599783582308403,100,0,0.6985789174467928,50,0,19.0,100,0
2020-04-23,-0.2469875653683147,50,0,1.3215958252378774,0,0,48.37106242897722,50,0,0.4598663910534352,100,0,0.7952391070446833,50,0,19.0,100,0
2020-04-24,-0.2460072060696457,50,0,1.3236022752603431,0,0,48.37106242897722,50,0,0.4597778332188022,100,0,0.842682945826403,50,0,20.0,100,0
2020-04-25,-0.2438149817972754,50,0,1.3279716015131449,0,0,48.37106242897722,50,0,0.4598449134421512,100,0,0.7839085183482747,50,0,24.0,100,0
2020-04-26,-0.23313456541570243,50,0,1.3525509828972286,0,0,48.37106242897722,50,0,0.45969141314321565,100,0,0.8032587081228408,50,0,21.0,100,0
2020-04-27,-0.22736190969984668,50,0,1.3677700000094763,0,0,48.37106242897722,50,0,0.45950990825358956,100,0,0.8410589213189668,50,0,28.0,50,0
2020-04-28,-0.2280823833598195,50,0,1.365213393766221,0,0,48.37106242897722,50,0,0.45938849228915085,100,0,0.9058204579354274,50,0,26.0,50,0
2020-04-29,-0.15968763698707192,50,0,1.5379342485008978,0,0,48.37106242897722,50,0,0.45979303473076044,100,0,0.9440898288096824,50,0,26.0,50,0
2020-04-30,-0.16927139066198332,50,0,1.5172094461083054,0,0,54.61664550525148,50,0,0.45994344519463093,100,0,0.9829624715167876,50,0,44.0,50,0
2020-05-01,-0.15549280982655053,50,0,1.5512385626302998,0,0,54.61664550525148,50,0,0.4601377750124119,100,0,1.0529607564368744,50,0,40.0,50,0
2020-05-02,-0.14716864678470237,50,0,1.5709386430727335,0,0,54.61664550525148,50,0,0.46030072185057197,100,0,1.018479205047769,50,0,40.0,50,0
2020-05-03,-0.1534865146367661,50,0,1.5552536440253175,0,0,54.61664550525148,50,0,0.4605975593674282,100,0,1.1728867082991123,50,0,45.0,50,0
2020-05-04,-0.15511867569717885,50,0,1.5510706871972013,0,0,54.61664550525148,50,0,0.46048888023562795,100,0,1.0679712181657133,50,0,44.0,50,0
2020-05-05,-0.14808494342199285,50,0,1.5675929186396138,0,0,54.61664550525148,50,0,0.4604281023482893,100,0,1.089610796991438,50,0,40.0,50,0
2020-05-06,-0.12919173478631116,50,0,1.614873598580198,0,0,54.61664550525148,50,0,0.4604698011773133,100,0,1.226296108967939,50,0,42.0,50,0
2020-05-07,-0.08141369959374732,50,0,1.7395278950753774,0,0,54.61664550525148,50,0,0.4607105315628308,100,0,1.084440365209739,50,0,49.0,50,0
2020-05-08,-0.09263666326855347,50,0,1.7141693765601471,0,0,54.61664550525148,50,0,0.46090755249480303,100,0,1.084848546187498,50,0,55.0,0,0
2020-05-09,-0.1130100673262444,50,0,1.663299095295038,0,0,54.61664550525148,50,0,0.46113668965834476,100,0,1.0305431721364986,50,0,56.0,0,0
2020-05-10,-0.17475367673663264,50,0,1.5120294923484814,0,0,54.61664550525148,50,0,0.46117955669209976,100,0,1.1404988673954428,50,0,48.0,50,0
2020-05-11,-0.18300889361837877,50,0,1.4891578513870447,0,0,54.61664550525148,50,0,0.4611419374979166,100,0,1.0167612964229131,50,0,40.0,50,0
2020-05-12,-0.16675438302353693,50,0,1.5267198970624354,0,0,54.61664550525148,50,0,0.46121406177520896,100,0,0.5307192990840961,50,0,39.0,50,0
2020-05-13,-0.13143513141202934,50,0,1.6125625592282813,0,0,54.61664550525148,50,0,0.4616043882866297,100,0,0.4644737283870514,100,0,41.0,50,0
2020-05-14,-0.09818699084847007,50,0,1.693375184090192,0,0,54.61664550525148,50,0,0.46208095524175186,100,0,0.49025770986552336,100,0,40.0,50,0
2020-05-15,-0.13248567718941995,50,0,1.6096933978075165,0,0,54.61664550525148,50,0,0.46246837252782547,100,0,0.5340247959267777,50,0,44.0,50,0
2020-05-16,-0.1277644186907994,50,0,1.6197894965162678,0,0,54.61664550525148,50,0,0.4627628660775561,100,0,0.5024045542667647,50,0,41.0,50,0
2020-05-17,-0.10757727937947936,50,0,1.6674301344579292,0,0,54.61664550525148,50,0,0.4630215287912047,100,0,0.42446133373445033,100,0,40.0,50,0
2020-05-18,-0.10571890139537606,50,0,1.6731990763151503,0,0,54.61664550525148,50,0,0.46300783061872597,100,0,0.5856078637646058,50,0,50.0,0,0
2020-05-19,-0.10475211601268991,50,0,1.676034236933109,0,0,54.61664550525148,50,0,0.46291796563124554,100,0,0.5313017225755846,50,0,50.0,0,0
2020-05-20,-0.12197543825330937,50,0,1.633279973824856,0,0,54.61664550525148,50,0,0.4626637306567373,100,0,0.5278781417649206,50,0,52.0,0,0
2020-05-21,-0.15360367767152483,50,0,1.5549718576669282,0,0,54.61664550525148,50,0,0.46232262322630757,100,0,0.567007817337693,50,0,49.0,50,0
2020-05-22,-0.14697131332035274,50,0,1.5692845296049875,0,0,54.61664550525148,50,0,0.4620398202626129,100,0,0.46687737794962747,100,0,42.0,50,0
2020-05-23,-0.14559143634194738,50,0,1.571387403550782,0,0,54.61664550525148,50,0,0.46177422678705116,100,0,0.47194209731400927,100,0,40.0,50,0
2020-05-24,-0.17244377774690467,50,0,1.5053078313627208,0,0,54.61664550525148,50,0,0.46135735068971007,100,0,0.4390384195978195,100,0,43.0,50,0
2020-05-25,-0.16468930983025518,50,0,1.5213745554308085,0,0,54.61664550525148,50,0,0.46109183591307695,100,0,0.4640633827518945,100,0,41.0,50,0
2020-05-26,-0.16992131761868476,50,0,1.507224596316056,0,0,54.61664550525148,50,0,0.4605512676380103,100,0,0.46497160368541074,100,0,39.0,50,0
2020-05-27,-0.14644885263922078,50,0,1.5625686305636053,0,0,54.61664550525148,50,0,0.4601082878103316,100,0,0.5599182843742398,50,0,39.0,50,0
2020-05-28,-0.11835236932222551,50,0,1.628833063519634,0,0,54.61664550525148,50,0,0.4597914231106127,100,0,0.5134624195301112,50,0,41.0,50,0
2020-05-29,-0.12838925273285237,50,0,1.603995746431682,0,0,54.61664550525148,50,0,0.4594383078786758,100,0,0.5185859937361186,50,0,48.0,50,0
2020-05-30,-0.11019553877058993,50,0,1.6462775541486894,0,0,54.61664550525148,50,0,0.45907945722811677,100,0,0.6033119805211089,50,0,48.0,50,0
2020-05-31,-0.12865900361205476,50,0,1.6007861411241853,0,0,56.60674833535084,50,0,0.4587947144123813,100,0,0.5815182058683847,50,0,51.0,0,0
2020-06-01,-0.07646188100953706,50,0,1.7286168088812457,0,0,56.60674833535084,50,0,0.4586302912518517,100,0,0.5436190604134112,50,0,50.0,0,0
2020-06-02,-0.12517587782503115,50,0,1.6104635135644099,0,0,56.60674833535084,50,0,0.4581298085186029,100,0,0.5459766172983476,50,0,56.0,0,0
2020-06-03,-0.11640032886176432,50,0,1.63067148742314,0,0,56.60674833535084,50,0,0.4577750104477582,100,0,0.5552615111157311,50,0,48.0,50,0
2020-06-04,-0.10494158184539921,50,0,1.6577569370802758,0,0,56.60674833535084,50,0,0.45745655774127303,100,0,0.5977297934102773,50,0,54.0,0,0
2020-06-05,-0.11725378678245293,50,0,1.6270121307683405,0,0,56.60674833535084,50,0,0.45738442576675503,100,0,0.7090499099822185,50,0,53.0,0,0
2020-06-06,-0.11559670063928412,50,0,1.629747693642736,0,0,56.60674833535084,50,0,0.4573903119430944,100,0,0.7650092185749241,50,0,54.0,0,0
2020-06-07,-0.11021568269114224,50,0,1.6412400159024962,0,0,56.60674833535084,50,0,0.45757787152118823,100,0,0.6024634908180411,50,0,54.0,0,0
2020-06-08,-0.10987531961329591,50,0,1.6430906079789263,0,0,56.60674833535084,50,0,0.4575434435358456,100,0,0.6372383193338254,50,0,53.0,0,0
2020-06-09,-0.10961430008596065,50,0,1.642971718884807,0,0,56.60674833535084,50,0,0.4579046729968607,100,0,0.6257590100713852,50,0,52.0,0,0
2020-06-10,-0.10236410151068816,50,0,1.659436077890453,0,0,56.60674833535084,50,0,0.45848575610368103,100,0,0.639706797435655,50,0,54.0,0,0
2020-06-11,-0.14524975516972638,50,0,1.5552821943820887,0,0,56.60674833535084,50,0,0.4585411777116186,100,0,0.7059703283043719,50,0,52.0,0,0
2020-06-12,-0.1327909183736799,50,0,1.5835596530248799,0,0,56.60674833535084,50,0,0.4588606478814869,100,0,0.6077345801735824,50,0,38.0,50,0
2020-06-13,-0.13254293651896387,50,0,1.5827453952701205,0,0,56.60674833535084,50,0,0.45896868185282497,100,0,0.5936363578685289,50,0,38.0,50,0
2020-06-14,-0.1410114145209972,50,0,1.5613060025908347,0,0,56.60674833535084,50,0,0.4590360022404809,100,0,0.6410947079543259,50,0,40.0,50,0
2020-06-15,-0.13430002590925574,50,0,1.5760846753006983,0,0,56.60674833535084,50,0,0.4592539096794549,100,0,0.5120041097995793,50,0,37.0,50,0
2020-06-16,-0.1290774658283317,50,0,1.5875312021080277,0,0,56.60674833535084,50,0,0.4598092583775417,100,0,0.5954216105787269,50,0,39.0,50,0
2020-06-17,-0.13421645790720835,50,0,1.5739612413247748,0,0,56.60674833535084,50,0,0.4605268554701442,100,0,0.540179497084977,50,0,38.0,50,0
2020-06-18,-0.14001697371720737,50,0,1.5625433363866068,0,0,56.60674833535084,50,0,0.46112259883772966,100,0,0.47957588181059485,100,0,40.0,50,0
2020-06-19,-0.14729839311793244,50,0,1.543638862429957,0,0,56.60674833535084,50,0,0.461740926584224,100,0,0.5439393086900149,50,0,39.0,50,0
2020-06-20,-0.14241883230360408,50,0,1.5538723166600212,0,0,56.60674833535084,50,0,0.4624381282237632,100,0,0.5137418538431975,50,0,38.0,50,0
2020-06-21,-0.14767855282158843,50,0,1.5402389615982481,0,0,56.60674833535084,50,0,0.4629599916412468,100,0,0.5627523807327776,50,0,37.0,50,0
2020-06-22,-0.12010331852133091,50,0,1.6048393262890945,0,0,56.60674833535084,50,0,0.4638290336881526,100,0,0.5591448636241511,50,0,38.0,50,0
2020-06-23,-0.12559338217148303,50,0,1.5910596211459829,0,0,56.60674833535084,50,0,0.464718886603663,100,0,0.626067433385979,50,0,41.0,50,0
2020-06-24,-0.14773925065819674,50,0,1.5367071929378722,0,0,56.60674833535084,50,0,0.4652650036061717,100,0,0.5412379046832739,50,0,50.0,0,0
2020-06-25,-0.1508511732337749,50,0,1.5275653927395523,0,0,56.60674833535084,50,0,0.46562818795476146,100,0,0.537398380310418,50,0,43.0,50,0
2020-06-26,-0.15868616771110403,50,0,1.5115502169698696,0,0,56.60674833535084,50,0,0.4661674992221327,100,0,0.6303014859845131,50,0,40.0,50,0
2020-06-27,-0.1696996526233938,50,0,1.4841210312312176,0,0,56.60674833535084,50,0,0.46698660800470077,100,0,0.5121419050677267,50,0,43.0,50,0
2020-06-28,-0.1623011970851945,50,0,1.5000726741447281,0,0,56.60674833535084,50,0,0.4677925409379259,100,0,0.552507755729285,50,0,40.0,50,0
2020-06-29,-0.15711876110694342,50,0,1.5110888748117688,0,0,56.60674833535084,50,0,0.4687186291458709,100,0,0.54726372751186,50,0,41.0,50,0
2020-06-30,-0.16023970976356566,50,0,1.5029482153159688,0,0,55.6319757707692,50,0,0.4693917956278136,100,0,0.5636672888435881,50,0,44.0,50,0
2020-07-01,-0.15357227673379745,50,0,1.5174083813799268,0,0,55.6319757707692,50,0,0.4716729542282187,100,0,0.6496927887145731,50,0,42.0,50,0
2020-07-02,-0.1638561350077858,50,0,1.4917880558143262,0,0,55.6319757707692,50,0,0.47371208351082156,100,0,0.6375498071878547,50,0,42.0,50,0
2020-07-03,-0.16584950714185323,50,0,1.485766937968101,0,0,55.6319757707692,50,0,0.4759700350390242,100,0,0.6371564534300401,50,0,41.0,50,0
2020-07-04,-0.161750999113743,50,0,1.4940310098276153,0,0,55.6319757707692,50,0,0.47819300740130094,100,0,0.5958222756900545,50,0,40.0,50,0
2020-07-05,-0.1650491659683881,50,0,1.4849307713900526,0,0,55.6319757707692,50,0,0.4805377618085614,100,0,0.6138183684489583,50,0,38.0,50,0
2020-07-06,-0.1471665304654734,50,0,1.5257865288348906,0,0,55.6319757707692,50,0,0.482725715591311,100,0,0.6230172919597274,50,0,40.0,50,0
2020-07-07,-0.15337200416459998,50,0,1.51008543045453,0,0,55.6319757707692,50,0,0.48482443764569627,100,0,0.6415958982111589,50,0,43.0,50,0
2020-07-08,-0.14152742800138343,50,0,1.5382757032136203,0,0,55.6319757707692,50,0,0.4865569813925975,100,0,0.6068968017650722,50,0,44.0,50,0
2020-07-09,-0.15589716597694186,50,0,1.503660322119896,0,0,55.6319757707692,50,0,0.48824925162626526,100,0,0.6773260289261477,50,0,44.0,50,0
2020-07-10,-0.1522547308828559,50,0,1.5108875209085053,0,0,55.6319757707692,50,0,0.4899508460825337,100,0,0.645549396462089,50,0,41.0,50,0
2020-07-11,-0.15567859154454802,50,0,1.501565765233458,0,0,55.6319757707692,50,0,0.49175192632664616,100,0,0.6135178226206113,50,0,44.0,50,0
2020-07-12,-0.15213652810905634,50,0,1.5084863704597549,0,0,55.6319757707692,50,0,0.49324498995074434,100,0,0.5952394074637711,50,0,41.0,50,0
2020-07-13,-0.15586852403178758,50,0,1.4984648780245557,0,0,55.6319757707692,50,0,0.4945656608449697,100,0,0.589748046778579,50,0,43.0,50,0
2020-07-14,-0.15454235325895951,50,0,1.5008107093094336,0,0,55.6319757707692,50,0,0.49595302755119275,100,0,0.5970020756406669,50,0,43.0,50,0
2020-07-15,-0.15924060650793492,50,0,1.4890178456519683,0,0,55.6319757707692,50,0,0.49736155175434943,100,0,0.5685154851068437,50,0,44.0,50,0
2020-07-16,-0.163757028228576,50,0,1.4771777596645956,0,0,55.6319757707692,50,0,0.4989410987457673,100,0,0.5642893002282192,50,0,43.0,50,0
2020-07-17,-0.16209572991425325,50,0,1.4795783922577315,0,0,55.6319757707692,50,0,0.5006863177370484,100,0,0.4960183939769634,100,0,41.0,50,0
2020-07-18,-0.16079630172077258,50,0,1.4812541873838914,0,0,55.6319757707692,50,0,0.5026564623845493,100,0,0.5513635460982856,50,0,44.0,50,0
2020-07-19,-0.15796855947368488,50,0,1.4867099265941612,0,0,55.6319757707692,50,0,0.5043965056213038,100,0,0.5378412434291551,50,0,41.0,50,0
2020-07-20,-0.1616041421144067,50,0,1.4769240976980107,0,0,55.6319757707692,50,0,0.5062569607361623,100,0,0.5912546378753212,50,0,44.0,50,0
2020-07-21,-0.14642271998553136,50,0,1.5110643938501078,0,0,55.6319757707692,50,0,0.5080274900075328,100,0,0.5527076245833675,50,0,44.0,50,0
2020-07-22,-0.13698662972173212,50,0,1.5324548330448582,0,0,55.6319757707692,50,0,0.5098643942078398,100,0,0.6580554432451321,50,0,50.0,0,0
2020-07-23,-0.1320425968999462,50,0,1.5433835951559127,0,0,55.6319757707692,50,0,0.5117481051338298,100,0,0.6345316224580424,50,0,55.0,0,0
2020-07-24,-0.13657541702451598,50,0,1.5320031360617674,0,0,55.6319757707692,50,0,0.5135431992511894,100,0,0.7307991876647487,50,0,53.0,0,0
2020-07-25,-0.12618379020828405,50,0,1.5551472212551047,0,0,55.6319757707692,50,0,0.5153367521695846,100,0,0.6445470744711819,50,0,55.0,0,0
2020-07-26,-0.11056426134479597,50,0,1.5905459528202024,0,0,55.6319757707692,50,0,0.5169871409582105,100,0,0.7182567449975992,50,0,55.0,0,0
2020-07-27,-0.03648251901670417,50,0,1.766578566194448,0,0,55.6319757707692,50,0,0.5190623404523341,100,0,0.7543979499439755,50,0,58.0,0,0
2020-07-28,-0.04578650511385771,50,0,1.7482184896946935,0,0,55.6319757707692,50,0,0.5209164081069275,100,0,0.8195047773502783,50,0,76.0,0,0
2020-07-29,-0.03541008959792504,50,0,1.7734313475645547,0,0,55.6319757707692,50,0,0.5227220980720789,100,0,0.8307190526349734,50,0,71.0,0,0
2020-07-30,-0.03544860906396797,50,0,1.774432144544357,0,0,55.6319757707692,50,0,0.5248127063888568,100,0,0.7717272294325932,50,0,76.0,0,0
2020-07-31,-0.022995846963735248,50,0,1.8045457466072543,0,0,61.09182099446936,50,0,0.5269715249501155,100,0,0.8640611315338966,50,0,75.0,0,0
2020-08-01,0.007259105947948301,50,0,1.8752758422130507,0,0,61.09182099446936,50,0,0.5292093214058028,100,0,0.7836616651904024,50,0,75.0,0,0
2020-08-02,-0.0414935249504909,50,0,1.7613455044698394,0,0,61.09182099446936,50,0,0.5312832794713894,100,0,0.7694681748744175,50,0,80.0,0,100
2020-08-03,-0.03423355528431033,50,0,1.7817555213495293,0,0,61.09182099446936,50,0,0.5334966687398127,100,0,0.8857079843582277,50,0,75.0,0,0
2020-08-04,-0.03723689062548686,50,0,1.7743233661410347,0,0,61.09182099446936,50,0,0.5358084064819256,100,0,0.7885768253052748,50,0,72.0,0,0
2020-08-05,-0.004127911354976921,50,0,1.8541606441269447,0,0,61.09182099446936,50,0,0.5379156936339562,100,0,0.7469185297332096,50,0,75.0,0,0
2020-08-06,-0.0040114687693173995,50,0,1.8593889737561262,0,0,61.09182099446936,50,0,0.54006538283334,100,0,0.9535541025259797,50,0,79.0,0,100
2020-08-07,-0.0178906668709918,50,0,1.830209622954153,0,0,61.09182099446936,50,0,0.5421127668866242,100,0,0.8946843349886471,50,0,77.0,0,0
2020-08-08,-0.009793220155050648,50,0,1.8506175615625562,0,0,61.09182099446936,50,0,0.5442182651883684,100,0,0.7849894397311645,50,0,77.0,0,0
2020-08-09,-0.015000835010626934,50,0,1.8384797783179372,0,0,61.09182099446936,50,0,0.5464464048636694,100,0,0.8431402806315406,50,0,79.0,0,100
2020-08-10,-0.0033349261305531423,50,0,1.8660013696579434,0,0,61.09182099446936,50,0,0.5487751580103265,100,0,0.8217534896822161,50,0,78.0,0,0
2020-08-11,-0.036597737657587184,50,0,1.7887447110125976,0,0,61.09182099446936,50,0,0.5507730516758685,100,0,0.9061659576625909,50,0,84.0,0,100
2020-08-12,-0.0251846818505707,50,0,1.8152297413848253,0,0,61.09182099446936,50,0,0.5525606311147038,100,0,0.8882705889454181,50,0,75.0,0,0
2020-08-13,-0.013144274523114856,50,0,1.843968777665291,0,0,61.09182099446936,50,0,0.5543591349819669,100,0,0.8332780236470485,50,0,75.0,0,0
2020-08-14,-0.014241555342355815,50,0,1.8418248379300066,0,0,61.09182099446936,50,0,0.5561564669384335,100,0,0.9629331068878293,50,0,78.0,0,0
2020-08-15,-0.008783011340294003,50,0,1.8539683731756147,0,0,61.09182099446936,50,0,0.5579113410769801,100,0,0.8818922582642661,50,0,79.0,0,100
2020-08-16,-0.007242052586303817,50,0,1.8567497617547217,0,0,61.09182099446936,50,0,0.559655186147922,100,0,0.8540040063615458,50,0,82.0,0,100
2020-08-17,0.01761231154119634,50,0,1.9191809985584203,0,0,61.09182099446936,50,0,0.5616525132020451,100,0,0.7323752553313817,50,0,83.0,0,100
2020-08-18,-0.004591745490660835,50,0,1.8664776583515572,0,0,61.09182099446936,50,0,0.5630712157188169,100,0,0.9002119053310645,50,0,82.0,0,100
2020-08-19,-0.022039962467135424,50,0,1.824406334704785,0,0,61.09182099446936,50,0,0.564452588226881,100,0,0.843357168535234,50,0,80.0,0,100
2020-08-20,-0.014199568715023026,50,0,1.8424191328161172,0,0,61.09182099446936,50,0,0.5657717405845379,100,0,0.8718478700583709,50,0,75.0,0,0
2020-08-21,-0.03753575419783446,50,0,1.7870376942711894,0,0,61.09182099446936,50,0,0.5668670296013294,100,0,0.9208855577718474,50,0,81.0,0,100
2020-08-22,-0.02743390347099435,50,0,1.8092640082542528,0,0,61.09182099446936,50,0,0.5680856025764471,100,0,0.7856079606665801,50,0,78.0,0,0
2020-08-23,-0.02881618331088395,50,0,1.8044822393849873,0,0,61.09182099446936,50,0,0.5692891179033356,100,0,0.8716052102378058,50,0,76.0,0,0
2020-08-24,-0.022645172458156462,50,0,1.8186129259575456,0,0,61.09182099446936,50,0,0.5704588721611725,100,0,0.8441338409612126,50,0,78.0,0,0
2020-08-25,-0.05027388373018704,50,0,1.7527439032420724,0,0,61.09182099446936,50,0,0.5713006060134637,100,0,0.7432699757461841,50,0,75.0,0,0
2020-08-26,-0.04325833870129526,50,0,1.7681686837191877,0,0,61.09182099446936,50,0,0.571814534780689,100,0,0.8107288002640547,50,0,76.0,0,0
2020-08-27,-0.05393080148855138,50,0,1.7418745492655583,0,0,61.09182099446936,50,0,0.572394539117945,100,0,0.7651877825999172,50,0,75.0,0,0
2020-08-28,-0.04072461336897867,50,0,1.7725853206134434,0,0,61.09182099446936,50,0,0.5731786326546805,100,0,0.9321220058118923,50,0,74.0,0,0
2020-08-29,-0.04327597742384345,50,0,1.7647888713393116,0,0,61.09182099446936,50,0,0.5743976589791565,100,0,0.8082867445873867,50,0,79.0,0,100
2020-08-30,-0.030180607474803486,50,0,1.794601458221901,0,0,61.09182099446936,50,0,0.5757366412001477,100,0,0.7165734922876367,50,0,75.0,0,0
2020-08-31,-0.03253320126058113,50,0,1.7892846765149633,0,0,61.87505875143061,50,0,0.5769424310569299,100,0,0.8780281919818644,50,0,75.0,0,0
2020-09-01,-0.014998370747230757,50,0,1.8317724690195951,0,0,61.87505875143061,50,0,0.5779703125376867,100,0,0.933417986465239,50,0,75.0,0,0
2020-09-02,-0.051809140293295454,50,0,1.744678544727637,0,0,61.87505875143061,50,0,0.5785636923556405,100,0,0.872249036143631,50,0,83.0,0,100
2020-09-03,-0.12657974248367154,50,0,1.5668042748635997,0,0,61.87505875143061,50,0,0.5790456414416729,100,0,0.7517623348714898,50,0,79.0,0,100
2020-09-04,-0.1128747252321131,50,0,1.5972394447263476,0,0,61.87505875143061,50,0,0.5795421883930431,100,0,0.7633100059659391,50,0,40.0,50,0
2020-09-05,-0.13509969575515116,50,0,1.543289889917284,0,0,61.87505875143061,50,0,0.5797446919785147,100,0,0.7580242917548933,50,0,41.0,50,0
2020-09-06,-0.1268776645600373,50,0,1.5606636577350577,0,0,61.87505875143061,50,0,0.5799763699781727,100,0,0.7589179100831458,50,0,41.0,50,0
2020-09-07,-0.11924170233328597,50,0,1.5764477808033064,0,0,61.87505875143061,50,0,0.5801641589976814,100,0,0.8909805680732223,50,0,41.0,50,0
2020-09-08,-0.1360711231223742,50,0,1.5354625574467389,0,0,61.87505875143061,50,0,0.5801861502152177,100,0,0.7808069459590457,50,0,41.0,50,0
2020-09-09,-0.12844290981690024,50,0,1.5512518290667308,0,0,61.87505875143061,50,0,0.5804389389479504,100,0,0.7615575396180697,50,0,38.0,50,0
2020-09-10,-0.12118392258130953,50,0,1.5665401473522655,0,0,61.87505875143061,50,0,0.5806170167079199,100,0,0.8338471491858712,50,0,38.0,50,0
2020-09-11,-0.11770324059037818,50,0,1.5728345348556447,0,0,61.87505875143061,50,0,0.580818560400909,100,0,0.7356147481413142,50,0,41.0,50,0
2020-09-12,-0.11439277697951716,50,0,1.5787372084153761,0,0,61.87505875143061,50,0,0.5812322390953121,100,0,0.8674817506209754,50,0,41.0,50,0
2020-09-13,-0.12195886383056681,50,0,1.5598033539451674,0,0,61.87505875143061,50,0,0.581529650934681,100,0,0.8161211301618211,50,0,38.0,50,0
2020-09-14,-0.09987901467948967,50,0,1.6094796128451283,0,0,61.87505875143061,50,0,0.5820154643307852,100,0,0.9243603391138854,50,0,39.0,50,0
2020-09-15,-0.09272748488312242,50,0,1.6253248414000123,0,0,61.87505875143061,50,0,0.5823735091221278,100,0,0.8405132043992593,50,0,47.0,50,0
2020-09-16,-0.08122681264133627,50,0,1.6519938474393165,0,0,61.87505875143061,50,0,0.582596972938768,100,0,0.8468845584811701,50,0,43.0,50,0
2020-09-17,-0.08378340404563116,50,0,1.6453642868954859,0,0,61.87505875143061,50,0,0.5828586738175604,100,0,0.9591062340823561,50,0,48.0,50,0
2020-09-18,-0.08541335873067753,50,0,1.6411363109921455,0,0,61.87505875143061,50,0,0.5829658102592276,100,0,0.8968077916379792,50,0,49.0,50,0
2020-09-19,-0.07598132917998288,50,0,1.6623881275999737,0,0,61.87505875143061,50,0,0.5832488402306352,100,0,0.8050917280581228,50,0,48.0,50,0
2020-09-20,-0.08624632888010739,50,0,1.63769612083536,0,0,61.87505875143061,50,0,0.5830389769047696,100,0,0.751806018825361,50,0,52.0,0,0
2020-09-21,-0.11643648640093086,50,0,1.5662107325449444,0,0,61.87505875143061,50,0,0.5830992811325484,100,0,0.7767556982229474,50,0,48.0,50,0
2020-09-22,-0.11284302547174792,50,0,1.5742207096843022,0,0,61.87505875143061,50,0,0.5831073675038805,100,0,0.6916968631069093,50,0,39.0,50,0
2020-09-23,-0.13128757033743693,50,0,1.5297899499525442,0,0,61.87505875143061,50,0,0.5830135309235548,100,0,0.7715768352040387,50,0,43.0,50,0
2020-09-24,-0.09857812512050662,50,0,1.6036814909608113,0,0,61.87505875143061,50,0,0.5831647898407614,100,0,0.7483037491125152,50,0,39.0,50,0
2020-09-25,-0.10261793292087447,50,0,1.5937162747737195,0,0,61.87505875143061,50,0,0.5832304721479167,100,0,0.9434054971592445,50,0,46.0,50,0
2020-09-26,-0.09906049444665195,50,0,1.6007211240628125,0,0,61.87505875143061,50,0,0.583281066510022,100,0,0.812391774055717,50,0,45.0,50,0
2020-09-27,-0.09811127001075899,50,0,1.6015137229739185,0,0,61.87505875143061,50,0,0.5833198319340991,100,0,0.8098706529917304,50,0,47.0,50,0
2020-09-28,-0.10034435520874468,50,0,1.5951367414514939,0,0,61.87505875143061,50,0,0.58335373058326,100,0,0.7212487681357248,50,0,43.0,50,0
2020-09-29,-0.0941290326429551,50,0,1.6103246461569272,0,0,61.87505875143061,50,0,0.5833339675859267,100,0,0.782720551549206,50,0,45.0,50,0
2020-09-30,-0.0988165364638934,50,0,1.5984055517244928,0,0,58.49730381864298,50,0,0.5835716268705196,100,0,0.8702671711371254,50,0,49.0,50,0
2020-10-01,-0.10961693627471,50,0,1.5721720368918262,0,0,58.49730381864298,50,0,0.5836788376436014,100,0,0.7145377772671886,50,0,45.0,50,0
2020-10-02,-0.11210639082857243,50,0,1.5651364867194941,0,0,58.49730381864298,50,0,0.583750545868636,100,0,0.7773319086797252,50,0,41.0,50,0
2020-10-03,-0.11309822819129922,50,0,1.5613875481577646,0,0,58.49730381864298,50,0,0.5838751809785874,100,0,0.8253611514007627,50,0,40.0,50,0
2020-10-04,-0.1060958722930759,50,0,1.5759974154775263,0,0,58.49730381864298,50,0,0.5840343538257403,100,0,0.8415473103312157,50,0,42.0,50,0
2020-10-05,-0.09947182176077027,50,0,1.590129034720612,0,0,58.49730381864298,50,0,0.5841871874167636,100,0,0.816070061389291,50,0,42.0,50,0
2020-10-06,-0.11102701071337023,50,0,1.562490723538866,0,0,58.49730381864298,50,0,0.5842859152850312,100,0,0.7669624389850196,50,0,47.0,50,0
2020-10-07,-0.10682050490921234,50,0,1.571294843236411,0,0,58.49730381864298,50,0,0.5843300359027325,100,0,0.8549442965450567,50,0,43.0,50,0
2020-10-08,-0.09209153300156117,50,0,1.6042493788258005,0,0,58.49730381864298,50,0,0.5844998227191086,100,0,0.9234812604700621,50,0,46.0,50,0
2020-10-09,-0.08168710593343599,50,0,1.6277331267642667,0,0,58.49730381864298,50,0,0.5849110432898198,100,0,0.8391264601652538,50,0,48.0,50,0
2020-10-10,-0.06727720701405743,50,0,1.6595219451374714,0,0,58.49730381864298,50,0,0.5855402393726308,100,0,0.852585282807301,50,0,53.0,0,0
2020-10-11,-0.0628959882098808,50,0,1.6687371986275918,0,0,58.49730381864298,50,0,0.5860496021883024,100,0,0.8173594171860743,50,0,55.0,0,0
2020-10-12,-0.05260268222838687,50,0,1.6917810982380637,0,0,58.49730381864298,50,0,0.5866038038323195,100,0,0.88360560534285,50,0,52.0,0,0
2020-10-13,-0.06052978366697322,50,0,1.6732979915037065,0,0,58.49730381864298,50,0,0.587301838649657,100,0,0.9881117026625215,50,0,56.0,0,0
2020-10-14,-0.062446399317749444,50,0,1.6688284461293363,0,0,58.49730381864298,50,0,0.5879700148551602,100,0,0.8917345925264762,50,0,53.0,0,0
2020-10-15,-0.057655867182163575,50,0,1.679441159271754,0,0,58.49730381864298,50,0,0.5887026055515887,100,0,0.908315440861659,50,0,56.0,0,0
2020-10-16,-0.06847442558504883,50,0,1.6537348139889605,0,0,58.49730381864298,50,0,0.5894793849166183,100,0,0.9035759785497467,50,0,52.0,0,0
2020-10-17,-0.06714376019227236,50,0,1.6553847737130742,0,0,58.49730381864298,50,0,0.5902188861724645,100,0,0.8992213225452764,50,0,56.0,0,0
2020-10-18,-0.05923092855800327,50,0,1.6719990342713378,0,0,58.49730381864298,50,0,0.5909420614870106,100,0,0.6926620346018368,50,0,55.0,0,0
2020-10-19,-0.04490052055372425,50,0,1.7073361044254214,0,0,58.49730381864298,50,0,0.5918028960547742,100,0,0.7547853428612629,50,0,55.0,0,0
2020-10-20,-0.03453022885513481,50,0,1.7320287791649094,0,0,58.49730381864298,50,0,0.59265466696464,100,0,0.9050201386495428,50,0,56.0,0,0
2020-10-21,0.021311256861501402,50,0,1.8631400265230569,0,0,58.49730381864298,50,0,0.593867256621637,100,0,0.8946693819910213,50,0,61.0,0,0
2020-10-22,0.024083262546459358,50,0,1.8823807864295605,0,0,58.49730381864298,50,0,0.595109948395964,100,0,1.052005612736797,50,0,73.0,0,0
2020-10-23,0.01929873961131463,50,0,1.8736650899081244,0,0,58.49730381864298,50,0,0.5962279863519682,100,0,0.9788033655628077,50,0,74.0,0,0
2020-10-24,0.027702262577517203,50,0,1.8944793183598523,0,0,58.49730381864298,50,0,0.5974191291578147,100,0,1.0662381547163546,50,0,73.0,0,0
2020-10-25,0.022241806929266,50,0,1.8816869925079922,0,0,58.49730381864298,50,0,0.5985002961542814,100,0,0.8062980523892218,50,0,76.0,0,0
2020-10-26,0.023819172923530908,50,0,1.8849506000395402,0,0,58.49730381864298,50,0,0.5995716390645333,100,0,0.8098362412031733,50,0,75.0,0,0
2020-10-27,0.058269219070687175,50,0,1.968089566156577,0,0,58.49730381864298,50,0,0.600745860739514,100,0,0.8445671673233957,50,0,61.0,0,0
2020-10-28,0.03239562414084731,50,0,1.9102375733702817,0,0,58.49730381864298,50,0,0.6018950662385024,100,0,0.8901163221370743,50,0,70.0,0,0
2020-10-29,0.04184227962694796,50,0,1.9343291451288454,0,0,58.49730381864298,50,0,0.6030479373985395,100,0,0.9695288310050975,50,0,67.0,0,0
2020-10-30,0.048638996428876945,50,0,1.950186576784309,0,0,58.49730381864298,50,0,0.6042259120178486,100,0,0.9989146694692569,50,0,74.0,0,0
2020-10-31,0.05981486483728306,50,0,1.976824497346177,0,0,65.32571936577651,50,0,0.605438445617378,100,0,1.0393397548688879,50,0,73.0,0,0
2020-11-01,0.053957715997241244,50,0,1.9641955018281319,0,0,65.32571936577651,50,0,0.6066566408534747,100,0,1.0426968659726608,50,0,72.0,0,0
2020-11-02,0.04277971080230215,50,0,1.9414923058196305,0,0,65.32571936577651,50,0,0.6077563689699402,100,0,0.8507942394012133,50,0,71.0,0,0
2020-11-03,0.05469763359597111,50,0,1.996166813092958,0,0,65.32571936577651,50,0,0.6089909179394,100,0,1.2350469785015377,50,0,71.0,0,0
2020-11-04,0.06012517781946309,50,0,2.012361329032883,0,0,65.32571936577651,50,0,0.610284023111412,100,0,1.2988660760926307,50,0,74.0,0,0
2020-11-05,0.1416908184928437,50,0,2.219472320458738,0,0,65.32571936577651,50,0,0.6119120744761744,100,0,1.628963048807566,0,0,72.0,0,0
2020-11-06,0.13829282440988958,50,0,2.217932893300052,0,0,65.32571936577651,50,0,0.6134633811559329,100,0,1.4718029938584196,50,0,90.0,0,100
2020-11-07,0.09241456027694711,50,0,2.1080739426793955,0,0,65.32571936577651,50,0,0.6147733111155187,100,0,1.2566724602575816,50,0,88.0,0,100
2020-11-08,0.12624690319074847,50,0,2.1946830709404916,0,0,65.32571936577651,50,0,0.6162161975246859,100,0,1.1802134225499423,50,0,82.0,0,100
2020-11-09,0.11304643772936143,50,0,2.1660127295902822,0,0,65.32571936577651,50,0,0.6175293937713743,100,0,1.5746688789630015,0,0,90.0,0,100
2020-11-10,0.11090561913760383,50,0,2.1627877290444117,0,0,65.32571936577651,50,0,0.6187724949793404,100,0,1.2821373521815325,50,0,90.0,0,100
2020-11-11,0.13274252957765936,50,0,2.2176076374150284,0,0,65.32571936577651,50,0,0.6201596238737128,100,0,1.2476538726710493,50,0,86.0,0,100
2020-11-12,0.16172312264974606,50,0,2.2927744927869296,0,0,65.32571936577651,50,0,0.6217132671689112,100,0,1.3857949390072029,50,0,87.0,0,100
2020-11-13,0.16095472684429352,50,0,2.2948625076269886,0,0,65.32571936577651,50,0,0.6232553286609338,100,0,1.2485570229848884,50,0,89.0,0,100
2020-11-14,0.14593739367788133,50,0,2.259348473858346,0,0,65.32571936577651,50,0,0.6245783688190271,100,0,1.215150968354853,50,0,90.0,0,100
2020-11-15,0.13814497679304202,50,0,2.2397728775050454,0,0,65.32571936577651,50,0,0.6253094518055672,100,0,1.2203025408901333,50,0,86.0,0,100
2020-11-16,0.17947483290272268,50,0,2.3420023546598774,0,0,65.32571936577651,50,0,0.6262813136874458,100,0,1.3795876307375081,50,0,90.0,0,100
2020-11-17,0.22760991202585604,50,0,2.4692260664614047,0,0,65.32571936577651,50,0,0.6274309166109255,100,0,1.4263301984145207,50,0,86.0,0,100
2020-11-18,0.2246815975405954,50,0,2.4821454964021723,0,0,65.32571936577651,50,0,0.6285816770988589,100,0,1.6477143565750663,0,0,91.0,0,100
2020-11-19,0.22230648000013553,50,0,2.479916815845145,0,0,65.32571936577651,50,0,0.6296696538440886,100,0,1.3201035611583514,50,0,94.0,0,100
2020-11-20,0.2598422916201673,50,0,2.5929554380868645,0,100,65.32571936577651,50,0,0.6307973610836558,100,0,1.6016547891281547,0,0,86.0,0,100
2020-11-21,0.2573289155695533,50,0,2.594324678537587,0,100,65.32571936577651,50,0,0.6322520826582179,100,0,1.6000000926167306,0,0,91.0,0,100
2020-11-22,0.24250638425561233,50,0,2.5588224014382033,0,100,65.32571936577651,50,0,0.63357267756183,100,0,1.6177782115841093,0,0,94.0,0,100
2020-11-23,0.2318562349231276,50,0,2.539288914467667,0,100,65.32571936577651,50,0,0.6348350316364361,100,0,1.3919291666894247,50,0,90.0,0,100
2020-11-24,0.26869163072931074,50,0,2.6419108592131195,0,100,65.32571936577651,50,0,0.6360437989138047,100,0,1.364737017835095,50,0,88.0,0,100
2020-11-25,0.24320264672338532,50,0,2.5819296565823224,0,100,65.32571936577651,50,0,0.6371067252623864,100,0,1.5685058323264123,0,0,94.0,0,100
2020-11-26,0.14962253937778128,50,0,2.3530615524298835,0,0,65.32571936577651,50,0,0.6377944893054786,100,0,1.4110138419996132,50,0,93.0,0,100
2020-11-27,0.1466222639226974,50,0,2.3476651122626797,0,0,65.32571936577651,50,0,0.6384190214623886,100,0,1.383347016525201,50,0,86.0,0,100
2020-11-28,0.18083998570266302,50,0,2.4320290863763803,0,0,65.32571936577651,50,0,0.639210233599307,100,0,1.354847501738088,50,0,87.0,0,100
2020-11-29,0.20351786082107312,50,0,2.488875027394032,0,0,65.32571936577651,50,0,0.6400378339593267,100,0,1.3833429969840993,50,0,89.0,0,100
2020-11-30,0.2766628433013805,50,0,2.6855654097664736,0,100,74.16145490623174,0,0,0.6414280919158891,100,0,1.1266629568847746,50,0,88.0,0,100
2020-12-01,0.22577619304955746,50,0,2.565859415339547,0,100,74.16145490623174,0,0,0.6424513297110235,100,0,1.619618866284169,0,0,95.0,0,100
2020-12-02,0.24176952037863247,50,0,2.6149689208499063,0,100,74.16145490623174,0,0,0.643606844259113,100,0,1.40003740614979,50,0,92.0,0,100
2020-12-03,0.251177230678768,50,0,2.644984859089261,0,100,74.16145490623174,0,0,0.6447962360879593,100,0,1.6635873615410548,0,0,92.0,0,100
2020-12-04,0.2091545072086887,50,0,2.5404512489192026,0,100,74.16145490623174,0,0,0.6457495172630757,100,0,1.4732872446739214,50,0,92.0,0,100
2020-12-05,0.2283103727560219,50,0,2.5876783188304575,0,100,74.16145490623174,0,0,0.646773914030844,100,0,1.421079378437068,50,0,93.0,0,100
2020-12-06,0.23982623992426397,50,0,2.6157569433439893,0,100,74.16145490623174,0,0,0.647732038632842,100,0,1.3126729760668927,50,0,95.0,0,100
2020-12-07,0.22765111680217787,50,0,2.58768885632043,0,100,74.16145490623174,0,0,0.6487523867491368,100,0,1.4730844975953858,50,0,94.0,0,100
2020-12-08,0.18095538445582082,50,0,2.4700959653480252,0,0,74.16145490623174,0,0,0.6496456200367735,100,0,1.4409506552213296,50,0,95.0,0,100
2020-12-09,0.1887115810090333,50,0,2.4973627720887657,0,0,74.16145490623174,0,0,0.6505282093472726,100,0,1.3065609783659367,50,0,86.0,0,100
2020-12-10,0.17233512502111975,50,0,2.455654335238166,0,0,74.16145490623174,0,0,0.6514837934292361,100,0,1.2492804473804147,50,0,94.0,0,100
2020-12-11,0.15828745644713285,50,0,2.4204077622367097,0,0,74.16145490623174,0,0,0.6523131797935262,100,0,1.2882002398845405,50,0,89.0,0,100
2020-12-12,0.19525060916460163,50,0,2.5168287820958026,0,100,74.16145490623174,0,0,0.6533482376817742,100,0,1.2434624477560219,50,0,90.0,0,100
2020-12-13,0.20580412007473328,50,0,2.5582513124343236,0,100,74.16145490623174,0,0,0.6544329460295838,100,0,1.4892290296497352,50,0,91.0,0,100
2020-12-14,0.20994677753188054,50,0,2.5712166021688683,0,100,74.16145490623174,0,0,0.6556924345785927,100,0,1.4003444253113928,50,0,95.0,0,100
2020-12-15,0.21397282984958435,50,0,2.5861226366966905,0,100,74.16145490623174,0,0,0.6569203071190433,100,0,1.4042006516774679,50,0,91.0,0,100
2020-12-16,0.30397952233769887,50,0,2.838559733969583,0,100,74.16145490623174,0,0,0.6586908522105264,100,0,1.4948888594808185,50,0,92.0,0,100
2020-12-17,0.3592530924339084,50,0,3.0207437504445283,0,100,74.16145490623174,0,0,0.6606681490352765,100,0,1.6814821686435348,0,0,92.0,0,100
2020-12-18,0.35239155683102663,50,0,3.0487927833661876,0,100,74.16145490623174,0,0,0.66277382011884,100,0,2.0451737128447096,0,0,95.0,0,100
2020-12-19,0.3870464949740829,50,0,3.148890582558683,0,100,74.16145490623174,0,0,0.6649760821951284,100,0,1.9385990965645201,0,0,93.0,0,100
2020-12-20,0.3641048249733831,50,0,3.099002904737389,0,100,74.16145490623174,0,0,0.6670884463284545,100,0,1.7964876776554857,0,0,92.0,0,100
2020-12-21,0.3297510386357948,50,0,3.014946100178548,0,100,74.16145490623174,0,0,0.6689926167378357,100,0,1.739142030106512,0,0,92.0,0,100
2020-12-22,0.3561967785071785,50,0,3.116039164285826,0,100,74.16145490623174,0,0,0.6713752954846056,100,0,1.7874363556196051,0,0,88.0,0,100
2020-12-23,0.32356653164283944,50,0,3.05072692936924,0,100,74.16145490623174,0,0,0.6740967471565746,100,0,1.9338863090310454,0,0,93.0,0,100
2020-12-24,0.3323281751197995,50,0,3.0966114721327638,0,100,74.16145490623174,0,0,0.6767608114538729,100,0,1.5383642645761801,0,0,86.0,0,100
2020-12-25,0.37498884398684523,50,0,3.2151591417885528,0,100,74.16145490623174,0,0,0.6798249517963201,100,0,1.7609272501085804,0,0,94.0,0,100
2020-12-26,0.45272641521273105,50,0,3.442798350498325,0,100,74.16145490623174,0,0,0.6832145220937286,100,0,1.7521340103299832,0,0,93.0,0,100
2020-12-27,0.43903039506583563,50,0,3.428619563182399,0,100,74.16145490623174,0,0,0.68653767909968,100,0,2.0279590491980652,0,0,91.0,0,100
2020-12-28,0.43882225109369255,50,0,3.4991737636632116,0,100,74.16145490623174,0,0,0.6900661504416503,100,0,2.2003290410741774,0,0,92.0,0,100
2020-12-29,0.42799410989909564,50,0,3.5155387960993236,0,100,74.16145490623174,0,0,0.6936834507179636,100,0,2.066736727402731,0,0,91.0,0,100
2020-12-30,0.48594878744061115,50,0,3.7143704841913467,0,100,74.16145490623174,0,0,0.6975803222972091,100,0,2.472078438585338,0,0,91.0,0,100
2020-12-31,0.482882283536265,50,0,3.727781009849049,0,100,82.03731943238779,0,100,0.7014396623514861,100,0,2.419023736183888,0,0,95.0,0,100
2021-01-01,0.48489887352614397,50,0,3.7640657875065933,0,100,82.03731943238779,0,100,0.7053527907588684,100,0,2.1056919738393756,0,0,94.0,0,100
2021-01-02,0.5732830313036644,50,0,4.0910269996216995,0,100,82.03731943238779,0,100,0.709848588878483,100,0,2.3040454591588846,0,0,94.0,0,100
2021-01-03,0.6026603585021496,50,0,4.238999156923528,0,100,82.03731943238779,0,100,0.7143858227792172,100,0,2.583517108239135,0,0,93.0,0,100
2021-01-04,0.5231076157708092,50,0,4.039804696116002,0,100,82.03731943238779,0,100,0.7184993197232358,100,0,2.845350160938739,0,0,94.0,0,100
2021-01-05,0.5921037324683561,50,0,4.307857630462813,0,100,82.03731943238779,0,100,0.7229744499970393,100,0,2.5167057220748847,0,0,93.0,0,100
2021-01-06,0.6711653827086057,50,0,4.6261138557454275,0,100,82.03731943238779,0,100,0.7279381834748533,100,0,3.0496190673097887,0,100,95.0,0,100
2021-01-07,0.7289200182708916,50,0,4.933951877928465,0,100,82.03731943238779,0,100,0.7333175016418626,100,0,3.188378316435663,0,100,91.0,0,100
2021-01-08,0.7479921343477391,50,0,5.111965894270719,0,100,82.03731943238779,0,100,0.7388834965397306,100,0,2.970896029310321,0,0,93.0,0,100
2021-01-09,0.7069302853029638,50,0,5.0435246799696,0,100,82.03731943238779,0,100,0.7443263832387863,100,0,2.840390866915604,0,0,93.0,0,100
2021-01-10,0.6200770885782202,50,0,4.772699290248424,0,100,82.03731943238779,0,100,0.7495009647556443,100,0,2.9983047896112374,0,0,94.0,0,100
2021-01-11,0.49771540364306394,50,0,4.378443104651671,0,100,82.03731943238779,0,100,0.7540440381864959,100,0,2.607201187807598,0,0,90.0,0,100
2021-01-12,0.43522737158058467,50,0,4.173133879536472,0,100,82.03731943238779,0,100,0.7584084895517543,100,0,2.6530755358293363,0,0,84.0,0,100
2021-01-13,0.5557198151162727,50,0,4.602128600204301,0,100,82.03731943238779,0,100,0.76321975660844,100,0,2.570859659078347,0,0,78.0,0,0
2021-01-14,0.6051495838222077,50,0,4.8019124979489485,0,100,82.03731943238779,0,100,0.7683512186370786,100,0,2.901351493752987,0,0,83.0,0,100
2021-01-15,0.5139607489791949,50,0,4.500634026215015,0,100,82.03731943238779,0,100,0.7729335040963553,100,0,2.8349751551048024,0,0,88.0,0,100
2021-01-16,0.4906728253991087,50,0,4.421646735418848,0,100,82.03731943238779,0,100,0.7773594494873262,100,0,2.580173684731026,0,0,84.0,0,100
2021-01-17,0.48332985672193085,50,0,4.395081266366993,0,100,82.03731943238779,0,100,0.7817158454351577,100,0,2.1544643085564443,0,0,79.0,0,100
2021-01-18,0.4938940761254918,50,0,4.445217128888754,0,100,82.03731943238779,0,100,0.786062174724072,100,0,2.4367583308581686,0,0,79.0,0,100
2021-01-19,0.47748003927016563,50,0,4.390027756828685,0,100,82.03731943238779,0,100,0.7902978774176931,100,0,2.5733166602254576,0,0,80.0,0,100
2021-01-20,0.4482564829262927,50,0,4.288267385142016,0,100,82.03731943238779,0,100,0.7944951885797441,100,0,2.2886002764113615,0,0,78.0,0,0
2021-01-21,0.29090033158162193,50,0,3.736158087505508,0,100,82.03731943238779,0,100,0.7979006973555272,100,0,2.0162594446601596,0,0,75.0,0,0
2021-01-22,0.3579130459796709,50,0,3.9617015960764967,0,100,82.03731943238779,0,100,0.8016262955954511,100,0,2.1156582602246536,0,0,40.0,50,0
2021-01-23,0.3231586264619423,50,0,3.83735999051362,0,100,82.03731943238779,0,100,0.8051343662543333,100,0,2.2338464762644463,0,0,74.0,0,0
2021-01-24,0.32846626437003307,50,0,3.848608321571398,0,100,82.03731943238779,0,100,0.80864419668132,100,0,1.9996430435750536,0,0,70.0,0,0
2021-01-25,0.3339602508544781,50,0,3.862589387629862,0,100,82.03731943238779,0,100,0.8121654081757042,100,0,2.1809648908354204,0,0,74.0,0,0
2021-01-26,0.33986166164910997,50,0,3.87848343386943,0,100,82.03731943238779,0,100,0.8157351137887675,100,0,2.3086358397942104,0,0,71.0,0,0
2021-01-27,0.25494632973010856,50,0,3.5984082970264124,0,100,82.03731943238779,0,100,0.8188331192315057,100,0,1.9718540478616258,0,0,78.0,0,0
2021-01-28,0.3577759314170171,50,0,3.961162492085717,0,100,82.03731943238779,0,100,0.8223351050555557,100,0,2.0900972987451003,0,0,55.0,0,0
2021-01-29,0.3724734860130977,50,0,4.027319914883416,0,100,82.03731943238779,0,100,0.8258524922400187,100,0,2.565081794149231,0,0,77.0,0,0
2021-01-30,0.3753027089664713,50,0,4.0376743619655295,0,100,82.03731943238779,0,100,0.8292589470342543,100,0,2.181334079682386,0,0,76.0,0,0
2021-01-31,0.3310694400200417,50,0,3.8870896196948364,0,100,84.31272826991358,0,100,0.8323931179788349,100,0,2.159827961985581,0,0,78.0,0,0
2021-02-01,0.3426721052329926,50,0,3.9247833469759894,0,100,84.31272826991358,0,100,0.8355513275551737,100,0,1.9409552131871652,0,0,77.0,0,0
2021-02-02,0.40571277242096615,50,0,4.149693991087423,0,100,84.31272826991358,0,100,0.8390865032328911,100,0,2.484689819814124,0,0,76.0,0,0
2021-02-03,0.46676135721711876,50,0,4.367522396407852,0,100,84.31272826991358,0,100,0.8427608869788481,100,0,2.5037767581374473,0,0,78.0,0,0
2021-02-04,0.44409086275219534,50,0,4.302482712929806,0,100,84.31272826991358,0,100,0.8463744679692975,100,0,2.79545429730077,0,0,80.0,0,100
2021-02-05,0.46376184107486035,50,0,4.395244747158271,0,100,84.31272826991358,0,100,0.850091662888206,100,0,2.895154895118413,0,0,81.0,0,100
2021-02-06,0.5006034998760536,50,0,4.530737103304416,0,100,84.31272826991358,0,100,0.8539117822476346,100,0,2.8606711847926634,0,0,84.0,0,100
2021-02-07,0.4829657260221615,50,0,4.477809983758878,0,100,84.31272826991358,0,100,0.8576061826784356,100,0,2.581330714179606,0,0,86.0,0,100
2021-02-08,0.6942770132128077,50,0,5.275680839495004,0,100,84.31272826991358,0,100,0.8621694350989624,100,0,3.0427339985623747,0,100,83.0,0,100
2021-02-09,0.6783670655865837,50,0,5.304793133497697,0,100,84.31272826991358,0,100,0.8663838873183097,100,0,3.2083866437098503,0,100,95.0,0,100
2021-02-10,0.6162625602990217,50,0,5.118985672363451,0,100,84.31272826991358,0,100,0.8701887287638621,100,0,3.0554347000915656,0,100,92.0,0,100
2021-02-11,0.689542815284627,50,0,5.418086545599172,0,100,84.31272826991358,0,100,0.8743393780216492,100,0,2.914487685560336,0,0,93.0,0,100
2021-02-12,0.6624849739610421,50,0,5.356434283099558,0,100,84.31272826991358,0,100,0.8783218704062151,100,0,3.260177241598989,0,100,92.0,0,100
2021-02-13,0.6493798124537902,50,0,5.301107597521747,0,100,84.31272826991358,0,100,0.8821949253512478,100,0,3.279768909304941,0,100,92.0,0,100
2021-02-14,0.6931864374823422,50,0,5.462275181738575,0,100,84.31272826991358,0,100,0.8862073227726106,100,0,3.0438961000380758,0,100,95.0,0,100
2021-02-15,0.6550060901052223,50,0,5.361679441523154,0,100,84.31272826991358,0,100,0.8899460732089343,100,0,3.1123723191748387,0,100,93.0,0,100
2021-02-16,0.6758975134390869,50,0,5.455664961930813,0,100,84.31272826991358,0,100,0.8938546721995047,100,0,2.565774115808991,0,0,95.0,0,100
2021-02-17,0.750319934041506,50,0,5.774756360328216,0,100,84.31272826991358,0,100,0.8980410645495631,100,0,3.05591417124062,0,100,95.0,0,100
2021-02-18,0.7156750350672394,50,0,5.688539665601876,0,100,84.31272826991358,0,100,0.9021009743612171,50,0,3.1802050496995653,0,100,91.0,0,100
2021-02-19,0.7976161811793568,50,0,6.121574110111504,0,100,84.31272826991358,0,100,0.9065691628312482,50,0,3.4851067764929535,0,100,93.0,0,100
2021-02-20,0.7845594248459578,50,0,6.100006918926203,0,100,84.31272826991358,0,100,0.9109445925890459,50,0,3.4884684086601956,0,100,91.0,0,100
2021-02-21,0.8173605881453704,50,0,6.251542739256024,0,100,84.31272826991358,0,100,0.9153516150001565,50,0,3.3471084702768557,0,100,91.0,0,100
2021-02-22,0.7063692396604162,50,0,5.84183316395093,0,100,84.31272826991358,0,100,0.9191101325302268,50,0,3.0553000628285094,0,100,94.0,0,100
2021-02-23,0.5436028575954821,50,0,5.238877070776895,0,100,84.31272826991358,0,100,0.9221403803942864,50,0,2.7864680967298545,0,0,94.0,0,100
2021-02-24,0.5602272328400907,50,0,5.327682747600532,0,100,84.31272826991358,0,100,0.924834249925668,50,0,3.4109373230221345,0,100,76.0,0,0
2021-02-25,0.4975491763872649,50,0,5.094720249684163,0,100,84.31272826991358,0,100,0.926768528089301,50,0,3.277787007176984,0,100,79.0,0,100
2021-02-26,0.4520687679889777,50,0,4.934646612066098,0,100,84.31272826991358,0,100,0.9288388470064453,50,0,2.6751996030821803,0,0,55.0,0,0
2021-02-27,0.44350014346869365,50,0,4.875711552546481,0,100,84.31272826991358,0,100,0.9305834438145525,50,0,2.8720671451461626,0,0,56.0,0,0
2021-02-28,0.42879459025022754,50,0,4.809107645064681,0,100,88.81502018168763,0,100,0.9323340928520198,50,0,2.259573214120562,0,0,55.0,0,0
2021-03-01,0.5356611547822545,50,0,5.2432127654107585,0,100,88.81502018168763,0,100,0.9344763147540128,50,0,2.4802233993992586,0,0,38.0,50,0
2021-03-02,0.49500651912350246,50,0,5.084771982376921,0,100,88.81502018168763,0,100,0.9363950584095877,50,0,2.803057929660025,0,0,78.0,0,0
2021-03-03,0.5535028311164948,50,0,5.31625323227134,0,100,88.81502018168763,0,100,0.9383905870218203,50,0,3.039334419975793,0,100,78.0,0,0
2021-03-04,0.4914413374387898,50,0,5.065860190104567,0,100,88.81502018168763,0,100,0.9402365048840856,50,0,2.509730334088146,0,0,84.0,0,100
2021-03-05,0.495192182131137,50,0,5.082207674040943,0,100,88.81502018168763,0,100,0.9421463309936545,50,0,2.7216407699081904,0,0,77.0,0,0
2021-03-06,0.49718213614439344,50,0,5.08196360532109,0,100,88.81502018168763,0,100,0.9440772838189226,50,0,2.7031583730995083,0,0,77.0,0,0
2021-03-07,0.5502210258246312,50,0,5.282142787076876,0,100,88.81502018168763,0,100,0.9459508142397982,50,0,2.6765184634395474,0,0,76.0,0,0
2021-03-08,0.5684464641080236,50,0,5.365772277086316,0,100,88.81502018168763,0,100,0.9477594496887862,50,0,2.8964517352269286,0,0,81.0,0,100
2021-03-09,0.6292477514883849,50,0,5.616910962072176,0,100,88.81502018168763,0,100,0.9498230478338962,50,0,2.8313585671984063,0,0,81.0,0,100
2021-03-10,0.6556005015466767,50,0,5.735358266234241,0,100,88.81502018168763,0,100,0.9519762760189939,50,0,3.0664806230587436,0,100,68.0,0,0
2021-03-11,0.6837787026214419,50,0,5.888220203186112,0,100,88.81502018168763,0,100,0.9540649339517294,50,0,2.7884167085522944,0,0,73.0,0,0
2021-03-12,0.6587332566022096,50,0,5.812532021715194,0,100,88.81502018168763,0,100,0.9560193623991388,50,0,3.151245522183982,0,100,70.0,0,0
2021-03-13,0.7483759372314991,50,0,6.1867400302965265,0,100,88.81502018168763,0,100,0.9583415874058059,50,0,3.0976710719676253,0,100,74.0,0,0
2021-03-14,0.7055027645344124,50,0,6.021885116712,0,100,88.81502018168763,0,100,0.9604701211112429,50,0,3.3496926978107333,0,100,78.0,0,0
2021-03-15,0.6041965483743184,50,0,5.6195129988779255,0,100,88.81502018168763,0,100,0.96209607305415,50,0,3.0643646598317598,0,100,76.0,0,0
2021-03-16,0.6062251242711881,50,0,5.63543046269345,0,100,88.81502018168763,0,100,0.9638289246843612,50,0,2.940242947471603,0,0,71.0,0,0
2021-03-17,0.6518777077238036,50,0,5.829507077804022,0,100,88.81502018168763,0,100,0.9661587522710935,50,0,2.7592793996533587,0,0,71.0,0,0
2021-03-18,0.6243196045569562,50,0,5.712345290743051,0,100,88.81502018168763,0,100,0.9683897963948125,50,0,3.2366163412193276,0,100,72.0,0,0
2021-03-19,0.6312384866027304,50,0,5.732778755432491,0,100,88.81502018168763,0,100,0.9704690841189166,50,0,3.0747282429205516,0,100,71.0,0,0
2021-03-20,0.6287415246417773,50,0,5.718017745052335,0,100,88.81502018168763,0,100,0.9724354369538089,50,0,3.048286300244739,0,100,75.0,0,0
2021-03-21,0.6053453819006408,50,0,5.617665430938875,0,100,88.81502018168763,0,100,0.9739500497577953,50,0,2.9559937043272404,0,0,73.0,0,0
2021-03-22,0.5278804109407879,50,0,5.305404736656017,0,100,88.81502018168763,0,100,0.9754459210089018,50,0,2.8621828260374804,0,0,70.0,0,0
2021-03-23,0.521830185835619,50,0,5.296886775462946,0,100,88.81502018168763,0,100,0.9768252074683219,50,0,2.95715210572821,0,0,66.0,0,0
2021-03-24,0.47036548570512293,50,0,5.0881148468369854,0,100,88.81502018168763,0,100,0.9779841237877238,50,0,2.746310231072586,0,0,65.0,0,0
2021-03-25,0.43995238602924164,50,0,4.9697974378836465,0,100,88.81502018168763,0,100,0.9791945848675528,50,0,2.6815041281078913,0,0,60.0,0,0
2021-03-26,0.5106500233868432,50,0,5.26608421652287,0,100,88.81502018168763,0,100,0.9805201331189554,50,0,2.3653714253772065,0,0,54.0,0,0
2021-03-27,0.5352680883967247,50,0,5.361694535527949,0,100,88.81502018168763,0,100,0.9818780830851304,50,0,2.809593705609597,0,0,65.0,0,0
2021-03-28,0.5253451751214394,50,0,5.312903173441296,0,100,88.81502018168763,0,100,0.9832434519232139,50,0,2.771456027418937,0,0,74.0,0,0
2021-03-29,0.5635072206353632,50,0,5.469506770034937,0,100,88.81502018168763,0,100,0.9849121557226208,50,0,2.7993997993877127,0,0,72.0,0,0
2021-03-30,0.5820685683112612,50,0,5.553975340906305,0,100,88.81502018168763,0,100,0.9865989511480683,50,0,2.747397791174765,0,0,72.0,0,0
2021-03-31,0.5788897460804268,50,0,5.5429946600281195,0,100,91.65465068357608,0,100,0.9882970792141889,50,0,2.9482518204416404,0,0,76.0,0,0
2021-04-01,0.5708864614686097,50,0,5.524529448409923,0,100,91.65465068357608,0,100,0.9900910024103121,50,0,2.702062774208559,0,0,74.0,0,0
2021-04-02,0.5701278695017515,50,0,5.523537339567661,0,100,91.65465068357608,0,100,0.9917101787047061,50,0,2.6193962172071554,0,0,74.0,0,0
2021-04-03,0.5282700306323318,50,0,5.340335807934867,0,100,91.65465068357608,0,100,0.9931213048162624,50,0,2.4604166526463325,0,0,73.0,0,0
2021-04-04,0.5472744189377995,50,0,5.406044411622991,0,100,91.65465068357608,0,100,0.9945426059316301,50,0,2.5580068593476284,0,0,74.0,0,0
2021-04-05,0.5562524987859166,50,0,5.437243119838125,0,100,91.65465068357608,0,100,0.9959176143798645,50,0,2.800175101512505,0,0,71.0,0,0
2021-04-06,0.5189648164969409,50,0,5.355531048500639,0,100,91.65465068357608,0,100,0.9968227062572467,50,0,2.634121490855439,0,0,75.0,0,0
2021-04-07,0.4751638731919667,50,0,5.16974073645528,0,100,91.65465068357608,0,100,0.9973187010672002,50,0,2.7454739785719653,0,0,72.0,0,0
2021-04-08,0.509401440069847,50,0,5.306404747679623,0,100,91.65465068357608,0,100,0.9979300778605676,50,0,2.3480977861132266,0,0,73.0,0,0
2021-04-09,0.5084990532718494,50,0,5.295368847244684,0,100,91.65465068357608,0,100,0.9983779713449761,50,0,2.7706464156831747,0,0,70.0,0,0
2021-04-10,0.5380026307285238,50,0,5.421258795354453,0,100,91.65465068357608,0,100,0.9990089023786639,50,0,2.804713359245541,0,0,70.0,0,0
2021-04-11,0.5412307257213492,50,0,5.426764871864978,0,100,91.65465068357608,0,100,0.9997894445404819,50,0,2.5593229151867276,0,0,76.0,0,0
2021-04-12,0.5347063918939113,50,0,5.404313178880704,0,100,91.65465068357608,0,100,1.000406082580561,0,100,2.582595118262969,0,0,74.0,0,0
2021-04-13,0.6030394334386961,50,0,5.701327161366692,0,100,91.65465068357608,0,100,1.0013586713033173,0,100,2.644959726633599,0,0,74.0,0,0
2021-04-14,0.5791717980348556,50,0,5.627726717504019,0,100,91.65465068357608,0,100,1.0023020387939352,0,100,2.7026467126068403,0,0,75.0,0,0
2021-04-15,0.57834278216855,50,0,5.63817518317292,0,100,91.65465068357608,0,100,1.00305697536958,0,100,3.405420675673727,0,100,79.0,0,100
2021-04-16,0.5384112113304516,50,0,5.469565708580818,0,100,91.65465068357608,0,100,1.0033586550366596,0,100,2.0457192171079885,0,0,78.0,0,0
2021-04-17,0.5068826435890349,50,0,5.335440167697611,0,100,91.65465068357608,0,100,1.0035900570137395,0,100,1.897543480069368,0,0,76.0,0,0
2021-04-18,0.4087273891828936,50,0,4.974076989197278,0,100,91.65465068357608,0,100,1.0034209167359809,0,100,2.420335846016717,0,0,79.0,0,100
2021-04-19,0.3947738908315914,50,0,4.905462746082921,0,100,91.65465068357608,0,100,1.003174318673908,0,100,1.9707390182577142,0,0,74.0,0,0
2021-04-20,0.4068802397189287,50,0,4.94821482989242,0,100,91.65465068357608,0,100,1.0026837753094298,0,100,2.575962514299124,0,0,73.0,0,0
2021-04-21,0.35415909682671776,50,0,4.718499009190423,0,100,91.65465068357608,0,100,1.0020306647273816,0,100,2.036724574668552,0,0,73.0,0,0
2021-04-22,0.3062947551068375,50,0,4.51740532283128,0,100,91.65465068357608,0,100,1.0012572044842507,0,100,2.6443889624799195,0,0,65.0,0,0
2021-04-23,0.2856434705568134,50,0,4.423398682442971,0,100,91.65465068357608,0,100,0.9999188580617759,50,0,2.27460981936311,0,0,55.0,0,0
2021-04-24,0.26925198048352383,50,0,4.351928548583429,0,100,91.65465068357608,0,100,0.9982810349149358,50,0,2.1956258845547483,0,0,37.0,50,0
2021-04-25,0.2409146543074318,50,0,4.224420239033486,0,100,91.65465068357608,0,100,0.996740283621715,50,0,2.007159465550116,0,0,31.0,50,0
2021-04-26,0.3430830024316304,50,0,4.640901959599948,0,100,91.65465068357608,0,100,0.9951318608884243,50,0,1.916148637103762,0,0,27.0,50,0
2021-04-27,0.3607182209774182,50,0,4.718910816391378,0,100,91.65465068357608,0,100,0.993158417897256,50,0,2.301089956701939,0,0,50.0,0,0
2021-04-28,0.3536140934570101,50,0,4.683377071321789,0,100,91.65465068357608,0,100,0.9907794405171307,50,0,2.2445692662531025,0,0,59.0,0,0
2021-04-29,0.32401591995539203,50,0,4.564840248526253,0,100,91.65465068357608,0,100,0.9881146541882502,50,0,1.9498025744967007,0,0,52.0,0,0
2021-04-30,0.4050770538666699,50,0,4.904063954790721,0,100,89.73549227846368,0,100,0.9857779262740806,50,0,2.3594816441482664,0,0,51.0,0,0
2021-05-01,0.4056516652382788,50,0,4.897961413143364,0,100,89.73549227846368,0,100,0.9838484722213264,50,0,2.254684065809225,0,0,68.0,0,0
2021-05-02,0.3770587269965563,50,0,4.773083727492997,0,100,89.73549227846368,0,100,0.9824304551396389,50,0,2.7781968844681995,0,0,66.0,0,0
2021-05-03,0.3879919800773433,50,0,4.81378375979395,0,100,89.73549227846368,0,100,0.9813531167661789,50,0,2.7869044337036044,0,0,61.0,0,0
2021-05-04,0.313317492346339,50,0,4.504032037372425,0,100,89.73549227846368,0,100,0.9794234221855158,50,0,2.646795030444973,0,0,68.0,0,0
2021-05-05,0.38450974257131143,50,0,4.791639640427159,0,100,89.73549227846368,0,100,0.9774210272844738,50,0,2.3686137702244774,0,0,48.0,50,0
2021-05-06,0.3619810979726137,50,0,4.7084091361353995,0,100,89.73549227846368,0,100,0.9757448672743219,50,0,2.568958495465187,0,0,65.0,0,0
2021-05-07,0.3715887458650446,50,0,4.7606526794332025,0,100,89.73549227846368,0,100,0.9742426983541764,50,0,2.7463154765474713,0,0,64.0,0,0
2021-05-08,0.39810475215757374,50,0,4.860281813545739,0,100,89.73549227846368,0,100,0.9728694722251743,50,0,2.580238131311427,0,0,67.0,0,0
2021-05-09,0.3861653960032035,50,0,4.807385487017924,0,100,89.73549227846368,0,100,0.9713515990684749,50,0,2.7092913423874285,0,0,73.0,0,0
2021-05-10,0.3359648384341701,50,0,4.596131099390864,0,100,89.73549227846368,0,100,0.9697627835841517,50,0,2.6799555635745147,0,0,72.0,0,0
2021-05-11,0.3485389757403155,50,0,4.639643774783886,0,100,89.73549227846368,0,100,0.9683537002499083,50,0,2.4243038339951406,0,0,61.0,0,0
2021-05-12,0.2322453112597385,50,0,4.165587856155882,0,100,89.73549227846368,0,100,0.9673848267588717,50,0,2.4097201597926747,0,0,68.0,0,0
2021-05-13,0.19959485992437523,50,0,4.023481749191938,0,100,89.73549227846368,0,100,0.9660304927649053,50,0,1.992372555407963,0,0,31.0,50,0
2021-05-14,0.21203590244636333,50,0,4.063423901987326,0,100,89.73549227846368,0,100,0.9648739978988486,50,0,1.6889537580210572,0,0,26.0,50,0
2021-05-15,0.1524653148837752,50,0,3.8137398334277703,0,100,89.73549227846368,0,100,0.9635323260493742,50,0,1.526112807593996,0,0,27.0,50,0
2021-05-16,0.132015956661108,50,0,3.7211113199854995,0,100,89.73549227846368,0,100,0.9620746639532995,50,0,1.5328420260133961,0,0,20.0,100,0
2021-05-17,0.08307086351666053,50,0,3.5081785510012193,0,100,89.73549227846368,0,100,0.9605049664721044,50,0,1.3511509496386616,50,0,27.0,50,0
2021-05-18,0.06977072228501383,50,0,3.443474284587104,0,100,89.73549227846368,0,100,0.959208790232886,50,0,1.119923210222138,50,0,21.0,100,0
2021-05-19,-0.02964997215247203,50,0,3.023101435726756,0,100,89.73549227846368,0,100,0.9570823450555418,50,0,1.3330627449258485,50,0,23.0,100,0
2021-05-20,0.0371289501618795,50,0,3.2695107141427457,0,100,89.73549227846368,0,100,0.9550822114016216,50,0,1.2053065599887074,50,0,11.0,100,0
2021-05-21,-0.035558096859743565,50,0,2.973138441938021,0,100,89.73549227846368,0,100,0.9528130783837339,50,0,1.1608241546362617,50,0,19.0,100,0
2021-05-22,-0.02444773201091433,50,0,3.004679599013334,0,100,89.73549227846368,0,100,0.950784619712285,50,0,1.1252556278628096,50,0,12.0,100,0
2021-05-23,-0.08287230610354511,50,0,2.770602309997949,0,100,89.73549227846368,0,100,0.9485223333789007,50,0,1.0458678733202944,50,0,14.0,100,0
2021-05-24,-0.005188027643696888,50,0,3.0715704666694856,0,100,89.73549227846368,0,100,0.9461952036972255,50,0,1.177495159931102,50,0,10.0,100,0
2021-05-25,-0.011487552697956408,50,0,3.0367364711183518,0,100,89.73549227846368,0,100,0.9435384390348407,50,0,1.171341122054438,50,0,22.0,100,0
2021-05-26,0.007167829959231594,50,0,3.103691685769285,0,100,89.73549227846368,0,100,0.941040411695031,50,0,1.1827296520814854,50,0,22.0,100,0
2021-05-27,-0.006136769051216458,50,0,3.043357806361764,0,100,89.73549227846368,0,100,0.9383067613300435,50,0,1.1049139564213002,50,0,27.0,50,0
2021-05-28,-0.06490694175804528,50,0,2.807866015614947,0,100,89.73549227846368,0,100,0.935208112713492,50,0,1.0675976156922518,50,0,21.0,100,0
2021-05-29,-0.08316198804333869,50,0,2.7307790946901926,0,100,89.73549227846368,0,100,0.9321207585839247,50,0,0.9709877911653495,50,0,18.0,100,0
2021-05-30,-0.06369990297461643,50,0,2.8019975037607634,0,100,89.73549227846368,0,100,0.9279648518533488,50,0,1.1821163573125228,50,0,10.0,100,0
2021-05-31,-0.029457722766424794,50,0,2.926864176374226,0,100,62.38533740893745,50,0,0.9238818449350708,50,0,1.2034268088628906,50,0,18.0,100,0
2021-06-01,-0.043573121742658934,50,0,2.8702950454539744,0,100,62.38533740893745,50,0,0.9200194000644292,50,0,1.2119282722009475,50,0,20.0,100,0
2021-06-02,-0.023027487720547152,50,0,2.9411224316850295,0,100,62.38533740893745,50,0,0.9157905956035262,50,0,1.4479425934093204,50,0,23.0,100,0
2021-06-03,0.007280960935111181,50,0,3.0537495000811457,0,100,62.38533740893745,50,0,0.9117396270037623,50,0,1.3104213472695116,50,0,24.0,100,0
2021-06-04,-0.038683061607882395,50,0,2.870841313565359,0,100,62.38533740893745,50,0,0.9076011416435678,50,0,1.1388733049571942,50,0,27.0,50,0
2021-06-05,-0.06859396282706631,50,0,2.751131183286283,0,100,62.38533740893745,50,0,0.9031383481172135,50,0,1.0866636531228102,50,0,24.0,100,0
2021-06-06,-0.061796505108734225,50,0,2.770301958489266,0,100,62.38533740893745,50,0,0.8988258364665429,100,0,1.2084365901706993,50,0,17.0,100,0
2021-06-07,-0.10184428520522716,50,0,2.611138749119673,0,100,62.38533740893745,50,0,0.8942754983868813,100,0,1.119090325691568,50,0,15.0,100,0
2021-06-08,-0.10526006537531787,50,0,2.5874935460315567,0,100,62.38533740893745,50,0,0.88924256965949,100,0,1.103429211054803,50,0,13.0,100,0
2021-06-09,-0.02607250028113854,50,0,2.883372681750541,0,100,62.38533740893745,50,0,0.8845610092117947,100,0,1.0110892335382886,50,0,14.0,100,0
2021-06-10,-0.03690091164414764,50,0,2.8359538213989732,0,100,62.38533740893745,50,0,0.8792173066019219,100,0,1.0061419218282945,50,0,21.0,100,0
2021-06-11,-0.029778555942837542,50,0,2.8583592623925407,0,100,62.38533740893745,50,0,0.8739133723469545,100,0,0.8925826856330361,50,0,21.0,100,0
2021-06-12,-0.060915854328011325,50,0,2.7370320660206677,0,100,62.38533740893745,50,0,0.8682674380129036,100,0,1.0788003385015092,50,0,28.0,50,0
2021-06-13,0.0060876761799398835,50,0,2.981200091420836,0,100,62.38533740893745,50,0,0.8634321196073448,100,0,1.0832191053055742,50,0,23.0,100,0
2021-06-14,0.03622375499025413,50,0,3.092277020086191,0,100,62.38533740893745,50,0,0.859564495062999,100,0,1.254069193723473,50,0,28.0,50,0
2021-06-15,0.031369659595506326,50,0,3.070865892171316,0,100,62.38533740893745,50,0,0.8555490615958878,100,0,1.1837868269836587,50,0,38.0,50,0
2021-06-16,-0.009604560299800901,50,0,2.9137424111396943,0,100,62.38533740893745,50,0,0.8517310619764564,100,0,1.0892952818335617,50,0,33.0,50,0
2021-06-17,-0.013863108835956837,50,0,2.8896439909394283,0,100,62.38533740893745,50,0,0.848108163463051,100,0,1.1144125017867743,50,0,26.0,50,0
2021-06-18,-0.060949434033168125,50,0,2.70985128242936,0,100,62.38533740893745,50,0,0.8444011854832892,100,0,1.019016226744359,50,0,25.0,100,0
2021-06-19,-0.06398685535955073,50,0,2.6932547334590082,0,100,62.38533740893745,50,0,0.8407786066593866,100,0,0.8130482341251978,50,0,23.0,100,0
2021-06-20,-0.06299571912437886,50,0,2.6919949431610233,0,100,62.38533740893745,50,0,0.8365289905557456,100,0,0.8080005531044538,50,0,21.0,100,0
2021-06-21,-0.14157430206657717,50,0,2.3946499733025375,0,0,62.38533740893745,50,0,0.832245606392431,100,0,0.7859907112788225,50,0,23.0,100,0
2021-06-22,-0.12683731027919862,50,0,2.4422175142687657,0,0,62.38533740893745,50,0,0.8276638292068771,100,0,0.672384824755116,50,0,10.0,100,0
2021-06-23,-0.10137662913864959,50,0,2.529873102675715,0,100,62.38533740893745,50,0,0.8235357782699176,100,0,0.8009746615701319,50,0,14.0,100,0
2021-06-24,-0.07969195418898509,50,0,2.604544624005796,0,100,62.38533740893745,50,0,0.8194371076090528,100,0,0.8047471533721422,50,0,22.0,100,0
2021-06-25,-0.13526273043164194,50,0,2.37745694700152,0,0,62.38533740893745,50,0,0.8151227228255219,100,0,0.8238097811901524,50,0,27.0,50,0
2021-06-26,-0.13030277559880085,50,0,2.38947453524404,0,0,62.38533740893745,50,0,0.8105229852626998,100,0,0.6236489323540998,50,0,20.0,100,0
2021-06-27,-0.07576890840257744,50,0,2.5813030252058664,0,100,62.38533740893745,50,0,0.8059878855664621,100,0,0.44117631244734756,100,0,22.0,100,0
2021-06-28,-0.07842139718674339,50,0,2.567440468535458,0,100,62.38533740893745,50,0,0.8010682300798693,100,0,0.694244875947451,50,0,25.0,100,0
2021-06-29,-0.04571471692328367,50,0,2.6792929484364243,0,100,62.38533740893745,50,0,0.7960840103685219,100,0,0.7364872482206444,50,0,25.0,100,0
2021-06-30,-0.0637625924612398,50,0,2.61031268702626,0,100,60.21102568288904,50,0,0.7908010203667762,100,0,0.726756863402502,50,0,28.0,50,0
2021-07-01,-0.09578089277648358,50,0,2.4903468787348633,0,0,60.21102568288904,50,0,0.7854990742351157,100,0,0.7556814152579229,50,0,28.0,50,0
2021-07-02,-0.08809620794109398,50,0,2.5071577855075087,0,100,60.21102568288904,50,0,0.7796633676185339,100,0,0.6980276469684688,50,0,21.0,100,0
2021-07-03,-0.0711857985415299,50,0,2.562845725407415,0,100,60.21102568288904,50,0,0.7741182127203106,100,0,0.981646104040928,50,0,24.0,100,0
2021-07-04,-0.0551833652458862,50,0,2.6154518789004917,0,100,60.21102568288904,50,0,0.7692122376977957,100,0,0.8985596334766023,50,0,27.0,50,0
2021-07-05,-0.08549646366897856,50,0,2.5047327243747843,0,100,60.21102568288904,50,0,0.7641626802047737,100,0,0.9947735294622303,50,0,29.0,50,0
2021-07-06,-0.08087350619806725,50,0,2.5164688834733755,0,100,60.21102568288904,50,0,0.7588504068632923,100,0,1.0641102552731918,50,0,20.0,100,0
2021-07-07,-0.0849625216924108,50,0,2.4984239256599436,0,0,60.21102568288904,50,0,0.7536956364956261,100,0,0.9275468470772281,50,0,28.0,50,0
2021-07-08,-0.10780690492060228,50,0,2.4129722849873962,0,0,60.21102568288904,50,0,0.748421606164235,100,0,0.9947360491217314,50,0,20.0,100,0
2021-07-09,-0.08485919311873012,50,0,2.4896292866943885,0,0,60.21102568288904,50,0,0.7432379231389145,100,0,0.929979267276445,50,0,20.0,100,0
2021-07-10,-0.09121716645886326,50,0,2.4635363416286307,0,0,60.21102568288904,50,0,0.7381797000283573,100,0,1.1436480840125614,50,0,20.0,100,0
2021-07-11,-0.07761326374961941,50,0,2.5070577615928418,0,100,60.21102568288904,50,0,0.7336393219709296,100,0,0.906815617377371,50,0,20.0,100,0
2021-07-12,-0.10161475411579984,50,0,2.421200284039954,0,0,60.21102568288904,50,0,0.7290903916882477,100,0,0.9196751061406516,50,0,25.0,100,0
2021-07-13,-0.111563925532271,50,0,2.3816177683564126,0,0,60.21102568288904,50,0,0.724796654349468,100,0,0.952210488193772,50,0,20.0,100,0
2021-07-14,-0.10782925750108138,50,0,2.389422128836376,0,0,60.21102568288904,50,0,0.7206929161519574,100,0,1.1728316589384116,50,0,21.0,100,0
2021-07-15,-0.13005093813628923,50,0,2.306554107082651,0,0,60.21102568288904,50,0,0.7160551678753286,100,0,0.8642998141044798,50,0,20.0,100,0
2021-07-16,-0.1347316626302657,50,0,2.284929142418645,0,0,60.21102568288904,50,0,0.7112568592333787,100,0,0.9919191589422403,50,0,22.0,100,0
2021-07-17,-0.13547426668339668,50,0,2.2883238811845645,0,0,60.21102568288904,50,0,0.706556049110949,100,0,0.9335631644396905,50,0,15.0,100,0
2021-07-18,-0.131848353950191,50,0,2.2965803604831168,0,0,60.21102568288904,50,0,0.7015764832134869,100,0,0.944937912366313,50,0,19.0,100,0
2021-07-19,-0.14884950770966648,50,0,2.23378378912344,0,0,60.21102568288904,50,0,0.6964014410281092,100,0,1.0950145887137115,50,0,24.0,100,0
2021-07-20,-0.172213972610511,50,0,2.1501348898711545,0,0,60.21102568288904,50,0,0.6911386773165566,100,0,0.7673311197432754,50,0,19.0,100,0
2021-07-21,-0.1226531511678951,50,0,2.3167254544628357,0,0,60.21102568288904,50,0,0.6861090661670081,100,0,0.9273295278039805,50,0,10.0,100,0
2021-07-22,-0.11906268526432795,50,0,2.326796102875017,0,0,60.21102568288904,50,0,0.6810857459192357,100,0,1.0471373926376397,50,0,21.0,100,0
2021-07-23,-0.09371840766150652,50,0,2.404681164133497,0,0,60.21102568288904,50,0,0.6764074059065224,100,0,0.903684739105996,50,0,23.0,100,0
2021-07-24,-0.0784908797338895,50,0,2.4531540305074944,0,0,60.21102568288904,50,0,0.671685377276866,100,0,1.0647234397321859,50,0,22.0,100,0
2021-07-25,-0.058482624493758295,50,0,2.5175205672030545,0,100,60.21102568288904,50,0,0.6669779217612996,100,0,1.068127770221151,50,0,27.0,50,0
2021-07-26,-0.012789541821909814,50,0,2.6795738305584504,0,100,60.21102568288904,50,0,0.66258334676867,100,0,1.1715111026669442,50,0,26.0,50,0
2021-07-27,0.016553084386954527,50,0,2.794887668476785,0,100,60.21102568288904,50,0,0.6585705972164594,100,0,1.3008018672261354,50,0,32.0,50,0
2021-07-28,0.029669309285773975,50,0,2.8477453865037647,0,100,60.21102568288904,50,0,0.6544182680452809,100,0,1.2688402931041687,50,0,50.0,0,0
2021-07-29,0.022945491040395238,50,0,2.853008497950927,0,100,60.21102568288904,50,0,0.6502976884236845,100,0,1.3031907249192052,50,0,50.0,0,0
2021-07-30,0.056411535920442936,50,0,2.9685704474706642,0,100,60.21102568288904,50,0,0.6461154166962209,100,0,1.3373725632173727,50,0,53.0,0,0
2021-07-31,0.055998471192153565,50,0,2.963197466706908,0,100,64.23002019307322,50,0,0.6419217934336549,100,0,1.3192520123397427,50,0,60.0,0,0
2021-08-01,0.018619180129197947,50,0,2.828751047547574,0,100,64.23002019307322,50,0,0.6376061328068033,100,0,1.2922434825061042,50,0,60.0,0,0
2021-08-02,0.004740342780948302,50,0,2.7768004288708883,0,100,64.23002019307322,50,0,0.6327940237832936,100,0,1.1337570784770246,50,0,48.0,50,0
2021-08-03,-0.015755016391374516,50,0,2.700435340494754,0,100,64.23002019307322,50,0,0.6279820910869487,100,0,1.3103119256395095,50,0,48.0,50,0
2021-08-04,0.014058844754674353,50,0,2.800159675556114,0,100,64.23002019307322,50,0,0.6232515581190219,100,0,1.0528653224086266,50,0,42.0,50,0
2021-08-05,0.03721835314422076,50,0,2.8770722591080378,0,100,64.23002019307322,50,0,0.6188738752601066,100,0,1.2512139636998696,50,0,50.0,0,0
2021-08-06,0.07346719376936468,50,0,3.001197107660787,0,100,64.23002019307322,50,0,0.6148286610664282,100,0,1.2994312193132462,50,0,52.0,0,0
2021-08-07,0.10705905713959114,50,0,3.113800684013064,0,100,64.23002019307322,50,0,0.6114815347381303,100,0,1.4290872019534941,50,0,69.0,0,0
2021-08-08,0.09597858615499424,50,0,3.0718734084834822,0,100,64.23002019307322,50,0,0.6081897392693089,100,0,1.3731509463506195,50,0,74.0,0,0
2021-08-09,0.14013190154052038,50,0,3.225407244379898,0,100,64.23002019307322,50,0,0.6050209341817749,100,0,1.340044085007167,50,0,65.0,0,0
2021-08-10,0.1228591815281202,50,0,3.164827379839335,0,100,64.23002019307322,50,0,0.6021140416839426,100,0,1.4905767760745765,50,0,71.0,0,0
2021-08-11,0.1255954364095909,50,0,3.171434901458515,0,100,64.23002019307322,50,0,0.5995325708156622,100,0,1.3236102202149131,50,0,70.0,0,0
2021-08-12,0.0990960155139633,50,0,3.077261241807471,0,100,64.23002019307322,50,0,0.5969764943669261,100,0,1.319935667635193,50,0,70.0,0,0
2021-08-13,0.1642447227569994,50,0,3.2998831361143677,0,100,64.23002019307322,50,0,0.5948100921411745,100,0,1.2886556403775598,50,0,70.0,0,0
2021-08-14,0.15000740382200298,50,0,3.2522141884736286,0,100,64.23002019307322,50,0,0.5927828846461384,100,0,1.4912007190252161,50,0,76.0,0,0
2021-08-15,0.14844217828538722,50,0,3.242160705031836,0,100,64.23002019307322,50,0,0.5901125211131314,100,0,1.6216148058469027,0,0,71.0,0,0
2021-08-16,0.1256036574996994,50,0,3.160857517555054,0,100,64.23002019307322,50,0,0.5872236532056413,100,0,1.4572785761351388,50,0,72.0,0,0
2021-08-17,0.0996166701045232,50,0,3.0676259565306396,0,100,64.23002019307322,50,0,0.5842918564491656,100,0,1.5515636062390559,0,0,72.0,0,0
2021-08-18,0.10328923100856367,50,0,3.078170824387,0,100,64.23002019307322,50,0,0.5815292565358255,100,0,1.1703801674902807,50,0,73.0,0,0
2021-08-19,0.1358113569201169,50,0,3.1876789926790243,0,100,64.23002019307322,50,0,0.5783204695463189,100,0,1.3279109419240407,50,0,70.0,0,0
2021-08-20,0.18549354244712182,50,0,3.3578547234473333,0,100,64.23002019307322,50,0,0.5753400630417173,100,0,1.4557172230882007,50,0,70.0,0,0
2021-08-21,0.1808933399111376,50,0,3.3392209980491647,0,100,64.23002019307322,50,0,0.5725162707005258,100,0,1.5784450137268684,0,0,78.0,0,0
2021-08-22,0.18569710027239858,50,0,3.352098728955014,0,100,64.23002019307322,50,0,0.5696537535865749,100,0,1.5141358226433412,0,0,76.0,0,0
2021-08-23,0.1877616412498728,50,0,3.360428202772283,0,100,64.23002019307322,50,0,0.567288438365346,100,0,1.8664341795955617,0,0,79.0,0,100
2021-08-24,0.15415689292054077,50,0,3.240949280504233,0,100,64.23002019307322,50,0,0.5643226507705063,100,0,1.4359311840701885,50,0,79.0,0,100
2021-08-25,0.17097004408761451,50,0,3.306832748373793,0,100,64.23002019307322,50,0,0.5615739860679093,100,0,1.443112885555514,50,0,73.0,0,0
2021-08-26,0.1336242617025399,50,0,3.178229573902028,0,100,64.23002019307322,50,0,0.5585937679696943,100,0,1.3067884664598721,50,0,75.0,0,0
2021-08-27,0.1693850378542748,50,0,3.2965101367112735,0,100,64.23002019307322,50,0,0.5556092152334862,100,0,1.2944768645229168,50,0,71.0,0,0
2021-08-28,0.16480618478596928,50,0,3.2765587567053003,0,100,64.23002019307322,50,0,0.5526862768844121,100,0,1.2798143488902047,50,0,78.0,0,0
2021-08-29,0.16616363374550658,50,0,3.27627575043285,0,100,64.23002019307322,50,0,0.5500868202084777,100,0,1.4191153355463824,50,0,72.0,0,0
2021-08-30,0.12960215843324266,50,0,3.1481125661934355,0,100,64.23002019307322,50,0,0.5472782819457934,100,0,1.2014841110242036,50,0,73.0,0,0
2021-08-31,0.13048216360069778,50,0,3.1482293548621323,0,100,67.11495425864396,50,0,0.5452100501022559,100,0,1.2561659005121186,50,0,73.0,0,0
2021-09-01,0.1576110577164387,50,0,3.239716774250138,0,100,67.11495425864396,50,0,0.543484707181751,100,0,1.2090649951565182,50,0,71.0,0,0
2021-09-02,0.16933900715662098,50,0,3.278438348694508,0,100,67.11495425864396,50,0,0.5417455519537957,100,0,1.3689437588563322,50,0,74.0,0,0
2021-09-03,0.17767137128956556,50,0,3.304353636466249,0,100,67.11495425864396,50,0,0.5404251374873675,100,0,1.3594740066170996,50,0,74.0,0,0
2021-09-04,0.17782771091280922,50,0,3.3016244052774106,0,100,67.11495425864396,50,0,0.5392519622789378,100,0,1.413810235919309,50,0,72.0,0,0
2021-09-05,0.2126935234375824,50,0,3.4153705332408575,0,100,67.11495425864396,50,0,0.5385431402937777,100,0,1.494771175546438,50,0,73.0,0,0
2021-09-06,0.22839893836610584,50,0,3.466843498761099,0,100,67.11495425864396,50,0,0.5379789424057247,100,0,1.6358830851089337,0,0,79.0,0,100
2021-09-07,0.1164136002123541,50,0,3.080015012243325,0,100,67.11495425864396,50,0,0.5375857249335164,100,0,1.4317995219977973,50,0,79.0,0,100
2021-09-08,0.10324502165862887,50,0,3.0306946005760094,0,100,67.11495425864396,50,0,0.5367402107076786,100,0,1.1867950585293763,50,0,47.0,50,0
2021-09-09,0.10673329387964295,50,0,3.042199328466111,0,100,67.11495425864396,50,0,0.5363864689101843,100,0,1.1443010788902377,50,0,45.0,50,0
2021-09-10,0.07413299296555034,50,0,2.926714450988951,0,100,67.11495425864396,50,0,0.5358389936045417,100,0,1.1245952933643533,50,0,46.0,50,0
2021-09-11,0.08041807284672023,50,0,2.943180125250038,0,100,67.11495425864396,50,0,0.5356739052054481,100,0,1.1977837591080132,50,0,31.0,50,0
2021-09-12,0.10105269838222505,50,0,3.008135645496131,0,100,67.11495425864396,50,0,0.5351279686609227,100,0,1.206574983263943,50,0,32.0,50,0
2021-09-13,0.07798459974750732,50,0,2.925443518174421,0,100,67.11495425864396,50,0,0.534532088531876,100,0,1.2728636612171917,50,0,44.0,50,0
2021-09-14,0.11618141769749771,50,0,3.0517791344131484,0,100,67.11495425864396,50,0,0.5339946306764087,100,0,1.384720477657672,50,0,30.0,50,0
2021-09-15,0.13606987992635686,50,0,3.120144846864444,0,100,67.11495425864396,50,0,0.533631330724817,100,0,1.2014529725197511,50,0,49.0,50,0
2021-09-16,0.1279732822805558,50,0,3.090471624014292,0,100,67.11495425864396,50,0,0.53358468466433,100,0,1.1547069954199365,50,0,53.0,0,0
2021-09-17,0.11608901214733923,50,0,3.0471848110651836,0,100,67.11495425864396,50,0,0.5336003014741398,100,0,1.250621782609858,50,0,48.0,50,0
2021-09-18,0.1347049124275623,50,0,3.1053091267152806,0,100,67.11495425864396,50,0,0.5335775094978122,100,0,1.325296155575022,50,0,50.0,0,0
2021-09-19,0.1152671050750992,50,0,3.0363436595998885,0,100,67.11495425864396,50,0,0.5332832185362625,100,0,1.3302344030895839,50,0,53.0,0,0
2021-09-20,0.032433716897169014,50,0,2.751416185919293,0,100,67.11495425864396,50,0,0.5327285604816774,100,0,1.2814046431212147,50,0,50.0,0,0
2021-09-21,-0.011510855143907353,50,0,2.5980237085593534,0,100,67.11495425864396,50,0,0.5318700102629432,100,0,0.9169872483532894,50,0,27.0,50,0
2021-09-22,0.046907450994895024,50,0,2.7891069893691265,0,100,67.11495425864396,50,0,0.5310777321016945,100,0,0.9908885329696691,50,0,21.0,100,0
2021-09-23,0.07120804199719914,50,0,2.8664485456318207,0,100,67.11495425864396,50,0,0.5306684534208927,100,0,1.2602753440662748,50,0,27.0,50,0
2021-09-24,0.03175972481441047,50,0,2.7306431692612483,0,100,67.11495425864396,50,0,0.5302809129302654,100,0,1.1085005489628994,50,0,33.0,50,0
2021-09-25,0.03041983751310982,50,0,2.7220881563556616,0,100,67.11495425864396,50,0,0.5298623438037222,100,0,1.0546985871551056,50,0,28.0,50,0
2021-09-26,0.032410480176643365,50,0,2.7430939922852753,0,100,67.11495425864396,50,0,0.5297138273448078,100,0,1.0363599728882218,50,0,27.0,50,0
2021-09-27,0.02008754323741515,50,0,2.6987230437552996,0,100,67.11495425864396,50,0,0.529552617735529,100,0,1.1732401449810697,50,0,26.0,50,0
2021-09-28,-0.003956022326309169,50,0,2.614171772547643,0,100,67.11495425864396,50,0,0.5288334312440098,100,0,1.0941806496357942,50,0,25.0,100,0
2021-09-29,0.0005370921623066779,50,0,2.625003517308384,0,100,67.11495425864396,50,0,0.5281983333288589,100,0,0.9328423456460493,50,0,24.0,100,0
2021-09-30,0.04441856513489731,50,0,2.7681648335618547,0,100,63.61429280555904,50,0,0.5277077088712252,100,0,1.261689359388938,50,0,20.0,100,0
2021-10-01,0.12456523048584399,50,0,3.034716090733096,0,100,63.61429280555904,50,0,0.5277206687995828,100,0,1.099919991887348,50,0,27.0,50,0
2021-10-02,0.11762877083166312,50,0,3.011678346181622,0,100,63.61429280555904,50,0,0.527335790735611,100,0,1.521224889821092,0,0,54.0,0,0
2021-10-03,0.12486874995394559,50,0,3.0324776022057076,0,100,63.61429280555904,50,0,0.5268128179681402,100,0,1.2150963210809655,50,0,49.0,50,0
2021-10-04,0.143880779474369,50,0,3.095543508356929,0,100,63.61429280555904,50,0,0.5264088410865365,100,0,1.2706120452800673,50,0,54.0,0,0
2021-10-05,0.18440704133156322,50,0,3.232307320369156,0,100,63.61429280555904,50,0,0.5264158132994362,100,0,1.3847830082557613,50,0,59.0,0,0
2021-10-06,0.2503523923144593,50,0,3.4679768617293227,0,100,63.61429280555904,50,0,0.5267802838887776,100,0,1.1656117780796214,50,0,68.0,0,0
2021-10-07,0.21641039161573622,50,0,3.3614131276805765,0,100,63.61429280555904,50,0,0.5272884050194679,100,0,1.30687858620948,50,0,76.0,0,0
2021-10-08,0.2172184724887302,50,0,3.3637836881361145,0,100,63.61429280555904,50,0,0.5278195698505086,100,0,1.1077024429293865,50,0,74.0,0,0
2021-10-09,0.23614573099260405,50,0,3.4248827158519326,0,100,63.61429280555904,50,0,0.5284299161632148,100,0,1.3720036007826357,50,0,72.0,0,0
2021-10-10,0.22873045961080637,50,0,3.399674515251701,0,100,63.61429280555904,50,0,0.5294496533484394,100,0,1.459203759308501,50,0,71.0,0,0
2021-10-11,0.27434593493014753,50,0,3.554135748644309,0,100,63.61429280555904,50,0,0.5305817125767297,100,0,1.3834499570964822,50,0,71.0,0,0
2021-10-12,0.2509559025581077,50,0,3.4803492082727816,0,100,63.61429280555904,50,0,0.531511239603183,100,0,1.2683623055484239,50,0,78.0,0,0
2021-10-13,0.2696546793279531,50,0,3.5453349011247237,0,100,63.61429280555904,50,0,0.532388669757131,100,0,1.564851606207424,0,0,70.0,0,0
2021-10-14,0.26712659313535114,50,0,3.54113068121445,0,100,63.61429280555904,50,0,0.5336023231445537,100,0,1.3421149885379244,50,0,70.0,0,0
2021-10-15,0.33665981239387494,50,0,3.784499795341259,0,100,63.61429280555904,50,0,0.5350888292583976,100,0,1.4128452208956461,50,0,71.0,0,0
2021-10-16,0.3249014743697536,50,0,3.7460360948895017,0,100,63.61429280555904,50,0,0.5362454067635685,100,0,1.3378855770111313,50,0,78.0,0,0
2021-10-17,0.33307914417520257,50,0,3.771638338690848,0,100,63.61429280555904,50,0,0.5374447083961624,100,0,1.580706961927015,0,0,79.0,0,100
2021-10-18,0.3344043145086695,50,0,3.7960773060020583,0,100,63.61429280555904,50,0,0.5384964859587761,100,0,1.4887102302863677,50,0,78.0,0,0
2021-10-19,0.37131177868521575,50,0,3.92978110249282,0,100,63.61429280555904,50,0,0.5398185737458305,100,0,1.5758773476983605,0,0,75.0,0,0
2021-10-20,0.39582293704657845,50,0,4.029300117090283,0,100,63.61429280555904,50,0,0.5414342067844671,100,0,1.568807219606905,0,0,82.0,0,100
2021-10-21,0.32552795431993636,50,0,3.7966326991943635,0,100,63.61429280555904,50,0,0.5427999070207029,100,0,1.5397627943263914,0,0,84.0,0,100
2021-10-22,0.2954122339426656,50,0,3.690395219572794,0,100,63.61429280555904,50,0,0.5439542984451425,100,0,1.5950008691270061,0,0,75.0,0,0
2021-10-23,0.3033809958514533,50,0,3.7132485036318568,0,100,63.61429280555904,50,0,0.5450255994236582,100,0,1.409062790625798,50,0,74.0,0,0
2021-10-24,0.29379890803456216,50,0,3.6824611477174636,0,100,63.61429280555904,50,0,0.5462425455445954,100,0,1.4697391940812987,50,0,73.0,0,0
2021-10-25,0.32771922177327295,50,0,3.805471222575543,0,100,63.61429280555904,50,0,0.5475745593691463,100,0,1.8583897356859813,0,0,72.0,0,0
2021-10-26,0.2791935410376417,50,0,3.639213353814643,0,100,63.61429280555904,50,0,0.5487340702179273,100,0,1.4775184481663899,50,0,76.0,0,0
2021-10-27,0.24658101446706285,50,0,3.5223570752700684,0,100,63.61429280555904,50,0,0.5498932828571826,100,0,1.4656380688838173,50,0,73.0,0,0
2021-10-28,0.2796334256715715,50,0,3.63549610648618,0,100,63.61429280555904,50,0,0.5510886298356011,100,0,1.4419310096628821,50,0,66.0,0,0
2021-10-29,0.30614106469364194,50,0,3.727896987928428,0,100,63.61429280555904,50,0,0.55242576056943,100,0,1.6849402462176082,0,0,70.0,0,0
2021-10-30,0.296405510014408,50,0,3.6909641361412304,0,100,63.61429280555904,50,0,0.55364395819967,100,0,1.48288720891898,50,0,73.0,0,0
2021-10-31,0.2860010912895745,50,0,3.6650003939558062,0,100,71.75946693116563,0,0,0.5549478885377127,100,0,1.3142156324817365,50,0,74.0,0,0
2021-11-01,0.27752034263164055,50,0,3.637282214277831,0,100,71.75946693116563,0,0,0.5563007427294933,100,0,1.4073959742426128,50,0,74.0,0,0
2021-11-02,0.3046736292614737,50,0,3.744660848024299,0,100,71.75946693116563,0,0,0.5577952871669535,100,0,1.5296046372140433,0,0,73.0,0,0
2021-11-03,0.29936070661977293,50,0,3.732979210459878,0,100,71.75946693116563,0,0,0.5593949548501359,100,0,1.5581502484487988,0,0,76.0,0,0
2021-11-04,0.27143028236277544,50,0,3.633226584379385,0,100,71.75946693116563,0,0,0.5609068031876256,100,0,1.3614200941651697,50,0,73.0,0,0
2021-11-05,0.262152331603012,50,0,3.603558631993404,0,100,71.75946693116563,0,0,0.5624057440970012,100,0,1.4633247058006493,50,0,73.0,0,0
2021-11-06,0.26858766410789664,50,0,3.6233129626888743,0,100,71.75946693116563,0,0,0.5639112879897056,100,0,1.4288469916470379,50,0,71.0,0,0
2021-11-07,0.29511860776837556,50,0,3.709671858795288,0,100,71.75946693116563,0,0,0.5655909145096019,100,0,1.4403390680066632,50,0,73.0,0,0
2021-11-08,0.36566732759923565,50,0,3.9655743521127427,0,100,71.75946693116563,0,0,0.5676691340261566,100,0,1.370332902205813,50,0,75.0,0,0
2021-11-09,0.3536731641511409,50,0,3.9306883090839957,0,100,71.75946693116563,0,0,0.5694915006631383,100,0,1.5706911146390445,0,0,84.0,0,100
2021-11-10,0.3109807711713224,50,0,3.7856975049454973,0,100,71.75946693116563,0,0,0.5711153285951412,100,0,1.5113543461808276,0,0,75.0,0,0
2021-11-11,0.31187386997964867,50,0,3.7895970050409487,0,100,71.75946693116563,0,0,0.5725663845067178,100,0,1.5452947530191665,0,0,77.0,0,0
2021-11-12,0.281994097387672,50,0,3.7302147492386295,0,100,71.75946693116563,0,0,0.5738765544010804,100,0,1.3696295923815291,50,0,74.0,0,0
2021-11-13,0.2864164533769458,50,0,3.7409708396569408,0,100,71.75946693116563,0,0,0.57512637676311,100,0,1.4780477118945063,50,0,72.0,0,0
2021-11-14,0.29617286622260075,50,0,3.7697936082963923,0,100,71.75946693116563,0,0,0.5761904040003868,100,0,1.537471118630788,0,0,74.0,0,0
2021-11-15,0.2720985192144528,50,0,3.688008562121707,0,100,71.75946693116563,0,0,0.5770507167453012,100,0,1.479478218565735,50,0,72.0,0,0
2021-11-16,0.21278645521727135,50,0,3.4824966725178754,0,100,71.75946693116563,0,0,0.5775740750320744,100,0,1.3696114739910286,50,0,71.0,0,0
2021-11-17,0.20848185631069832,50,0,3.465784681188702,0,100,71.75946693116563,0,0,0.5780837151706818,100,0,1.3176573531814766,50,0,52.0,0,0
2021-11-18,0.15403166482775607,50,0,3.266067676912841,0,100,71.75946693116563,0,0,0.5782159790499105,100,0,1.2520568142373507,50,0,54.0,0,0
2021-11-19,0.1739162937143809,50,0,3.3298512929440487,0,100,71.75946693116563,0,0,0.5783974587704567,100,0,1.1528533908265854,50,0,34.0,50,0
2021-11-20,0.20207963199873033,50,0,3.4228657237629503,0,100,71.75946693116563,0,0,0.5788836351166091,100,0,1.2492961274389147,50,0,43.0,50,0
2021-11-21,0.18974279211236908,50,0,3.375224054441567,0,100,71.75946693116563,0,0,0.5793971920116157,100,0,1.1584777213948092,50,0,49.0,50,0
2021-11-22,0.14640898492381094,50,0,3.2177641514451425,0,100,71.75946693116563,0,0,0.5798363612174825,100,0,1.1843396150655978,50,0,50.0,0,0
2021-11-23,0.1667727293027255,50,0,3.2833343313079424,0,100,71.75946693116563,0,0,0.580174504752171,100,0,1.1129860336597481,50,0,33.0,50,0
2021-11-24,0.15779868948673026,50,0,3.2487601225798968,0,100,71.75946693116563,0,0,0.5803728675331283,100,0,1.3127333902199214,50,0,42.0,50,0
2021-11-25,0.18157360773021247,50,0,3.3483867841457378,0,100,71.75946693116563,0,0,0.5804941518329095,100,0,1.1038074467580201,50,0,32.0,50,0
2021-11-26,0.09704885951031508,50,0,3.047579470642114,0,100,71.75946693116563,0,0,0.5801162243899898,100,0,1.0665672031845013,50,0,47.0,50,0
2021-11-27,0.11108684972133326,50,0,3.089479159179157,0,100,71.75946693116563,0,0,0.5798692023399096,100,0,1.1253001778438678,50,0,21.0,100,0
2021-11-28,0.15365161471505104,50,0,3.2312623971403753,0,100,71.75946693116563,0,0,0.579572852795063,100,0,1.0898081079967967,50,0,27.0,50,0
2021-11-29,0.16295485860431447,50,0,3.263044686792464,0,100,71.75946693116563,0,0,0.5793999663912516,100,0,1.186332674782216,50,0,33.0,50,0
2021-11-30,0.14868489515252942,50,0,3.2105506515646693,0,100,67.74754002918957,50,0,0.5791640915198741,100,0,1.108034994326542,50,0,40.0,50,0
2021-12-01,0.14856516602585312,50,0,3.2091764661248043,0,100,67.74754002918957,50,0,0.5791271435463793,100,0,1.1407430748432696,50,0,34.0,50,0
2021-12-02,0.13870419031756562,50,0,3.1695895730166628,0,100,67.74754002918957,50,0,0.5787829656381249,100,0,1.266960316516806,50,0,32.0,50,0
2021-12-03,0.09154543018835487,50,0,3.001119384612652,0,100,67.74754002918957,50,0,0.5783284206865118,100,0,1.357313651400738,50,0,31.0,50,0
2021-12-04,0.019572338538918654,50,0,2.744444054762755,0,100,67.74754002918957,50,0,0.5776327334312317,100,0,1.0881232596634944,50,0,25.0,100,0
2021-12-05,0.022704388857282598,50,0,2.749283854293407,0,100,67.74754002918957,50,0,0.5770430223741883,100,0,1.1696152167576916,50,0,18.0,100,0
2021-12-06,0.04346610539583643,50,0,2.8117410023381884,0,100,67.74754002918957,50,0,0.5766306358013132,100,0,1.1904051299183944,50,0,16.0,100,0
2021-12-07,0.04217244761198952,50,0,2.8091313414866557,0,100,67.74754002918957,50,0,0.5762277202174048,100,0,1.1120693959202452,50,0,25.0,100,0
2021-12-08,0.04108416987386454,50,0,2.800267624760609,0,100,67.74754002918957,50,0,0.5756433039149944,100,0,1.1871462514728925,50,0,28.0,50,0
2021-12-09,-0.0003302039395970912,50,0,2.6539831313195705,0,100,67.74754002918957,50,0,0.5746699453063899,100,0,1.1266785752329855,50,0,29.0,50,0
2021-12-10,-0.008178557551477427,50,0,2.622247708455536,0,100,67.74754002918957,50,0,0.5737188011399211,100,0,1.0576065531978793,50,0,24.0,100,0
2021-12-11,0.022742181492930356,50,0,2.722037633695994,0,100,67.74754002918957,50,0,0.5729198515086938,100,0,1.0231124940594618,50,0,16.0,100,0
2021-12-12,0.03618532814981405,50,0,2.762428059164941,0,100,67.74754002918957,50,0,0.5721493192696787,100,0,0.9679845374782206,50,0,27.0,50,0
2021-12-13,-0.01885177547008864,50,0,2.5739439917771727,0,100,67.74754002918957,50,0,0.5713570420408102,100,0,0.9668627800092681,50,0,28.0,50,0
2021-12-14,0.005536084579937851,50,0,2.652727001762817,0,100,67.74754002918957,50,0,0.5705623514217244,100,0,0.9869830124728248,50,0,21.0,100,0
2021-12-15,0.014152603482213116,50,0,2.6781399010041143,0,100,67.74754002918957,50,0,0.5700302418123707,100,0,0.953674083838317,50,0,28.0,50,0
2021-12-16,-0.005171497418050423,50,0,2.6102862854359365,0,100,67.74754002918957,50,0,0.5692580797696587,100,0,0.7860425845041354,50,0,29.0,50,0
2021-12-17,-0.026536412822561094,50,0,2.533921741188201,0,100,67.74754002918957,50,0,0.568437838556144,100,0,0.990934734784613,50,0,23.0,100,0
2021-12-18,-0.017121896302654368,50,0,2.5615309214964075,0,100,67.74754002918957,50,0,0.5677350277447598,100,0,0.821831590108321,50,0,24.0,100,0
2021-12-19,-0.01764449441927629,50,0,2.556345252556679,0,100,67.74754002918957,50,0,0.5672472739522247,100,0,0.9794339763465902,50,0,29.0,50,0
2021-12-20,-0.016032426563074072,50,0,2.5570498822457233,0,100,67.74754002918957,50,0,0.566705983585905,100,0,0.9339369695210685,50,0,25.0,100,0
2021-12-21,0.018769372303139808,50,0,2.668969664617794,0,100,67.74754002918957,50,0,0.5662307735085325,100,0,1.060039078610921,50,0,27.0,50,0
2021-12-22,0.012082679628768944,50,0,2.6438381677088203,0,100,67.74754002918957,50,0,0.5657576267002249,100,0,1.002728382004683,50,0,45.0,50,0
2021-12-23,0.044535738173664734,50,0,2.7492116061317167,0,100,67.74754002918957,50,0,0.5654483801926455,100,0,1.0352364932809557,50,0,34.0,50,0
2021-12-24,0.045143242044326085,50,0,2.748729227974663,0,100,67.74754002918957,50,0,0.5651910660168791,100,0,1.073649677891694,50,0,41.0,50,0
2021-12-25,0.042041666038432006,50,0,2.733938679037628,0,100,67.74754002918957,50,0,0.5647361740692061,100,0,1.02699144617435,50,0,39.0,50,0
2021-12-26,0.045105446346360566,50,0,2.7408130284880237,0,100,67.74754002918957,50,0,0.5641413387462576,100,0,0.9289640350768139,50,0,37.0,50,0
2021-12-27,0.04476816259936431,50,0,2.73643950827866,0,100,67.74754002918957,50,0,0.563989303967487,100,0,1.0365722344395798,50,0,40.0,50,0
2021-12-28,-0.006356613882207869,50,0,2.564530089602588,0,100,67.74754002918957,50,0,0.5636590253167159,100,0,0.9423119844123036,50,0,41.0,50,0
2021-12-29,-0.025745123426840117,50,0,2.4963618513169616,0,0,67.74754002918957,50,0,0.5633525188329571,100,0,0.953580658095155,50,0,27.0,50,0
2021-12-30,-0.015450355503075167,50,0,2.526812392721434,0,100,67.74754002918957,50,0,0.5633015786380183,100,0,0.7671436122623531,50,0,22.0,100,0
2021-12-31,-0.027822306005538356,50,0,2.4833580731908684,0,0,58.95393037779126,50,0,0.5630958284769881,100,0,0.9707400697084155,50,0,28.0,50,0
2022-01-01,-0.007936095005732797,50,0,2.5443889425338715,0,100,58.95393037779126,50,0,0.5628435832190569,100,0,1.0866335087791168,50,0,21.0,100,0
2022-01-02,-0.011402823582890279,50,0,2.5298210161371455,0,100,58.95393037779126,50,0,0.5626871541145818,100,0,1.0435427468255687,50,0,29.0,50,0
2022-01-03,-0.026137129683391495,50,0,2.4784829523930614,0,0,58.95393037779126,50,0,0.5623037478271661,100,0,0.9079971820567895,50,0,29.0,50,0
2022-01-04,-0.03457626036288466,50,0,2.445989164538229,0,0,58.95393037779126,50,0,0.5617689794178542,100,0,0.9364764668401859,50,0,23.0,100,0
2022-01-05,-0.07330410721245598,50,0,2.316477342100861,0,0,58.95393037779126,50,0,0.5611016695834309,100,0,0.945470214950023,50,0,24.0,100,0
2022-01-06,-0.0791247514959236,50,0,2.292990494326558,0,0,58.95393037779126,50,0,0.560316821526031,100,0,0.871530799915511,50,0,15.0,100,0
2022-01-07,-0.10511270428306836,50,0,2.2035498746699513,0,0,58.95393037779126,50,0,0.5594071227282149,100,0,0.8296968492496755,50,0,18.0,100,0
2022-01-08,-0.10002792902765878,50,0,2.216011902766886,0,0,58.95393037779126,50,0,0.558576369356216,100,0,0.817597192585475,50,0,10.0,100,0
2022-01-09,-0.09846108864736858,50,0,2.2178886412613523,0,0,58.95393037779126,50,0,0.5581655578455051,100,0,0.8024087905298898,50,0,23.0,100,0
2022-01-10,-0.09935431046009827,50,0,2.2114736293817656,0,0,58.95393037779126,50,0,0.5579753154468509,100,0,0.8149336200018099,50,0,23.0,100,0
2022-01-11,-0.0832255548003629,50,0,2.2589112071353643,0,0,58.95393037779126,50,0,0.5575651202405466,100,0,0.9052621490277277,50,0,21.0,100,0
2022-01-12,-0.06375820606134232,50,0,2.318788076610122,0,0,58.95393037779126,50,0,0.5570323954130812,100,0,0.8143420148187065,50,0,22.0,100,0
2022-01-13,-0.0856809245115041,50,0,2.2455090377879485,0,0,58.95393037779126,50,0,0.5567156645210962,100,0,1.0730801110209744,50,0,21.0,100,0
2022-01-14,-0.07764398021485577,50,0,2.267609474658286,0,0,58.95393037779126,50,0,0.556455840718291,100,0,0.9236034728090604,50,0,21.0,100,0
2022-01-15,-0.07597504792076944,50,0,2.2700688717687965,0,0,58.95393037779126,50,0,0.5561717152884199,100,0,0.974119906097676,50,0,23.0,100,0
2022-01-16,-0.07668604894610719,50,0,2.265108596194511,0,0,58.95393037779126,50,0,0.555905545359617,100,0,1.0261226679414743,50,0,21.0,100,0
2022-01-17,-0.09212191456930863,50,0,2.2120712120063066,0,0,58.95393037779126,50,0,0.555713954826355,100,0,0.9454175448610942,50,0,22.0,100,0
2022-01-18,-0.08819024352862537,50,0,2.220810445604925,0,0,58.95393037779126,50,0,0.5555807878594043,100,0,0.7804271835672151,50,0,24.0,100,0
2022-01-19,-0.09798591655164392,50,0,2.184442287565352,0,0,58.95393037779126,50,0,0.5552575015962284,100,0,1.010307250818745,50,0,24.0,100,0
2022-01-20,-0.1145262935022965,50,0,2.127969663846748,0,0,58.95393037779126,50,0,0.554458157919551,100,0,1.00407747182873,50,0,24.0,100,0
2022-01-21,-0.18279861457690955,50,0,1.903377219617371,0,0,58.95393037779126,50,0,0.5534584482313616,100,0,0.7114638246159777,50,0,19.0,100,0
2022-01-22,-0.20720582218474948,50,0,1.823561164845626,0,0,58.95393037779126,50,0,0.5523722975730765,100,0,0.6496479590737843,50,0,13.0,100,0
2022-01-23,-0.1854232595494913,50,0,1.8880243157106331,0,0,58.95393037779126,50,0,0.5512506800945809,100,0,0.6793972006602712,50,0,11.0,100,0
2022-01-24,-0.17806971893837362,50,0,1.9062369514446413,0,0,58.95393037779126,50,0,0.550172209899234,100,0,0.7298149912784471,50,0,13.0,100,0
2022-01-25,-0.1729375617691067,50,0,1.9193895994999315,0,0,58.95393037779126,50,0,0.548764575310525,100,0,0.7568798775861026,50,0,12.0,100,0
2022-01-26,-0.1746652251806,50,0,1.910757106834563,0,0,58.95393037779126,50,0,0.547450500584529,100,0,0.6764896684162125,50,0,23.0,100,0
2022-01-27,-0.17093859964509917,50,0,1.91880540463461,0,0,58.95393037779126,50,0,0.5462260095137075,100,0,0.6521938199258254,50,0,20.0,100,0
2022-01-28,-0.15750628451838633,50,0,1.9552775574312191,0,0,58.95393037779126,50,0,0.5449331877461051,100,0,0.7794188060747299,50,0,24.0,100,0
2022-01-29,-0.1509947458935578,50,0,1.9695451950214555,0,0,58.95393037779126,50,0,0.543677110508427,100,0,0.769912788617811,50,0,24.0,100,0
2022-01-30,-0.1522222626001974,50,0,1.9618674503339981,0,0,58.95393037779126,50,0,0.5422236946898104,100,0,0.7664071470696854,50,0,29.0,50,0
2022-01-31,-0.14395196709130975,50,0,1.984315741095323,0,0,53.463041703588836,50,0,0.5408768804646337,100,0,0.7360478166523814,50,0,20.0,100,0
2022-02-01,-0.14197167707215605,50,0,1.9987873735919366,0,0,53.463041703588836,50,0,0.539473723107213,100,0,0.8123398371912747,50,0,26.0,50,0
2022-02-02,-0.17281536067473194,50,0,1.901568705019165,0,0,53.463041703588836,50,0,0.5380503004374887,100,0,0.7948976776490584,50,0,28.0,50,0
2022-02-03,-0.17052622047079322,50,0,1.9053849318143161,0,0,53.463041703588836,50,0,0.5362326750441079,100,0,0.7479621253250843,50,0,20.0,100,0
2022-02-04,-0.10327798797025188,50,0,2.1095257340095803,0,0,53.463041703588836,50,0,0.5348418058402279,100,0,0.6874126312548503,50,0,20.0,100,0
2022-02-05,-0.09627546261830697,50,0,2.1288355043489755,0,0,53.463041703588836,50,0,0.5334266802238437,100,0,0.6802520342296312,50,0,33.0,50,0
2022-02-06,-0.0820653518852264,50,0,2.1696013939115604,0,0,53.463041703588836,50,0,0.5320655811582348,100,0,0.8856088804650456,50,0,37.0,50,0
2022-02-07,-0.057203438637451594,50,0,2.244955693465142,0,0,53.463041703588836,50,0,0.53046780813223,100,0,0.8060212949026738,50,0,45.0,50,0
2022-02-08,-0.05314276258478465,50,0,2.256120550358081,0,0,53.463041703588836,50,0,0.5285491049657393,100,0,0.9389156863443322,50,0,48.0,50,0
2022-02-09,-0.049636603848894775,50,0,2.265162853700995,0,0,53.463041703588836,50,0,0.5270225848573792,100,0,0.8587062787032852,50,0,54.0,0,0
2022-02-10,-0.06331988633414032,50,0,2.2219355397925398,0,0,53.463041703588836,50,0,0.5255354997403684,100,0,0.9011121005994577,50,0,50.0,0,0
2022-02-11,-0.08478227234807421,50,0,2.1551956658210734,0,0,53.463041703588836,50,0,0.5238800643114918,100,0,0.8570734737061374,50,0,50.0,0,0
2022-02-12,-0.08817425063561249,50,0,2.143179196856049,0,0,53.463041703588836,50,0,0.5222361013183712,100,0,1.0835748903806484,50,0,44.0,50,0
2022-02-13,-0.08786561392726377,50,0,2.1416723197704295,0,0,53.463041703588836,50,0,0.5203742344743024,100,0,0.9151220013050378,50,0,44.0,50,0
2022-02-14,-0.08032254240518782,50,0,2.1618295046833245,0,0,53.463041703588836,50,0,0.5189207568313349,100,0,0.8857526330820708,50,0,46.0,50,0
2022-02-15,-0.04977907718849622,50,0,2.2534200873900585,0,0,53.463041703588836,50,0,0.5177153365844797,100,0,1.0528032183378104,50,0,46.0,50,0
2022-02-16,-0.0575512313323064,50,0,2.227938724478952,0,0,53.463041703588836,50,0,0.5163662375208373,100,0,0.9526226791673743,50,0,51.0,0,0
2022-02-17,-0.11486379279783888,50,0,2.0508261459007,0,0,53.463041703588836,50,0,0.5145715281317811,100,0,0.9226711318293346,50,0,52.0,0,0
2022-02-18,-0.12401545024193664,50,0,2.019979069559357,0,0,53.463041703588836,50,0,0.5127951941016757,100,0,0.7439024099459751,50,0,30.0,50,0
2022-02-19,-0.12309873303143208,50,0,2.0203117999867293,0,0,53.463041703588836,50,0,0.5110547195865697,100,0,0.818216631201276,50,0,25.0,100,0
2022-02-20,-0.14887136034963896,50,0,1.940423211461495,0,0,53.463041703588836,50,0,0.5093104169287412,100,0,0.7663513814704978,50,0,27.0,50,0
2022-02-21,-0.1727414648217798,50,0,1.865370662098377,0,0,53.463041703588836,50,0,0.5073182339909412,100,0,0.6552807947529112,50,0,25.0,100,0
2022-02-22,-0.15395397485457762,50,0,1.9189425606687878,0,0,53.463041703588836,50,0,0.5054803129342008,100,0,0.8052607513603182,50,0,20.0,100,0
2022-02-23,-0.16897542716947508,50,0,1.8721088258048122,0,0,53.463041703588836,50,0,0.5037706718553929,100,0,0.790533997975355,50,0,25.0,100,0
2022-02-24,-0.15241896470839378,50,0,1.9190639304341712,0,0,53.463041703588836,50,0,0.5022092432783807,100,0,0.6711388023300858,50,0,23.0,100,0
2022-02-25,-0.13477013255028727,50,0,1.969056116461559,0,0,53.463041703588836,50,0,0.5006534124399513,100,0,0.7238270351457952,50,0,27.0,50,0
2022-02-26,-0.1390848426247132,50,0,1.9536007635016657,0,0,53.463041703588836,50,0,0.4990448248265959,100,0,0.7448990082592407,50,0,26.0,50,0
2022-02-27,-0.16235466547666438,50,0,1.8820824815649668,0,0,53.463041703588836,50,0,0.49687173023211034,100,0,0.7294317624751224,50,0,26.0,50,0
2022-02-28,-0.07182657074825304,50,0,2.155025518826233,0,0,56.09480203698335,50,0,0.4949825680876677,100,0,0.8398069257677697,50,0,20.0,100,0
2022-03-01,-0.05332352080483398,50,0,2.209902333849748,0,0,56.09480203698335,50,0,0.49340037479420223,100,0,0.989367180024293,50,0,51.0,0,0
2022-03-02,-0.05955871401296154,50,0,2.189750876466263,0,0,56.09480203698335,50,0,0.4918381052640189,100,0,0.8533266372300966,50,0,52.0,0,0
2022-03-03,-0.08508896723283116,50,0,2.113021594251871,0,0,56.09480203698335,50,0,0.4902310601109831,100,0,0.8991656900045052,50,0,39.0,50,0
2022-03-04,-0.14089392973121473,50,0,1.942599683677346,0,0,56.09480203698335,50,0,0.48838014012136116,100,0,0.8001417595756243,50,0,33.0,50,0
2022-03-05,-0.13619955091504243,50,0,1.9543316740095362,0,0,56.09480203698335,50,0,0.4864849398915839,100,0,0.6844479142803054,50,0,22.0,100,0
2022-03-06,-0.15271422359840817,50,0,1.9035326776712969,0,0,56.09480203698335,50,0,0.48461901423447257,100,0,0.713913969848123,50,0,22.0,100,0
2022-03-07,-0.15661532947103127,50,0,1.8890834649563393,0,0,56.09480203698335,50,0,0.4829730483178032,100,0,0.7915706882058843,50,0,23.0,100,0
2022-03-08,-0.14634735464892545,50,0,1.9157437400645787,0,0,56.09480203698335,50,0,0.4813817905706531,100,0,0.8006710948986735,50,0,21.0,100,0
2022-03-09,-0.09238909523652525,50,0,2.0748125375740174,0,0,56.09480203698335,50,0,0.48027078948905394,100,0,0.8031174530622187,50,0,22.0,100,0
2022-03-10,-0.1353800394850592,50,0,1.9488334977108919,0,0,56.09480203698335,50,0,0.4788427078883662,100,0,0.8093370244593889,50,0,28.0,50,0
2022-03-11,-0.14574939745214316,50,0,1.9143571791129566,0,0,56.09480203698335,50,0,0.4772967776086225,100,0,0.7658022414071264,50,0,22.0,100,0
2022-03-12,-0.14362572948890273,50,0,1.9184998033524763,0,0,56.09480203698335,50,0,0.47586026710039414,100,0,0.8538578920955691,50,0,22.0,100,0
2022-03-13,-0.16282569829471952,50,0,1.8603063244595244,0,0,56.09480203698335,50,0,0.4745902543696111,100,0,0.844220628642708,50,0,21.0,100,0
2022-03-14,-0.13198533757940797,50,0,1.9487551362935247,0,0,56.09480203698335,50,0,0.4733741467125908,100,0,0.8329040774163534,50,0,23.0,100,0
2022-03-15,-0.13670580615798752,50,0,1.9322978928568453,0,0,56.09480203698335,50,0,0.47221617017766426,100,0,0.7660834010371812,50,0,21.0,100,0
2022-03-16,-0.1080694704138127,50,0,2.0156530640412798,0,0,56.09480203698335,50,0,0.4709963254554229,100,0,0.8912211275566422,50,0,24.0,100,0
2022-03-17,-0.1098164527776059,50,0,2.0067015992293475,0,0,56.09480203698335,50,0,0.47026982773543907,100,0,0.9193459490329645,50,0,27.0,50,0
2022-03-18,-0.0957307830524001,50,0,2.0464078631726736,0,0,56.09480203698335,50,0,0.4695254166228492,100,0,0.8277763644489748,50,0,25.0,100,0
2022-03-19,-0.0897826874860725,50,0,2.0619187457795354,0,0,56.09480203698335,50,0,0.46850042704592326,100,0,0.9169731388630216,50,0,28.0,50,0
2022-03-20,-0.10490782619592945,50,0,2.015706732805232,0,0,56.09480203698335,50,0,0.46737332704118273,100,0,0.9060136558330069,50,0,31.0,50,0
2022-03-21,-0.10888684234411727,50,0,2.0021851142140625,0,0,56.09480203698335,50,0,0.4663241353972829,100,0,0.8927840305819317,50,0,30.0,50,0
2022-03-22,-0.08729050693047488,50,0,2.0640121256881367,0,0,56.09480203698335,50,0,0.4653357053513802,100,0,0.8978497020835955,50,0,26.0,50,0
2022-03-23,-0.08183832213244156,50,0,2.078560899170379,0,0,56.09480203698335,50,0,0.46437557357191445,100,0,0.8741529606355546,50,0,31.0,50,0
2022-03-24,-0.06168913179749833,50,0,2.1361913568867084,0,0,56.09480203698335,50,0,0.4638317607039847,100,0,0.8842420463404769,50,0,40.0,50,0
2022-03-25,-0.05914618652806828,50,0,2.1515273508142503,0,0,56.09480203698335,50,0,0.46375556136726215,100,0,0.9880707211573492,50,0,47.0,50,0
2022-03-26,-0.056453601001921296,50,0,2.1571350014817146,0,0,56.09480203698335,50,0,0.4637207697712941,100,0,1.0299723756282333,50,0,51.0,0,0
2022-03-27,-0.019822347395290603,50,0,2.2634180044900782,0,0,56.09480203698335,50,0,0.4637316508272582,100,0,0.850745459377976,50,0,49.0,50,0
2022-03-28,-0.01444320500825319,50,0,2.2818567914793344,0,0,56.09480203698335,50,0,0.4637687860944628,100,0,1.0760206878501,50,0,60.0,0,0
2022-03-29,-0.01207408021211269,50,0,2.290293661693437,0,0,56.09480203698335,50,0,0.463931796492062,100,0,1.0268678405211913,50,0,56.0,0,0
2022-03-30,-0.018375665070462784,50,0,2.2707565820311433,0,0,56.09480203698335,50,0,0.4643062125331413,100,0,0.9157604775445438,50,0,55.0,0,0
2022-03-31,-0.04385813093801369,50,0,2.1926574564065358,0,0,57.40541971387864,50,0,0.46463289949055847,100,0,0.9327577388040832,50,0,52.0,0,0
2022-04-01,-0.03322814560450657,50,0,2.2228138052729065,0,0,57.40541971387864,50,0,0.46477473515795287,100,0,0.9312127792156956,50,0,50.0,0,0
2022-04-02,-0.03835036785601504,50,0,2.2049946506492777,0,0,57.40541971387864,50,0,0.46477778780600265,100,0,0.9197459515576311,50,0,52.0,0,0
2022-04-03,-0.03044318572774062,50,0,2.2260679281720326,0,0,57.40541971387864,50,0,0.46503244101462815,100,0,0.9275396162118529,50,0,48.0,50,0
2022-04-04,-0.027330702508907113,50,0,2.2337350928339377,0,0,57.40541971387864,50,0,0.4651372714851371,100,0,1.0486628537285116,50,0,52.0,0,0
2022-04-05,-0.04344568609067893,50,0,2.184458730960969,0,0,57.40541971387864,50,0,0.46514153019795124,100,0,0.9843600783166704,50,0,53.0,0,0
2022-04-06,-0.08204787863182506,50,0,2.06777276525635,0,0,57.40541971387864,50,0,0.4650236769941991,100,0,0.9810415484172825,50,0,48.0,50,0
2022-04-07,-0.07758350213364337,50,0,2.077839408745693,0,0,57.40541971387864,50,0,0.46499276172044063,100,0,0.8797457414416465,50,0,34.0,50,0
2022-04-08,-0.09932927577861363,50,0,2.0112305587350963,0,0,57.40541971387864,50,0,0.46478482006364147,100,0,0.8546166246209447,50,0,37.0,50,0
2022-04-09,-0.09179342476810712,50,0,2.0306644242965706,0,0,57.40541971387864,50,0,0.46459178091386344,100,0,0.9388198189695963,50,0,30.0,50,0
2022-04-10,-0.09859314710356572,50,0,2.0084224348296553,0,0,57.40541971387864,50,0,0.4643230146160244,100,0,0.8661432421784607,50,0,34.0,50,0
2022-04-11,-0.14278833331364688,50,0,1.877063155762804,0,0,57.40541971387864,50,0,0.46379932365295806,100,0,0.8235201435150946,50,0,32.0,50,0
2022-04-12,-0.13439786716558905,50,0,1.9011176951345006,0,0,57.40541971387864,50,0,0.46338338070408003,100,0,0.8892796865808694,50,0,20.0,100,0
2022-04-13,-0.11703413883996663,50,0,1.9489050246310746,0,0,57.40541971387864,50,0,0.4628334437948389,100,0,0.8290141910721514,50,0,25.0,100,0
2022-04-14,-0.13805322407425477,50,0,1.8882323509734145,0,0,57.40541971387864,50,0,0.46215346143023833,100,0,0.8228649671042266,50,0,28.0,50,0
2022-04-15,-0.1280180071381233,50,0,1.914919492396668,0,0,57.40541971387864,50,0,0.46165561828926177,100,0,0.9287394233906636,50,0,22.0,100,0
2022-04-16,-0.12941664005013812,50,0,1.9085870720372817,0,0,57.40541971387864,50,0,0.46113342923930095,100,0,0.7904906053005638,50,0,28.0,50,0
2022-04-17,-0.1415478201641345,50,0,1.871808872558853,0,0,57.40541971387864,50,0,0.46052105175400826,100,0,0.9698538790733461,50,0,28.0,50,0
2022-04-18,-0.12311736945604426,50,0,1.922122714466905,0,0,57.40541971387864,50,0,0.4603163164981512,100,0,0.7795030392416059,50,0,24.0,100,0
2022-04-19,-0.11224035674621391,50,0,1.9514280269928448,0,0,57.40541971387864,50,0,0.46017598972496826,100,0,0.7489754067728848,50,0,27.0,50,0
2022-04-20,-0.11391965126542512,50,0,1.9447425520181556,0,0,57.40541971387864,50,0,0.4600710439934723,100,0,0.9738501579938214,50,0,27.0,50,0
2022-04-21,-0.13064726724459533,50,0,1.8985195642962982,0,0,57.40541971387864,50,0,0.4599504351377051,100,0,1.036466131138226,50,0,27.0,50,0
2022-04-22,-0.14199146301792476,50,0,1.8626523860391127,0,0,57.40541971387864,50,0,0.4596819482655126,100,0,0.8018149725641145,50,0,26.0,50,0
2022-04-23,-0.14453730236331527,50,0,1.8532897263444907,0,0,57.40541971387864,50,0,0.45946326891259115,100,0,0.9516810326490149,50,0,24.0,100,0
2022-04-24,-0.14566353432358736,50,0,1.8479123777688466,0,0,57.40541971387864,50,0,0.45931603953809713,100,0,0.9965599333001193,50,0,24.0,100,0
2022-04-25,-0.12966106567599758,50,0,1.8907466889356168,0,0,57.40541971387864,50,0,0.45922206763620843,100,0,0.9422642756498263,50,0,23.0,100,0
2022-04-26,-0.16853851492022956,50,0,1.7766897762857992,0,0,57.40541971387864,50,0,0.45921623937019096,100,0,0.8247857225796821,50,0,27.0,50,0
2022-04-27,-0.14951681136280692,50,0,1.8281405158037518,0,0,57.40541971387864,50,0,0.45916571790060534,100,0,0.9999279795511279,50,0,21.0,100,0
2022-04-28,-0.1407517848169314,50,0,1.8507321653215847,0,0,57.40541971387864,50,0,0.4592699847972086,100,0,0.7773607950000216,50,0,24.0,100,0
2022-04-29,-0.15912026842820715,50,0,1.7957880830518682,0,0,57.40541971387864,50,0,0.45928276995274664,100,0,0.8746032914068597,50,0,23.0,100,0
2022-04-30,-0.1735874583854862,50,0,1.7523167121727266,0,0,51.90949341105689,50,0,0.4591364721528493,100,0,0.8707135018639892,50,0,20.0,100,0
2022-05-01,-0.16127063989830226,50,0,1.7850363813450516,0,0,51.90949341105689,50,0,0.4590201343762736,100,0,0.9538875974700152,50,0,22.0,100,0
2022-05-02,-0.1585684560220179,50,0,1.7881005729877075,0,0,51.90949341105689,50,0,0.45874128617767784,100,0,0.9224178622034573,50,0,28.0,50,0
2022-05-03,-0.17207675221634064,50,0,1.7463453569580618,0,0,51.90949341105689,50,0,0.4582598721933225,100,0,0.8571854807541953,50,0,27.0,50,0
2022-05-04,-0.14023487604754867,50,0,1.834075441985283,0,0,51.90949341105689,50,0,0.4579005229925562,100,0,0.8498192594003996,50,0,21.0,100,0
2022-05-05,-0.19157510434845693,50,0,1.6871369396344051,0,0,51.90949341105689,50,0,0.4573610223063462,100,0,0.9166924122780535,50,0,27.0,50,0
2022-05-06,-0.19864555239665374,50,0,1.6643027703129603,0,0,51.90949341105689,50,0,0.45667199543132586,100,0,0.7889417922376711,50,0,22.0,100,0
2022-05-07,-0.2073282848905661,50,0,1.6380773135025923,0,0,51.90949341105689,50,0,0.45596207333775,100,0,0.77711207775117,50,0,23.0,100,0
2022-05-08,-0.23099398519558167,50,0,1.5697804532085016,0,0,51.90949341105689,50,0,0.4551610094435884,100,0,0.8115914922823696,50,0,18.0,100,0
2022-05-09,-0.2881344435432191,50,0,1.4027116964040744,0,0,51.90949341105689,50,0,0.45419123032865477,100,0,0.7731217005380444,50,0,11.0,100,0
2022-05-10,-0.2780087888236474,50,0,1.4260920515843944,0,0,51.90949341105689,50,0,0.4533132302740971,100,0,0.7315885825896267,50,0,10.0,100,0
2022-05-11,-0.3121077275706939,50,0,1.3241474207470185,0,0,51.90949341105689,50,0,0.45240740388172307,100,0,0.6822642032606511,50,0,12.0,100,0
2022-05-12,-0.3069190005920207,50,0,1.3339122732563955,0,0,51.90949341105689,50,0,0.4519283141727087,100,0,0.601190107302074,50,0,12.0,100,0
2022-05-13,-0.30159490112486037,50,0,1.3446211509119896,0,0,51.90949341105689,50,0,0.45153391905585427,100,0,0.7179066334315299,50,0,10.0,100,0
2022-05-14,-0.28933611574019585,50,0,1.3787149927905535,0,0,51.90949341105689,50,0,0.4510391320902993,100,0,0.6458794076029146,50,0,9.0,100,0
2022-05-15,-0.2701610665118398,50,0,1.4294249697235777,0,0,51.90949341105689,50,0,0.4506144695983774,100,0,0.5955415485949888,50,0,10.0,100,0
2022-05-16,-0.29167410253674136,50,0,1.3691137977357324,0,0,51.90949341105689,50,0,0.45011443412328406,100,0,0.7703570300027676,50,0,14.0,100,0
2022-05-17,-0.28192399279177865,50,0,1.3931881988794288,0,0,51.90949341105689,50,0,0.4496476411086537,100,0,0.6889200771321257,50,0,8.0,100,0
2022-05-18,-0.30965203920573486,50,0,1.315968544469455,0,0,51.90949341105689,50,0,0.44906808988299735,100,0,0.614151395778882,50,0,12.0,100,0
2022-05-19,-0.2837127117977102,50,0,1.3829374643452397,0,0,51.90949341105689,50,0,0.4485638348876842,100,0,0.569244528721591,50,0,13.0,100,0
2022-05-20,-0.30069252710787553,50,0,1.3347408030748644,0,0,51.90949341105689,50,0,0.4478860003165112,100,0,0.592908165020998,50,0,13.0,100,0
2022-05-21,-0.29721282203691707,50,0,1.3427208300447944,0,0,51.90949341105689,50,0,0.447189920564159,100,0,0.6196194063285159,50,0,13.0,100,0
2022-05-22,-0.28163919047010794,50,0,1.3833007396540185,0,0,51.90949341105689,50,0,0.4465199410035021,100,0,0.5597492053209525,50,0,14.0,100,0
2022-05-23,-0.3022671286067281,50,0,1.3256617161739286,0,0,51.90949341105689,50,0,0.4456686519617115,100,0,0.7449554248686157,50,0,10.0,100,0
2022-05-24,-0.2926503991513043,50,0,1.3500411530453613,0,0,51.90949341105689,50,0,0.4450375707552692,100,0,0.5460575602367641,50,0,12.0,100,0
2022-05-25,-0.29354861435867136,50,0,1.3460801039147816,0,0,51.90949341105689,50,0,0.44450123241812006,100,0,0.6662289458988895,50,0,11.0,100,0
2022-05-26,-0.29728858649577444,50,0,1.3340114628121402,0,0,51.90949341105689,50,0,0.4435220391149135,100,0,0.6451099129249842,50,0,12.0,100,0
2022-05-27,-0.30883733787381107,50,0,1.3003830010269024,0,0,51.90949341105689,50,0,0.4424558698114834,100,0,0.6195859911522639,50,0,12.0,100,0
2022-05-28,-0.3013564417643598,50,0,1.3191909850754497,0,0,51.90949341105689,50,0,0.4412906533087257,100,0,0.6596911964038499,50,0,13.0,100,0
2022-05-29,-0.2947778205577459,50,0,1.3357377362474465,0,0,51.90949341105689,50,0,0.44008936928276476,100,0,0.668168453831462,50,0,14.0,100,0
2022-05-30,-0.25534842274612896,50,0,1.4392950880003372,0,0,51.90949341105689,50,0,0.4390711131287299,100,0,0.7265057585259719,50,0,10.0,100,0
2022-05-31,-0.2542145463886448,50,0,1.4424977018314356,0,0,48.18557653586466,50,0,0.4380288281571606,100,0,0.7162727194426985,50,0,16.0,100,0
2022-06-01,-0.2878314799515376,50,0,1.350643585174533,0,0,48.18557653586466,50,0,0.4368620108926371,100,0,0.659634740431582,50,0,17.0,100,0
2022-06-02,-0.27501794963812093,50,0,1.380336752007699,0,0,48.18557653586466,50,0,0.4358652658626514,100,0,0.588124821598277,50,0,13.0,100,0
2022-06-03,-0.28902928484406387,50,0,1.34128931146288,0,0,48.18557653586466,50,0,0.4347592533905693,100,0,0.6690931196774585,50,0,10.0,100,0
2022-06-04,-0.28629284843520897,50,0,1.3461648558718995,0,0,48.18557653586466,50,0,0.433655269791875,100,0,0.6496381052599132,50,0,14.0,100,0
2022-06-05,-0.28403869325917647,50,0,1.3507250547678857,0,0,48.18557653586466,50,0,0.43251479375086516,100,0,0.6817294621563283,50,0,10.0,100,0
2022-06-06,-0.25928240561955285,50,0,1.4136493384513003,0,0,48.18557653586466,50,0,0.4311795865523115,100,0,0.7365143995362047,50,0,13.0,100,0
2022-06-07,-0.2614134943358217,50,0,1.4053844940861375,0,0,48.18557653586466,50,0,0.4298970209432884,100,0,0.7519559302207823,50,0,15.0,100,0
2022-06-08,-0.2775098514802069,50,0,1.3616621983381691,0,0,48.18557653586466,50,0,0.42893064684844057,100,0,0.8387167355835214,50,0,17.0,100,0
2022-06-09,-0.27964887806371624,50,0,1.3532521378853415,0,0,48.18557653586466,50,0,0.42803854539164976,100,0,0.6831845306151806,50,0,11.0,100,0
2022-06-10,-0.29646326785635413,50,0,1.307542557603967,0,0,48.18557653586466,50,0,0.42698416007975215,100,0,0.6777214720935351,50,0,13.0,100,0
2022-06-11,-0.30828023581653724,50,0,1.274722463509945,0,0,48.18557653586466,50,0,0.4260400664024402,100,0,0.6886452636427975,50,0,12.0,100,0
2022-06-12,-0.3343289659635437,50,0,1.205137587505525,0,0,48.18557653586466,50,0,0.42520202301748083,100,0,0.5524280947773619,50,0,14.0,100,0
2022-06-13,-0.40892295214655133,50,0,1.0018648355282993,50,0,48.18557653586466,50,0,0.4239087940129777,100,0,0.5163566975585926,50,0,11.0,100,0
2022-06-14,-0.4104119633108061,50,0,0.9904334558560209,100,0,48.18557653586466,50,0,0.4227296915564961,100,0,0.5098634667263324,50,0,8.0,100,0
2022-06-15,-0.4006604318021181,50,0,1.0100062678009505,50,0,48.18557653586466,50,0,0.42145827669560915,100,0,0.5536545258273234,50,0,7.0,100,0
2022-06-16,-0.4385117618758493,50,0,0.91045636986836,100,0,48.18557653586466,50,0,0.41986897274257307,100,0,0.4035405984517873,100,0,7.0,100,0
2022-06-17,-0.4342767955863791,50,0,0.9169853536509937,100,0,48.18557653586466,50,0,0.41832363156704605,100,0,0.3541785793131305,100,0,9.0,100,0
2022-06-18,-0.4591193777684847,50,0,0.8516228543802036,100,0,48.18557653586466,50,0,0.41683084243317486,100,0,0.4716306565165702,100,0,6.0,100,0
2022-06-19,-0.43236376541919574,50,0,0.9174300391514653,100,0,48.18557653586466,50,0,0.4149003497097874,100,0,0.39996029331520694,100,0,6.0,100,0
2022-06-20,-0.4306072639235557,50,0,0.920560863074262,100,0,48.18557653586466,50,0,0.4128141834346138,100,0,0.42767700849494583,100,0,9.0,100,0
2022-06-21,-0.4278288847082751,50,0,0.9253686943822256,100,0,48.18557653586466,50,0,0.41077505715975143,100,0,0.4929450952234077,100,0,9.0,100,0
2022-06-22,-0.4395252636927411,50,0,0.8943265596533381,100,0,48.18557653586466,50,0,0.4088287595543477,100,0,0.4116066124511413,100,0,11.0,100,0
2022-06-23,-0.41956372915015483,50,0,0.9427965443769458,100,0,48.18557653586466,50,0,0.40728281290215457,100,0,0.4936194626632,100,0,11.0,100,0
2022-06-24,-0.415524182070901,50,0,0.9513790352376816,100,0,48.18557653586466,50,0,0.4057504460181863,100,0,0.43341784181110965,100,0,11.0,100,0
2022-06-25,-0.4125436820315674,50,0,0.9584895103311333,100,0,48.18557653586466,50,0,0.40432234357903307,100,0,0.5014932134319976,50,0,14.0,100,0
2022-06-26,-0.41974332788515484,50,0,0.9401229322692485,100,0,48.18557653586466,50,0,0.40290428523214394,100,0,0.46189915652355584,100,0,14.0,100,0
2022-06-27,-0.4249738658837397,50,0,0.9256298068957455,100,0,48.18557653586466,50,0,0.40136979344926754,100,0,0.44871030546700613,100,0,12.0,100,0
2022-06-28,-0.43346730132037775,50,0,0.9034902442332422,100,0,48.18557653586466,50,0,0.39944360453462274,100,0,0.4801988247029119,100,0,10.0,100,0
2022-06-29,-0.4363989861668145,50,0,0.8949912694561185,100,0,48.18557653586466,50,0,0.39776442592214145,100,0,0.4758922049331685,100,0,13.0,100,0
2022-06-30,-0.44878137716710353,50,0,0.8613128503994841,100,0,41.39148954753816,50,0,0.3960640272296507,100,0,0.5176644355593144,50,0,11.0,100,0
2022-07-01,-0.4480470014159402,50,0,0.8613740162268003,100,0,41.39148954753816,50,0,0.39434192559822384,100,0,0.41287758075715036,100,0,11.0,100,0
2022-07-02,-0.44988413668695687,50,0,0.8561459727976892,100,0,41.39148954753816,50,0,0.3927297598102846,100,0,0.41586448613594834,100,0,14.0,100,0
2022-07-03,-0.44882544966650395,50,0,0.8578080882576558,100,0,41.39148954753816,50,0,0.39093093309961496,100,0,0.46346671773748005,100,0,11.0,100,0
2022-07-04,-0.4314128370528223,50,0,0.8997027448314483,100,0,41.39148954753816,50,0,0.38921294059612843,100,0,0.4377144095926658,100,0,14.0,100,0
2022-07-05,-0.4318458627280601,50,0,0.8978706748529212,100,0,41.39148954753816,50,0,0.38727938154321706,100,0,0.3746712149407608,100,0,19.0,100,0
2022-07-06,-0.4243940432700598,50,0,0.913811491139047,100,0,41.39148954753816,50,0,0.3854464781633082,100,0,0.41551123557503444,100,0,18.0,100,0
2022-07-07,-0.40431389512289667,50,0,0.9618183104862678,100,0,41.39148954753816,50,0,0.3836119266266041,100,0,0.5170690953873966,50,0,18.0,100,0
2022-07-08,-0.4011502895879521,50,0,0.9685577181366101,100,0,41.39148954753816,50,0,0.38177794773653234,100,0,0.5109748190564672,50,0,20.0,100,0
2022-07-09,-0.4047562589314721,50,0,0.9579373829392767,100,0,41.39148954753816,50,0,0.38003528299718153,100,0,0.46479737921865893,100,0,24.0,100,0
2022-07-10,-0.41852176107003103,50,0,0.9240543664245016,100,0,41.39148954753816,50,0,0.37827777202012436,100,0,0.5162367551006787,50,0,24.0,100,0
2022-07-11,-0.433127504426286,50,0,0.8855244004099125,100,0,41.39148954753816,50,0,0.37636829991400195,100,0,0.3995665916261309,100,0,22.0,100,0
2022-07-12,-0.44450449148130056,50,0,0.8571392987486525,100,0,41.39148954753816,50,0,0.3744088812175467,100,0,0.4787327554672317,100,0,16.0,100,0
2022-07-13,-0.4293514858481797,50,0,0.8929312956570782,100,0,41.39148954753816,50,0,0.3723996453304275,100,0,0.34668504731145217,100,0,15.0,100,0
2022-07-14,-0.4216615866093392,50,0,0.9101306640098501,100,0,41.39148954753816,50,0,0.3703815371543439,100,0,0.4064768339600057,100,0,18.0,100,0
2022-07-15,-0.41505586863668303,50,0,0.9220594923661364,100,0,41.39148954753816,50,0,0.36840439474323433,100,0,0.4729708912255752,100,0,15.0,100,0
2022-07-16,-0.4082860111510069,50,0,0.9377707584740742,100,0,41.39148954753816,50,0,0.3662131716131515,100,0,0.49021834516194845,100,0,21.0,100,0
2022-07-17,-0.41506258650319644,50,0,0.9210452335111186,100,0,41.39148954753816,50,0,0.36389428159519105,100,0,0.43273587474879366,100,0,24.0,100,0
2022-07-18,-0.38763963250608274,50,0,0.985897170404825,100,0,41.39148954753816,50,0,0.36164837747955003,100,0,0.45744679782384057,100,0,20.0,100,0
2022-07-19,-0.36732151525093193,50,0,1.0324362542946435,50,0,41.39148954753816,50,0,0.359495971328047,100,0,0.49961036193037356,100,0,30.0,50,0
2022-07-20,-0.3691513632734597,50,0,1.0279006154697636,50,0,41.39148954753816,50,0,0.3575329854393592,100,0,0.4789779981998817,100,0,31.0,50,0
2022-07-21,-0.37077800199369326,50,0,1.0216893104147904,50,0,41.39148954753816,50,0,0.35551000406367117,100,0,0.5199629938118777,50,0,34.0,50,0
2022-07-22,-0.378297559840692,50,0,1.001489491686672,50,0,41.39148954753816,50,0,0.3535224110470644,100,0,0.49092680167266745,100,0,33.0,50,0
2022-07-23,-0.38215948356591045,50,0,0.9912216339595425,100,0,41.39148954753816,50,0,0.351498033830104,100,0,0.5494727242715861,50,0,31.0,50,0
2022-07-24,-0.37891536411498655,50,0,0.9981661129764081,100,0,41.39148954753816,50,0,0.3494458279830484,100,0,0.5631461342492666,50,0,30.0,50,0
2022-07-25,-0.39977114006296666,50,0,0.9473470864167256,100,0,41.39148954753816,50,0,0.3474500369311014,100,0,0.5039041710468604,50,0,30.0,50,0
2022-07-26,-0.4056043899943829,50,0,0.9324476839399987,100,0,41.39148954753816,50,0,0.34565726749443726,100,0,0.5365665786685944,50,0,26.0,50,0
2022-07-27,-0.37366027178002675,50,0,1.0075011314464901,50,0,41.39148954753816,50,0,0.3439784253627568,100,0,0.5647475809002208,50,0,28.0,50,0
2022-07-28,-0.35628608276353635,50,0,1.048300806394917,50,0,41.39148954753816,50,0,0.3424881810819773,100,0,0.5341261979472897,50,0,32.0,50,0
2022-07-29,-0.3541792118180681,50,0,1.0526611419814593,50,0,41.39148954753816,50,0,0.34103084963400115,100,0,0.559263070608766,50,0,39.0,50,0
2022-07-30,-0.3602885876453448,50,0,1.0377206206836804,50,0,41.39148954753816,50,0,0.3395722271608775,100,0,0.4970800320169467,100,0,42.0,50,0
2022-07-31,-0.3651552723232037,50,0,1.0254414244054506,50,0,44.122695677280696,50,0,0.3383783023247234,100,0,0.5768742044365746,50,0,39.0,50,0
2022-08-01,-0.3656571743814108,50,0,1.0238172593390655,50,0,44.122695677280696,50,0,0.33709363615617083,100,0,0.508266741394101,50,0,33.0,50,0
2022-08-02,-0.37108288909113873,50,0,1.0101290025251775,50,0,44.122695677280696,50,0,0.335636020395848,100,0,0.5805189298377421,50,0,31.0,50,0
2022-08-03,-0.3751152097511404,50,0,0.9998944193624979,100,0,44.122695677280696,50,0,0.3342944962725226,100,0,0.5418968878302164,50,0,34.0,50,0
2022-08-04,-0.3781603291670228,50,0,0.9914425683626565,100,0,44.122695677280696,50,0,0.3329058917570157,100,0,0.489369482354332,100,0,30.0,50,0
2022-08-05,-0.3665505079611753,50,0,1.0181044459242072,50,0,44.122695677280696,50,0,0.33163471495006946,100,0,0.5610818786930134,50,0,31.0,50,0
2022-08-06,-0.37127098654785706,50,0,1.0065207488598786,50,0,44.122695677280696,50,0,0.33041331321463685,100,0,0.6025703055393994,50,0,31.0,50,0
2022-08-07,-0.36831629314303105,50,0,1.0128839274669117,50,0,44.122695677280696,50,0,0.3290862957227645,100,0,0.5986659223831627,50,0,30.0,50,0
2022-08-08,-0.3561901927654031,50,0,1.0407592657605045,50,0,44.122695677280696,50,0,0.32774259733122285,100,0,0.5643560288114445,50,0,30.0,50,0
2022-08-09,-0.3671959718163484,50,0,1.0132415293495127,50,0,44.122695677280696,50,0,0.326313106945718,100,0,0.5505727247794102,50,0,42.0,50,0
2022-08-10,-0.35367641541850064,50,0,1.0448709517001802,50,0,44.122695677280696,50,0,0.3250699294125403,100,0,0.5656415928004433,50,0,31.0,50,0
2022-08-11,-0.35336808228980054,50,0,1.0447886370914883,50,0,44.122695677280696,50,0,0.3238615310973664,100,0,0.5600686394261385,50,0,41.0,50,0
2022-08-12,-0.34484944602547246,50,0,1.0643460794717197,50,0,44.122695677280696,50,0,0.32274852074280425,100,0,0.6042785356351129,50,0,42.0,50,0
2022-08-13,-0.34428063829625905,50,0,1.0650461420755906,50,0,44.122695677280696,50,0,0.32163769414026167,100,0,0.556465749789128,50,0,46.0,50,0
2022-08-14,-0.34633407798654303,50,0,1.0595634329124466,50,0,44.122695677280696,50,0,0.3204092186387731,100,0,0.5308289890448169,50,0,47.0,50,0
2022-08-15,-0.35049360272326086,50,0,1.0489536845636123,50,0,44.122695677280696,50,0,0.3193807674804545,100,0,0.5755853864602528,50,0,45.0,50,0
2022-08-16,-0.3545006389466359,50,0,1.0390210412284078,50,0,44.122695677280696,50,0,0.31820524430228475,100,0,0.5819266993376117,50,0,44.0,50,0
2022-08-17,-0.36422696166667146,50,0,1.0153090328358827,50,0,44.122695677280696,50,0,0.31695273768306953,100,0,0.5149576231817552,50,0,41.0,50,0
2022-08-18,-0.3663127304758648,50,0,1.0097699306842256,50,0,44.122695677280696,50,0,0.3158271556614062,100,0,0.5573004275982134,50,0,30.0,50,0
2022-08-19,-0.4089898553062194,50,0,0.9087183901539478,100,0,44.122695677280696,50,0,0.3146017877478201,100,0,0.6419226925792261,50,0,33.0,50,0
2022-08-20,-0.4043794651578207,50,0,0.9187248217906008,100,0,44.122695677280696,50,0,0.3133110288224127,100,0,0.5195246325462227,50,0,29.0,50,0
2022-08-21,-0.39669298721386065,50,0,0.9359822151152805,100,0,44.122695677280696,50,0,0.31208002919066913,100,0,0.5142846892963527,50,0,27.0,50,0
2022-08-22,-0.4012115149005497,50,0,0.9245724007282711,100,0,44.122695677280696,50,0,0.3109372624285932,100,0,0.5256637040653013,50,0,29.0,50,0
2022-08-23,-0.39668082337067906,50,0,0.9342659343366667,100,0,44.122695677280696,50,0,0.30946537256370676,100,0,0.6110926006267985,50,0,28.0,50,0
2022-08-24,-0.3985868184743938,50,0,0.9290813298066714,100,0,44.122695677280696,50,0,0.30831665718911927,100,0,0.521409317787508,50,0,25.0,100,0
2022-08-25,-0.3953505381388343,50,0,0.9357038287328201,100,0,44.122695677280696,50,0,0.30723607553807675,100,0,0.5731614266172567,50,0,25.0,100,0
2022-08-26,-0.42032853047581575,50,0,0.8771743653586885,100,0,44.122695677280696,50,0,0.3060530560061223,100,0,0.6241507748079201,50,0,27.0,50,0
2022-08-27,-0.42391742106134706,50,0,0.8680487875859605,100,0,44.122695677280696,50,0,0.3050186132416905,100,0,0.48783668013736514,100,0,28.0,50,0
2022-08-28,-0.4308782191427228,50,0,0.851656138220762,100,0,44.122695677280696,50,0,0.3043780366580233,100,0,0.5447513841659586,50,0,28.0,50,0
2022-08-29,-0.4196015332511769,50,0,0.8771381430801226,100,0,44.122695677280696,50,0,0.3037032966195645,100,0,0.5268545029753922,50,0,24.0,100,0
2022-08-30,-0.4275365542440881,50,0,0.8575019716811844,100,0,44.122695677280696,50,0,0.30327905132650584,100,0,0.5564662600891322,50,0,27.0,50,0
2022-08-31,-0.4235966803197819,50,0,0.8657513178913867,100,0,42.36226301059128,50,0,0.30286984459684957,100,0,0.5061157982587069,50,0,23.0,100,0
2022-09-01,-0.42184512857225365,50,0,0.8688749764910556,100,0,42.36226301059128,50,0,0.30242919269406277,100,0,0.46814445148332173,100,0,20.0,100,0
2022-09-02,-0.4244946533698796,50,0,0.8617453299367468,100,0,42.36226301059128,50,0,0.3018719055076336,100,0,0.44385602666320156,100,0,25.0,100,0
2022-09-03,-0.4271820935398443,50,0,0.8551251975277194,100,0,42.36226301059128,50,0,0.30119107788271293,100,0,0.49661006138041386,100,0,21.0,100,0
2022-09-04,-0.4242285848304646,50,0,0.8615911490519453,100,0,42.36226301059128,50,0,0.30064902749040906,100,0,0.5648094316522227,50,0,20.0,100,0
2022-09-05,-0.42722267721454155,50,0,0.8541549206592794,100,0,42.36226301059128,50,0,0.29993091480103173,100,0,0.5180992775346106,50,0,23.0,100,0
2022-09-06,-0.44475236398207707,50,0,0.8127864365420446,100,0,42.36226301059128,50,0,0.2992626751185165,100,0,0.4788830598737366,100,0,22.0,100,0
2022-09-07,-0.43611028958811937,50,0,0.8317261549067443,100,0,42.36226301059128,50,0,0.29852922535264215,100,0,0.47493070450174985,100,0,24.0,100,0
2022-09-08,-0.4354078568962568,50,0,0.8325253924020336,100,0,42.36226301059128,50,0,0.29794317128380293,100,0,0.4231278323796324,100,0,20.0,100,0
2022-09-09,-0.3968050155415752,50,0,0.9201905206096442,100,0,42.36226301059128,50,0,0.29747936834709726,100,0,0.5278524714257837,50,0,22.0,100,0
2022-09-10,-0.390138134805221,50,0,0.9349060530157967,100,0,42.36226301059128,50,0,0.2969399865393295,100,0,0.5789077494534292,50,0,28.0,50,0
2022-09-11,-0.3897347787499309,50,0,0.9352192262862437,100,0,42.36226301059128,50,0,0.29655370825750466,100,0,0.6870030133926607,50,0,26.0,50,0
2022-09-12,-0.3777885073644725,50,0,0.9619605706175509,100,0,42.36226301059128,50,0,0.29614748029599225,100,0,0.5861381345501118,50,0,25.0,100,0
2022-09-13,-0.41834470840337556,50,0,0.8669577890326834,100,0,42.36226301059128,50,0,0.2955116821959132,100,0,0.516753102378827,50,0,34.0,50,0
2022-09-14,-0.41639461523946325,50,0,0.8700621304627464,100,0,42.36226301059128,50,0,0.2949152076237401,100,0,0.4497106911151595,100,0,27.0,50,0
2022-09-15,-0.42635810296933463,50,0,0.8460805191184739,100,0,42.36226301059128,50,0,0.2943996370250834,100,0,0.5146478195122869,50,0,28.0,50,0
2022-09-16,-0.42538466150887894,50,0,0.8476304572443294,100,0,42.36226301059128,50,0,0.2939295303281267,100,0,0.44494061992529726,100,0,20.0,100,0
2022-09-17,-0.41808735959080834,50,0,0.8635214999066335,100,0,42.36226301059128,50,0,0.29344227502120657,100,0,0.6082206085496402,50,0,22.0,100,0
2022-09-18,-0.4312050750263599,50,0,0.83339974035812,100,0,42.36226301059128,50,0,0.292624241362605,100,0,0.5422945062014846,50,0,27.0,50,0
2022-09-19,-0.4284499241576123,50,0,0.8386347536251272,100,0,42.36226301059128,50,0,0.2918277058482864,100,0,0.44112501015739053,100,0,21.0,100,0
2022-09-20,-0.44126312925252803,50,0,0.8089005751931785,100,0,42.36226301059128,50,0,0.291248170047779,100,0,0.5151299890703468,50,0,23.0,100,0
2022-09-21,-0.44797269277430857,50,0,0.792866802130163,100,0,42.36226301059128,50,0,0.29063437028177797,100,0,0.47397551925106457,100,0,23.0,100,0
2022-09-22,-0.4305676842307007,50,0,0.8313734330453377,100,0,42.36226301059128,50,0,0.2901699048620136,100,0,0.429083163469155,100,0,22.0,100,0
2022-09-23,-0.4321539623424239,50,0,0.827238523275363,100,0,42.36226301059128,50,0,0.2896818509094044,100,0,0.4574820957074998,100,0,20.0,100,0
2022-09-24,-0.43979253483076264,50,0,0.8096535189465662,100,0,42.36226301059128,50,0,0.28916092473430766,100,0,0.49332417500585257,100,0,24.0,100,0
2022-09-25,-0.44221504886025625,50,0,0.8036582004183099,100,0,42.36226301059128,50,0,0.28844756006743333,100,0,0.5076002781373078,50,0,24.0,100,0
2022-09-26,-0.43432877861115793,50,0,0.8207160096760063,100,0,42.36226301059128,50,0,0.2878461708360305,100,0,0.5213505647904652,50,0,21.0,100,0
2022-09-27,-0.43586825430962517,50,0,0.8162993050486549,100,0,42.36226301059128,50,0,0.2873220362119638,100,0,0.46376862524984774,100,0,20.0,100,0
2022-09-28,-0.42893973121687085,50,0,0.8307888790025884,100,0,42.36226301059128,50,0,0.2868744975071107,100,0,0.5122992672856227,50,0,20.0,100,0
2022-09-29,-0.42714554477389355,50,0,0.834069040046823,100,0,42.36226301059128,50,0,0.28655412101394767,100,0,0.49692699581918975,100,0,22.0,100,0
2022-09-30,-0.42890944578077533,50,0,0.8291677485609564,100,0,42.042624727523545,50,0,0.28639730122069146,100,0,0.5921532084620404,50,0,21.0,100,0
2022-10-01,-0.4312217862767135,50,0,0.8235254158592057,100,0,42.042624727523545,50,0,0.2864024495884625,100,0,0.6324532071535532,50,0,20.0,100,0
2022-10-02,-0.4368390742793118,50,0,0.810510424925224,100,0,42.042624727523545,50,0,0.2869421288681652,100,0,0.54048839203114,50,0,24.0,100,0
2022-10-03,-0.4249197237118984,50,0,0.8364559954904639,100,0,42.042624727523545,50,0,0.28758884219093894,100,0,0.5351604334278389,50,0,24.0,100,0
2022-10-04,-0.4113047136379032,50,0,0.8661236297326479,100,0,42.042624727523545,50,0,0.2883079003411877,100,0,0.5840048574313855,50,0,20.0,100,0
2022-10-05,-0.41474532276401027,50,0,0.8578222750246928,100,0,42.042624727523545,50,0,0.2893267215612005,100,0,0.6345839532517497,50,0,25.0,100,0
2022-10-06,-0.41855091355407126,50,0,0.8486922007301824,100,0,42.042624727523545,50,0,0.29022874516047276,100,0,0.5790667019741093,50,0,26.0,50,0
2022-10-07,-0.4262807443756208,50,0,0.8307830692721377,100,0,42.042624727523545,50,0,0.2912383639806478,100,0,0.611622282724723,50,0,23.0,100,0
2022-10-08,-0.42848604555397607,50,0,0.8251534864465835,100,0,42.042624727523545,50,0,0.2920690009633307,100,0,0.6230399763813576,50,0,24.0,100,0
2022-10-09,-0.42821306574758033,50,0,0.8252735129933797,100,0,42.042624727523545,50,0,0.292887512087172,100,0,0.5701660060123114,50,0,22.0,100,0
2022-10-10,-0.4333254597626494,50,0,0.8132477789248767,100,0,42.042624727523545,50,0,0.29371945281771755,100,0,0.5906512157659566,50,0,22.0,100,0
2022-10-11,-0.43540322125863073,50,0,0.8079756053452897,100,0,42.042624727523545,50,0,0.2945697078394285,100,0,0.5671963812729194,50,0,24.0,100,0
2022-10-12,-0.43274274708951277,50,0,0.8125799378696557,100,0,42.042624727523545,50,0,0.2952558714631177,100,0,0.48014898204388495,100,0,20.0,100,0
2022-10-13,-0.4281979802503835,50,0,0.8219733358122775,100,0,42.042624727523545,50,0,0.29599225446437344,100,0,0.5049904078223337,50,0,20.0,100,0
2022-10-14,-0.4321284038138029,50,0,0.8126709450926886,100,0,42.042624727523545,50,0,0.2967301934315667,100,0,0.5649845145999959,50,0,24.0,100,0
2022-10-15,-0.4341625072831133,50,0,0.8077136611258872,100,0,42.042624727523545,50,0,0.2975016899500043,100,0,0.5447669308887633,50,0,24.0,100,0
2022-10-16,-0.4304038155254915,50,0,0.815444249914093,100,0,42.042624727523545,50,0,0.2983314597844623,100,0,0.5179901686249431,50,0,24.0,100,0
2022-10-17,-0.424358909884901,50,0,0.8275427255494507,100,0,42.042624727523545,50,0,0.29925220285876103,100,0,0.5433079913293416,50,0,20.0,100,0
2022-10-18,-0.4287358003430504,50,0,0.8180314192321902,100,0,42.042624727523545,50,0,0.3002277409476263,100,0,0.5204832639561635,50,0,22.0,100,0
2022-10-19,-0.4325734333990717,50,0,0.8088040761350285,100,0,42.042624727523545,50,0,0.30128361512227486,100,0,0.5550499911386787,50,0,23.0,100,0
2022-10-20,-0.4343615240538597,50,0,0.8042648083513336,100,0,42.042624727523545,50,0,0.3022966040564394,100,0,0.5309115691201234,50,0,23.0,100,0
2022-10-21,-0.4315366999780708,50,0,0.8098691090852203,100,0,42.042624727523545,50,0,0.3033362357683615,100,0,0.5623573871130629,50,0,23.0,100,0
2022-10-22,-0.43064649261729376,50,0,0.8108795451504215,100,0,42.042624727523545,50,0,0.30439206468980096,100,0,0.4944299763237623,100,0,20.0,100,0
2022-10-23,-0.4237107112225491,50,0,0.8255950018673986,100,0,42.042624727523545,50,0,0.30540885522592703,100,0,0.5660461241110736,50,0,23.0,100,0
2022-10-24,-0.4279993625531764,50,0,0.8157687453456397,100,0,42.042624727523545,50,0,0.3065289866489726,100,0,0.5042284139413749,50,0,22.0,100,0
2022-10-25,-0.4135042070337367,50,0,0.8471324608803892,100,0,42.042624727523545,50,0,0.3076783263645432,100,0,0.4629897366037809,100,0,20.0,100,0
2022-10-26,-0.4001005117732787,50,0,0.8762809478231235,100,0,42.042624727523545,50,0,0.3087058480892453,100,0,0.620579569910084,50,0,33.0,50,0
2022-10-27,-0.4100537474469729,50,0,0.8540741516583238,100,0,42.042624727523545,50,0,0.3096693120414402,100,0,0.542997382801381,50,0,32.0,50,0
2022-10-28,-0.4037582014105743,50,0,0.8673011725470678,100,0,42.042624727523545,50,0,0.3106823111063303,100,0,0.6328422316366619,50,0,30.0,50,0
2022-10-29,-0.3998978562171678,50,0,0.875242784079233,100,0,42.042624727523545,50,0,0.3118342182466604,100,0,0.5810721820874571,50,0,34.0,50,0
2022-10-30,-0.40341923472027114,50,0,0.8669297756640693,100,0,42.042624727523545,50,0,0.3131075919344006,100,0,0.5484776692301057,50,0,34.0,50,0
2022-10-31,-0.40576697906041614,50,0,0.8612033445290109,100,0,42.87392402493459,50,0,0.31442815548503716,100,0,0.6962104075441105,50,0,31.0,50,0
2022-11-01,-0.4057862419278005,50,0,0.8604829254479351,100,0,42.87392402493459,50,0,0.31555335268769863,100,0,0.5911813572306036,50,0,30.0,50,0
2022-11-02,-0.41215514024035255,50,0,0.8459692333702385,100,0,42.87392402493459,50,0,0.3165908635314794,100,0,0.4965098268259526,100,0,30.0,50,0
2022-11-03,-0.4111338035128994,50,0,0.8476440498980469,100,0,42.87392402493459,50,0,0.31751018202844505,100,0,0.6705760210016145,50,0,30.0,50,0
2022-11-04,-0.39312429502220164,50,0,0.887434535077734,100,0,42.87392402493459,50,0,0.3185242240697414,100,0,0.5368146555307273,50,0,30.0,50,0
2022-11-05,-0.3906152221894965,50,0,0.8922616605087834,100,0,42.87392402493459,50,0,0.3196579342529593,100,0,0.6452570543583648,50,0,38.0,50,0
2022-11-06,-0.39704277769400953,50,0,0.8777033900288997,100,0,42.87392402493459,50,0,0.32053772215601906,100,0,0.5843595106738627,50,0,40.0,50,0
2022-11-07,-0.40331418553525733,50,0,0.8614274887269254,100,0,42.87392402493459,50,0,0.32115895149427465,100,0,0.6046243578555869,50,0,33.0,50,0
2022-11-08,-0.4423428193213064,50,0,0.7753356917964712,100,0,42.87392402493459,50,0,0.3216056128297366,100,0,0.6487859590531236,50,0,31.0,50,0
2022-11-09,-0.4942422428997277,50,0,0.6594510006355327,100,0,42.87392402493459,50,0,0.3217519639949222,100,0,0.5357717943756268,50,0,29.0,50,0
2022-11-10,-0.4590609873215748,50,0,0.7337718445567333,100,0,42.87392402493459,50,0,0.3222143793472872,100,0,0.5125470802607507,50,0,22.0,100,0
2022-11-11,-0.47075337524071537,50,0,0.7073589987595924,100,0,42.87392402493459,50,0,0.32249156450689853,100,0,0.4805504520678129,100,0,25.0,100,0
2022-11-12,-0.4727844616321179,50,0,0.7009951610126411,100,0,42.87392402493459,50,0,0.32275453330282916,100,0,0.5784803834739413,50,0,21.0,100,0
2022-11-13,-0.48142358399162244,50,0,0.6818943722229827,100,0,42.87392402493459,50,0,0.3232063023031599,100,0,0.44582093176422083,100,0,22.0,100,0
2022-11-14,-0.4748379924899139,50,0,0.6945353304909555,100,0,42.87392402493459,50,0,0.3237626439572236,100,0,0.4318277218567897,100,0,24.0,100,0
2022-11-15,-0.4697933390063606,50,0,0.7037004411656185,100,0,42.87392402493459,50,0,0.3240796035255321,100,0,0.5549957444324827,50,0,22.0,100,0
2022-11-16,-0.4729025715056435,50,0,0.6952475889339368,100,0,42.87392402493459,50,0,0.32424439172905595,100,0,0.5345186652555499,50,0,23.0,100,0
2022-11-17,-0.47120357556653547,50,0,0.6956271828521979,100,0,42.87392402493459,50,0,0.32437836882339305,100,0,0.4988295449861733,100,0,20.0,100,0
2022-11-18,-0.4678185662396237,50,0,0.6947872866777216,100,0,42.87392402493459,50,0,0.3244725366790509,100,0,0.5061843867510909,50,0,23.0,100,0
2022-11-19,-0.46695864193213854,50,0,0.6959554872641255,100,0,42.87392402493459,50,0,0.3244755945482034,100,0,0.5232562890489418,50,0,23.0,100,0
2022-11-20,-0.47572926792303005,50,0,0.6769765894570154,100,0,42.87392402493459,50,0,0.3244354945763339,100,0,0.5334295435847374,50,0,24.0,100,0
2022-11-21,-0.4845677574924127,50,0,0.6572019404647632,100,0,42.87392402493459,50,0,0.3244208114562852,100,0,0.4532130857500133,100,0,21.0,100,0
2022-11-22,-0.47619277608906296,50,0,0.6733971932612896,100,0,42.87392402493459,50,0,0.32448538151474665,100,0,0.4357571866832696,100,0,22.0,100,0
2022-11-23,-0.4682517351123067,50,0,0.6898338042098741,100,0,42.87392402493459,50,0,0.32462138806945406,100,0,0.5124496497007192,50,0,22.0,100,0
2022-11-24,-0.46787514497850535,50,0,0.6899606652109312,100,0,42.87392402493459,50,0,0.3245906051113387,100,0,0.46861123358437545,100,0,20.0,100,0
2022-11-25,-0.4688412624467494,50,0,0.6871524337068252,100,0,42.87392402493459,50,0,0.32457453783880397,100,0,0.44573737697623816,100,0,20.0,100,0
2022-11-26,-0.47018016831626475,50,0,0.6838234572386694,100,0,42.87392402493459,50,0,0.32458380111537943,100,0,0.39768105140015697,100,0,22.0,100,0
2022-11-27,-0.47034705172844915,50,0,0.6830392400692126,100,0,42.87392402493459,50,0,0.3245201384140158,100,0,0.49071785579632676,100,0,26.0,50,0
2022-11-28,-0.47443350290620917,50,0,0.6734961714930128,100,0,42.87392402493459,50,0,0.3244189228812311,100,0,0.5099448687426913,50,0,28.0,50,0
2022-11-29,-0.46960406513403896,50,0,0.6828053079350043,100,0,42.87392402493459,50,0,0.324280783012205,100,0,0.4753525182587884,100,0,26.0,50,0
2022-11-30,-0.4546000354736834,50,0,0.7129887357349551,100,0,40.89110129564756,50,0,0.32424386362542557,100,0,0.5189320819888943,50,0,29.0,50,0
2022-12-01,-0.45880491014014607,50,0,0.7037564452369608,100,0,40.89110129564756,50,0,0.32407571869958895,100,0,0.5979986652590525,50,0,27.0,50,0
2022-12-02,-0.45627889004655864,50,0,0.7081928659509601,100,0,40.89110129564756,50,0,0.32387461405913137,100,0,0.4776767462313006,100,0,27.0,50,0
2022-12-03,-0.45974513721594396,50,0,0.7006308414356577,100,0,40.89110129564756,50,0,0.32368589823850696,100,0,0.4992588318015977,100,0,27.0,50,0
2022-12-04,-0.4550576217794013,50,0,0.7095552185434237,100,0,40.89110129564756,50,0,0.32355677703415664,100,0,0.5318516788415676,50,0,26.0,50,0
2022-12-05,-0.4571033749880122,50,0,0.7026276524885949,100,0,40.89110129564756,50,0,0.3234426590487507,100,0,0.5637408452056816,50,0,26.0,50,0
2022-12-06,-0.454770842225703,50,0,0.7068644212541494,100,0,40.89110129564756,50,0,0.3234885537378359,100,0,0.519472907749566,50,0,25.0,100,0
2022-12-07,-0.4592246354367314,50,0,0.6973827375494503,100,0,40.89110129564756,50,0,0.32351312712227587,100,0,0.6537587882622469,50,0,29.0,50,0
2022-12-08,-0.45126614996518266,50,0,0.7129519166152671,100,0,40.89110129564756,50,0,0.32400257830078255,100,0,0.6369105700169821,50,0,25.0,100,0
2022-12-09,-0.4528901448897886,50,0,0.7087253155710891,100,0,40.89110129564756,50,0,0.3244489643775027,100,0,0.5984806286102962,50,0,26.0,50,0
2022-12-10,-0.45312066498021975,50,0,0.7079493282583161,100,0,40.89110129564756,50,0,0.3248278728902561,100,0,0.6211085821399717,50,0,27.0,50,0
2022-12-11,-0.4536134937110677,50,0,0.7064344738844162,100,0,40.89110129564756,50,0,0.32525136367705904,100,0,0.5701763653323992,50,0,26.0,50,0
2022-12-12,-0.45143254517445,50,0,0.710329885622839,100,0,40.89110129564756,50,0,0.325653829651504,100,0,0.5543443897199761,50,0,27.0,50,0
2022-12-13,-0.4394837693433656,50,0,0.733956732584069,100,0,40.89110129564756,50,0,0.32604700455173563,100,0,0.6592426288279817,50,0,27.0,50,0
2022-12-14,-0.43845014950401984,50,0,0.7350853970492136,100,0,40.89110129564756,50,0,0.32638251251504535,100,0,0.6077337701699816,50,0,30.0,50,0
2022-12-15,-0.4478534729392408,50,0,0.7155744170539984,100,0,40.89110129564756,50,0,0.3268927145418832,100,0,0.5660949001179812,50,0,31.0,50,0
2022-12-16,-0.46270857233195833,50,0,0.6848653859642364,100,0,40.89110129564756,50,0,0.3273214967088859,100,0,0.5247644170424753,50,0,29.0,50,0
2022-12-17,-0.4591616620284863,50,0,0.6915366591094922,100,0,40.89110129564756,50,0,0.32787163657812796,100,0,0.5589060161788151,50,0,28.0,50,0
2022-12-18,-0.45907242361268386,50,0,0.6913402281594416,100,0,40.89110129564756,50,0,0.32832416301524364,100,0,0.560753944828055,50,0,26.0,50,0
2022-12-19,-0.4657610231148315,50,0,0.676584918010676,100,0,40.89110129564756,50,0,0.32877620854167144,100,0,0.5305557574111572,50,0,29.0,50,0
2022-12-20,-0.45589700055648646,50,0,0.6959966016307915,100,0,40.89110129564756,50,0,0.3292412272595346,100,0,0.5579180597955347,50,0,29.0,50,0
2022-12-21,-0.4577134585077237,50,0,0.6915640789072356,100,0,40.89110129564756,50,0,0.32960417040872225,100,0,0.5644200385055596,50,0,26.0,50,0
2022-12-22,-0.4573046419992414,50,0,0.6918647234113536,100,0,40.89110129564756,50,0,0.32998292674858387,100,0,0.5335466968821508,50,0,28.0,50,0
2022-12-23,-0.45783995250407694,50,0,0.6902175013720492,100,0,40.89110129564756,50,0,0.33032788308528716,100,0,0.525975072031762,50,0,27.0,50,0
2022-12-24,-0.45660601669379713,50,0,0.6923070682784663,100,0,40.89110129564756,50,0,0.3306661043257543,100,0,0.36783945152629277,100,0,29.0,50,0
2022-12-25,-0.45668561640039473,50,0,0.691516422084771,100,0,40.89110129564756,50,0,0.3310337819868417,100,0,0.5626929491795283,50,0,29.0,50,0
2022-12-26,-0.4555048746816425,50,0,0.6935151919884865,100,0,40.89110129564756,50,0,0.3315616394992564,100,0,0.5280390607997886,50,0,28.0,50,0
2022-12-27,-0.4590477876363269,50,0,0.685817982515242,100,0,40.89110129564756,50,0,0.33202918790789576,100,0,0.4692933731270004,100,0,27.0,50,0
2022-12-28,-0.4618899512112766,50,0,0.678885699926094,100,0,40.89110129564756,50,0,0.33251499633618004,100,0,0.6722678949338295,50,0,28.0,50,0
2022-12-29,-0.45962458699302006,50,0,0.6825001436865271,100,0,40.89110129564756,50,0,0.33263708798092273,100,0,0.5659252775470142,50,0,28.0,50,0
2022-12-30,-0.46026383284932265,50,0,0.6807305528832628,100,0,40.89110129564756,50,0,0.33271404279543865,100,0,0.6328271968110352,50,0,28.0,50,0
2022-12-31,-0.4609676030066351,50,0,0.6776281480389025,100,0,40.49389276452488,50,0,0.33278317149968856,100,0,0.6218053924628559,50,0,25.0,100,0
2023-01-01,-0.4592087128345805,50,0,0.6807570037825648,100,0,40.49389276452488,50,0,0.3327582690037378,100,0,0.6162929909931969,50,0,26.0,50,0
2023-01-02,-0.45747420940688516,50,0,0.68385694953188,100,0,40.49389276452488,50,0,0.3330726459703737,100,0,0.6288183399782954,50,0,27.0,50,0
2023-01-03,-0.4577070616692356,50,0,0.6828366347420544,100,0,40.49389276452488,50,0,0.33338053363554215,100,0,0.6329532553950837,50,0,26.0,50,0
2023-01-04,-0.4538247818172293,50,0,0.6898773335314673,100,0,40.49389276452488,50,0,0.33378170438931126,100,0,0.5964758724408243,50,0,29.0,50,0
2023-01-05,-0.454183869623824,50,0,0.6886511914299447,100,0,40.49389276452488,50,0,0.3341382229548753,100,0,0.6627830718303483,50,0,29.0,50,0
2023-01-06,-0.45124459864608696,50,0,0.6938314071101814,100,0,40.49389276452488,50,0,0.33430062531990157,100,0,0.7568437948644238,50,0,26.0,50,0
2023-01-07,-0.45147056959781207,50,0,0.6929442000151651,100,0,40.49389276452488,50,0,0.33452434469090014,100,0,0.6455753271766349,50,0,25.0,100,0
2023-01-08,-0.44901584720691173,50,0,0.6974454992739103,100,0,40.49389276452488,50,0,0.33478756096412876,100,0,0.6339281534304035,50,0,25.0,100,0
2023-01-09,-0.44642285600466325,50,0,0.7022041024844108,100,0,40.49389276452488,50,0,0.33519638511413224,100,0,0.644515201875203,50,0,25.0,100,0
2023-01-10,-0.44103014066688107,50,0,0.7122040083363923,100,0,40.49389276452488,50,0,0.33571186835027106,100,0,0.7278053445368514,50,0,26.0,50,0
2023-01-11,-0.4324606813978389,50,0,0.7282392262197491,100,0,40.49389276452488,50,0,0.3361253708884728,100,0,0.6350439012192148,50,0,26.0,50,0
2023-01-12,-0.41116271363172247,50,0,0.7702066725337953,100,0,40.49389276452488,50,0,0.3366993856591993,100,0,0.6911664025065023,50,0,30.0,50,0
2023-01-13,-0.39076831832060394,50,0,0.810606437221093,100,0,40.49389276452488,50,0,0.3375026447415088,100,0,0.7584184169371458,50,0,31.0,50,0
2023-01-14,-0.36735947635254906,50,0,0.8567809753409676,100,0,40.49389276452488,50,0,0.33849422305443094,100,0,0.8878239011246455,50,0,46.0,50,0
2023-01-15,-0.3702158467379572,50,0,0.8508604077192538,100,0,40.49389276452488,50,0,0.3393987127791428,100,0,0.8434099191450083,50,0,52.0,0,0
2023-01-16,-0.3640996420471123,50,0,0.8628348930755891,100,0,40.49389276452488,50,0,0.3403804941693341,100,0,0.774840664065737,50,0,45.0,50,0
2023-01-17,-0.3643501989027538,50,0,0.8623177018421004,100,0,40.49389276452488,50,0,0.3413184936013173,100,0,0.8317691361703019,50,0,51.0,0,0
2023-01-18,-0.3739844837579221,50,0,0.8428275986070378,100,0,40.49389276452488,50,0,0.34211490937879435,100,0,0.7602718273639361,50,0,52.0,0,0
2023-01-19,-0.36638812125865106,50,0,0.8571407644884206,100,0,40.49389276452488,50,0,0.34298467171876806,100,0,0.7670107282526202,50,0,45.0,50,0
2023-01-20,-0.33398848377704077,50,0,0.9212719810368049,100,0,40.49389276452488,50,0,0.3442403063770622,100,0,0.729952506353128,50,0,51.0,0,0
2023-01-21,-0.3312451879170506,50,0,0.9265571064613609,100,0,40.49389276452488,50,0,0.34558677961268747,100,0,0.8059092830840097,50,0,53.0,0,0
2023-01-22,-0.3331820957256933,50,0,0.9225243844871325,100,0,40.49389276452488,50,0,0.3468532062033418,100,0,0.8759840275201791,50,0,53.0,0,0
2023-01-23,-0.3288714858134629,50,0,0.9306507366505274,100,0,40.49389276452488,50,0,0.34809021907880305,100,0,0.9181356894508413,50,0,50.0,0,0
2023-01-24,-0.3355276593106244,50,0,0.9172506828607387,100,0,40.49389276452488,50,0,0.3493327429621219,100,0,0.7608269257778626,50,0,52.0,0,0
2023-01-25,-0.3254771183447864,50,0,0.9369329519648604,100,0,40.49389276452488,50,0,0.35069239680484454,100,0,1.0336928835639725,50,0,51.0,0,0
2023-01-26,-0.32728551390979943,50,0,0.9323495886891302,100,0,40.49389276452488,50,0,0.3520855404732735,100,0,0.9116953891311685,50,0,54.0,0,0
2023-01-27,-0.32572379361143666,50,0,0.9343407931519683,100,0,40.49389276452488,50,0,0.3534657686788319,100,0,0.9046043494402806,50,0,55.0,0,0
2023-01-28,-0.3270585819858154,50,0,0.9313328539472399,100,0,40.49389276452488,50,0,0.3548342518268722,100,0,0.9870750661096477,50,0,52.0,0,0
2023-01-29,-0.3114038636006752,50,0,0.9617987000720938,100,0,40.49389276452488,50,0,0.35636033383536253,100,0,0.9624528874653839,50,0,55.0,0,0
2023-01-30,-0.3315603392917003,50,0,0.9218357445985675,100,0,40.49389276452488,50,0,0.3577990004978411,100,0,0.8243098184957538,50,0,61.0,0,0
2023-01-31,-0.3249158381780459,50,0,0.934711680191073,100,0,46.19102060968107,50,0,0.35934242068563255,100,0,0.6880311499765301,50,0,51.0,0,0
2023-02-01,-0.3131953351122725,50,0,0.9583240840069481,100,0,46.19102060968107,50,0,0.3609155086073529,100,0,0.8272834529600214,50,0,56.0,0,0
2023-02-02,-0.3178807271270225,50,0,0.9488649089863113,100,0,46.19102060968107,50,0,0.36236313247989516,100,0,0.9000868678434181,50,0,60.0,0,0
2023-02-03,-0.3192643754542452,50,0,0.9459490503314676,100,0,46.19102060968107,50,0,0.36380418894989713,100,0,0.8313527527989486,50,0,60.0,0,0
2023-02-04,-0.32130210560169103,50,0,0.9418092457418632,100,0,46.19102060968107,50,0,0.365206655725669,100,0,0.831434513186999,50,0,58.0,0,0
2023-02-05,-0.32950103517972446,50,0,0.9252743289827933,100,0,46.19102060968107,50,0,0.36644486563236783,100,0,0.9153791379363236,50,0,58.0,0,0
2023-02-06,-0.333892941839329,50,0,0.9162667889478752,100,0,46.19102060968107,50,0,0.3676368290621747,100,0,0.8859348977629679,50,0,56.0,0,0
2023-02-07,-0.32326090802260643,50,0,0.9367718673152514,100,0,46.19102060968107,50,0,0.36898620097136414,100,0,0.8704298479789798,50,0,54.0,0,0
2023-02-08,-0.3300830065443044,50,0,0.9230699112671558,100,0,46.19102060968107,50,0,0.3702757390873239,100,0,0.8376004023313424,50,0,58.0,0,0
2023-02-09,-0.35298432793197154,50,0,0.8776000242884828,100,0,46.19102060968107,50,0,0.3714330809118266,100,0,0.9620473781137945,50,0,55.0,0,0
2023-02-10,-0.35691178284148695,50,0,0.8692375932476977,100,0,46.19102060968107,50,0,0.3726057899611275,100,0,0.8503129827942923,50,0,48.0,50,0
2023-02-11,-0.3518668983876833,50,0,0.8786356651694022,100,0,46.19102060968107,50,0,0.37374130311711456,100,0,0.8571889435485819,50,0,49.0,50,0
2023-02-12,-0.35373344158288045,50,0,0.8744924540247316,100,0,46.19102060968107,50,0,0.37484947891296644,100,0,0.9313601772108511,50,0,50.0,0,0
2023-02-13,-0.3531373528196687,50,0,0.8751392955368855,100,0,46.19102060968107,50,0,0.3760659227040614,100,0,0.9023799679348663,50,0,48.0,50,0
2023-02-14,-0.34443612552506314,50,0,0.8917141613884144,100,0,46.19102060968107,50,0,0.3772697307536824,100,0,0.9035224611791838,50,0,50.0,0,0
2023-02-15,-0.3019787450021741,50,0,0.9747330744367697,100,0,46.19102060968107,50,0,0.3788425207159174,100,0,0.9992487624498301,50,0,53.0,0,0
2023-02-16,-0.3136987831989848,50,0,0.9516841917677129,100,0,46.19102060968107,50,0,0.38022191201496897,100,0,1.186298099957226,50,0,62.0,0,0
2023-02-17,-0.29619687849481496,50,0,0.9858067873831676,100,0,46.19102060968107,50,0,0.3815415450044536,100,0,1.0803224927283626,50,0,61.0,0,0
2023-02-18,-0.29566848062908824,50,0,0.9864308038687856,100,0,46.19102060968107,50,0,0.3829156730187202,100,0,1.107759555639544,50,0,60.0,0,0
2023-02-19,-0.3012809777458759,50,0,0.9751069085177876,100,0,46.19102060968107,50,0,0.3842367939499366,100,0,1.079488885291349,50,0,60.0,0,0
2023-02-20,-0.2925576560158905,50,0,0.9917981759069494,100,0,46.19102060968107,50,0,0.38561133998153047,100,0,1.013051862589251,50,0,58.0,0,0
2023-02-21,-0.3007909572474316,50,0,0.9753764792865945,100,0,46.19102060968107,50,0,0.3870224791609034,100,0,1.1182955732038762,50,0,60.0,0,0
2023-02-22,-0.3055583971710725,50,0,0.9654003231360917,100,0,46.19102060968107,50,0,0.3885433079312588,100,0,0.9071698412285935,50,0,59.0,0,0
2023-02-23,-0.3108514388676039,50,0,0.9547524504955522,100,0,46.19102060968107,50,0,0.3897470620434941,100,0,1.123784574955823,50,0,56.0,0,0
2023-02-24,-0.3258009355178034,50,0,0.9249591337867532,100,0,46.19102060968107,50,0,0.39080123200947353,100,0,0.8647305197341302,50,0,53.0,0,0
2023-02-25,-0.3260776662798042,50,0,0.9238467366628047,100,0,46.19102060968107,50,0,0.39192448048134276,100,0,0.6825376441622328,50,0,52.0,0,0
2023-02-26,-0.31826166311130805,50,0,0.9386040475855246,100,0,46.19102060968107,50,0,0.3931216930821082,100,0,1.0527832645202446,50,0,51.0,0,0
2023-02-27,-0.3191270759310216,50,0,0.9366031408288996,100,0,46.19102060968107,50,0,0.394779048907559,100,0,0.9086865875677994,50,0,50.0,0,0
2023-02-28,-0.3259479882541544,50,0,0.9218587216513426,100,0,46.20436871077342,50,0,0.39688889746099787,100,0,0.8794291011011846,50,0,53.0,0,0
2023-03-01,-0.31620397039140063,50,0,0.939878038319093,100,0,46.20436871077342,50,0,0.39882307129423594,100,0,1.1102906170251743,50,0,50.0,0,0
2023-03-02,-0.3190541941899992,50,0,0.9337998166441583,100,0,46.20436871077342,50,0,0.40085502583859994,100,0,0.9271143054869063,50,0,51.0,0,0
2023-03-03,-0.3419416991134886,50,0,0.888819667073511,100,0,46.20436871077342,50,0,0.40280845269934606,100,0,1.0381219503749453,50,0,50.0,0,0
2023-03-04,-0.34226319617965273,50,0,0.887773298616514,100,0,46.20436871077342,50,0,0.40486999671661106,100,0,0.9428351800505255,50,0,50.0,0,0
2023-03-05,-0.34022081811174254,50,0,0.8907509986030462,100,0,46.20436871077342,50,0,0.4068522528676635,100,0,0.962924032090491,50,0,47.0,50,0
2023-03-06,-0.34021980613250596,50,0,0.8901253863100862,100,0,46.20436871077342,50,0,0.40878928386230545,100,0,0.8322274327235517,50,0,48.0,50,0
2023-03-07,-0.3435714327229981,50,0,0.8801842264685791,100,0,46.20436871077342,50,0,0.4108026676387949,100,0,1.0187208583426024,50,0,49.0,50,0
2023-03-08,-0.3532218634704165,50,0,0.8610138752813852,100,0,46.20436871077342,50,0,0.41277450287983475,100,0,0.8182006917157487,50,0,50.0,0,0
2023-03-09,-0.380798751360183,50,0,0.8070648310359981,100,0,46.20436871077342,50,0,0.41463276799594834,100,0,0.8246602611649007,50,0,44.0,50,0
2023-03-10,-0.38281310004519475,50,0,0.8024102061255267,100,0,46.20436871077342,50,0,0.41649841219697104,100,0,0.7767982907574659,50,0,34.0,50,0
2023-03-11,-0.37560453144015665,50,0,0.8157742301801492,100,0,46.20436871077342,50,0,0.4185165133182917,100,0,0.9337563599633689,50,0,33.0,50,0
2023-03-12,-0.34503782453224985,50,0,0.8740806596076375,100,0,46.20436871077342,50,0,0.42095570492721024,100,0,0.923012531519876,50,0,33.0,50,0
2023-03-13,-0.30245605534661574,50,0,0.9563660161942781,100,0,46.20436871077342,50,0,0.42364792867014417,100,0,1.007603237179036,50,0,49.0,50,0
2023-03-14,-0.290364000607407,50,0,0.9802338115389665,100,0,46.20436871077342,50,0,0.42637660051261983,100,0,1.047199824413898,50,0,56.0,0,0
2023-03-15,-0.29804250314176967,50,0,0.9655758188800406,100,0,46.20436871077342,50,0,0.42905071381505416,100,0,1.027973190409779,50,0,50.0,0,0
2023-03-16,-0.2853285684466037,50,0,0.9901519479896885,100,0,46.20436871077342,50,0,0.4317575827179185,100,0,0.9437581698743103,50,0,52.0,0,0
2023-03-17,-0.2372749109103463,50,0,1.0847181138138848,50,0,46.20436871077342,50,0,0.4348641185594666,100,0,1.1111144336111305,50,0,51.0,0,0
2023-03-18,-0.24701015294782822,50,0,1.0657549527576986,50,0,46.20436871077342,50,0,0.43790600459142165,100,0,1.2602307546779645,50,0,64.0,0,0
2023-03-19,-0.22275342253382763,50,0,1.1124993029844479,50,0,46.20436871077342,50,0,0.44119921115352234,100,0,1.1669180358907905,50,0,63.0,0,0
2023-03-20,-0.23046367048169555,50,0,1.0980355628053136,50,0,46.20436871077342,50,0,0.4444259066402899,100,0,1.2194699598865584,50,0,66.0,0,0
2023-03-21,-0.22410227290675844,50,0,1.1107555270856293,50,0,46.20436871077342,50,0,0.44751870855516357,100,0,1.1714316512170566,50,0,68.0,0,0
2023-03-22,-0.2413720776562638,50,0,1.0773857797931812,50,0,46.20436871077342,50,0,0.4504186179220641,100,0,1.2937356407295069,50,0,62.0,0,0
2023-03-23,-0.2208284459709653,50,0,1.1179714347937515,50,0,46.20436871077342,50,0,0.453467837297897,100,0,1.5178515973542135,0,0,57.0,0,0
2023-03-24,-0.23992670320607648,50,0,1.0809994764037987,50,0,46.20436871077342,50,0,0.45635856097877964,100,0,1.3096073856185022,50,0,61.0,0,0
2023-03-25,-0.23949739803068623,50,0,1.0813861483111944,50,0,46.20436871077342,50,0,0.45924599746280725,100,0,1.1445770509625848,50,0,64.0,0,0
2023-03-26,-0.2282848233133506,50,0,1.1028344966694188,50,0,46.20436871077342,50,0,0.4622294434368851,100,0,1.137760868415629,50,0,64.0,0,0
2023-03-27,-0.24734936374920957,50,0,1.0671194503318238,50,0,46.20436871077342,50,0,0.4649208138546383,100,0,1.1662850935506337,50,0,64.0,0,0
2023-03-28,-0.244906171692996,50,0,1.0716290804415571,50,0,46.20436871077342,50,0,0.46771420018491966,100,0,1.0460814418555056,50,0,59.0,0,0
2023-03-29,-0.22279963250582488,50,0,1.114425955537414,50,0,46.20436871077342,50,0,0.47065578901733596,100,0,1.1925317594783411,50,0,57.0,0,0
2023-03-30,-0.22142011560583255,50,0,1.0993817106127897,50,0,46.20436871077342,50,0,0.47350163211507246,100,0,1.285018843906806,50,0,60.0,0,0
2023-03-31,-0.2118499471268446,50,0,1.1181032450474115,50,0,50.65614373151631,50,0,0.47646268630961347,100,0,1.15885467868107,50,0,63.0,0,0
2023-04-01,-0.2125086360798793,50,0,1.116690764984656,50,0,50.65614373151631,50,0,0.47943052141506387,100,0,1.1618007034444033,50,0,61.0,0,0
2023-04-02,-0.2194696660869191,50,0,1.1030580728651787,50,0,50.65614373151631,50,0,0.482297008940154,100,0,1.2366459806181744,50,0,63.0,0,0
2023-04-03,-0.22606272091856047,50,0,1.090275791410149,50,0,50.65614373151631,50,0,0.4850822037394889,100,0,1.0722922691959766,50,0,63.0,0,0
2023-04-04,-0.2208054557954895,50,0,1.099941149949904,50,0,50.65614373151631,50,0,0.4879469014627091,100,0,1.3471736379428676,50,0,62.0,0,0
2023-04-05,-0.2195703230228893,50,0,1.1023002513901612,50,0,50.65614373151631,50,0,0.4909185782751823,100,0,1.1602608568046398,50,0,62.0,0,0
2023-04-06,-0.2227214632439549,50,0,1.096156930377878,50,0,50.65614373151631,50,0,0.49396934929507846,100,0,1.3648814156652123,50,0,63.0,0,0
2023-04-07,-0.22492009416356426,50,0,1.09116288818756,50,0,50.65614373151631,50,0,0.4969354947210973,100,0,1.1798908421592504,50,0,64.0,0,0
2023-04-08,-0.224420733288975,50,0,1.0916172744185504,50,0,50.65614373151631,50,0,0.4999040329773343,100,0,1.2167162755211811,50,0,61.0,0,0
2023-04-09,-0.2163692727637166,50,0,1.1063488146473341,50,0,50.65614373151631,50,0,0.5030009519132491,100,0,1.1883138504661002,50,0,61.0,0,0
2023-04-10,-0.1895037643037156,50,0,1.1575280741919276,50,0,50.65614373151631,50,0,0.5062538017374363,100,0,1.0327622612128167,50,0,62.0,0,0
2023-04-11,-0.17902574465527732,50,0,1.178611567507277,50,0,50.65614373151631,50,0,0.5094562015781631,100,0,1.38828390959892,50,0,68.0,0,0
2023-04-12,-0.18608057528929248,50,0,1.1648875779856118,50,0,50.65614373151631,50,0,0.5126917912317028,100,0,1.4108055807340176,50,0,65.0,0,0
2023-04-13,-0.17715014428961073,50,0,1.1819883217016938,50,0,50.65614373151631,50,0,0.5160386417831081,100,0,1.2681904720106287,50,0,61.0,0,0
2023-04-14,-0.1759792188707662,50,0,1.1847022481210276,50,0,50.65614373151631,50,0,0.5193183969537886,100,0,1.2865989873114638,50,0,68.0,0,0
2023-04-15,-0.17850223957715539,50,0,1.179450769149887,50,0,50.65614373151631,50,0,0.5225319917879836,100,0,1.4276970896799006,50,0,68.0,0,0
2023-04-16,-0.1792386651390435,50,0,1.1776222626402588,50,0,50.65614373151631,50,0,0.5257867469283225,100,0,1.1048777591192767,50,0,68.0,0,0
2023-04-17,-0.19654896435445512,50,0,1.1442170324325405,50,0,50.65614373151631,50,0,0.5289789101121068,100,0,1.375308069721131,50,0,69.0,0,0
2023-04-18,-0.1786609020408651,50,0,1.178362515594614,50,0,50.65614373151631,50,0,0.532272778302908,100,0,1.4612609226381135,50,0,58.0,0,0
2023-04-19,-0.21113917621622386,50,0,1.1168309320142253,50,0,50.65614373151631,50,0,0.535477114723223,100,0,1.2185428204079611,50,0,63.0,0,0
2023-04-20,-0.22229819042898816,50,0,1.0951084878412034,50,0,50.65614373151631,50,0,0.5384076651543462,100,0,1.1332643128416824,50,0,52.0,0,0
2023-04-21,-0.24201138809182263,50,0,1.057420902358813,50,0,50.65614373151631,50,0,0.5411987553127843,100,0,1.2078749590986635,50,0,50.0,0,0
2023-04-22,-0.23109193514312334,50,0,1.0776584603413528,50,0,50.65614373151631,50,0,0.5440131695438425,100,0,1.2070838330004519,50,0,53.0,0,0
2023-04-23,-0.23577425786623576,50,0,1.0685309685058964,50,0,50.65614373151631,50,0,0.546684695668109,100,0,1.1985581791166418,50,0,56.0,0,0
2023-04-24,-0.237492357222606,50,0,1.0647744348691928,50,0,50.65614373151631,50,0,0.5490981215005452,100,0,1.1737690453830036,50,0,53.0,0,0
2023-04-25,-0.22158952040402113,50,0,1.0945482354291325,50,0,50.65614373151631,50,0,0.5516185134520181,100,0,1.0408582342312538,50,0,53.0,0,0
2023-04-26,-0.2201483255406304,50,0,1.0972311941374817,50,0,50.65614373151631,50,0,0.5539993213121891,100,0,1.1422133255236284,50,0,56.0,0,0
2023-04-27,-0.1982580171166306,50,0,1.138453983143137,50,0,50.65614373151631,50,0,0.556512455260759,100,0,1.1840017826870675,50,0,59.0,0,0
2023-04-28,-0.201046539567936,50,0,1.1334892594714088,50,0,50.65614373151631,50,0,0.5590317508162185,100,0,1.3299031521412403,50,0,64.0,0,0
2023-04-29,-0.20378026253092807,50,0,1.1279583972388347,50,0,50.65614373151631,50,0,0.5615658510983109,100,0,1.239630697265053,50,0,64.0,0,0
2023-04-30,-0.20096888002544105,50,0,1.1328061016036344,50,0,51.34061781396062,50,0,0.5641761393799117,100,0,1.3444029978347412,50,0,60.0,0,0
2023-05-01,-0.22640154569922105,50,0,1.0841667700203026,50,0,51.34061781396062,50,0,0.5664792668250452,100,0,1.6550920163095224,0,0,63.0,0,0
2023-05-02,-0.21480877880767033,50,0,1.1058181267951888,50,0,51.34061781396062,50,0,0.5688172579697803,100,0,1.2478713133998791,50,0,55.0,0,0
2023-05-03,-0.20857695421485767,50,0,1.1189535516985976,50,0,51.34061781396062,50,0,0.5708684935934707,100,0,1.3563517200050583,50,0,64.0,0,0
2023-05-04,-0.21250020124071006,50,0,1.1111246896307663,50,0,51.34061781396062,50,0,0.5728016556242932,100,0,1.4077226191680146,50,0,64.0,0,0
2023-05-05,-0.19848645074348906,50,0,1.137387268841493,50,0,51.34061781396062,50,0,0.5745164459792873,100,0,1.2184696165429396,50,0,61.0,0,0
2023-05-06,-0.21184073712333243,50,0,1.1116954981017009,50,0,51.34061781396062,50,0,0.5761887072193201,100,0,1.540516182690592,0,0,60.0,0,0
2023-05-07,-0.21755770886738665,50,0,1.1058717084464778,50,0,51.34061781396062,50,0,0.5778494941830726,100,0,1.7427074216640084,0,0,64.0,0,0
2023-05-08,-0.23876575956038,50,0,1.0656466733543453,50,0,51.34061781396062,50,0,0.5792850228596949,100,0,1.9743383351176935,0,0,60.0,0,0
2023-05-09,-0.24039374686840576,50,0,1.0619462027152349,50,0,51.34061781396062,50,0,0.5808472959281306,100,0,1.80795626967183,0,0,51.0,0,0
2023-05-10,-0.24025191341081756,50,0,1.0616309230450451,50,0,51.34061781396062,50,0,0.5823320315588724,100,0,1.8397282202676313,0,0,52.0,0,0
2023-05-11,-0.25356548847612537,50,0,1.035850724732973,50,0,51.34061781396062,50,0,0.5833904526989641,100,0,1.466660610613029,50,0,52.0,0,0
2023-05-12,-0.25792436987059797,50,0,1.0272563250729603,50,0,51.34061781396062,50,0,0.5843386927379611,100,0,1.3176272363722292,50,0,49.0,50,0
2023-05-13,-0.2565304395304333,50,0,1.029430316786396,50,0,51.34061781396062,50,0,0.5853466555782613,100,0,1.2852673020553478,50,0,48.0,50,0
2023-05-14,-0.2550284793869837,50,0,1.0319079502290553,50,0,51.34061781396062,50,0,0.5863508168769661,100,0,1.4915875921971389,50,0,48.0,50,0
2023-05-15,-0.24924423562887774,50,0,1.0434546919651373,50,0,51.34061781396062,50,0,0.5876360352710589,100,0,1.3011923713526719,50,0,50.0,0,0
2023-05-16,-0.2536102773761922,50,0,1.0350676200135858,50,0,51.34061781396062,50,0,0.5888019716130635,100,0,1.41924973450043,50,0,54.0,0,0
2023-05-17,-0.24608673101900633,50,0,1.0489337011928115,50,0,51.34061781396062,50,0,0.5898845215268377,100,0,1.39300499239834,50,0,50.0,0,0
2023-05-18,-0.257296434029098,50,0,1.0271263814889549,50,0,51.34061781396062,50,0,0.5909358093612671,100,0,1.2659354161251801,50,0,51.0,0,0
2023-05-19,-0.2562784719261601,50,0,1.0284370150832383,50,0,51.34061781396062,50,0,0.5919419948312801,100,0,1.3536145002714488,50,0,48.0,50,0
2023-05-20,-0.2520281528344569,50,0,1.0360610398468464,50,0,51.34061781396062,50,0,0.5928291199761201,100,0,1.1481177395095779,50,0,48.0,50,0
2023-05-21,-0.25861203305301067,50,0,1.0232314344210753,50,0,51.34061781396062,50,0,0.5938846956087225,100,0,1.2909769210495832,50,0,52.0,0,0
2023-05-22,-0.2577067366140774,50,0,1.0258879599744077,50,0,51.34061781396062,50,0,0.5949934334478223,100,0,1.226604943412599,50,0,49.0,50,0
2023-05-23,-0.25035466193799244,50,0,1.0394561916431553,50,0,51.34061781396062,50,0,0.5960157301105171,100,0,1.3244870215639504,50,0,50.0,0,0
2023-05-24,-0.26820531075431997,50,0,1.0051991523993888,50,0,51.34061781396062,50,0,0.5968982548479839,100,0,1.186335173310028,50,0,50.0,0,0
2023-05-25,-0.2656863656767878,50,0,1.0102147981696636,50,0,51.34061781396062,50,0,0.5977994418977618,100,0,1.2828151575149815,50,0,51.0,0,0
2023-05-26,-0.2609180751446842,50,0,1.0187307201905131,50,0,51.34061781396062,50,0,0.5986725199359184,100,0,1.3187138120984523,50,0,49.0,50,0
2023-05-27,-0.2582130948300754,50,0,1.0233603846397101,50,0,51.34061781396062,50,0,0.5995895460158961,100,0,1.2185695559956025,50,0,48.0,50,0
2023-05-28,-0.23324225854288966,50,0,1.07018643920829,50,0,51.34061781396062,50,0,0.600588712693641,100,0,1.3651736985677112,50,0,50.0,0,0
2023-05-29,-0.24010287976732997,50,0,1.0569989324124243,50,0,51.34061781396062,50,0,0.6010854614085464,100,0,1.4380697027306928,50,0,52.0,0,0
2023-05-30,-0.2413875771984233,50,0,1.0544775298613664,50,0,51.34061781396062,50,0,0.6016231536735476,100,0,1.3635407159183797,50,0,51.0,0,0
2023-05-31,-0.2514329601916234,50,0,1.0351670091331062,50,0,49.47049510906183,50,0,0.602361643976455,100,0,1.216440192988318,50,0,51.0,0,0
2023-06-01,-0.2594415409831858,50,0,1.0197912153807187,50,0,49.47049510906183,50,0,0.6029171277327716,100,0,1.1676359751979415,50,0,52.0,0,0
2023-06-02,-0.25086922881021173,50,0,1.0356622464061114,50,0,49.47049510906183,50,0,0.6034880760283491,100,0,1.4169240688680818,50,0,50.0,0,0
2023-06-03,-0.2544118381909785,50,0,1.0285271711604702,50,0,49.47049510906183,50,0,0.6039413004643069,100,0,1.11162083341874,50,0,53.0,0,0
2023-06-04,-0.2528271883335167,50,0,1.0310695258214866,50,0,49.47049510906183,50,0,0.6045136885766403,100,0,1.231825565869263,50,0,52.0,0,0
2023-06-05,-0.28037567133044333,50,0,0.9785945047425803,100,0,49.47049510906183,50,0,0.6048325347174304,100,0,1.1465555565560086,50,0,53.0,0,0
2023-06-06,-0.2517959566183778,50,0,1.0323433366407242,50,0,49.47049510906183,50,0,0.6049151894655398,100,0,1.273003794317289,50,0,44.0,50,0
2023-06-07,-0.26940095492625743,50,0,0.9987922737316247,100,0,49.47049510906183,50,0,0.6049489557786585,100,0,1.1839336916292087,50,0,53.0,0,0
2023-06-08,-0.26574043719058366,50,0,1.005300931250785,50,0,49.47049510906183,50,0,0.6049149699408669,100,0,1.3063703618149443,50,0,50.0,0,0
2023-06-09,-0.26678133638581647,50,0,1.0029703737010343,50,0,49.47049510906183,50,0,0.604884457544866,100,0,1.4303995451394136,50,0,50.0,0,0
2023-06-10,-0.27894768254505803,50,0,0.9795676662479884,100,0,49.47049510906183,50,0,0.6048458742291585,100,0,1.2351043423922579,50,0,49.0,50,0
2023-06-11,-0.2780070871736339,50,0,0.9808380694389762,100,0,49.47049510906183,50,0,0.604694049415178,100,0,1.2847561196225687,50,0,47.0,50,0
2023-06-12,-0.27792067283806865,50,0,0.9804501413961115,100,0,49.47049510906183,50,0,0.6045984835222112,100,0,1.2498738051958123,50,0,47.0,50,0
2023-06-13,-0.2783818443117736,50,0,0.9790728853442268,100,0,49.47049510906183,50,0,0.6045098630775657,100,0,1.1713433318190722,50,0,45.0,50,0
2023-06-14,-0.2941541096835582,50,0,0.949055059213472,100,0,49.47049510906183,50,0,0.604360766865667,100,0,0.986439728043256,50,0,46.0,50,0
2023-06-15,-0.2847241774072662,50,0,0.9661107616338244,100,0,49.47049510906183,50,0,0.6043600729455043,100,0,1.1442725533646039,50,0,41.0,50,0
2023-06-16,-0.26919058813204116,50,0,0.9948885259328466,100,0,49.47049510906183,50,0,0.6044596734504672,100,0,1.2147082006728487,50,0,47.0,50,0
2023-06-17,-0.2654802297931796,50,0,1.0013375803403233,50,0,49.47049510906183,50,0,0.6044960470366885,100,0,1.1549084661928062,50,0,47.0,50,0
2023-06-18,-0.26888624822469226,50,0,0.9948571182982798,100,0,49.47049510906183,50,0,0.6045235239025204,100,0,1.2143650678915061,50,0,49.0,50,0
2023-06-19,-0.2600784499924276,50,0,1.010433817521167,50,0,49.47049510906183,50,0,0.6047494026594876,100,0,1.1424818659053253,50,0,47.0,50,0
2023-06-20,-0.2293545536948394,50,0,1.0675620413375488,50,0,49.47049510906183,50,0,0.6050683751151172,100,0,1.147903510363802,50,0,49.0,50,0
2023-06-21,-0.19389296396056457,50,0,1.1346163845583948,50,0,49.47049510906183,50,0,0.6056657944653122,100,0,1.0967530109061643,50,0,59.0,0,0
2023-06-22,-0.19735741753671363,50,0,1.1284723822438096,50,0,49.47049510906183,50,0,0.6065530154717959,100,0,1.269516449583252,50,0,65.0,0,0
2023-06-23,-0.18416163160017376,50,0,1.1536838649042913,50,0,49.47049510906183,50,0,0.6075387540215942,100,0,1.1841820171621282,50,0,65.0,0,0
2023-06-24,-0.18628810001660492,50,0,1.1496889945633926,50,0,49.47049510906183,50,0,0.6084764197068186,100,0,1.3539372825870406,50,0,62.0,0,0
2023-06-25,-0.18814684886661842,50,0,1.1459915168677168,50,0,49.47049510906183,50,0,0.6093445737142599,100,0,1.4076381253309376,50,0,64.0,0,0
2023-06-26,-0.19275127389992075,50,0,1.137426270613255,50,0,49.47049510906183,50,0,0.6101660982631353,100,0,1.3518341509682723,50,0,55.0,0,0
2023-06-27,-0.18517185514729576,50,0,1.1522501184613125,50,0,49.47049510906183,50,0,0.6110813967007535,100,0,1.2878036504706494,50,0,59.0,0,0
2023-06-28,-0.1970204522699725,50,0,1.130477055402647,50,0,49.47049510906183,50,0,0.6122582439983103,100,0,0.99382232462768,50,0,62.0,0,0
2023-06-29,-0.18990304432489608,50,0,1.143230534413492,50,0,49.47049510906183,50,0,0.6135281757703495,100,0,1.3421942154101876,50,0,54.0,0,0
2023-06-30,-0.18991577387003183,50,0,1.1434795236137216,50,0,52.31987138719931,50,0,0.6147508178586656,100,0,1.4499410775847765,50,0,56.0,0,0
2023-07-01,-0.18882393123105348,50,0,1.1464806242361014,50,0,52.31987138719931,50,0,0.6157162183962513,100,0,1.2113678584601428,50,0,59.0,0,0
2023-07-02,-0.18873235381421122,50,0,1.1463108357296938,50,0,52.31987138719931,50,0,0.6162375517127991,100,0,1.5609521002740463,0,0,63.0,0,0
2023-07-03,-0.17824194252395442,50,0,1.1659386965767555,50,0,52.31987138719931,50,0,0.616815712214243,100,0,1.2920787763214356,50,0,62.0,0,0
2023-07-04,-0.18510830225891675,50,0,1.1527561852149049,50,0,52.31987138719931,50,0,0.6175060110116787,100,0,1.3202708345877416,50,0,64.0,0,0
2023-07-05,-0.19129387194908778,50,0,1.1408409199925382,50,0,52.31987138719931,50,0,0.6180262553367551,100,0,1.3945503742714451,50,0,61.0,0,0
2023-07-06,-0.20093225192781078,50,0,1.120879486212561,50,0,52.31987138719931,50,0,0.6179971305938765,100,0,1.2464103875948258,50,0,56.0,0,0
2023-07-07,-0.19408919591350315,50,0,1.133365665829334,50,0,52.31987138719931,50,0,0.6180674243104184,100,0,1.560320716052587,0,0,55.0,0,0
2023-07-08,-0.19548942622982138,50,0,1.1302931238778677,50,0,52.31987138719931,50,0,0.6178756802711441,100,0,1.5623032072474257,0,0,58.0,0,0
2023-07-09,-0.19758838549391783,50,0,1.1259499969611177,50,0,52.31987138719931,50,0,0.6177545196178834,100,0,1.5171744998649055,0,0,55.0,0,0
2023-07-10,-0.19314091538791522,50,0,1.1339825235248482,50,0,52.31987138719931,50,0,0.6175064027079232,100,0,1.3539563165252704,50,0,56.0,0,0
2023-07-11,-0.1890428828488423,50,0,1.1416251992148223,50,0,52.31987138719931,50,0,0.6174236350527792,100,0,1.2159581599987768,50,0,57.0,0,0
2023-07-12,-0.19386549423562552,50,0,1.1324145408049575,50,0,52.31987138719931,50,0,0.6172399265787716,100,0,1.2996640557032066,50,0,64.0,0,0
2023-07-13,-0.17309328996193635,50,0,1.1708580078272026,50,0,52.31987138719931,50,0,0.61743568180547,100,0,1.0755636478391355,50,0,57.0,0,0
2023-07-14,-0.19562487383740743,50,0,1.1283903354859437,50,0,52.31987138719931,50,0,0.6175006373388566,100,0,1.2502205713836432,50,0,60.0,0,0
2023-07-15,-0.19605636427695866,50,0,1.1270567045060158,50,0,52.31987138719931,50,0,0.6174280914438175,100,0,1.2284201056813469,50,0,56.0,0,0
2023-07-16,-0.19693639430113583,50,0,1.1249305497848345,50,0,52.31987138719931,50,0,0.6175054946635864,100,0,1.3527056861024236,50,0,57.0,0,0
2023-07-17,-0.19892320615628722,50,0,1.120395797901756,50,0,52.31987138719931,50,0,0.6175429972341531,100,0,1.1861370267301496,50,0,54.0,0,0
2023-07-18,-0.20528602898708107,50,0,1.1083700324993562,50,0,52.31987138719931,50,0,0.6173046090118701,100,0,1.4158113314942427,50,0,56.0,0,0
2023-07-19,-0.2039837311375895,50,0,1.1106588782119136,50,0,52.31987138719931,50,0,0.6171307220340051,100,0,1.2792448759470123,50,0,50.0,0,0
2023-07-20,-0.20623629080500014,50,0,1.1060971854675843,50,0,52.31987138719931,50,0,0.616834231778201,100,0,1.1149810616580287,50,0,56.0,0,0
2023-07-21,-0.2038177846719146,50,0,1.1097500285839115,50,0,52.31987138719931,50,0,0.6166030951900151,100,0,0.9749640418407018,50,0,50.0,0,0
2023-07-22,-0.20770889524823272,50,0,1.1019897991312833,50,0,52.31987138719931,50,0,0.6163949142699123,100,0,1.1916834340771052,50,0,52.0,0,0
2023-07-23,-0.2010027140090139,50,0,1.1140244396050212,50,0,52.31987138719931,50,0,0.6163000370414564,100,0,1.2753436550408068,50,0,54.0,0,0
2023-07-24,-0.2186787257590204,50,0,1.0805572029570487,50,0,52.31987138719931,50,0,0.6160982787267754,100,0,1.2787777223190195,50,0,55.0,0,0
2023-07-25,-0.21781908182781073,50,0,1.0815561621842402,50,0,52.31987138719931,50,0,0.6158401172969367,100,0,1.1566624266183947,50,0,50.0,0,0
2023-07-26,-0.2150182685447551,50,0,1.0861491809756842,50,0,52.31987138719931,50,0,0.6156823260515905,100,0,1.2104538825074276,50,0,51.0,0,0
2023-07-27,-0.21765799887249043,50,0,1.079631731474698,50,0,52.31987138719931,50,0,0.6155284828285944,100,0,1.1838297607696722,50,0,51.0,0,0
2023-07-28,-0.21334639176087306,50,0,1.0832651978950327,50,0,52.31987138719931,50,0,0.615418109586505,100,0,1.1780034945769864,50,0,52.0,0,0
2023-07-29,-0.21250859483826187,50,0,1.0842878560162794,50,0,52.31987138719931,50,0,0.6152389609036197,100,0,1.1090689195986367,50,0,52.0,0,0
2023-07-30,-0.21448460422312998,50,0,1.080081726894441,50,0,52.31987138719931,50,0,0.6147822178484107,100,0,1.4205816061695509,50,0,52.0,0,0
2023-07-31,-0.21526318329865377,50,0,1.0778990042023207,50,0,51.11810327922961,50,0,0.6141951501117369,100,0,1.2323973179284047,50,0,50.0,0,0
2023-08-01,-0.20971997339725026,50,0,1.087612306900713,50,0,51.11810327922961,50,0,0.6136903831101446,100,0,1.1693772276827652,50,0,53.0,0,0
2023-08-02,-0.21666878772561446,50,0,1.073883293578583,50,0,51.11810327922961,50,0,0.6130155248932203,100,0,1.3134178915145815,50,0,53.0,0,0
2023-08-03,-0.21571945373233692,50,0,1.0751034952707474,50,0,51.11810327922961,50,0,0.6123217532563839,100,0,1.262412504742428,50,0,52.0,0,0
2023-08-04,-0.21846812805472765,50,0,1.069540515895039,50,0,51.11810327922961,50,0,0.6114621888794497,100,0,1.0320568266053092,50,0,54.0,0,0
2023-08-05,-0.21856825017922682,50,0,1.0687998663075926,50,0,51.11810327922961,50,0,0.6106273958077347,100,0,1.2761584522358929,50,0,50.0,0,0
2023-08-06,-0.2187173949961973,50,0,1.0680192206989652,50,0,51.11810327922961,50,0,0.6099865898969994,100,0,1.3508062153449718,50,0,49.0,50,0
2023-08-07,-0.21639787905564614,50,0,1.0717065018117087,50,0,51.11810327922961,50,0,0.6091690446860566,100,0,1.2129379201997301,50,0,49.0,50,0
2023-08-08,-0.20413295368733364,50,0,1.0936918316837523,50,0,51.11810327922961,50,0,0.6087451826317775,100,0,1.064057664924766,50,0,54.0,0,0
2023-08-09,-0.20819449384828753,50,0,1.0858748795047957,50,0,51.11810327922961,50,0,0.6083956895868055,100,0,1.3763890297733026,50,0,50.0,0,0
2023-08-10,-0.21127631792016002,50,0,1.079676487517612,50,0,51.11810327922961,50,0,0.6082251330995285,100,0,1.0757908094216195,50,0,53.0,0,0
2023-08-11,-0.21199753942635585,50,0,1.0779658422813079,50,0,51.11810327922961,50,0,0.6078493459082864,100,0,1.2653603385839867,50,0,51.0,0,0
2023-08-12,-0.21177564184717224,50,0,1.0779551729202472,50,0,51.11810327922961,50,0,0.6075040471368791,100,0,1.3903219920336476,50,0,54.0,0,0
2023-08-13,-0.21444510499338695,50,0,1.0726158606351484,50,0,51.11810327922961,50,0,0.6071331479559394,100,0,1.1361320261443097,50,0,54.0,0,0
2023-08-14,-0.21205819675857895,50,0,1.0765222576102067,50,0,51.11810327922961,50,0,0.6066719303012448,100,0,1.433909813877663,50,0,50.0,0,0
2023-08-15,-0.21693301844399623,50,0,1.067100573909112,50,0,51.11810327922961,50,0,0.6061350884708198,100,0,1.4135051950556305,50,0,53.0,0,0
2023-08-16,-0.2251821229254706,50,0,1.051409627817806,50,0,51.11810327922961,50,0,0.6053592508735255,100,0,1.353344933379976,50,0,52.0,0,0
2023-08-17,-0.2667935584588871,50,0,0.97437870606039,100,0,51.11810327922961,50,0,0.6043668038206502,100,0,1.2563628365568094,50,0,50.0,0,0
2023-08-18,-0.2789276058117058,50,0,0.9511534942363088,100,0,51.11810327922961,50,0,0.6033158738141822,100,0,1.0354811901139993,50,0,37.0,50,0
2023-08-19,-0.27773209001847626,50,0,0.9527705833241905,100,0,51.11810327922961,50,0,0.6022358522812877,100,0,1.0263295040928684,50,0,39.0,50,0
2023-08-20,-0.2760331530829214,50,0,0.9553349995035694,100,0,51.11810327922961,50,0,0.601415796177396,100,0,1.2006547617489334,50,0,37.0,50,0
2023-08-21,-0.2767768404610358,50,0,0.9531537960212787,100,0,51.11810327922961,50,0,0.600470113571391,100,0,1.2061640422689124,50,0,38.0,50,0
2023-08-22,-0.27963203878341747,50,0,0.9472135976031065,100,0,51.11810327922961,50,0,0.5993721408094261,100,0,1.0603236960423643,50,0,37.0,50,0
2023-08-23,-0.27005083953733505,50,0,0.9640190396612396,100,0,51.11810327922961,50,0,0.5983998900440483,100,0,1.0458335787065014,50,0,37.0,50,0
2023-08-24,-0.2763449496523649,50,0,0.9516976577857555,100,0,51.11810327922961,50,0,0.5972607640981045,100,0,1.0283890595203984,50,0,41.0,50,0
2023-08-25,-0.27787326743470536,50,0,0.9481393211287792,100,0,51.11810327922961,50,0,0.5963835903960677,100,0,0.990159170657774,50,0,39.0,50,0
2023-08-26,-0.2785365944360052,50,0,0.9464631904623848,100,0,51.11810327922961,50,0,0.5955545545650633,100,0,1.016999752530706,50,0,38.0,50,0
2023-08-27,-0.2769773074426039,50,0,0.948973769614619,100,0,51.11810327922961,50,0,0.5949328289854173,100,0,0.8492734931301644,50,0,38.0,50,0
2023-08-28,-0.276540835620676,50,0,0.9491751588289624,100,0,51.11810327922961,50,0,0.5943748913643805,100,0,0.8667524821696097,50,0,39.0,50,0
2023-08-29,-0.24485460380613389,50,0,1.005749128008756,50,0,51.11810327922961,50,0,0.5938449938721836,100,0,1.1841128670642502,50,0,39.0,50,0
2023-08-30,-0.2523565330054101,50,0,0.9917178452346229,100,0,51.11810327922961,50,0,0.5934024469304602,100,0,0.9727912841207577,50,0,49.0,50,0
2023-08-31,-0.2791981595282739,50,0,0.9424774049727451,100,0,48.049618703231566,50,0,0.5928036040654132,100,0,1.0982482279013885,50,0,52.0,0,0
2023-09-01,-0.28212575822647795,50,0,0.9365530606785523,100,0,48.049618703231566,50,0,0.5921780903162837,100,0,1.104229219781112,50,0,40.0,50,0
2023-09-02,-0.28078034579694194,50,0,0.938527619966443,100,0,48.049618703231566,50,0,0.5915735141335424,100,0,1.1041139525208288,50,0,39.0,50,0
2023-09-03,-0.2788361319463225,50,0,0.9415383870715789,100,0,48.049618703231566,50,0,0.5908729193207702,100,0,1.1453613862732488,50,0,40.0,50,0
2023-09-04,-0.28206303778551345,50,0,0.9352295077182056,100,0,48.049618703231566,50,0,0.5902021810852034,100,0,1.0979892113431995,50,0,40.0,50,0
2023-09-05,-0.28226696883003105,50,0,0.934209382730982,100,0,48.049618703231566,50,0,0.5894117231124163,100,0,0.9313850060778941,50,0,40.0,50,0
2023-09-06,-0.2827300095310285,50,0,0.9328143891039353,100,0,48.049618703231566,50,0,0.5886984049307309,100,0,0.986003380066249,50,0,42.0,50,0
2023-09-07,-0.2735249987167971,50,0,0.948906227924209,100,0,48.049618703231566,50,0,0.5880948016486884,100,0,1.0683973407137655,50,0,41.0,50,0
2023-09-08,-0.2796334511637026,50,0,0.9374166116048835,100,0,48.049618703231566,50,0,0.5874104321337841,100,0,0.9884892126331289,50,0,46.0,50,0
2023-09-09,-0.27978048375163017,50,0,0.9366383289367471,100,0,48.049618703231566,50,0,0.5867585687497071,100,0,1.1045931938441835,50,0,41.0,50,0
2023-09-10,-0.2810355585241862,50,0,0.9339488017218399,100,0,48.049618703231566,50,0,0.5860759153220528,100,0,1.090028072381898,50,0,40.0,50,0
2023-09-11,-0.2948742851561984,50,0,0.908383967556775,100,0,48.049618703231566,50,0,0.5852719738625908,100,0,1.1437341821133453,50,0,40.0,50,0
2023-09-12,-0.2801988253209279,50,0,0.9341617149905305,100,0,48.049618703231566,50,0,0.5847133570358694,100,0,1.0302438872520703,50,0,30.0,50,0
2023-09-13,-0.2727978092014281,50,0,0.946998618662295,100,0,48.049618703231566,50,0,0.5841961117487913,100,0,1.0817849467629346,50,0,41.0,50,0
2023-09-14,-0.26633229597977126,50,0,0.958442261645661,100,0,48.049618703231566,50,0,0.5836803641697474,100,0,1.2029914550435248,50,0,45.0,50,0
2023-09-15,-0.2640714349339308,50,0,0.9621974135232334,100,0,48.049618703231566,50,0,0.5831468648830445,100,0,1.3941549398256958,50,0,45.0,50,0
2023-09-16,-0.26644376493688743,50,0,0.9575313974773532,100,0,48.049618703231566,50,0,0.5823604939685395,100,0,1.1502304084479693,50,0,43.0,50,0
2023-09-17,-0.26753619113267724,50,0,0.9551702446214082,100,0,48.049618703231566,50,0,0.581610733299015,100,0,1.1069743955920717,50,0,46.0,50,0
2023-09-18,-0.2624040149750738,50,0,0.9641589508648726,100,0,48.049618703231566,50,0,0.58094522416166,100,0,1.2048727210861632,50,0,46.0,50,0
2023-09-19,-0.25373808250230584,50,0,0.9799031153738325,100,0,48.049618703231566,50,0,0.5804739904957458,100,0,1.0882393103335941,50,0,46.0,50,0
2023-09-20,-0.2553589007404651,50,0,0.9764847592754011,100,0,48.049618703231566,50,0,0.580054148920493,100,0,1.129089703589775,50,0,47.0,50,0
2023-09-21,-0.2666099723082915,50,0,0.9558004100925022,100,0,48.049618703231566,50,0,0.579475390187475,100,0,1.0551989794505259,50,0,47.0,50,0
2023-09-22,-0.2664121588082977,50,0,0.9556700251759854,100,0,48.049618703231566,50,0,0.5789032423483262,100,0,0.9818539959298057,50,0,43.0,50,0
2023-09-23,-0.26652618561392,50,0,0.955004781643901,100,0,48.049618703231566,50,0,0.5783084536956041,100,0,1.1947556900408665,50,0,47.0,50,0
2023-09-24,-0.2723358308734443,50,0,0.9441458863985499,100,0,48.049618703231566,50,0,0.5779355701529493,100,0,1.0902412129591867,50,0,44.0,50,0
2023-09-25,-0.2722828822245976,50,0,0.9437601098900804,100,0,48.049618703231566,50,0,0.5772809504072537,100,0,1.0632079697190278,50,0,47.0,50,0
2023-09-26,-0.27414270341315505,50,0,0.9399171497529673,100,0,48.049618703231566,50,0,0.5767701080577027,100,0,0.9937050775927343,50,0,46.0,50,0
2023-09-27,-0.27124987808268947,50,0,0.9445407358726912,100,0,48.049618703231566,50,0,0.5762510189830657,100,0,1.1490278088392456,50,0,44.0,50,0
2023-09-28,-0.25728484810316704,50,0,0.9690643579178626,100,0,48.049618703231566,50,0,0.5758394091549655,100,0,1.1071242157606567,50,0,46.0,50,0
2023-09-29,-0.25981194984464695,50,0,0.9642116808577031,100,0,48.049618703231566,50,0,0.575512040754217,100,0,1.114584547206877,50,0,48.0,50,0
2023-09-30,-0.2585472718638343,50,0,0.9661120479546376,100,0,49.08081278323631,50,0,0.5751777620483595,100,0,1.0243892236517291,50,0,47.0,50,0
2023-10-01,-0.2390670732335681,50,0,1.0004115999555179,50,0,49.08081278323631,50,0,0.5749706137832121,100,0,1.0493760665444432,50,0,48.0,50,0
2023-10-02,-0.24680213750544183,50,0,0.9861475486607282,100,0,49.08081278323631,50,0,0.5747435578008601,100,0,1.2149118309076352,50,0,50.0,0,0
2023-10-03,-0.24945394399238183,50,0,0.9811085425206789,100,0,49.08081278323631,50,0,0.5746314951030911,100,0,1.2419677685581312,50,0,50.0,0,0
2023-10-04,-0.24246293621989978,50,0,0.9933908218063222,100,0,49.08081278323631,50,0,0.5744627593714366,100,0,0.9951630594833305,50,0,49.0,50,0
2023-10-05,-0.2498531070875389,50,0,0.979635056475746,100,0,49.08081278323631,50,0,0.5741030197622463,100,0,1.0748476566601095,50,0,48.0,50,0
2023-10-06,-0.23968961055962185,50,0,0.9975329158538397,100,0,49.08081278323631,50,0,0.5737800564687985,100,0,1.234572566709757,50,0,50.0,0,0
2023-10-07,-0.2392348074355555,50,0,0.9981112950160694,100,0,49.08081278323631,50,0,0.573492799843722,100,0,1.3247651591723244,50,0,49.0,50,0
2023-10-08,-0.24000707313211633,50,0,0.9962933865217984,100,0,49.08081278323631,50,0,0.5731481899427727,100,0,1.1659426788706146,50,0,50.0,0,0
2023-10-09,-0.2471262346965564,50,0,0.9834830376473188,100,0,49.08081278323631,50,0,0.572470616569563,100,0,1.1745437174725357,50,0,50.0,0,0
2023-10-10,-0.2505723540777184,50,0,0.9768661208390347,100,0,49.08081278323631,50,0,0.5714971266063963,100,0,1.223104569207041,50,0,50.0,0,0
2023-10-11,-0.26242598108209536,50,0,0.9553115679757511,100,0,49.08081278323631,50,0,0.5705295726591798,100,0,1.1776318405446398,50,0,47.0,50,0
2023-10-12,-0.2641106447334819,50,0,0.9517463927410479,100,0,49.08081278323631,50,0,0.5693944120258704,100,0,1.2031165170287264,50,0,45.0,50,0
2023-10-13,-0.2620358027981199,50,0,0.9548691203763485,100,0,49.08081278323631,50,0,0.5683102355262668,100,0,1.0230825880872625,50,0,44.0,50,0
2023-10-14,-0.26189699760504914,50,0,0.955084020003756,100,0,49.08081278323631,50,0,0.5672577587481478,100,0,1.0720887204540692,50,0,47.0,50,0
2023-10-15,-0.25654058932541035,50,0,0.9641339276071368,100,0,49.08081278323631,50,0,0.5662642077757545,100,0,1.205394542220532,50,0,45.0,50,0
2023-10-16,-0.22918001110723074,50,0,1.0124945936714187,50,0,49.08081278323631,50,0,0.5653495811100405,100,0,1.080890383218569,50,0,47.0,50,0
2023-10-17,-0.23078256637580202,50,0,1.009322064456715,50,0,49.08081278323631,50,0,0.5645297214907997,100,0,1.3003483913798122,50,0,52.0,0,0
2023-10-18,-0.23300226163676271,50,0,1.005053886076893,50,0,49.08081278323631,50,0,0.5636127521518242,100,0,1.1105313003566086,50,0,50.0,0,0
2023-10-19,-0.22562749955680125,50,0,1.017351901577603,50,0,49.08081278323631,50,0,0.5627385976538953,100,0,1.0891782102227054,50,0,52.0,0,0
2023-10-20,-0.20569874239819144,50,0,1.0527298046911804,50,0,49.08081278323631,50,0,0.5620284481353667,100,0,1.0976601837454127,50,0,53.0,0,0
2023-10-21,-0.20147840202366002,50,0,1.0598288469068742,50,0,49.08081278323631,50,0,0.5613508502603781,100,0,1.2140521060957594,50,0,63.0,0,0
2023-10-22,-0.20037198287658659,50,0,1.061406801491788,50,0,49.08081278323631,50,0,0.5605625092612361,100,0,1.219280051131148,50,0,53.0,0,0
2023-10-23,-0.14239213230238926,50,0,1.1657863700121833,50,0,49.08081278323631,50,0,0.5601571741998332,100,0,1.294613252443931,50,0,53.0,0,0
2023-10-24,-0.1256511254561598,50,0,1.1977659566461434,50,0,49.08081278323631,50,0,0.5597840803872529,100,0,1.197282864054802,50,0,66.0,0,0
2023-10-25,-0.11451518317387956,50,0,1.2184097067086217,0,0,49.08081278323631,50,0,0.5593997084578503,100,0,1.3702663402495532,50,0,72.0,0,0
2023-10-26,-0.12185838652015897,50,0,1.2067363964425988,0,0,49.08081278323631,50,0,0.5590320024580897,100,0,1.3902254753779668,50,0,71.0,0,0
2023-10-27,-0.12794512266799057,50,0,1.1958865997177281,50,0,49.08081278323631,50,0,0.5586051022070353,100,0,1.4191536206677275,50,0,70.0,0,0
2023-10-28,-0.12442640382513145,50,0,1.2019425947490197,0,0,49.08081278323631,50,0,0.5582109970923211,100,0,1.4487989395087406,50,0,65.0,0,0
2023-10-29,-0.1151758173480784,50,0,1.2181286536203682,0,0,49.08081278323631,50,0,0.5578043709411665,100,0,1.2594259771359708,50,0,72.0,0,0
2023-10-30,-0.1173402050821257,50,0,1.2145037653754849,0,0,49.08081278323631,50,0,0.5573703477379987,100,0,1.4572545403118622,50,0,68.0,0,0
2023-10-31,-0.11517651168294449,50,0,1.218637568218777,0,0,56.106536676414045,50,0,0.557009355701635,100,0,1.4094227977128637,50,0,66.0,0,0
2023-11-01,-0.10070813818580304,50,0,1.2457432848504355,0,0,56.106536676414045,50,0,0.5565429606344481,100,0,1.3633214444461068,50,0,66.0,0,0
2023-11-02,-0.11212828419684236,50,0,1.225579130857672,0,0,56.106536676414045,50,0,0.5562152683928239,100,0,1.3783363197121736,50,0,72.0,0,0
2023-11-03,-0.11620516842990557,50,0,1.218603642635685,0,0,56.106536676414045,50,0,0.5558716118767891,100,0,1.2602981703495844,50,0,65.0,0,0
2023-11-04,-0.10894960477375586,50,0,1.2311888833318312,0,0,56.106536676414045,50,0,0.5555823279869168,100,0,1.675005804785499,0,0,68.0,0,0
2023-11-05,-0.10890229067135139,50,0,1.23082261484963,0,0,56.106536676414045,50,0,0.5552866584053093,100,0,1.5714336233958612,0,0,70.0,0,0
2023-11-06,-0.11105167879965236,50,0,1.2269234748854478,0,0,56.106536676414045,50,0,0.5550073581691415,100,0,1.2486292396615868,50,0,74.0,0,0
2023-11-07,-0.1038347301701596,50,0,1.2401183188367735,0,0,56.106536676414045,50,0,0.554785430233645,100,0,1.3191503331317416,50,0,68.0,0,0
2023-11-08,-0.09696417463911462,50,0,1.2525340849505153,0,0,56.106536676414045,50,0,0.5546506989500043,100,0,1.5189628262429375,0,0,66.0,0,0
2023-11-09,-0.08152222363985086,50,0,1.2823097461982886,0,0,56.106536676414045,50,0,0.5545962593412829,100,0,1.7286641256545285,0,0,69.0,0,0
2023-11-10,-0.06897465929927693,50,0,1.3055572855950506,0,0,56.106536676414045,50,0,0.554649870072169,100,0,1.6913325654623088,0,0,70.0,0,0
2023-11-11,-0.07686380484763104,50,0,1.2910837746561625,0,0,56.106536676414045,50,0,0.554596218816043,100,0,1.714704305492456,0,0,70.0,0,0
2023-11-12,-0.07566963821036611,50,0,1.292715431800529,0,0,56.106536676414045,50,0,0.5547038023547773,100,0,1.7857748412703638,0,0,73.0,0,0
2023-11-13,-0.08601653636794686,50,0,1.2740176927778237,0,0,56.106536676414045,50,0,0.5547329239744038,100,0,1.286324856305339,50,0,72.0,0,0
2023-11-14,-0.10477263182292697,50,0,1.2399811621893098,0,0,56.106536676414045,50,0,0.5546454607642156,100,0,1.4070867398026112,50,0,69.0,0,0
2023-11-15,-0.06189328086997136,50,0,1.317415025640982,0,0,56.106536676414045,50,0,0.5548806029001877,100,0,1.5590542996675127,0,0,60.0,0,0
2023-11-16,-0.0950158621945043,50,0,1.2580622873225344,0,0,56.106536676414045,50,0,0.5548954959900351,100,0,1.8396347751858184,0,0,70.0,0,0
2023-11-17,-0.08741452350090863,50,0,1.2714287147106085,0,0,56.106536676414045,50,0,0.554954999537401,100,0,1.7421773725961978,0,0,63.0,0,0
2023-11-18,-0.0874594067748954,50,0,1.270824279442809,0,0,56.106536676414045,50,0,0.5550212001096406,100,0,1.8371636080060778,0,0,69.0,0,0
2023-11-19,-0.07090182712526698,50,0,1.299960201118541,0,0,56.106536676414045,50,0,0.5552032209171786,100,0,1.8548316344915579,0,0,66.0,0,0
2023-11-20,-0.07025231588939108,50,0,1.301573660779515,0,0,56.106536676414045,50,0,0.5553353872853656,100,0,1.7911021298629857,0,0,69.0,0,0
2023-11-21,-0.09972993653271507,50,0,1.249346222857886,0,0,56.106536676414045,50,0,0.5553712948313169,100,0,1.6417856758011546,0,0,71.0,0,0
2023-11-22,-0.07396809662413055,50,0,1.295852495126116,0,0,56.106536676414045,50,0,0.5555353815338685,100,0,1.4968203625190606,50,0,62.0,0,0
2023-11-23,-0.0760493198387363,50,0,1.2917635107231884,0,0,56.106536676414045,50,0,0.5557343684244431,100,0,1.6667644698466841,0,0,66.0,0,0
2023-11-24,-0.06864270547769803,50,0,1.3049111018206039,0,0,56.106536676414045,50,0,0.5559719270465521,100,0,1.6853751660173057,0,0,66.0,0,0
2023-11-25,-0.06730262678663806,50,0,1.3067740162229404,0,0,56.106536676414045,50,0,0.5562174321910808,100,0,1.5956874129917007,0,0,73.0,0,0
2023-11-26,-0.07372575040553599,50,0,1.294876235264362,0,0,56.106536676414045,50,0,0.5564061430218268,100,0,1.449677333051178,50,0,73.0,0,0
2023-11-27,-0.0788619162354601,50,0,1.285221840346673,0,0,56.106536676414045,50,0,0.556469635141145,100,0,1.3165083164575406,50,0,66.0,0,0
2023-11-28,-0.06781157209605407,50,0,1.3049899243349365,0,0,56.106536676414045,50,0,0.5566645718281937,100,0,1.4423056101529117,50,0,68.0,0,0
2023-11-29,-0.06832399681971625,50,0,1.3047068682933967,0,0,56.106536676414045,50,0,0.5568881708041556,100,0,1.337381339570554,50,0,72.0,0,0
2023-11-30,-0.07104715555716448,50,0,1.2991802991027237,0,0,58.57875637734543,50,0,0.5570740924857499,100,0,1.319311313112259,50,0,74.0,0,0
2023-12-01,-0.05296727848645757,50,0,1.3323521071292976,0,0,58.57875637734543,50,0,0.5573195714849416,100,0,1.7008311494166515,0,0,71.0,0,0
2023-12-02,-0.03880218249704397,50,0,1.3574668662428195,0,0,58.57875637734543,50,0,0.5576763662085935,100,0,1.2960736630421215,50,0,74.0,0,0
2023-12-03,-0.0293835972404401,50,0,1.3741803188275106,0,0,58.57875637734543,50,0,0.558066312641527,100,0,1.7685377389593606,0,0,73.0,0,0
2023-12-04,0.005241419011685678,50,0,1.4394388144203085,0,0,58.57875637734543,50,0,0.5586790134347631,100,0,1.7789912893590734,0,0,74.0,0,0
2023-12-05,0.044560112810385674,50,0,1.512217459876672,0,0,58.57875637734543,50,0,0.5596126197224246,100,0,1.7588167836209503,0,0,75.0,0,0
2023-12-06,0.03587987632670466,50,0,1.4999416769546228,0,0,58.57875637734543,50,0,0.5608439668871802,100,0,1.9238346099658075,0,0,72.0,0,0
2023-12-07,0.025723109504408412,50,0,1.4828409079544065,0,0,58.57875637734543,50,0,0.5621223231977387,100,0,1.468292835293056,50,0,72.0,0,0
2023-12-08,0.041835512238973985,50,0,1.5131690661842108,0,0,58.57875637734543,50,0,0.5634790263657052,100,0,1.6347183466063264,0,0,72.0,0,0
2023-12-09,0.0324408973501314,50,0,1.4960128360767955,0,0,58.57875637734543,50,0,0.5647695399936398,100,0,1.8725425021181146,0,0,73.0,0,0
2023-12-10,0.03183617569383689,50,0,1.4945372222983397,0,0,58.57875637734543,50,0,0.5660591248197148,100,0,1.6694250327581803,0,0,74.0,0,0
2023-12-11,-0.016755225131119957,50,0,1.4072450864861998,0,0,58.57875637734543,50,0,0.56710831253671,100,0,1.758716106827354,0,0,74.0,0,0
2023-12-12,-0.013487810454291269,50,0,1.4149574800255065,0,0,58.57875637734543,50,0,0.5680919362880995,100,0,1.563818158470144,0,0,67.0,0,0
2023-12-13,0.013571527889248711,50,0,1.464015700572244,0,0,58.57875637734543,50,0,0.5692645567901405,100,0,1.7656629239715056,0,0,65.0,0,0
2023-12-14,0.01462295738833445,50,0,1.4660522529864468,0,0,58.57875637734543,50,0,0.5704597375070001,100,0,1.973171510424045,0,0,72.0,0,0
2023-12-15,-0.006455020454482076,50,0,1.429009733041034,0,0,58.57875637734543,50,0,0.5715444494995068,100,0,2.2719540878236293,0,0,70.0,0,0
2023-12-16,-0.0027695071098162924,50,0,1.4355459500353618,0,0,58.57875637734543,50,0,0.5726296401215561,100,0,2.3368179611679127,0,0,67.0,0,0
2023-12-17,-0.0175692778504972,50,0,1.4081227325349763,0,0,58.57875637734543,50,0,0.5736329535412635,100,0,2.3316599984183304,0,0,73.0,0,0
2023-12-18,0.003947844249773233,50,0,1.447991432651748,0,0,58.57875637734543,50,0,0.5745088287968164,100,0,2.161320629769972,0,0,65.0,0,0
2023-12-19,-0.003719552681663496,50,0,1.4345174619260301,0,0,58.57875637734543,50,0,0.5754015537567226,100,0,2.250556394957137,0,0,73.0,0,0
2023-12-20,0.02005872248211598,50,0,1.4785459956464515,0,0,58.57875637734543,50,0,0.5766454957290811,100,0,2.0676561302564203,0,0,74.0,0,0
2023-12-21,0.024233364411697378,50,0,1.4863011643997097,0,0,58.57875637734543,50,0,0.5779317824966338,100,0,2.110609483430848,0,0,70.0,0,0
2023-12-22,0.02578712313226676,50,0,1.4897824697966817,0,0,58.57875637734543,50,0,0.5792223602544095,100,0,2.142921592312278,0,0,74.0,0,0
2023-12-23,0.02075125246602569,50,0,1.4804142096894897,0,0,58.57875637734543,50,0,0.580466581273758,100,0,1.88642952237249,0,0,70.0,0,0
2023-12-24,0.007221062389294299,50,0,1.4565530676358638,0,0,58.57875637734543,50,0,0.5816702631841383,100,0,1.9872980661684196,0,0,71.0,0,0
2023-12-25,0.01670737076505995,50,0,1.4731197789453168,0,0,58.57875637734543,50,0,0.5829291202236083,100,0,1.5831697302142698,0,0,73.0,0,0
2023-12-26,-0.005602693311811777,50,0,1.4337260654806205,0,0,58.57875637734543,50,0,0.5840894596914591,100,0,1.5579724035930673,0,0,71.0,0,0
2023-12-27,0.009492543646123081,50,0,1.4644177445552748,0,0,58.57875637734543,50,0,0.5852885946955276,100,0,1.6351261377535,0,0,73.0,0,0
2023-12-28,-0.005387904765751996,50,0,1.4374105277348168,0,0,58.57875637734543,50,0,0.5865141769603083,100,0,1.479254775000003,50,0,73.0,0,0
2023-12-29,-0.018856167626210684,50,0,1.4136399592527087,0,0,58.57875637734543,50,0,0.5877280348782709,100,0,1.7062957988183691,0,0,65.0,0,0
2023-12-30,-0.015484471297681508,50,0,1.4194225978560215,0,0,58.57875637734543,50,0,0.5890318799377419,100,0,1.7101084692948838,0,0,68.0,0,0
2023-12-31,-0.01563955281580897,50,0,1.4187009152034582,0,0,61.9575046455144,50,0,0.5904307534704806,100,0,1.9482364403327606,0,0,67.0,0,0
2024-01-01,0.01787127859746662,50,0,1.479027913335708,0,0,61.9575046455144,50,0,0.5919056643572116,100,0,1.750310175616944,0,0,65.0,0,0
2024-01-02,0.03294845207202876,50,0,1.50765971582581,0,0,61.9575046455144,50,0,0.5934027935393937,100,0,1.4933761144297706,50,0,71.0,0,0
2024-01-03,-0.008082732634867857,50,0,1.4337766712780933,0,0,61.9575046455144,50,0,0.5946099514197487,100,0,1.7084884154759703,0,0,70.0,0,0
2024-01-04,0.012250576401323592,50,0,1.4820403577970285,0,0,61.9575046455144,50,0,0.5959549215431167,100,0,1.7640568380024764,0,0,68.0,0,0
2024-01-05,0.009169804020578862,50,0,1.4773061169542123,0,0,61.9575046455144,50,0,0.5973932376091247,100,0,1.4597032935949315,50,0,72.0,0,0
2024-01-06,0.004614778389482837,50,0,1.4684357219443933,0,0,61.9575046455144,50,0,0.5988204117720132,100,0,1.4329164529607596,50,0,70.0,0,0
2024-01-07,0.002962070056493343,50,0,1.464718644249333,0,0,61.9575046455144,50,0,0.6001902194451391,100,0,1.2158820422116579,50,0,71.0,0,0
2024-01-08,0.05888292466257221,50,0,1.5680593398009643,0,0,61.9575046455144,50,0,0.6017915837993034,100,0,1.3751163096012042,50,0,71.0,0,0
2024-01-09,0.04083576340609786,50,0,1.536711709039125,0,0,61.9575046455144,50,0,0.6032961496015403,100,0,1.6694489340752587,0,0,76.0,0,0
2024-01-10,0.052840107012005866,50,0,1.5597483217902823,0,0,61.9575046455144,50,0,0.6049750935715096,100,0,1.4100217243929123,50,0,73.0,0,0
2024-01-11,0.04347247212569258,50,0,1.5436584813805363,0,0,61.9575046455144,50,0,0.6065989111546817,100,0,1.8459776977450255,0,0,76.0,0,0
2024-01-12,-0.02095694180269651,50,0,1.4238004684296368,0,0,61.9575046455144,50,0,0.6078923782519204,100,0,1.8030653480298147,0,0,71.0,0,0
2024-01-13,-0.02060482187646392,50,0,1.42350748110811,0,0,61.9575046455144,50,0,0.60922333634517,100,0,1.6211580969122026,0,0,64.0,0,0
2024-01-14,-0.038184050709863686,50,0,1.390447750979944,0,0,61.9575046455144,50,0,0.6105056218811405,100,0,1.4495749133850735,50,0,60.0,0,0
2024-01-15,-0.026827022313552964,50,0,1.4104629686720764,0,0,61.9575046455144,50,0,0.6117995691101442,100,0,1.1737102580603906,50,0,52.0,0,0
2024-01-16,-0.018920709022740793,50,0,1.4304928796466823,0,0,61.9575046455144,50,0,0.6131451065127294,100,0,1.2870699522576068,50,0,64.0,0,0
2024-01-17,-0.028012624555252063,50,0,1.4132694473391199,0,0,61.9575046455144,50,0,0.614373054863136,100,0,1.2170713481687214,50,0,60.0,0,0
2024-01-18,-0.05524035011911766,50,0,1.364882614435437,0,0,61.9575046455144,50,0,0.6154731133001502,100,0,1.4062712345288197,50,0,63.0,0,0
2024-01-19,-0.049541842534565186,50,0,1.375141662783944,0,0,61.9575046455144,50,0,0.6165872756660313,100,0,1.258525683249963,50,0,51.0,0,0
2024-01-20,-0.048517745803863505,50,0,1.3760324374073714,0,0,61.9575046455144,50,0,0.6175545184345793,100,0,1.3436401640804612,50,0,52.0,0,0
2024-01-21,-0.05099056845051346,50,0,1.3705329871381051,0,0,61.9575046455144,50,0,0.6185402535840485,100,0,1.3179453430896875,50,0,56.0,0,0
2024-01-22,-0.08622882201775556,50,0,1.304843992238851,0,0,61.9575046455144,50,0,0.6193540072847773,100,0,1.4579625145774575,50,0,55.0,0,0
2024-01-23,-0.0837116449943578,50,0,1.309110010644904,0,0,61.9575046455144,50,0,0.62015699818099,100,0,1.3579409162427014,50,0,50.0,0,0
2024-01-24,-0.07857592530949725,50,0,1.3200816457944704,0,0,61.9575046455144,50,0,0.6210253092323038,100,0,1.3029706477485348,50,0,48.0,50,0
2024-01-25,-0.08245883482910392,50,0,1.3129944205812296,0,0,61.9575046455144,50,0,0.6217344665690077,100,0,1.575686565711112,0,0,52.0,0,0
2024-01-26,-0.048178103631127914,50,0,1.3757637136334024,0,0,61.9575046455144,50,0,0.6225971075132317,100,0,1.3584350012519104,50,0,49.0,50,0
2024-01-27,-0.04372435253157737,50,0,1.3832933156477611,0,0,61.9575046455144,50,0,0.6234992312909262,100,0,1.547746835586777,0,0,55.0,0,0
2024-01-28,-0.04647279504251159,50,0,1.3774555040079106,0,0,61.9575046455144,50,0,0.6244303323448389,100,0,1.4616969428713373,50,0,54.0,0,0
2024-01-29,-0.024999536822505743,50,0,1.416765115030233,0,0,61.9575046455144,50,0,0.6254926515906201,100,0,1.415675909323436,50,0,55.0,0,0
2024-01-30,-0.03147815933883721,50,0,1.4067671588389852,0,0,61.9575046455144,50,0,0.6266375156917834,100,0,1.3523737267791238,50,0,61.0,0,0
2024-01-31,-0.03912395586730871,50,0,1.3937846272391654,0,0,62.231731511374534,50,0,0.6278791656136501,100,0,1.2229084576034737,50,0,60.0,0,0
2024-02-01,-0.03179006218230041,50,0,1.406694656227406,0,0,62.231731511374534,50,0,0.6291070510849015,100,0,1.384485227892764,50,0,63.0,0,0
2024-02-02,-0.029830752943864218,50,0,1.409911008048561,0,0,62.231731511374534,50,0,0.6303893397993137,100,0,1.7134284261866248,0,0,63.0,0,0
2024-02-03,-0.03303663166886432,50,0,1.4030760647804954,0,0,62.231731511374534,50,0,0.6316154131086686,100,0,1.5640597162673366,0,0,60.0,0,0
2024-02-04,-0.04049644142437883,50,0,1.3886614363240186,0,0,62.231731511374534,50,0,0.6325890629737777,100,0,1.4614943893821228,50,0,60.0,0,0
2024-02-05,-0.04012723792420098,50,0,1.3889204516806524,0,0,62.231731511374534,50,0,0.633598578508317,100,0,1.4360558851389462,50,0,60.0,0,0
2024-02-06,-0.0325741138137426,50,0,1.403501661370922,0,0,62.231731511374534,50,0,0.6346383426392871,100,0,1.5230907979688812,0,0,64.0,0,0
2024-02-07,-0.012872866248303656,50,0,1.439723339046382,0,0,62.231731511374534,50,0,0.6357072965147087,100,0,1.507640132354155,0,0,62.0,0,0
2024-02-08,0.005277048715457021,50,0,1.4735270334034085,0,0,62.231731511374534,50,0,0.6367047371313783,100,0,1.3542365996278654,50,0,66.0,0,0
2024-02-09,0.03665326333065293,50,0,1.5320608592242717,0,0,62.231731511374534,50,0,0.6377814955118866,100,0,1.6112989936738473,0,0,72.0,0,0
2024-02-10,0.04682523639209369,50,0,1.5505916258536694,0,0,62.231731511374534,50,0,0.6388959715207286,100,0,1.4788600691152622,50,0,74.0,0,0
2024-02-11,0.05334842337877319,50,0,1.5623330833916524,0,0,62.231731511374534,50,0,0.6396408081312306,100,0,1.533305844160364,0,0,71.0,0,0
2024-02-12,0.08272796605566277,50,0,1.6187039090853546,0,0,62.231731511374534,50,0,0.6403993423411904,100,0,1.8098604431055976,0,0,70.0,0,0
2024-02-13,0.07499975861838426,50,0,1.6054040411189563,0,0,62.231731511374534,50,0,0.6410176985282477,100,0,1.383524011845591,50,0,79.0,0,100
2024-02-14,0.1089385655973608,50,0,1.6753447176662946,0,0,62.231731511374534,50,0,0.6418879494385809,100,0,1.487485374306145,50,0,74.0,0,0
2024-02-15,0.10901687051734021,50,0,1.6766756776121827,0,0,62.231731511374534,50,0,0.6427936098675869,100,0,1.6717326194239537,0,0,72.0,0,0
2024-02-16,0.11134531644044068,50,0,1.6819701914644094,0,0,62.231731511374534,50,0,0.6436214898662894,100,0,1.4691979232087018,50,0,72.0,0,0
2024-02-17,0.10223635137766003,50,0,1.6647076360943718,0,0,62.231731511374534,50,0,0.6443368427422046,100,0,1.5468966169388836,0,0,76.0,0,0
2024-02-18,0.1096457078711252,50,0,1.6782156921947327,0,0,62.231731511374534,50,0,0.6451033431895578,100,0,1.2720608577565145,50,0,72.0,0,0
2024-02-19,0.10084926481435992,50,0,1.6654481004292665,0,0,62.231731511374534,50,0,0.645817753487205,100,0,1.4162233525991157,50,0,75.0,0,0
2024-02-20,0.10850040697690459,50,0,1.679874010271085,0,0,62.231731511374534,50,0,0.6464457396663345,100,0,1.4601705475219415,50,0,72.0,0,0
2024-02-21,0.0973711377930038,50,0,1.6600705750370761,0,0,62.231731511374534,50,0,0.6470735124354707,100,0,1.4377266320546636,50,0,78.0,0,0
2024-02-22,0.0879698905017408,50,0,1.6439193761363127,0,0,62.231731511374534,50,0,0.6476088393255324,100,0,1.4025961405582985,50,0,74.0,0,0
2024-02-23,0.07764924956063342,50,0,1.6261810612770775,0,0,62.231731511374534,50,0,0.6480417446588007,100,0,1.6261147213808302,0,0,76.0,0,0
2024-02-24,0.090678862696683,50,0,1.6497847344773713,0,0,62.231731511374534,50,0,0.6485535540496773,100,0,1.4027382068173972,50,0,72.0,0,0
2024-02-25,0.09307302403601411,50,0,1.6535016157569382,0,0,62.231731511374534,50,0,0.6491714340081413,100,0,1.653600375233443,0,0,74.0,0,0
2024-02-26,0.13876935160200912,50,0,1.7412844078233636,0,0,62.231731511374534,50,0,0.6500737516770767,100,0,1.4154337445294682,50,0,72.0,0,0
2024-02-27,0.17667959051565946,50,0,1.818978341382163,0,0,62.231731511374534,50,0,0.651153687682779,100,0,1.4623723474182155,50,0,79.0,0,100
2024-02-28,0.2527512385828246,50,0,1.9890653959167879,0,0,62.231731511374534,50,0,0.6525185447712112,100,0,1.79574106506187,0,0,82.0,0,100
2024-02-29,0.2301639552594049,50,0,1.9527771343429186,0,0,72.86961296854899,0,0,0.6537321790205312,100,0,1.7004169275509666,0,0,80.0,0,100
2024-03-01,0.24185823144738955,50,0,1.986284928169254,0,0,72.86961296854899,0,0,0.6552141670424082,100,0,1.9000446791526233,0,0,80.0,0,100
2024-03-02,0.23298415294387698,50,0,1.968830763799894,0,0,72.86961296854899,0,0,0.6566142232840857,100,0,1.5554027237413768,0,0,80.0,0,100
2024-03-03,0.24706457433002327,50,0,1.9962674518468562,0,0,72.86961296854899,0,0,0.658214769862224,100,0,1.8879629225207752,0,0,83.0,0,100
2024-03-04,0.32332020454385935,50,0,2.1550161991070746,0,0,72.86961296854899,0,0,0.6603092294645947,100,0,1.733974545274141,0,0,82.0,0,100
2024-03-05,0.24742049253267692,50,0,2.0214373798850667,0,0,72.86961296854899,0,0,0.6617895138967027,100,0,2.2565494327387112,0,0,90.0,0,100
2024-03-06,0.2664323439343409,50,0,2.0868206830873226,0,0,72.86961296854899,0,0,0.6636027567301782,100,0,1.8338522340088848,0,0,75.0,0,0
2024-03-07,0.2739921203860577,50,0,2.1146154059620206,0,0,72.86961296854899,0,0,0.6654823350476138,100,0,2.314053690406399,0,0,82.0,0,100
2024-03-08,0.28753307526709293,50,0,2.151927263261058,0,0,72.86961296854899,0,0,0.6673939735106148,100,0,2.0054586249628517,0,0,81.0,0,100
2024-03-09,0.2878085182996019,50,0,2.1540723593294584,0,0,72.86961296854899,0,0,0.6691923724949904,100,0,2.187074041658465,0,0,84.0,0,100
2024-03-10,0.2914426821255277,50,0,2.163090321255349,0,0,72.86961296854899,0,0,0.6710286846806264,100,0,1.8754011623346918,0,0,79.0,0,100
2024-03-11,0.3334898571480468,50,0,2.2639865231449816,0,0,72.86961296854899,0,0,0.6732436652745253,100,0,2.287443342284103,0,0,82.0,0,100
2024-03-12,0.31580165006263705,50,0,2.2368492267072924,0,0,72.86961296854899,0,0,0.6752148859020766,100,0,1.9013630403583925,0,0,81.0,0,100
2024-03-13,0.32153448742664,50,0,2.2852223944278576,0,0,72.86961296854899,0,0,0.6773667975803148,100,0,2.162126814889847,0,0,81.0,0,100
2024-03-14,0.2927986386984981,50,0,2.232854954205633,0,0,72.86961296854899,0,0,0.6793143981288494,100,0,1.8930855946886183,0,0,88.0,0,100
2024-03-15,0.25863660019076146,50,0,2.164990672678825,0,0,72.86961296854899,0,0,0.6811132931248577,100,0,1.6320614413481898,0,0,83.0,0,100
2024-03-16,0.19730899921578837,50,0,2.0379816642476234,0,0,72.86961296854899,0,0,0.6826499004615542,100,0,1.8262994175244562,0,0,81.0,0,100
2024-03-17,0.23767278249232168,50,0,2.124021757354565,0,0,72.86961296854899,0,0,0.6843973782058116,100,0,1.8120459637931166,0,0,79.0,0,100
2024-03-18,0.22816959763242958,50,0,2.1053123197805776,0,0,72.86961296854899,0,0,0.6860030488545072,100,0,1.8369343068779476,0,0,77.0,0,0
2024-03-19,0.14128363216868964,50,0,1.9228575720065673,0,0,72.86961296854899,0,0,0.6871953174499631,100,0,1.8753411490758372,0,0,79.0,0,100
2024-03-20,0.22762868989959653,50,0,2.102553679222094,0,0,72.86961296854899,0,0,0.6888214271395237,100,0,1.733852264323092,0,0,74.0,0,0
2024-03-21,0.18981508375195494,50,0,2.025856683466673,0,0,72.86961296854899,0,0,0.6901346649372168,100,0,1.4817548723855405,50,0,78.0,0,0
2024-03-22,0.1579623493231027,50,0,1.962581316931028,0,0,72.86961296854899,0,0,0.6911993810507592,100,0,1.6227014917202918,0,0,75.0,0,0
2024-03-23,0.16119132724717583,50,0,1.9872018761227208,0,0,72.86961296854899,0,0,0.6922564024503676,100,0,1.8804598069940102,0,0,73.0,0,0
2024-03-24,0.2037461785653313,50,0,2.0749398002284996,0,0,72.86961296854899,0,0,0.6932925187324244,100,0,1.971136399879223,0,0,74.0,0,0
2024-03-25,0.23358105479448057,50,0,2.1569101735595373,0,0,72.86961296854899,0,0,0.6943184148122754,100,0,1.6495666399993094,0,0,75.0,0,0
2024-03-26,0.23271518375358463,50,0,2.1549014945910807,0,0,72.86961296854899,0,0,0.6954103810311139,100,0,1.695752766562668,0,0,81.0,0,100
2024-03-27,0.21938998392932085,50,0,2.127393362177179,0,0,72.86961296854899,0,0,0.6964790707533268,100,0,1.698902964838393,0,0,83.0,0,100
2024-03-28,0.2378164608149705,50,0,2.1723551495332973,0,0,72.86961296854899,0,0,0.6975596166878132,100,0,1.9051819348846195,0,0,80.0,0,100
2024-03-29,0.2232823263016731,50,0,2.141610866350892,0,0,72.86961296854899,0,0,0.6986330205912373,100,0,1.7899422347026763,0,0,79.0,0,100
2024-03-30,0.21884738681498572,50,0,2.131033536214516,0,0,72.86961296854899,0,0,0.6996770152040781,100,0,1.9179130680267347,0,0,75.0,0,0
2024-03-31,0.24074437630201156,50,0,2.175952692150886,0,0,76.5834777734425,0,0,0.7011280508312654,100,0,1.7299331457231564,0,0,75.0,0,0
2024-04-01,0.21388819127941483,50,0,2.129320298079511,0,0,76.5834777734425,0,0,0.7023955851986982,100,0,1.835096532309135,0,0,79.0,0,100
2024-04-02,0.14919500854817458,50,0,1.996975938701148,0,0,76.5834777734425,0,0,0.7032381745604339,100,0,1.7344165008886105,0,0,79.0,0,100
2024-04-03,0.15646085152868117,50,0,2.0126769699952676,0,0,76.5834777734425,0,0,0.7040197838665535,100,0,1.6407007973192396,0,0,71.0,0,0
2024-04-04,0.18870320635806467,50,0,2.0802673880655087,0,0,76.5834777734425,0,0,0.7050493057286731,100,0,1.6469421101537636,0,0,70.0,0,0
2024-04-05,0.1803113693415078,50,0,2.0614515854887188,0,0,76.5834777734425,0,0,0.7059580944645363,100,0,1.7222007294984978,0,0,79.0,0,100
2024-04-06,0.19688492489792403,50,0,2.0961241252088083,0,0,76.5834777734425,0,0,0.7070647822029458,100,0,1.806249110321607,0,0,75.0,0,0
2024-04-07,0.19993354166928193,50,0,2.101190205187284,0,0,76.5834777734425,0,0,0.7080248855837517,100,0,2.016235854351652,0,0,78.0,0,0
2024-04-08,0.2311124518120645,50,0,2.168537322273388,0,0,76.5834777734425,0,0,0.7091702285087367,100,0,1.9396788711566555,0,0,76.0,0,0
2024-04-09,0.19231017714629997,50,0,2.086086863920449,0,0,76.5834777734425,0,0,0.7100186989593922,100,0,1.7945357363406704,0,0,80.0,0,100
2024-04-10,0.21266945001899254,50,0,2.1287487491648234,0,0,76.5834777734425,0,0,0.7109329084321345,100,0,1.8869642184690902,0,0,78.0,0,0
2024-04-11,0.2040907780488476,50,0,2.10991390846256,0,0,76.5834777734425,0,0,0.7118480342451972,100,0,1.7366464926521743,0,0,76.0,0,0
2024-04-12,0.16142421290889145,50,0,2.018598747748961,0,0,76.5834777734425,0,0,0.7125893532234578,100,0,1.870264223717265,0,0,79.0,0,100
2024-04-13,0.12500254988625492,50,0,1.9396939028767823,0,0,76.5834777734425,0,0,0.7132345374602304,100,0,2.005501193098417,0,0,72.0,0,0
2024-04-14,0.14017820021658506,50,0,1.9702810876335228,0,0,76.5834777734425,0,0,0.713892526516459,100,0,1.7834746082786215,0,0,72.0,0,0
2024-04-15,0.10778094615292957,50,0,1.9003905041140332,0,0,76.5834777734425,0,0,0.7144690686054055,100,0,1.842602360032436,0,0,74.0,0,0
2024-04-16,0.11225488137941365,50,0,1.9099074316151576,0,0,76.5834777734425,0,0,0.7149876560959469,100,0,1.8744869149915138,0,0,65.0,0,0
2024-04-17,0.0772690839849079,50,0,1.8341946354622682,0,0,76.5834777734425,0,0,0.7154550393183386,100,0,1.5913674738707173,0,0,67.0,0,0
2024-04-18,0.1073730321448937,50,0,1.8973814351349816,0,0,76.5834777734425,0,0,0.7161268319938241,100,0,1.6888551119148603,0,0,57.0,0,0
2024-04-19,0.10977372702383631,50,0,1.9027126104692031,0,0,76.5834777734425,0,0,0.7168240160970598,100,0,1.8375120311869906,0,0,66.0,0,0
2024-04-20,0.12588249025013218,50,0,1.9346001929917687,0,0,76.5834777734425,0,0,0.7175539797134672,100,0,2.771234064784923,0,0,66.0,0,0
2024-04-21,0.12641641906458606,50,0,1.934101642301133,0,0,76.5834777734425,0,0,0.7180655341900034,100,0,1.3044656810880697,50,0,72.0,0,0
2024-04-22,0.15351219979239908,50,0,1.990515494579142,0,0,76.5834777734425,0,0,0.71854134971972,100,0,1.2348029923233923,50,0,73.0,0,0
2024-04-23,0.14494016093284315,50,0,1.9715083134708227,0,0,76.5834777734425,0,0,0.7192234857621075,100,0,1.6777202044728494,0,0,71.0,0,0
2024-04-24,0.10963642448618817,50,0,1.9040940513046507,0,0,76.5834777734425,0,0,0.719596903478858,100,0,1.2479357148435248,50,0,72.0,0,0
2024-04-25,0.11382250664437871,50,0,1.9115086696849,0,0,76.5834777734425,0,0,0.7199660645085478,100,0,0.9280895871174119,50,0,72.0,0,0
2024-04-26,0.10317264685793096,50,0,1.8874634376911559,0,0,76.5834777734425,0,0,0.7203025768089525,100,0,0.8279990174318372,50,0,70.0,0,0
2024-04-27,0.097809153227067,50,0,1.8750025146651892,0,0,76.5834777734425,0,0,0.7206277626973198,100,0,0.8054091717366233,50,0,67.0,0,0
2024-04-28,0.09062357892903458,50,0,1.8595634470000708,0,0,76.5834777734425,0,0,0.7205728929937699,100,0,0.797296512650244,50,0,65.0,0,0
2024-04-29,0.10303104650819833,50,0,1.8848425032208374,0,0,76.5834777734425,0,0,0.7206925634267615,100,0,0.7491656679163724,50,0,67.0,0,0
2024-04-30,0.05654639997203612,50,0,1.7864021373124654,0,0,66.08912947434989,50,0,0.7205186478078432,100,0,0.7684481140780322,50,0,67.0,0,0
2024-05-01,0.022026776688907186,50,0,1.7111495881694216,0,0,66.08912947434989,50,0,0.7202618319045795,100,0,0.6718524639279837,50,0,54.0,0,0
2024-05-02,0.03665622135670464,50,0,1.739582808929639,0,0,66.08912947434989,50,0,0.72043922450011,100,0,0.7369488840267915,50,0,43.0,50,0
2024-05-03,0.08977981219408075,50,0,1.849605687634311,0,0,66.08912947434989,50,0,0.7208461348706207,100,0,0.6763055162929702,50,0,48.0,50,0
2024-05-04,0.10207960876302587,50,0,1.8738091887026627,0,0,66.08912947434989,50,0,0.7214228033200784,100,0,0.7874290442240421,50,0,67.0,0,0
2024-05-05,0.10450678143744178,50,0,1.8771160958645825,0,0,66.08912947434989,50,0,0.7219200394181898,100,0,0.9084794301556213,50,0,69.0,0,0
2024-05-06,0.09204128735155206,50,0,1.8504329104619004,0,0,66.08912947434989,50,0,0.7222971948216821,100,0,0.6993979039530372,50,0,71.0,0,0
2024-05-07,0.08017132158619827,50,0,1.824083374280963,0,0,66.08912947434989,50,0,0.7226946198283204,100,0,0.6769480902079351,50,0,68.0,0,0
2024-05-08,0.06106937755311176,50,0,1.7836381670987833,0,0,66.08912947434989,50,0,0.7231240519937175,100,0,0.6802982064968625,50,0,64.0,0,0
2024-05-09,0.08754695676204927,50,0,1.8376222482321725,0,0,66.08912947434989,50,0,0.7236349288781773,100,0,0.7646742883838589,50,0,55.0,0,0
2024-05-10,0.05797791815937326,50,0,1.7744047075179332,0,0,66.08912947434989,50,0,0.7240235767029406,100,0,0.7817479709949056,50,0,66.0,0,0
2024-05-11,0.05693816188295417,50,0,1.7709562444508886,0,0,66.08912947434989,50,0,0.7244283942349473,100,0,0.8312362029321477,50,0,53.0,0,0
2024-05-12,0.06483735103126938,50,0,1.7861260374657977,0,0,66.08912947434989,50,0,0.7251425101974285,100,0,0.6996056143625053,50,0,56.0,0,0
2024-05-13,0.08468550910207995,50,0,1.8264147597008855,0,0,66.08912947434989,50,0,0.7259047908571533,100,0,0.7751569278760873,50,0,57.0,0,0
2024-05-14,0.0655172119161321,50,0,1.7858105841074081,0,0,66.08912947434989,50,0,0.7265430865819447,100,0,0.7082404336250613,50,0,66.0,0,0
2024-05-15,0.12867885833850357,50,0,1.9206452565174963,0,0,66.08912947434989,50,0,0.7274496976819419,100,0,0.7536374483038968,50,0,64.0,0,0
2024-05-16,0.11357734615716326,50,0,1.889117583651402,0,0,66.08912947434989,50,0,0.7280628419741748,100,0,0.7846319452847433,50,0,70.0,0,0
2024-05-17,0.13597641386448153,50,0,1.935637421148661,0,0,66.08912947434989,50,0,0.7287635100641876,100,0,0.9014599016957372,50,0,74.0,0,0
2024-05-18,0.13590229560029626,50,0,1.933940852085196,0,0,66.08912947434989,50,0,0.7294681588189095,100,0,0.7257418548388814,50,0,73.0,0,0
2024-05-19,0.12541878516734922,50,0,1.9109571145148976,0,0,66.08912947434989,50,0,0.7299990399890178,100,0,0.8711923029674221,50,0,72.0,0,0
2024-05-20,0.1921385700326396,50,0,2.0508871266281514,0,0,66.08912947434989,50,0,0.73077142676807,100,0,0.8705877677950026,50,0,70.0,0,0
2024-05-21,0.17635604383157266,50,0,2.0199889758545546,0,0,66.08912947434989,50,0,0.7315918705617884,100,0,0.838052816515928,50,0,76.0,0,0
2024-05-22,0.15929917947601735,50,0,1.9846981379689759,0,0,66.08912947434989,50,0,0.7322535425768087,100,0,0.9908148396801733,50,0,76.0,0,0
2024-05-23,0.14002612659718872,50,0,1.9445601630384612,0,0,66.08912947434989,50,0,0.7328314002193567,100,0,0.998103430803786,50,0,76.0,0,0
2024-05-24,0.15088050735398137,50,0,1.966580502688202,0,0,66.08912947434989,50,0,0.7334699175001974,100,0,0.9155845238478978,50,0,74.0,0,0
2024-05-25,0.15980951071623095,50,0,1.9834743332772162,0,0,66.08912947434989,50,0,0.7341557813060777,100,0,0.9133399551081849,50,0,76.0,0,0
2024-05-26,0.14757088597104062,50,0,1.9571479223663153,0,0,66.08912947434989,50,0,0.7347882758429425,100,0,0.9767560052114365,50,0,75.0,0,0
2024-05-27,0.15879996579941263,50,0,1.9806047693726634,0,0,66.08912947434989,50,0,0.7354170055243495,100,0,0.7256015615007155,50,0,74.0,0,0
2024-05-28,0.12880979685125463,50,0,1.949618775671296,0,0,66.08912947434989,50,0,0.7358646241688114,100,0,0.7568626268504915,50,0,72.0,0,0
2024-05-29,0.11801999321380578,50,0,1.9257635418270362,0,0,66.08912947434989,50,0,0.7361170064620209,100,0,0.8178687626324491,50,0,72.0,0,0
2024-05-30,0.12822382893119968,50,0,1.9460414068553753,0,0,66.08912947434989,50,0,0.7362424682147541,100,0,0.7299296757738609,50,0,73.0,0,0
2024-05-31,0.11424085639322977,50,0,1.9154631950592367,0,0,69.00094497197807,50,0,0.7362856787938442,100,0,0.9168244136327418,50,0,73.0,0,0
2024-06-01,0.11848866995085577,50,0,1.9228487020224692,0,0,69.00094497197807,50,0,0.736313839330499,100,0,0.8322639074084708,50,0,72.0,0,0
2024-06-02,0.11933965960105941,50,0,1.9232242908181536,0,0,69.00094497197807,50,0,0.7361547176854519,100,0,0.8126734569510438,50,0,73.0,0,0
2024-06-03,0.13160099616557305,50,0,1.9501015414875664,0,0,69.00094497197807,50,0,0.7361103321938377,100,0,0.9321999068934423,50,0,73.0,0,0
2024-06-04,0.15337450062009567,50,0,1.9964549313163715,0,0,69.00094497197807,50,0,0.7360061401970063,100,0,0.8108907489245772,50,0,73.0,0,0
2024-06-05,0.15911211467092187,50,0,2.0091363651426537,0,0,69.00094497197807,50,0,0.7360075273480924,100,0,0.7922165109466315,50,0,75.0,0,0
2024-06-06,0.1524625175219661,50,0,1.9983064881741055,0,0,69.00094497197807,50,0,0.735963406272014,100,0,0.8645808141172303,50,0,78.0,0,0
2024-06-07,0.13197899263443677,50,0,1.9550881703126042,0,0,69.00094497197807,50,0,0.7359224970444995,100,0,1.3497840656042739,50,0,77.0,0,0
2024-06-08,0.13115463376461667,50,0,1.9520340900185489,0,0,69.00094497197807,50,0,0.7358280216306219,100,0,1.2127246931814633,50,0,72.0,0,0
2024-06-09,0.13526038954177516,50,0,1.959153777734176,0,0,69.00094497197807,50,0,0.7357829316861704,100,0,0.9654686912044622,50,0,75.0,0,0
2024-06-10,0.13225027003025397,50,0,1.9518852191934706,0,0,69.00094497197807,50,0,0.7356677025835854,100,0,0.8761838989551518,50,0,72.0,0,0
2024-06-11,0.10210884735342309,50,0,1.8908196251616098,0,0,69.00094497197807,50,0,0.7355164442591781,100,0,0.7284848059902921,50,0,74.0,0,0
2024-06-12,0.11264204146673848,50,0,1.9123807451795136,0,0,69.00094497197807,50,0,0.7354302562845989,100,0,0.8614580747356212,50,0,72.0,0,0
2024-06-13,0.09326566819419192,50,0,1.87022071944573,0,0,69.00094497197807,50,0,0.7353350998658569,100,0,0.8756306844583027,50,0,70.0,0,0
2024-06-14,0.08225222415920162,50,0,1.8457794039042583,0,0,69.00094497197807,50,0,0.7351197899670266,100,0,0.7682382151979439,50,0,74.0,0,0
2024-06-15,0.08482510069440606,50,0,1.8500010569246996,0,0,69.00094497197807,50,0,0.734905044318748,100,0,0.7822760416562856,50,0,74.0,0,0
2024-06-16,0.09019838143921163,50,0,1.8596417621363162,0,0,69.00094497197807,50,0,0.7344347268726835,100,0,0.9103447588836285,50,0,71.0,0,0
2024-06-17,0.08786792995365088,50,0,1.8537675534387263,0,0,69.00094497197807,50,0,0.7337360296247272,100,0,0.7819617248674001,50,0,71.0,0,0
2024-06-18,0.06951385353347012,50,0,1.8136002497826207,0,0,69.00094497197807,50,0,0.732415820666912,100,0,0.8390908530371194,50,0,74.0,0,0
2024-06-19,0.0659759657042939,50,0,1.8051904124431064,0,0,69.00094497197807,50,0,0.7311804998455439,100,0,0.7530154850748834,50,0,64.0,0,0
2024-06-20,0.06609754310301806,50,0,1.80381759288525,0,0,69.00094497197807,50,0,0.7298163293024146,100,0,0.756155631608647,50,0,60.0,0,0
2024-06-21,0.054643019083373205,50,0,1.7794010494661487,0,0,69.00094497197807,50,0,0.7284778041146616,100,0,0.7490985008257446,50,0,63.0,0,0
2024-06-22,0.05445954398959698,50,0,1.7823207076179886,0,0,69.00094497197807,50,0,0.7270584524738682,100,0,0.8194895815631311,50,0,53.0,0,0
2024-06-23,0.04227582135291667,50,0,1.7551966737749118,0,0,69.00094497197807,50,0,0.7250919653283983,100,0,0.587307593590407,50,0,55.0,0,0
2024-06-24,0.0018417772665538996,50,0,1.6680855586305225,0,0,69.00094497197807,50,0,0.7233858639000511,100,0,0.7833048112532559,50,0,51.0,0,0
2024-06-25,0.021479010331817986,50,0,1.7073736648336497,0,0,69.00094497197807,50,0,0.7215640491475127,100,0,0.6291915936842916,50,0,30.0,50,0
2024-06-26,0.008919456991234587,50,0,1.6795986167722723,0,0,69.00094497197807,50,0,0.7195946033020499,100,0,0.6256081571391318,50,0,46.0,50,0
2024-06-27,0.01766034481185604,50,0,1.6993369904721778,0,0,69.00094497197807,50,0,0.717596211818972,100,0,0.6722300042621207,50,0,40.0,50,0
2024-06-28,0.0008065462414502281,50,0,1.662779554187628,0,0,69.00094497197807,50,0,0.715473027283687,100,0,0.6855512626041397,50,0,47.0,50,0
2024-06-29,0.008488520026470225,50,0,1.6773062062407291,0,0,69.00094497197807,50,0,0.713351098541168,100,0,0.7745624028692171,50,0,30.0,50,0
2024-06-30,0.0331128487268408,50,0,1.7271921218635142,0,0,64.89341424619974,50,0,0.711013958794834,100,0,0.6038650097252194,50,0,47.0,50,0
2024-07-01,0.033481497655593655,50,0,1.7274397428352544,0,0,64.89341424619974,50,0,0.7087592939148083,100,0,0.7370106724027844,50,0,53.0,0,0
2024-07-02,0.02281116556011673,50,0,1.7035854748297292,0,0,64.89341424619974,50,0,0.7062984514414449,100,0,0.752347153788372,50,0,51.0,0,0
2024-07-03,-0.001988356543918921,50,0,1.6522318085415566,0,0,64.89341424619974,50,0,0.7039057503876728,100,0,0.7437519544865862,50,0,50.0,0,0
2024-07-04,-0.03856947861691644,50,0,1.5740007840207397,0,0,64.89341424619974,50,0,0.7015679473022067,100,0,0.6663218439369694,50,0,44.0,50,0
2024-07-05,-0.04878841457574347,50,0,1.55348022006844,0,0,64.89341424619974,50,0,0.699588437925731,100,0,0.5587142383451771,50,0,29.0,50,0
2024-07-06,-0.028506112074580595,50,0,1.594108547449253,0,0,64.89341424619974,50,0,0.6974162702238905,100,0,0.7800480182519123,50,0,26.0,50,0
2024-07-07,-0.05699103808378905,50,0,1.5339962874593418,0,0,64.89341424619974,50,0,0.695200416204343,100,0,0.653616837203937,50,0,29.0,50,0
2024-07-08,-0.04872785931437456,50,0,1.54843358578637,0,0,64.89341424619974,50,0,0.6935389447315481,100,0,0.7228179951204632,50,0,28.0,50,0
2024-07-09,-0.03214479734203797,50,0,1.582176632071924,0,0,64.89341424619974,50,0,0.6913936666867243,100,0,0.7135515370445209,50,0,27.0,50,0
2024-07-10,-0.03589221478392858,50,0,1.5736407601000912,0,0,64.89341424619974,50,0,0.6894754032048078,100,0,0.6442676655589217,50,0,28.0,50,0
2024-07-11,-0.041328227829682616,50,0,1.5609181909610506,0,0,64.89341424619974,50,0,0.6877217641625938,100,0,0.6559279040248578,50,0,29.0,50,0
2024-07-12,-0.034244498128779166,50,0,1.5744829769525646,0,0,64.89341424619974,50,0,0.6859253912593241,100,0,0.7035812086370995,50,0,25.0,100,0
2024-07-13,-0.01510168285578408,50,0,1.612950037545121,0,0,64.89341424619974,50,0,0.6839386532877775,100,0,0.7547331846471544,50,0,25.0,100,0
2024-07-14,0.006917511320084711,50,0,1.6571551259523214,0,0,64.89341424619974,50,0,0.6817854904570313,100,0,0.8170176687615319,50,0,33.0,50,0
2024-07-15,0.054436456790094706,50,0,1.756339731510143,0,0,64.89341424619974,50,0,0.6798354300522653,100,0,0.7747255780913727,50,0,52.0,0,0
2024-07-16,0.05777580032313733,50,0,1.7649013678870393,0,0,64.89341424619974,50,0,0.6780010489440472,100,0,0.7697859296119209,50,0,65.0,0,0
2024-07-17,0.045380478548910745,50,0,1.7382444211263015,0,0,64.89341424619974,50,0,0.6759646465472148,100,0,0.8338060690561374,50,0,69.0,0,0
2024-07-18,0.041725185336132474,50,0,1.730591890650783,0,0,64.89341424619974,50,0,0.6740122551100534,100,0,0.6663617302972413,50,0,61.0,0,0
2024-07-19,0.07590978023162076,50,0,1.8036069391414713,0,0,64.89341424619974,50,0,0.6722348293526652,100,0,0.7810795522755841,50,0,60.0,0,0
2024-07-20,0.08112881520504249,50,0,1.8132534305750694,0,0,64.89341424619974,50,0,0.6703423482066727,100,0,0.8901206037282438,50,0,74.0,0,0
2024-07-21,0.09203415146000389,50,0,1.8347430870231223,0,0,64.89341424619974,50,0,0.6686383900605966,100,0,0.9149271802197114,50,0,74.0,0,0
2024-07-22,0.08437812449865255,50,0,1.8186870023687747,0,0,64.89341424619974,50,0,0.667314017262586,100,0,1.011841280006385,50,0,70.0,0,0
2024-07-23,0.060682007886325356,50,0,1.773204384458921,0,0,64.89341424619974,50,0,0.6658778679952269,100,0,0.9092890666132228,50,0,71.0,0,0
2024-07-24,0.053101678757435454,50,0,1.7561985962243105,0,0,64.89341424619974,50,0,0.6641967853248522,100,0,0.7495916939338281,50,0,69.0,0,0
2024-07-25,0.05718523326848358,50,0,1.7642438326471288,0,0,64.89341424619974,50,0,0.6625856938237373,100,0,0.8403256902545205,50,0,68.0,0,0
2024-07-26,0.08458547592684643,50,0,1.8210388495790164,0,0,64.89341424619974,50,0,0.6609840077809889,100,0,0.8669613465052955,50,0,68.0,0,0
2024-07-27,0.08602078336165825,50,0,1.8234642814138908,0,0,64.89341424619974,50,0,0.6593753799645092,100,0,0.8379310635234121,50,0,72.0,0,0
2024-07-28,0.0869189969152672,50,0,1.8239597607322018,0,0,64.89341424619974,50,0,0.6575615131657033,100,0,0.8074719648686218,50,0,71.0,0,0
2024-07-29,0.06917868236591707,50,0,1.7871660896276638,0,0,64.89341424619974,50,0,0.6559320208430911,100,0,1.0027639392681218,50,0,74.0,0,0
2024-07-30,0.0598395802652579,50,0,1.767117777094206,0,0,64.89341424619974,50,0,0.6541269302405175,100,0,0.7921754896858598,50,0,67.0,0,0
2024-07-31,0.04042346072138171,50,0,1.7253945827856125,0,0,65.80892150335089,50,0,0.6522826602710349,100,0,0.7433972337362946,50,0,61.0,0,0
2024-08-01,0.045884983499657264,50,0,1.7365893978318399,0,0,65.80892150335089,50,0,0.650661311493556,100,0,0.7449457355292445,50,0,52.0,0,0
2024-08-02,-0.0013196489487534559,50,0,1.6371854229979712,0,0,65.80892150335089,50,0,0.6490589222909289,100,0,0.6380235797458128,50,0,57.0,0,0
2024-08-03,-0.01205210721866209,50,0,1.6138596666172864,0,0,65.80892150335089,50,0,0.6473223085208165,100,0,0.6666024316144968,50,0,37.0,50,0
2024-08-04,-0.04288809471870398,50,0,1.549114742530547,0,0,65.80892150335089,50,0,0.6456722528998031,100,0,0.6892429848681906,50,0,34.0,50,0
2024-08-05,-0.09281451853106044,50,0,1.442640226108293,0,0,65.80892150335089,50,0,0.6437799798190602,100,0,0.6630695338530134,50,0,26.0,50,0
2024-08-06,-0.07009944409958359,50,0,1.4865903331526913,0,0,65.80892150335089,50,0,0.6422005415880215,100,0,0.6209307456066048,50,0,17.0,100,0
2024-08-07,-0.08200292075615281,50,0,1.4610179515671389,0,0,65.80892150335089,50,0,0.640398531520799,100,0,0.5988774740952071,50,0,29.0,50,0
2024-08-08,0.005188125382746736,50,0,1.6390899668603656,0,0,65.80892150335089,50,0,0.6389294836608549,100,0,0.616178891426545,50,0,20.0,100,0
2024-08-09,-0.010850184052422926,50,0,1.6061326367091822,0,0,65.80892150335089,50,0,0.6372975246562511,100,0,0.6280938173065544,50,0,48.0,50,0
2024-08-10,-0.009930387872111552,50,0,1.6086100293759134,0,0,65.80892150335089,50,0,0.635673377418567,100,0,0.620547943459243,50,0,40.0,50,0
2024-08-11,-0.036272592884360785,50,0,1.553429018150526,0,0,65.80892150335089,50,0,0.6337739180697339,100,0,0.7788592209532758,50,0,39.0,50,0
2024-08-12,-0.029149225381879588,50,0,1.5667495259587947,0,0,65.80892150335089,50,0,0.6319615789487764,100,0,0.642218709291821,50,0,25.0,100,0
2024-08-13,-0.014300942582172179,50,0,1.5954003408089679,0,0,65.80892150335089,50,0,0.6304675117732148,100,0,0.7155415579776158,50,0,31.0,50,0
2024-08-14,-0.035962201974558475,50,0,1.549330600516601,0,0,65.80892150335089,50,0,0.6288465970437824,100,0,0.6323622036468985,50,0,30.0,50,0
2024-08-15,-0.05139727182734469,50,0,1.5165106256236236,0,0,65.80892150335089,50,0,0.6271856533422341,100,0,0.7520853687021687,50,0,29.0,50,0
2024-08-16,-0.03473098101051443,50,0,1.5488811929002007,0,0,65.80892150335089,50,0,0.6256243767505831,100,0,0.6609849428155353,50,0,27.0,50,0
2024-08-17,-0.02842912231028043,50,0,1.560284632735891,0,0,65.80892150335089,50,0,0.6241368541348361,100,0,0.6996286662312506,50,0,25.0,100,0
2024-08-18,-0.03657657878962989,50,0,1.5425955370317663,0,0,65.80892150335089,50,0,0.6225432843527154,100,0,0.7462456390121247,50,0,31.0,50,0
2024-08-19,-0.02868445548146826,50,0,1.5574273456625825,0,0,65.80892150335089,50,0,0.6212701646712838,100,0,0.6074155726418872,50,0,28.0,50,0
2024-08-20,-0.03230833093362343,50,0,1.548503532672339,0,0,65.80892150335089,50,0,0.6202045441359817,100,0,0.7192825802607618,50,0,30.0,50,0
2024-08-21,-0.006598431120466354,50,0,1.599695416111535,0,0,65.80892150335089,50,0,0.6191587294839447,100,0,0.699223917243435,50,0,26.0,50,0
2024-08-22,-0.016448587772176837,50,0,1.5789705888129506,0,0,65.80892150335089,50,0,0.6177604212594426,100,0,0.9077041578309686,50,0,39.0,50,0
2024-08-23,0.030517030938338484,50,0,1.674427276601792,0,0,65.80892150335089,50,0,0.6164757842707349,100,0,0.8014255179775743,50,0,34.0,50,0
2024-08-24,0.028938091291666784,50,0,1.6706575321680461,0,0,65.80892150335089,50,0,0.6151755739760201,100,0,0.7945773137137309,50,0,56.0,0,0
2024-08-25,0.03488845931246087,50,0,1.6814343549625987,0,0,65.80892150335089,50,0,0.6139766805808407,100,0,0.674141650458008,50,0,54.0,0,0
2024-08-26,0.015001753175006221,50,0,1.6404256928599241,0,0,65.80892150335089,50,0,0.6127512342341752,100,0,0.6870774185789267,50,0,55.0,0,0
2024-08-27,-0.02840104117989748,50,0,1.5496261321345082,0,0,65.80892150335089,50,0,0.6114873075922572,100,0,0.7061894902346926,50,0,48.0,50,0
2024-08-28,-0.035009821608111655,50,0,1.5366792116028625,0,0,65.80892150335089,50,0,0.6100510819697341,100,0,0.7630348091048926,50,0,30.0,50,0
2024-08-29,-0.03193068766738676,50,0,1.5415807490062807,0,0,65.80892150335089,50,0,0.6088245956692553,100,0,0.6332069685418007,50,0,29.0,50,0
2024-08-30,-0.03453677228372883,50,0,1.5351694882157778,0,0,65.80892150335089,50,0,0.6076005172736448,100,0,0.6639886738624038,50,0,34.0,50,0
2024-08-31,-0.03709343179625231,50,0,1.5291388780315767,0,0,60.73715750608034,50,0,0.6063168090669411,100,0,0.6934398155353395,50,0,29.0,50,0
2024-09-01,-0.0578546330761598,50,0,1.486160535463619,0,0,60.73715750608034,50,0,0.6048261311482656,100,0,0.6523662261737918,50,0,26.0,50,0
2024-09-02,-0.034471035587642154,50,0,1.5317720425309893,0,0,60.73715750608034,50,0,0.6035584247648673,100,0,0.7747029582768062,50,0,26.0,50,0
2024-09-03,-0.05387960052805297,50,0,1.491179632208993,0,0,60.73715750608034,50,0,0.6018261125768593,100,0,0.6904427711809528,50,0,26.0,50,0
2024-09-04,-0.04891354868144048,50,0,1.5001978671503156,0,0,60.73715750608034,50,0,0.6002040143040643,100,0,0.6909117755713782,50,0,27.0,50,0
2024-09-05,-0.07344593003605172,50,0,1.4494690787850728,0,0,60.73715750608034,50,0,0.5983242240769644,100,0,0.7082784234775574,50,0,29.0,50,0
2024-09-06,-0.10255828145225745,50,0,1.3897487328460227,0,0,60.73715750608034,50,0,0.5963288028898983,100,0,0.6415334304226241,50,0,22.0,100,0
2024-09-07,-0.0995311301674907,50,0,1.3946128761689611,0,0,60.73715750608034,50,0,0.5944120202778518,100,0,0.6817695368543571,50,0,23.0,100,0
2024-09-08,-0.08918995148174581,50,0,1.4140377458293374,0,0,60.73715750608034,50,0,0.5921148889594166,100,0,0.7204744044485352,50,0,29.0,50,0
2024-09-09,-0.06028868633952388,50,0,1.471583853342158,0,0,60.73715750608034,50,0,0.5900286791746193,100,0,0.6521193219777306,50,0,26.0,50,0
2024-09-10,-0.05342077713714005,50,0,1.4840453613377318,0,0,60.73715750608034,50,0,0.5880708394068584,100,0,0.6243154427806109,50,0,33.0,50,0
2024-09-11,-0.05671523239685226,50,0,1.4763437653935165,0,0,60.73715750608034,50,0,0.5862214490796995,100,0,0.4849489800444466,100,0,37.0,50,0
2024-09-12,-0.047659999179859386,50,0,1.4935945510509738,0,0,60.73715750608034,50,0,0.5843662832132489,100,0,0.7036742651510225,50,0,31.0,50,0
2024-09-13,-0.017678377073688665,50,0,1.5543192760527023,0,0,60.73715750608034,50,0,0.5825846367766385,100,0,0.5700097351868844,50,0,32.0,50,0
2024-09-14,-0.024680198616452424,50,0,1.5394790363003714,0,0,60.73715750608034,50,0,0.5808536130280623,100,0,0.6664865186316241,50,0,50.0,0,0
2024-09-15,-0.03608947170956703,50,0,1.515774881160741,0,0,60.73715750608034,50,0,0.5790365224621307,100,0,0.7122647005938385,50,0,51.0,0,0
2024-09-16,-0.047952520834454095,50,0,1.4915078004310482,0,0,60.73715750608034,50,0,0.5772498664425595,100,0,0.5844393196432675,50,0,39.0,50,0
2024-09-17,-0.022431232074716555,50,0,1.5418131405869306,0,0,60.73715750608034,50,0,0.5756349697637715,100,0,0.7386983577504322,50,0,33.0,50,0
2024-09-18,-0.009360231009857046,50,0,1.5679023253176034,0,0,60.73715750608034,50,0,0.57402719613203,100,0,0.6533977404829834,50,0,45.0,50,0
2024-09-19,0.011483828069340304,50,0,1.6097539388216513,0,0,60.73715750608034,50,0,0.5725862462449779,100,0,0.6179555256602247,50,0,49.0,50,0
2024-09-20,0.01223870660166435,50,0,1.6125162705689624,0,0,60.73715750608034,50,0,0.5711466934406485,100,0,0.7248401221950306,50,0,54.0,0,0
2024-09-21,0.014683812927566346,50,0,1.6166578693126443,0,0,60.73715750608034,50,0,0.5697171475752746,100,0,0.6685456546153045,50,0,54.0,0,0
2024-09-22,0.017086821907845447,50,0,1.6205365220669248,0,0,60.73715750608034,50,0,0.568217652196812,100,0,0.6710799613868315,50,0,52.0,0,0
2024-09-23,0.013040690728189948,50,0,1.6132013908431782,0,0,60.73715750608034,50,0,0.5665590599338554,100,0,0.7305347926673117,50,0,50.0,0,0
2024-09-24,0.025328199633723368,50,0,1.6374981664507506,0,0,60.73715750608034,50,0,0.5649108794577531,100,0,0.7733727832521947,50,0,54.0,0,0
2024-09-25,0.00797210747581952,50,0,1.6035505399268564,0,0,60.73715750608034,50,0,0.563208451569919,100,0,0.7212793904966661,50,0,59.0,0,0
2024-09-26,0.03256615465876458,50,0,1.6529225316701017,0,0,60.73715750608034,50,0,0.5617344223930011,100,0,0.6794907433712009,50,0,50.0,0,0
2024-09-27,0.04084467414446919,50,0,1.6694851779880382,0,0,60.73715750608034,50,0,0.5603089635823019,100,0,0.7236507354442854,50,0,61.0,0,0
2024-09-28,0.04027212528354733,50,0,1.6681040615587936,0,0,60.73715750608034,50,0,0.55886268850322,100,0,0.682881428890243,50,0,64.0,0,0
2024-09-29,0.038079215729408866,50,0,1.6628008619942323,0,0,60.73715750608034,50,0,0.5574364383900188,100,0,0.7995570927732416,50,0,63.0,0,0
2024-09-30,0.007901478292178665,50,0,1.6017906151277481,0,0,63.038994973261914,50,0,0.5561018820341994,100,0,0.6898946433757884,50,0,61.0,0,0
2024-10-01,-0.022533060297592895,50,0,1.53980471802937,0,0,63.038994973261914,50,0,0.5545748008442412,100,0,0.7855111306377718,50,0,50.0,0,0
2024-10-02,-0.024649862160689717,50,0,1.5342991410974307,0,0,63.038994973261914,50,0,0.5531567918546778,100,0,0.7727689401509199,50,0,42.0,50,0
2024-10-03,-0.023613343234168825,50,0,1.5351551051039036,0,0,63.038994973261914,50,0,0.5518228291795026,100,0,0.7532371503777652,50,0,37.0,50,0
2024-10-04,-0.007654875242058382,50,0,1.5664518684291842,0,0,63.038994973261914,50,0,0.55057163304478,100,0,0.8423266609239797,50,0,41.0,50,0
2024-10-05,-0.008085924257125067,50,0,1.5646842796408098,0,0,63.038994973261914,50,0,0.5492958229724398,100,0,0.741115043079255,50,0,49.0,50,0
2024-10-06,0.0013847771300941258,50,0,1.5826019390210873,0,0,63.038994973261914,50,0,0.548077032667039,100,0,0.7537688335839995,50,0,50.0,0,0
2024-10-07,-0.003642222169500153,50,0,1.5719676201936228,0,0,63.038994973261914,50,0,0.5470359762641223,100,0,0.8073741118906584,50,0,50.0,0,0
2024-10-08,-0.014152365675577991,50,0,1.5634278968737474,0,0,63.038994973261914,50,0,0.5460273487275065,100,0,0.8296876289237212,50,0,49.0,50,0
2024-10-09,-0.03323685777932852,50,0,1.5242495245001897,0,0,63.038994973261914,50,0,0.5449576189098484,100,0,0.6286348297104499,50,0,49.0,50,0
2024-10-10,-0.03794744568218925,50,0,1.5131988020580986,0,0,63.038994973261914,50,0,0.5439265929813024,100,0,0.7587982554263338,50,0,39.0,50,0
2024-10-11,-0.012051811751843527,50,0,1.5682701063212776,0,0,63.038994973261914,50,0,0.5429942787285773,100,0,0.7326380831731969,50,0,32.0,50,0
2024-10-12,-0.003022182584802338,50,0,1.5855958607754517,0,0,63.038994973261914,50,0,0.5421817884438543,100,0,0.7625035859933991,50,0,49.0,50,0
2024-10-13,-0.008926143452002305,50,0,1.573241606770713,0,0,63.038994973261914,50,0,0.5416079200704432,100,0,0.7051139342891315,50,0,50.0,0,0
2024-10-14,0.03199814223167436,50,0,1.6553384014230583,0,0,63.038994973261914,50,0,0.5410898209036115,100,0,0.7355760530687433,50,0,48.0,50,0
2024-10-15,0.04045482006054185,50,0,1.6750598191447779,0,0,63.038994973261914,50,0,0.5406965202728176,100,0,0.8350791712289034,50,0,65.0,0,0
2024-10-16,0.048507222550892674,50,0,1.691902875823607,0,0,63.038994973261914,50,0,0.5403026210174797,100,0,0.8158440240083203,50,0,73.0,0,0
2024-10-17,0.04358312423557336,50,0,1.682436490952753,0,0,63.038994973261914,50,0,0.5399785576280165,100,0,0.9347493291307408,50,0,71.0,0,0
2024-10-18,0.0558341244300793,50,0,1.7073548628525617,0,0,63.038994973261914,50,0,0.5396592306771045,100,0,0.7533103523942899,50,0,73.0,0,0
2024-10-19,0.054827965125443794,50,0,1.7051868907369372,0,0,63.038994973261914,50,0,0.5392015774828408,100,0,0.9526619778411266,50,0,72.0,0,0
2024-10-20,0.06097372229653419,50,0,1.720118235882908,0,0,63.038994973261914,50,0,0.5387741155099379,100,0,0.9408792635078064,50,0,73.0,0,0
2024-10-21,0.03912333561497321,50,0,1.679608429740141,0,0,63.038994973261914,50,0,0.5383277708793032,100,0,0.9240591387831466,50,0,72.0,0,0
2024-10-22,0.03827550151600948,50,0,1.6779386571997152,0,0,63.038994973261914,50,0,0.5380353339602144,100,0,0.7539835495038046,50,0,70.0,0,0
2024-10-23,0.028161649022977776,50,0,1.6572891410891564,0,0,63.038994973261914,50,0,0.5379333740346902,100,0,0.8093104818294088,50,0,71.0,0,0
2024-10-24,0.045928688107018105,50,0,1.69284814259224,0,0,63.038994973261914,50,0,0.5379864522901153,100,0,0.8385305286295518,50,0,69.0,0,0
2024-10-25,0.022321273299681484,50,0,1.6451833823314936,0,0,63.038994973261914,50,0,0.5378410847763718,100,0,0.8527113265050607,50,0,72.0,0,0
2024-10-26,0.0315327944649582,50,0,1.6629021651875562,0,0,63.038994973261914,50,0,0.5378927878756476,100,0,0.7764490542090591,50,0,,50,0
2024-10-27,0.04334638554634899,50,0,1.6858955504990518,0,0,63.038994973261914,50,0,0.5379512985577642,100,0,0.886574121558344,50,0,74.0,0,0
2024-10-28,0.06526749015190833,50,0,1.7307559615473902,0,0,63.038994973261914,50,0,0.5379911880077092,100,0,0.894352935132919,50,0,72.0,0,0
2024-10-29,0.09743840232760065,50,0,1.7990785534943006,0,0,63.038994973261914,50,0,0.5381700924641475,100,0,0.8905851957677943,50,0,72.0,0,0
2024-10-30,0.09339296188216399,50,0,1.7920405743529926,0,0,63.038994973261914,50,0,0.5384284577420251,100,0,0.9506187435635028,50,0,77.0,0,0
2024-10-31,0.06711766411976415,50,0,1.7392426098585125,0,0,66.53139320213675,50,0,0.5384924506673595,100,0,1.0017654306995771,50,0,77.0,0,0
2024-11-01,0.05541065204292049,50,0,1.7161903482107612,0,0,66.53139320213675,50,0,0.5384083161875504,100,0,0.8292420638156882,50,0,75.0,0,0
2024-11-02,0.05203452858825704,50,0,1.7090932794188407,0,0,66.53139320213675,50,0,0.5381821168636289,100,0,0.7830763390911267,50,0,72.0,0,0
2024-11-03,0.04570053751237743,50,0,1.6957180251623185,0,0,66.53139320213675,50,0,0.5376671735166917,100,0,0.7119467111126113,50,0,74.0,0,0
2024-11-04,0.03308265477154278,50,0,1.6708877331239025,0,0,66.53139320213675,50,0,0.5370772225285262,100,0,0.8019027803464854,50,0,70.0,0,0
2024-11-05,0.054054263480834315,50,0,1.7131770773891473,0,0,66.53139320213675,50,0,0.536610022612602,100,0,0.7556221857131067,50,0,70.0,0,0
2024-11-06,0.1244537222478791,50,0,1.863608532873343,0,0,66.53139320213675,50,0,0.53650858136884,100,0,0.8927118375249155,50,0,70.0,0,0
2024-11-07,0.12555702737790508,50,0,1.8692017074187426,0,0,66.53139320213675,50,0,0.5362068063911719,100,0,0.9115459101589635,50,0,77.0,0,0
2024-11-08,0.12980492613687628,50,0,1.881187131106335,0,0,66.53139320213675,50,0,0.5359108954060292,100,0,0.8537793984697464,50,0,75.0,0,0
2024-11-09,0.13268442188777713,50,0,1.8871547284773034,0,0,66.53139320213675,50,0,0.5355664312071987,100,0,0.8495453306671954,50,0,75.0,0,0
2024-11-10,0.1739499278540126,50,0,1.9744042679016487,0,0,66.53139320213675,50,0,0.5354363505615498,100,0,0.9406946531286549,50,0,78.0,0,0
2024-11-11,0.26745973416850055,50,0,2.179857803078316,0,0,66.53139320213675,50,0,0.5358472168939631,100,0,0.8982955694556068,50,0,76.0,0,0
2024-11-12,0.25094938000173644,50,0,2.1579021929745092,0,0,66.53139320213675,50,0,0.5362735892906725,100,0,1.0537498622249235,50,0,80.0,0,100
2024-11-13,0.2711546167605703,50,0,2.212720566587515,0,0,66.53139320213675,50,0,0.5367862130891847,100,0,0.9909671891460697,50,0,84.0,0,100
2024-11-14,0.22741788001908686,50,0,2.1334246382455127,0,0,66.53139320213675,50,0,0.536970313997171,100,0,0.9281683509066607,50,0,88.0,0,100
2024-11-15,0.26823420771010087,50,0,2.227570240938333,0,0,66.53139320213675,50,0,0.5373616563957996,100,0,1.1272087358936165,50,0,80.0,0,100
2024-11-16,0.2599232442681907,50,0,2.211504729291928,0,0,66.53139320213675,50,0,0.53773521260511,100,0,1.134102762299147,50,0,86.0,0,100
2024-11-17,0.24916595682777953,50,0,2.1890732907821073,0,0,66.53139320213675,50,0,0.5381765599645428,100,0,1.0588012150741015,50,0,90.0,0,100
2024-11-18,0.2560108285039418,50,0,2.2078474358600593,0,0,66.53139320213675,50,0,0.538757961704339,100,0,1.1250557013506344,50,0,83.0,0,100
2024-11-19,0.2680166444853089,50,0,2.246272725892747,0,0,66.53139320213675,50,0,0.5395848663527087,100,0,1.2988996510079558,50,0,90.0,0,100
2024-11-20,0.28377129399775775,50,0,2.290343033386901,0,0,66.53139320213675,50,0,0.5404567136356873,100,0,1.0975436068390028,50,0,83.0,0,100
2024-11-21,0.316977230707707,50,0,2.3942075763373327,0,0,66.53139320213675,50,0,0.5417983766486043,100,0,1.1210370504693914,50,0,82.0,0,100
2024-11-22,0.31335817757271456,50,0,2.401002354386713,0,0,66.53139320213675,50,0,0.5432361634292722,100,0,1.121719335573939,50,0,94.0,0,100
2024-11-23,0.29518868665718256,50,0,2.368425483387489,0,0,66.53139320213675,50,0,0.5447710009776894,100,0,1.0829469690111622,50,0,93.0,0,100
2024-11-24,0.29589043250484554,50,0,2.372345597020064,0,0,66.53139320213675,50,0,0.5466026419951822,100,0,1.0174227838155347,50,0,80.0,0,100
2024-11-25,0.24134372629358775,50,0,2.2576890973277157,0,0,66.53139320213675,50,0,0.5480135562522033,100,0,1.2901379417890244,50,0,82.0,0,100
2024-11-26,0.22220061828265464,50,0,2.219923843611128,0,0,66.53139320213675,50,0,0.5494213986057728,100,0,1.0286138753992555,50,0,79.0,0,100
2024-11-27,0.26427393312294944,50,0,2.3166915500055985,0,0,66.53139320213675,50,0,0.550560511296455,100,0,0.994336272566308,50,0,75.0,0,0
2024-11-28,0.25886451420709755,50,0,2.308154249076554,0,0,66.53139320213675,50,0,0.5517711040181047,100,0,1.0661459593525595,50,0,77.0,0,0
2024-11-29,0.2741151438176791,50,0,2.3456452615579035,0,0,66.53139320213675,50,0,0.5530163549417064,100,0,0.939784113551221,50,0,78.0,0,0
2024-11-30,0.2628644433990918,50,0,2.320640590802865,0,0,75.63518084494324,0,0,0.5543646067101639,100,0,1.2484304336270844,50,0,84.0,0,100
2024-12-01,0.2727213900664752,50,0,2.3422531443761505,0,0,75.63518084494324,0,0,0.5556931519631202,100,0,1.2284029641146517,50,0,81.0,0,100
2024-12-02,0.250215648611352,50,0,2.2979122705877852,0,0,75.63518084494324,0,0,0.5568819260439922,100,0,0.9753194075677393,50,0,80.0,0,100
2024-12-03,0.24974402591587333,50,0,2.3023551452414908,0,0,75.63518084494324,0,0,0.558190922908856,100,0,1.178874890376309,50,0,76.0,0,0
2024-12-04,0.27679334210226114,50,0,2.3696326153298197,0,0,75.63518084494324,0,0,0.5597481085787652,100,0,1.1222830834369768,50,0,78.0,0,0
2024-12-05,0.24605233914782806,50,0,2.320052474558957,0,0,75.63518084494324,0,0,0.5611214612275097,100,0,1.2286078885014524,50,0,84.0,0,100
2024-12-06,0.2694921997562803,50,0,2.3893978171520773,0,0,75.63518084494324,0,0,0.5625949398818524,100,0,1.0570661016931129,50,0,72.0,0,0
2024-12-07,0.2684853300090406,50,0,2.3875138010286494,0,0,75.63518084494324,0,0,0.56410023775153,100,0,1.1396440741359033,50,0,75.0,0,0
2024-12-08,0.2760945389068571,50,0,2.404591787878815,0,0,75.63518084494324,0,0,0.5655742858334383,100,0,1.1465616309538154,50,0,79.0,0,100
2024-12-09,0.2320862391979567,50,0,2.3212463365221745,0,0,75.63518084494324,0,0,0.5669197843696638,100,0,1.3227355693639027,50,0,78.0,0,0
2024-12-10,0.22223507751346386,50,0,2.306051144608131,0,0,75.63518084494324,0,0,0.5680627010532949,100,0,1.1882803591523068,50,0,78.0,0,0
2024-12-11,0.2646310644475183,50,0,2.4103066526612187,0,0,75.63518084494324,0,0,0.5694779239308877,100,0,1.1273197686529934,50,0,74.0,0,0
2024-12-12,0.25017420457823025,50,0,2.379187141099734,0,0,75.63518084494324,0,0,0.5705504004658588,100,0,1.1823028359449075,50,0,83.0,0,100
2024-12-13,0.25995977222560773,50,0,2.405490242235548,0,0,75.63518084494324,0,0,0.5716597882841694,100,0,1.333016406558348,50,0,76.0,0,0
2024-12-14,0.2596268635948247,50,0,2.4051104379172314,0,0,75.63518084494324,0,0,0.5727387749729876,100,0,1.2566114900876775,50,0,83.0,0,100
2024-12-15,0.290728356491536,50,0,2.4783278773548605,0,0,75.63518084494324,0,0,0.5740595057778562,100,0,1.1082640795169703,50,0,80.0,0,100
2024-12-16,0.29846803523528687,50,0,2.5067946858840795,0,100,75.63518084494324,0,0,0.5757162848773892,100,0,1.2170536446180715,50,0,83.0,0,100
2024-12-17,0.2952007676478701,50,0,2.5105379214454207,0,100,75.63518084494324,0,0,0.5774292093928172,100,0,1.1393589733950238,50,0,87.0,0,100
2024-12-18,0.23431527870403832,50,0,2.375022686084541,0,0,75.63518084494324,0,0,0.5788139166768917,100,0,1.1778700129502786,50,0,81.0,0,100
2024-12-19,0.19971888431611207,50,0,2.3076835073821282,0,0,75.63518084494324,0,0,0.5801217230479937,100,0,1.198781009880578,50,0,75.0,0,0
2024-12-20,0.19549157553101268,50,0,2.3041783037744215,0,0,75.63518084494324,0,0,0.5814299144595094,100,0,1.1936638543018052,50,0,74.0,0,0
2024-12-21,0.18970818696669578,50,0,2.290207665998296,0,0,75.63518084494324,0,0,0.5828142285611463,100,0,1.1405186165247305,50,0,73.0,0,0
2024-12-22,0.1665921440247756,50,0,2.2429323634552643,0,0,75.63518084494324,0,0,0.5839821485872899,100,0,1.1918402920746165,50,0,73.0,0,0
2024-12-23,0.15770050661873103,50,0,2.233184802897896,0,0,75.63518084494324,0,0,0.5853137271910008,100,0,1.0332371144745387,50,0,70.0,0,0
2024-12-24,0.19288141622447402,50,0,2.321614775027639,0,0,75.63518084494324,0,0,0.5867545220803505,100,0,0.9926568732935667,50,0,73.0,0,0
2024-12-25,0.19828894199923214,50,0,2.333732466594736,0,0,75.63518084494324,0,0,0.5883638505450491,100,0,1.1876448941775277,50,0,73.0,0,0
2024-12-26,0.1610953142249016,50,0,2.2470904982136077,0,0,75.63518084494324,0,0,0.5899559116111274,100,0,0.9911738286365389,50,0,79.0,0,100
2024-12-27,0.14539266865215794,50,0,2.212215690044483,0,0,75.63518084494324,0,0,0.5913753559098972,100,0,1.1894460025589033,50,0,74.0,0,0
2024-12-28,0.15393004931098647,50,0,2.2315868482399073,0,0,75.63518084494324,0,0,0.5927737830423055,100,0,1.0676935256928772,50,0,72.0,0,0
2024-12-29,0.1361596927672707,50,0,2.1907369437023707,0,0,75.63518084494324,0,0,0.5939176189316256,100,0,1.1650085448189562,50,0,73.0,0,0
2024-12-30,0.12407032147933234,50,0,2.1672769953049027,0,0,75.63518084494324,0,0,0.594997859305808,100,0,1.1556830339843267,50,0,65.0,0,0
2024-12-31,0.130769352504688,50,0,2.185926718568636,0,0,73.11247664278358,0,0,0.5961432560446375,100,0,0.943187920116555,50,0,64.0,0,0
2025-01-01,0.13986831695360188,50,0,2.209263005728725,0,0,73.11247664278358,0,0,0.5972679211042485,100,0,1.024030960261824,50,0,66.0,0,0
2025-01-02,0.16231835175417825,50,0,2.2634651105552828,0,0,73.11247664278358,0,0,0.598289368993736,100,0,1.2494914911814379,50,0,70.0,0,0
2025-01-03,0.173946404297077,50,0,2.2912426745827212,0,0,73.11247664278358,0,0,0.5994027033212843,100,0,1.0760639903219849,50,0,74.0,0,0
2025-01-04,0.174448038372005,50,0,2.2919133546730177,0,0,73.11247664278358,0,0,0.6005752583428219,100,0,1.1515917979559307,50,0,73.0,0,0
2025-01-05,0.17586022110209293,50,0,2.294414540763805,0,0,73.11247664278358,0,0,0.6018064699550695,100,0,1.2043450094717578,50,0,72.0,0,0
2025-01-06,0.2111036657693504,50,0,2.3801993541877584,0,0,73.11247664278358,0,0,0.6030029021691894,100,0,1.0530409194408552,50,0,76.0,0,0
2025-01-07,0.15774130421569932,50,0,2.2573763885767453,0,0,73.11247664278358,0,0,0.6039141469709071,100,0,1.0653803519876117,50,0,78.0,0,0
2025-01-08,0.13807759624536098,50,0,2.210886127414333,0,0,73.11247664278358,0,0,0.6046400999311238,100,0,0.9514853384052067,50,0,70.0,0,0
2025-01-09,0.11153327719139676,50,0,2.1470058660022437,0,0,73.11247664278358,0,0,0.6052383299417273,100,0,1.1084684330876127,50,0,69.0,0,0
2025-01-10,0.1345640282240077,50,0,2.201737469571128,0,0,73.11247664278358,0,0,0.6059665726704789,100,0,1.0598760401834828,50,0,50.0,0,0
2025-01-11,0.13268888361561174,50,0,2.196976688905477,0,0,73.11247664278358,0,0,0.6066787427610199,100,0,1.0151011249530018,50,0,69.0,0,0
2025-01-12,0.12988733990798107,50,0,2.1898563737423014,0,0,73.11247664278358,0,0,0.6073894963125779,100,0,1.262462294068545,50,0,62.0,0,0
2025-01-13,0.12961174800280184,50,0,2.188977714780558,0,0,73.11247664278358,0,0,0.6080634311342873,100,0,0.935805876298128,50,0,61.0,0,0
2025-01-14,0.1501091583407021,50,0,2.238374166880961,0,0,73.11247664278358,0,0,0.6088990617642887,100,0,1.1806945961518756,50,0,63.0,0,0
2025-01-15,0.18346391567308232,50,0,2.320292287684678,0,0,73.11247664278358,0,0,0.6097356708621732,100,0,1.0657167092522462,50,0,70.0,0,0
2025-01-16,0.17911246301433936,50,0,2.314165487953052,0,0,73.11247664278358,0,0,0.6105253814427357,100,0,0.9966589999969706,50,0,75.0,0,0
2025-01-17,0.21881999052499593,50,0,2.4122935124994322,0,0,73.11247664278358,0,0,0.6114855915025714,100,0,1.2056605787181391,50,0,75.0,0,0
2025-01-18,0.21831461248526884,50,0,2.412803081163599,0,0,73.11247664278358,0,0,0.6124505228151232,100,0,1.0511749685553853,50,0,77.0,0,0
2025-01-19,0.18392720837130344,50,0,2.3315419656101004,0,0,73.11247664278358,0,0,0.6134167917536765,100,0,1.2216144316245419,50,0,77.0,0,0
2025-01-20,0.19800186213057933,50,0,2.3674090959403506,0,0,73.11247664278358,0,0,0.6145977447067915,100,0,1.280633889458983,50,0,76.0,0,0
2025-01-21,0.2282127357377261,50,0,2.4437726019466193,0,0,73.11247664278358,0,0,0.6159286784516191,100,0,1.0832361812589328,50,0,76.0,0,0
2025-01-22,0.20371729223780724,50,0,2.391105620696346,0,0,73.11247664278358,0,0,0.6171911653026758,100,0,1.2246831000275082,50,0,84.0,0,100
2025-01-23,0.20225543809995045,50,0,2.398093495304334,0,0,73.11247664278358,0,0,0.6184077605599797,100,0,1.1058072096929557,50,0,75.0,0,0
2025-01-24,0.20624080236574815,50,0,2.408351820842407,0,0,73.11247664278358,0,0,0.6196865875855024,100,0,1.1415167183890695,50,0,75.0,0,0
2025-01-25,0.20699287032076752,50,0,2.4098669809080295,0,0,73.11247664278358,0,0,0.6209324785434581,100,0,1.0563200925346055,50,0,75.0,0,0
2025-01-26,0.1870746008040639,50,0,2.361327911416353,0,0,73.11247664278358,0,0,0.6221286013350076,100,0,1.1266175870143331,50,0,73.0,0,0
2025-01-27,0.17686174291741974,50,0,2.338365799576756,0,0,73.11247664278358,0,0,0.6233471286503426,100,0,1.216750572234185,50,0,71.0,0,0
2025-01-28,0.16862349740850138,50,0,2.319099747811975,0,0,73.11247664278358,0,0,0.6246175249106033,100,0,1.1874038813642316,50,0,72.0,0,0
2025-01-29,0.1944253360983254,50,0,2.3811002472856093,0,0,73.11247664278358,0,0,0.626068283944585,100,0,1.2432246080509066,50,0,72.0,0,0
2025-01-30,0.20320059018524972,50,0,2.4037700113984046,0,0,73.11247664278358,0,0,0.6274150964537925,100,0,1.1776556958332662,50,0,70.0,0,0
2025-01-31,0.17654028106270414,50,0,2.3397384443084355,0,0,75.63845198043877,0,0,0.628612717977647,100,0,1.0079735667589735,50,0,76.0,0,0
2025-02-01,0.16044030940415988,50,0,2.300295281626829,0,0,75.63845198043877,0,0,0.6297592060719163,100,0,1.4621849920101309,50,0,68.0,0,0
2025-02-02,0.12985890689814347,50,0,2.226037764225693,0,0,75.63845198043877,0,0,0.6305860102288123,100,0,1.3069231981159974,50,0,60.0,0,0
2025-02-03,0.16798491213307282,50,0,2.3194133415825653,0,0,75.63845198043877,0,0,0.6315039517758585,100,0,1.1432697252974087,50,0,44.0,50,0
2025-02-04,0.13074382951051894,50,0,2.232701712264272,0,0,75.63845198043877,0,0,0.632246491293995,100,0,1.0069275402399835,50,0,72.0,0,0
2025-02-05,0.11673825358326077,50,0,2.2018474739298823,0,0,75.63845198043877,0,0,0.6329446244614725,100,0,1.0873603322019691,50,0,54.0,0,0
2025-02-06,0.11541958128286355,50,0,2.2000538756655352,0,0,75.63845198043877,0,0,0.6335631679320224,100,0,1.0944656883909314,50,0,49.0,50,0
2025-02-07,0.11355533458567829,50,0,2.1951020632521105,0,0,75.63845198043877,0,0,0.6341632074988289,100,0,1.3734570703944902,50,0,44.0,50,0
2025-02-08,0.1152863045452021,50,0,2.1987726903031732,0,0,75.63845198043877,0,0,0.634748400839452,100,0,1.1878403228035836,50,0,44.0,50,0
2025-02-09,0.11100600754951619,50,0,2.190795258792768,0,0,75.63845198043877,0,0,0.6354217745936748,100,0,1.0636110414967168,50,0,46.0,50,0
2025-02-10,0.12061677909362797,50,0,2.213684261312645,0,0,75.63845198043877,0,0,0.6362024422709237,100,0,1.0591785174223853,50,0,43.0,50,0
2025-02-11,0.1049920405516117,50,0,2.176872166857849,0,0,75.63845198043877,0,0,0.637032882542033,100,0,0.9513603616411743,50,0,47.0,50,0
2025-02-12,0.12285017766397753,50,0,2.219927808441171,0,0,75.63845198043877,0,0,0.6379753210712664,100,0,0.9923790240493543,50,0,46.0,50,0
2025-02-13,0.1110549817069188,50,0,2.1909996523172577,0,0,75.63845198043877,0,0,0.6389587188272934,100,0,1.1949398604321277,50,0,50.0,0,0
2025-02-14,0.11883686486414943,50,0,2.209679893316484,0,0,75.63845198043877,0,0,0.6399528500116572,100,0,1.1425231402786422,50,0,48.0,50,0
2025-02-15,0.11999182099807705,50,0,2.2121737375916526,0,0,75.63845198043877,0,0,0.6408789507545068,100,0,1.2192989617693035,50,0,50.0,0,0
2025-02-16,0.10667893884161779,50,0,2.1790101025066546,0,0,75.63845198043877,0,0,0.6416615901600387,100,0,1.149680337658322,50,0,54.0,0,0
2025-02-17,0.1028267996560997,50,0,2.16873136381929,0,0,75.63845198043877,0,0,0.6423831026639668,100,0,1.023529464969717,50,0,51.0,0,0
2025-02-18,0.09921326770020342,50,0,2.159526008996904,0,0,75.63845198043877,0,0,0.643001662379305,100,0,1.0347613749032096,50,0,47.0,50,0
2025-02-19,0.11016318645119538,50,0,2.1852598593188435,0,0,75.63845198043877,0,0,0.6438421397342772,100,0,0.9400275105888828,50,0,44.0,50,0
2025-02-20,0.12600085177146497,50,0,2.223029696667983,0,0,75.63845198043877,0,0,0.6448209083339875,100,0,0.9857401552231296,50,0,49.0,50,0
2025-02-21,0.10363844240739499,50,0,2.1685097884976194,0,0,75.63845198043877,0,0,0.6457597129324041,100,0,0.9815942904022301,50,0,55.0,0,0
2025-02-22,0.10832077391847929,50,0,2.179450610328846,0,0,75.63845198043877,0,0,0.6467505958396438,100,0,1.045885416993516,50,0,49.0,50,0
2025-02-23,0.10326314738570569,50,0,2.16620722181015,0,0,75.63845198043877,0,0,0.6477887850017443,100,0,0.9795893991882285,50,0,50.0,0,0
2025-02-24,0.0634757374446378,50,0,2.0697665590497736,0,0,75.63845198043877,0,0,0.6486506746072347,100,0,0.9848366277686577,50,0,49.0,50,0
2025-02-25,0.03426386432046104,50,0,1.9988419309295489,0,0,75.63845198043877,0,0,0.6490097795473145,100,0,1.0540036769945258,50,0,25.0,100,0
2025-02-26,-0.009904702169118032,50,0,1.890280723125691,0,0,75.63845198043877,0,0,0.6492228254785786,100,0,1.0824252218509305,50,0,21.0,100,0
2025-02-27,-0.00413480030009319,50,0,1.9036786970655641,0,0,75.63845198043877,0,0,0.6493868019338962,100,0,1.0039165787873847,50,0,10.0,100,0
2025-02-28,-0.007561069901348627,50,0,1.89428687523476,0,0,62.74686446869118,50,0,0.6494677228611956,100,0,1.0037630288464534,50,0,16.0,100,0
2025-03-01,0.007539706796941072,50,0,1.9294103108763934,0,0,62.74686446869118,50,0,0.6492884149665366,100,0,0.9619752454505527,50,0,20.0,100,0
2025-03-02,0.0863646499092552,50,0,2.118801620308817,0,0,62.74686446869118,50,0,0.6489716547327156,100,0,0.8696702642071017,50,0,26.0,50,0
2025-03-03,0.011337030309632134,50,0,1.937929848309022,0,0,62.74686446869118,50,0,0.6484077102370862,100,0,1.0722191218119612,50,0,33.0,50,0
2025-03-04,0.020701990738029044,50,0,1.9594998243603876,0,0,62.74686446869118,50,0,0.6475972902450609,100,0,0.9712331102514568,50,0,15.0,100,0
2025-03-05,0.050818863599466496,50,0,2.0323700740197372,0,0,62.74686446869118,50,0,0.647240404405485,100,0,0.9648364957702555,50,0,20.0,100,0
2025-03-06,0.04635219841216258,50,0,2.022367092308027,0,0,62.74686446869118,50,0,0.6465748567985851,100,0,1.2252503413254305,50,0,25.0,100,0
2025-03-07,0.01197425941624199,50,0,1.939229553722993,0,0,62.74686446869118,50,0,0.6457665603704954,100,0,0.9888283858830746,50,0,34.0,50,0
2025-03-08,0.008329893889481053,50,0,1.9298165369683344,0,0,62.74686446869118,50,0,0.6450176221520915,100,0,0.9346050358402062,50,0,28.0,50,0
2025-03-09,-0.04340535664768697,50,0,1.8054716902616514,0,0,62.74686446869118,50,0,0.6440947313940109,100,0,1.0659561119284362,50,0,27.0,50,0
2025-03-10,-0.05855524634155019,50,0,1.7680625227716054,0,0,62.74686446869118,50,0,0.6430820109414155,100,0,0.9899552424836424,50,0,20.0,100,0
2025-03-11,-0.023904791153899478,50,0,1.8510129869460439,0,0,62.74686446869118,50,0,0.6420893439202079,100,0,0.8940359841957563,50,0,24.0,100,0
2025-03-12,-0.016156833662071324,50,0,1.8697895316234705,0,0,62.74686446869118,50,0,0.640847068108829,100,0,1.021777533309414,50,0,34.0,50,0
2025-03-13,-0.039714213990248055,50,0,1.8125319151013775,0,0,62.74686446869118,50,0,0.639530920840601,100,0,1.0749725568480395,50,0,45.0,50,0
2025-03-14,-0.012001139028999214,50,0,1.878449193860506,0,0,62.74686446869118,50,0,0.6383739473452762,100,0,0.9469843405678394,50,0,27.0,50,0
2025-03-15,-0.00976943875054169,50,0,1.8828462186737265,0,0,62.74686446869118,50,0,0.6372045595301016,100,0,0.8943310230602343,50,0,46.0,50,0
2025-03-16,-0.027265384101995086,50,0,1.8402417249750036,0,0,62.74686446869118,50,0,0.6362847695293525,100,0,1.0541060483350333,50,0,30.0,50,0
2025-03-17,-0.012996899477633739,50,0,1.8729818261396254,0,0,62.74686446869118,50,0,0.6354730299073091,100,0,0.942357882005871,50,0,32.0,50,0
2025-03-18,-0.025562543613812033,50,0,1.8420910338558723,0,0,62.74686446869118,50,0,0.634267099209499,100,0,0.9460799493586218,50,0,34.0,50,0
2025-03-19,0.01221486740862519,50,0,1.931780351823217,0,0,62.74686446869118,50,0,0.6332379633363359,100,0,1.0319103250739916,50,0,32.0,50,0
2025-03-20,-0.012905243519478329,50,0,1.8715126997196099,0,0,62.74686446869118,50,0,0.6320721102843098,100,0,0.9823683043372787,50,0,49.0,50,0
2025-03-21,-0.013585433336339874,50,0,1.868883923751282,0,0,62.74686446869118,50,0,0.6309486260281044,100,0,0.988676461426058,50,0,31.0,50,0
2025-03-22,-0.0159622286601425,50,0,1.8620013408197948,0,0,62.74686446869118,50,0,0.6297870595129115,100,0,1.0340462391745082,50,0,32.0,50,0
2025-03-23,0.0020580676684737696,50,0,1.903548905534149,0,0,62.74686446869118,50,0,0.6288058376293276,100,0,1.0746488175253002,50,0,30.0,50,0
2025-03-24,0.01617985567209348,50,0,1.9367170866153611,0,0,62.74686446869118,50,0,0.627919664168166,100,0,1.0958390040535553,50,0,45.0,50,0
2025-03-25,0.016914513199313166,50,0,1.937432328692135,0,0,62.74686446869118,50,0,0.6268030643027022,100,0,1.0926869141337354,50,0,46.0,50,0
2025-03-26,0.011117067162525916,50,0,1.9229916876558313,0,0,62.74686446869118,50,0,0.6258194048541872,100,0,1.1075749672999573,50,0,47.0,50,0
2025-03-27,0.014472759815075821,50,0,1.9298016451738111,0,0,62.74686446869118,50,0,0.6246597241864589,100,0,1.0548814166992673,50,0,40.0,50,0
2025-03-28,-0.013537461170786191,50,0,1.864145842896219,0,0,62.74686446869118,50,0,0.6233270004103271,100,0,1.0907818406645267,50,0,44.0,50,0
2025-03-29,-0.030336606472415723,50,0,1.8227067495219482,0,0,62.74686446869118,50,0,0.6218228882333441,100,0,0.9618094610517771,50,0,26.0,50,0
2025-03-30,-0.03280380954352168,50,0,1.8151707475111893,0,0,62.74686446869118,50,0,0.6205380330571694,100,0,0.930699645784911,50,0,32.0,50,0
2025-03-31,-0.03040018509090634,50,0,1.819284156376576,0,0,61.62800087974627,50,0,0.6192439832929673,100,0,1.0187218989905997,50,0,34.0,50,0
2025-04-01,-0.004616033543239197,50,0,1.8788541327363295,0,0,61.62800087974627,50,0,0.617795774630504,100,0,0.9481894734098291,50,0,34.0,50,0
2025-04-02,-0.029913349347577077,50,0,1.8186828203970924,0,0,61.62800087974627,50,0,0.6162690231760087,100,0,1.2340180610339828,50,0,44.0,50,0
2025-04-03,-0.027507658705461548,50,0,1.8257099818800482,0,0,61.62800087974627,50,0,0.614737784680216,100,0,1.0689323319414867,50,0,25.0,100,0
2025-04-04,-0.019929400932222563,50,0,1.84289808900248,0,0,61.62800087974627,50,0,0.6132403725208964,100,0,1.2408487029019488,50,0,28.0,50,0
2025-04-05,-0.024425658132738885,50,0,1.8311366538647234,0,0,61.62800087974627,50,0,0.6115667266044378,100,0,1.144510875875801,50,0,30.0,50,0
2025-04-06,-0.07418547324731277,50,0,1.7123305828971043,0,0,61.62800087974627,50,0,0.6096266292342996,100,0,0.9827007943769765,50,0,34.0,50,0
2025-04-07,-0.060802779565698954,50,0,1.7434320800693364,0,0,61.62800087974627,50,0,0.6077712161014089,100,0,0.9680619498719553,50,0,23.0,100,0
2025-04-08,-0.088986808943514,50,0,1.6749065584902159,0,0,61.62800087974627,50,0,0.6061258915651119,100,0,1.011165916937958,50,0,24.0,100,0
2025-04-09,-0.030341683714407597,50,0,1.8133374148362031,0,0,61.62800087974627,50,0,0.6048262752286018,100,0,0.8741777361091525,50,0,18.0,100,0
2025-04-10,-0.06002043776377015,50,0,1.742864033801652,0,0,61.62800087974627,50,0,0.603425771029089,100,0,0.9937052907980574,50,0,39.0,50,0
2025-04-11,-0.024898747988971463,50,0,1.82481122340747,0,0,61.62800087974627,50,0,0.6021790711348013,100,0,1.0390489844396777,50,0,25.0,100,0
2025-04-12,-0.007396860336822295,50,0,1.8651617945285033,0,0,61.62800087974627,50,0,0.6011098074975475,100,0,1.0191075671164695,50,0,43.0,50,0
2025-04-13,-0.023509323627325846,50,0,1.826695743572918,0,0,61.62800087974627,50,0,0.5999908944734628,100,0,1.2656240176023044,50,0,45.0,50,0
2025-04-14,-0.014388910277602146,50,0,1.8477199624526734,0,0,61.62800087974627,50,0,0.5987066405703895,100,0,1.0690901010932055,50,0,31.0,50,0
2025-04-15,-0.02219320315076213,50,0,1.8264371966044939,0,0,61.62800087974627,50,0,0.5972834234516546,100,0,1.0559463551888126,50,0,38.0,50,0
2025-04-16,-0.018044992347502706,50,0,1.835605875422822,0,0,61.62800087974627,50,0,0.5960359252865622,100,0,1.0576656692976605,50,0,29.0,50,0
2025-04-17,-0.008881127816938094,50,0,1.8514638910527554,0,0,61.62800087974627,50,0,0.5949244952511343,100,0,1.102195966506665,50,0,30.0,50,0
2025-04-18,-0.013735187293764831,50,0,1.8390436392665297,0,0,61.62800087974627,50,0,0.5938278824407469,100,0,0.9821762066159563,50,0,33.0,50,0
2025-04-19,-0.0073256649141162635,50,0,1.8526424628574223,0,0,61.62800087974627,50,0,0.5928749987867898,100,0,1.0141462831314418,50,0,32.0,50,0
2025-04-20,-0.007661094748050084,50,0,1.8507182365727242,0,0,61.62800087974627,50,0,0.5919813240579618,100,0,0.8982617334156247,50,0,37.0,50,0
2025-04-21,0.012872410985742763,50,0,1.8982036510747635,0,0,61.62800087974627,50,0,0.5911024756273234,100,0,0.9503748292473995,50,0,39.0,50,0
2025-04-22,0.06832421320704533,50,0,2.0295800025903583,0,0,61.62800087974627,50,0,0.5903683512246194,100,0,1.1989775727221248,50,0,47.0,50,0
2025-04-23,0.06744245742765755,50,0,2.032031221000684,0,0,61.62800087974627,50,0,0.5894753657581769,100,0,0.9385772549240787,50,0,72.0,0,0
2025-04-24,0.06747691661122143,50,0,2.0335095768612406,0,0,61.62800087974627,50,0,0.5885580488898485,100,0,1.143264196852913,50,0,63.0,0,0
2025-04-25,0.0730011172145713,50,0,2.051473947601666,0,0,61.62800087974627,50,0,0.5876245693366494,100,0,1.1908918884912685,50,0,60.0,0,0
2025-04-26,0.07183704326460012,50,0,2.047820731207631,0,0,61.62800087974627,50,0,0.5866787772145639,100,0,1.0847492655884692,50,0,65.0,0,0
2025-04-27,0.06342808831858164,50,0,2.0268980688939395,0,0,61.62800087974627,50,0,0.5854982313006847,100,0,1.0980872568080824,50,0,61.0,0,0
2025-04-28,0.07372595498878737,50,0,2.0520512404089777,0,0,61.62800087974627,50,0,0.5846977843495555,100,0,1.1512692178629238,50,0,54.0,0,0
2025-04-29,0.06350525647912936,50,0,2.029440329250521,0,0,61.62800087974627,50,0,0.583947457638312,100,0,1.1960812342371998,50,0,60.0,0,0
2025-04-30,0.06398534786612309,50,0,2.03047709634188,0,0,65.94810956994974,50,0,0.5834597171925077,100,0,1.0791329655367634,50,0,56.0,0,0
2025-05-01,0.08275029267049096,50,0,2.075331816919326,0,0,65.94810956994974,50,0,0.5828914363053345,100,0,1.1133065847156554,50,0,53.0,0,0
2025-05-02,0.08541924804307652,50,0,2.082576423869085,0,0,65.94810956994974,50,0,0.5823846583934325,100,0,1.3391284029671249,50,0,67.0,0,0
2025-05-03,0.07674189057547431,50,0,2.06131180356437,0,0,65.94810956994974,50,0,0.5818613886790606,100,0,1.3659621908545412,50,0,65.0,0,0
2025-05-04,0.062328162512034574,50,0,2.025835800510253,0,0,65.94810956994974,50,0,0.58126605201599,100,0,1.1687314032106246,50,0,64.0,0,0
2025-05-05,0.06487244084722382,50,0,2.0341512670884736,0,0,65.94810956994974,50,0,0.5806677685476216,100,0,1.4141820457005791,50,0,52.0,0,0
2025-05-06,0.07992471103342098,50,0,2.0712866680338657,0,0,65.94810956994974,50,0,0.5799094390895727,100,0,1.116394999897429,50,0,59.0,0,0
2025-05-07,0.08302533077458667,50,0,2.0791191893766587,0,0,65.94810956994974,50,0,0.5791563259757488,100,0,1.2517430840838497,50,0,67.0,0,0
2025-05-08,0.1348718674958565,50,0,2.20372382327577,0,0,65.94810956994974,50,0,0.5783449778058548,100,0,1.354945164232417,50,0,65.0,0,0
2025-05-09,0.13170857701379113,50,0,2.198653562403898,0,0,65.94810956994974,50,0,0.5775430276762373,100,0,1.284441575794965,50,0,73.0,0,0
2025-05-10,0.14598907324601,50,0,2.2313085557937056,0,0,65.94810956994974,50,0,0.5770127557661429,100,0,1.3134042185063743,50,0,70.0,0,0
2025-05-11,0.13991252057374748,50,0,2.216010323524338,0,0,65.94810956994974,50,0,0.5763514471047071,100,0,1.3277605359032432,50,0,70.0,0,0
2025-05-12,0.12902351907799686,50,0,2.191174973070863,0,0,65.94810956994974,50,0,0.5754792056751452,100,0,1.3441436872666142,50,0,70.0,0,0
2025-05-13,0.13740423492086193,50,0,2.214860491485107,0,0,65.94810956994974,50,0,0.5747572464355614,100,0,1.139529971364599,50,0,70.0,0,0
2025-05-14,0.13114708267763572,50,0,2.200309124886899,0,0,65.94810956994974,50,0,0.5739785055393603,100,0,1.2833895455010378,50,0,73.0,0,0
2025-05-15,0.13016248048373413,50,0,2.2009540717547935,0,0,65.94810956994974,50,0,0.5731931422340006,100,0,1.2838523617670885,50,0,70.0,0,0
2025-05-16,0.12754106161376214,50,0,2.1953710004441533,0,0,65.94810956994974,50,0,0.572375393240047,100,0,1.2287072855081589,50,0,71.0,0,0
2025-05-17,0.12387553612772614,50,0,2.18502561292397,0,0,65.94810956994974,50,0,0.5716679440183768,100,0,1.2474151322261715,50,0,74.0,0,0
2025-05-18,0.14847685448762277,50,0,2.2423379206615635,0,0,65.94810956994974,50,0,0.5711180697754192,100,0,1.4174687053714037,50,0,74.0,0,0
2025-05-19,0.142497325804108,50,0,2.2313611537344884,0,0,65.94810956994974,50,0,0.570619622883219,100,0,1.2384730294738753,50,0,74.0,0,0
2025-05-20,0.15205793406027276,50,0,2.255725661681499,0,0,65.94810956994974,50,0,0.570046924439409,100,0,1.3334789617877325,50,0,71.0,0,0
2025-05-21,0.17429104438268986,50,0,2.3123519066163793,0,0,65.94810956994974,50,0,0.5695274040852084,100,0,1.3206334657401626,50,0,70.0,0,0
2025-05-22,0.1873829076377732,50,0,2.3469079479624786,0,0,65.94810956994974,50,0,0.5692196714656859,100,0,1.3988359676095559,50,0,72.0,0,0
2025-05-23,0.1489573111826433,50,0,2.2562933805350727,0,0,65.94810956994974,50,0,0.5688262271248233,100,0,1.4431977541792993,50,0,78.0,0,0
2025-05-24,0.15398362176790803,50,0,2.266934716634145,0,0,65.94810956994974,50,0,0.5686339089185355,100,0,1.2751683453811358,50,0,66.0,0,0
2025-05-25,0.16219727991327418,50,0,2.2853589634343088,0,0,65.94810956994974,50,0,0.568252162906583,100,0,1.4720177678009632,50,0,74.0,0,0
2025-05-26,0.16381525454835325,50,0,2.2924790957099,0,0,65.94810956994974,50,0,0.5680925918565174,100,0,1.39426085832588,50,0,73.0,0,0
2025-05-27,0.15840453975109883,50,0,2.2836814886237757,0,0,65.94810956994974,50,0,0.5679522830686081,100,0,1.3019261792946686,50,0,74.0,0,0
2025-05-28,0.14663287250050408,50,0,2.2568699552142673,0,0,65.94810956994974,50,0,0.5677886481421142,100,0,1.4783702929343616,50,0,71.0,0,0
2025-05-29,0.126145163241836,50,0,2.209470574316038,0,0,65.94810956994974,50,0,0.5675286968782765,100,0,1.4145687057128618,50,0,74.0,0,0
2025-05-30,0.1100394914686809,50,0,2.1708515844388687,0,0,65.94810956994974,50,0,0.5671790705309182,100,0,1.3507298483571175,50,0,60.0,0,0
2025-05-31,0.11624046199996318,50,0,2.18399413357265,0,0,69.26248413446586,50,0,0.5668769086834211,100,0,1.3799378546078205,50,0,50.0,0,0
2025-06-01,0.12504343612608435,50,0,2.2035515816360576,0,0,69.26248413446586,50,0,0.5665618206426013,100,0,1.1444391992591099,50,0,56.0,0,0
2025-06-02,0.12354913742988961,50,0,2.2044824665033875,0,0,69.26248413446586,50,0,0.5663368433409005,100,0,1.1490572521004825,50,0,64.0,0,0
2025-06-03,0.1177674590652223,50,0,2.1936369985691924,0,0,69.26248413446586,50,0,0.5659629804295973,100,0,1.2543932661723156,50,0,64.0,0,0
2025-06-04,0.11022717659107953,50,0,2.176953938059496,0,0,69.26248413446586,50,0,0.5656281089125312,100,0,1.0922672007997338,50,0,62.0,0,0
2025-06-05,0.08312537028703883,50,0,2.110363243727851,0,0,69.26248413446586,50,0,0.5651362145073924,100,0,1.1457886628286036,50,0,57.0,0,0
2025-06-06,0.10643979228471857,50,0,2.165505279124141,0,0,69.26248413446586,50,0,0.5647173967726197,100,0,1.1422176566920572,50,0,45.0,50,0
2025-06-07,0.11686989974973337,50,0,2.189737364786324,0,0,69.26248413446586,50,0,0.564424566348121,100,0,1.2338714039573844,50,0,52.0,0,0
2025-06-08,0.11676162452116194,50,0,2.1886174192237284,0,0,69.26248413446586,50,0,0.5641376376851687,100,0,1.3249546779616588,50,0,62.0,0,0
2025-06-09,0.15431358691339103,50,0,2.2790029776486858,0,0,69.26248413446586,50,0,0.5639672171480985,100,0,1.230325315924648,50,0,62.0,0,0
2025-06-10,0.1517204526725043,50,0,2.274267928252995,0,0,69.26248413446586,50,0,0.5637562060393259,100,0,1.5164269165707869,0,0,71.0,0,0
2025-06-11,0.13840466289501802,50,0,2.2426726575405613,0,0,69.26248413446586,50,0,0.5633823384881087,100,0,1.2632068240807461,50,0,72.0,0,0
2025-06-12,0.11486609466514418,50,0,2.1860519978116866,0,0,69.26248413446586,50,0,0.5630597098659627,100,0,1.3013694267644216,50,0,71.0,0,0
2025-06-13,0.11382848263248134,50,0,2.1847083324382575,0,0,69.26248413446586,50,0,0.5626841413112466,100,0,1.2642190923888224,50,0,61.0,0,0
2025-06-14,0.10880031324205738,50,0,2.1713517383346232,0,0,69.26248413446586,50,0,0.5623295245048252,100,0,1.3085272710533724,50,0,63.0,0,0
2025-06-15,0.10883148357879537,50,0,2.1704271602645298,0,0,69.26248413446586,50,0,0.5622425698716974,100,0,1.1820215838633998,50,0,60.0,0,0
2025-06-16,0.12174714686258895,50,0,2.2040532653513423,0,0,69.26248413446586,50,0,0.5623852551707026,100,0,1.2733758429620972,50,0,61.0,0,0
2025-06-17,0.09900195085766363,50,0,2.148409743462487,0,0,69.26248413446586,50,0,0.5626794139207453,100,0,1.0213115899513006,50,0,68.0,0,0
2025-06-18,0.10007036505504642,50,0,2.150320005140904,0,0,69.26248413446586,50,0,0.5629098300619041,100,0,1.21683644324023,50,0,52.0,0,0
2025-06-19,0.09863389608975044,50,0,2.146367376454351,0,0,69.26248413446586,50,0,0.5631026805408778,100,0,1.083178944861106,50,0,57.0,0,0
2025-06-20,0.08591388284072225,50,0,2.115283749194759,0,0,69.26248413446586,50,0,0.5631458599176719,100,0,1.2853382950504144,50,0,54.0,0,0
2025-06-21,0.07071679260984887,50,0,2.078320459244405,0,0,69.26248413446586,50,0,0.5627032977034887,100,0,1.1950229873765141,50,0,49.0,50,0
2025-06-22,0.06490670777402816,50,0,2.0634839572450736,0,0,69.26248413446586,50,0,0.5626281499690595,100,0,0.8767658028723662,50,0,42.0,50,0
2025-06-23,0.10320993872300507,50,0,2.1557509793811493,0,0,69.26248413446586,50,0,0.5626686318183832,100,0,0.887307514446192,50,0,47.0,50,0
2025-06-24,0.10601916607899814,50,0,2.1634634661192886,0,0,69.26248413446586,50,0,0.5625735169373813,100,0,1.005512562572103,50,0,65.0,0,0
2025-06-25,0.11613685195380576,50,0,2.1889813988198332,0,0,69.26248413446586,50,0,0.5625409844237709,100,0,1.236416704880836,50,0,66.0,0,0
2025-06-26,0.11166573603291813,50,0,2.1811185262206374,0,0,69.26248413446586,50,0,0.5626860473602072,100,0,1.3669658317564557,50,0,74.0,0,0
2025-06-27,0.11026657583131166,50,0,2.180868232963123,0,0,69.26248413446586,50,0,0.5628640881121355,100,0,0.9938038546317766,50,0,65.0,0,0
2025-06-28,0.11226028878896227,50,0,2.1844396138801705,0,0,69.26248413446586,50,0,0.563371700514678,100,0,1.2661739556783123,50,0,65.0,0,0
2025-06-29,0.12026403470096944,50,0,2.2029515366582357,0,0,69.26248413446586,50,0,0.5640307992286209,100,0,1.4705527033979489,50,0,68.0,0,0
2025-06-30,0.10769728705269917,50,0,2.176500041323364,0,0,69.99649640177341,50,0,0.5645192950099022,100,0,1.251872232431827,50,0,66.0,0,0
2025-07-01,0.09374768089997683,50,0,2.1424563279826176,0,0,69.99649640177341,50,0,0.5649132028616818,100,0,1.1610774709874645,50,0,64.0,0,0
2025-07-02,0.12114189412254606,50,0,2.2087341524660755,0,0,69.99649640177341,50,0,0.5655354197182513,100,0,1.336285476590077,50,0,63.0,0,0
2025-07-03,0.1256151330062321,50,0,2.2210914337891725,0,0,69.99649640177341,50,0,0.5660176402923133,100,0,1.3185720039250761,50,0,73.0,0,0
2025-07-04,0.10397054485934906,50,0,2.1878304756127953,0,0,69.99649640177341,50,0,0.5664855145760768,100,0,1.3705952955882854,50,0,73.0,0,0
2025-07-05,0.10508784435220865,50,0,2.189291681139957,0,0,69.99649640177341,50,0,0.5670634940922005,100,0,1.3451410749363886,50,0,67.0,0,0
2025-07-06,0.11256227414798732,50,0,2.206376144378764,0,0,69.99649640177341,50,0,0.5676079002475477,100,0,1.373972252900933,50,0,66.0,0,0
2025-07-07,0.10329727748964301,50,0,2.185815371191998,0,0,69.99649640177341,50,0,0.5681796394221739,100,0,1.3154491603610445,50,0,73.0,0,0
2025-07-08,0.10757367520853857,50,0,2.198127174231208,0,0,69.99649640177341,50,0,0.5685287308965196,100,0,1.2365103535130078,50,0,65.0,0,0
2025-07-09,0.12561901561386174,50,0,2.245648733365149,0,0,69.99649640177341,50,0,0.5690867898437553,100,0,1.4148530410208384,50,0,66.0,0,0
2025-07-10,0.16097473502447926,50,0,2.3331512761296858,0,0,69.99649640177341,50,0,0.5698014810118369,100,0,1.5081636007893742,0,0,71.0,0,0
2025-07-11,0.17224039193946292,50,0,2.365802402847336,0,0,69.99649640177341,50,0,0.5706259807042091,100,0,1.3851462938511132,50,0,71.0,0,0
2025-07-12,0.16867440136435516,50,0,2.3586013207440826,0,0,69.99649640177341,50,0,0.5713422137002648,100,0,1.4059946542396335,50,0,79.0,0,100
2025-07-13,0.18025797329250032,50,0,2.386599335176117,0,0,69.99649640177341,50,0,0.5720270006903544,100,0,1.3208307239844095,50,0,74.0,0,0
2025-07-14,0.1846785889474237,50,0,2.4035164483097486,0,0,69.99649640177341,50,0,0.5727118212216827,100,0,1.410122559115224,50,0,74.0,0,0
2025-07-15,0.16490172152956878,50,0,2.3578154632730475,0,0,69.99649640177341,50,0,0.5733406825879394,100,0,1.5561580006299212,0,0,73.0,0,0
2025-07-16,0.16681746511406303,50,0,2.3758339498401364,0,0,69.99649640177341,50,0,0.5739534195641943,100,0,1.2104695553002534,50,0,70.0,0,0
2025-07-17,0.16931884818287246,50,0,2.3888232097545417,0,0,69.99649640177341,50,0,0.5747480107264028,100,0,1.2794761453887,50,0,74.0,0,0
2025-07-18,0.15515473886433337,50,0,2.3555963326855585,0,0,69.99649640177341,50,0,0.5755136414979574,100,0,1.3668261077844877,50,0,73.0,0,0
2025-07-19,0.15352971871898682,50,0,2.352259336121619,0,0,69.99649640177341,50,0,0.5762738790576246,100,0,1.3538964051571818,50,0,74.0,0,0
2025-07-20,0.14819017742852067,50,0,2.3378977404937027,0,0,69.99649640177341,50,0,0.576954458893353,100,0,1.357127267846856,50,0,72.0,0,0
2025-07-21,0.14756544453677306,50,0,2.3379418716494214,0,0,69.99649640177341,50,0,0.5774208404871112,100,0,1.3676218025338645,50,0,71.0,0,0
2025-07-22,0.1660890303336433,50,0,2.3877121716558496,0,0,69.99649640177341,50,0,0.5781387513657968,100,0,1.3871183204409645,50,0,72.0,0,0
2025-07-23,0.15270535321228357,50,0,2.3570114537520483,0,0,69.99649640177341,50,0,0.5787716810156647,100,0,1.2798745382038144,50,0,74.0,0,0
2025-07-24,0.1491808189284267,50,0,2.3491277529013757,0,0,69.99649640177341,50,0,0.5794770592033642,100,0,1.3597092673315,50,0,71.0,0,0
2025-07-25,0.14027220315442554,50,0,2.3296555792466354,0,0,69.99649640177341,50,0,0.5801541573623236,100,0,1.4859473071770755,50,0,70.0,0,0
2025-07-26,0.143466473412604,50,0,2.336345124978345,0,0,69.99649640177341,50,0,0.5811175930090235,100,0,1.4007535211896347,50,0,72.0,0,0
2025-07-27,0.15452842007833992,50,0,2.3626067284930885,0,0,69.99649640177341,50,0,0.582011445074226,100,0,1.2807266482327901,50,0,73.0,0,0
2025-07-28,0.14209582088635908,50,0,2.3321175213557344,0,0,69.99649640177341,50,0,0.5830221670897148,100,0,1.3915295043704548,50,0,75.0,0,0
2025-07-29,0.13920649575791805,50,0,2.326611531284385,0,0,69.99649640177341,50,0,0.5837247800712538,100,0,1.0727021354114277,50,0,73.0,0,0
2025-07-30,0.13681143010019367,50,0,2.321376727224286,0,0,69.99649640177341,50,0,0.5845477954339494,100,0,1.2706215140356363,50,0,74.0,0,0
2025-07-31,0.12129750214221964,50,0,2.281907154715012,0,0,72.51143442282057,0,0,0.5850952241229183,100,0,1.3847380038360964,50,0,72.0,0,0
2025-08-01,0.10059070938155493,50,0,2.2293147066570858,0,0,72.51143442282057,0,0,0.5854880427339312,100,0,1.359035661630988,50,0,65.0,0,0
2025-08-02,0.09454325254910262,50,0,2.2128073426632735,0,0,72.51143442282057,0,0,0.5859504589463018,100,0,1.2669910624300122,50,0,55.0,0,0
2025-08-03,0.1075531665637248,50,0,2.2445037096868696,0,0,72.51143442282057,0,0,0.5864027198093451,100,0,1.4043985636681702,50,0,53.0,0,0
2025-08-04,0.11432127862815829,50,0,2.2608036697514517,0,0,72.51143442282057,0,0,0.5869398937577806,100,0,1.515116512795121,0,0,64.0,0,0
2025-08-05,0.10501638818927206,50,0,2.237478417477029,0,0,72.51143442282057,0,0,0.5874119646985662,100,0,1.1883501162869756,50,0,60.0,0,0
2025-08-06,0.11200490800136571,50,0,2.2537009819229263,0,0,72.51143442282057,0,0,0.5879091896516208,100,0,1.2475184416516518,50,0,54.0,0,0
2025-08-07,0.12967167241787858,50,0,2.298873777272535,0,0,72.51143442282057,0,0,0.5884910384500077,100,0,1.4220816945489922,50,0,62.0,0,0
2025-08-08,0.12312916890834466,50,0,2.2830843516781933,0,0,72.51143442282057,0,0,0.5890834755283045,100,0,1.2059008336856516,50,0,74.0,0,0
2025-08-09,0.12101856729650232,50,0,2.2766492927071607,0,0,72.51143442282057,0,0,0.5896664639366643,100,0,1.036439158040193,50,0,67.0,0,0
2025-08-10,0.14166088920348388,50,0,2.3268743831294887,0,0,72.51143442282057,0,0,0.5902275036326604,100,0,1.2100190264237731,50,0,69.0,0,0
2025-08-11,0.1371406405202143,50,0,2.316159976625111,0,0,72.51143442282057,0,0,0.590442797883415,100,0,1.3244026513461806,50,0,70.0,0,0
2025-08-12,0.14707572523361995,50,0,2.3416210372098254,0,0,72.51143442282057,0,0,0.5906276547484588,100,0,1.2729980356686268,50,0,68.0,0,0
2025-08-13,0.17126459203033428,50,0,2.4034946359119753,0,0,72.51143442282057,0,0,0.5908968887681667,100,0,1.416762353045801,50,0,73.0,0,0
2025-08-14,0.1314257640263081,50,0,2.305498080695711,0,0,72.51143442282057,0,0,0.5909733649364244,100,0,1.4502607783504307,50,0,75.0,0,0
2025-08-15,0.12130545733457841,50,0,2.2804013063242055,0,0,72.51143442282057,0,0,0.5910130785690254,100,0,1.2100636697731229,50,0,60.0,0,0
2025-08-16,0.11949665953071689,50,0,2.2815499623719195,0,0,72.51143442282057,0,0,0.5910969252843307,100,0,1.3207198765655568,50,0,56.0,0,0
2025-08-17,0.12032798026348727,50,0,2.2824822646701732,0,0,72.51143442282057,0,0,0.5910942793241865,100,0,1.3376217840821534,50,0,64.0,0,0
2025-08-18,0.10982875965448717,50,0,2.2557647189317733,0,0,72.51143442282057,0,0,0.591132281737848,100,0,1.348854032681442,50,0,60.0,0,0
2025-08-19,0.08230012262597088,50,0,2.187832537920225,0,0,72.51143442282057,0,0,0.5910320338715599,100,0,1.1654357461132154,50,0,56.0,0,0
2025-08-20,0.09261049948638411,50,0,2.2133182747083184,0,0,72.51143442282057,0,0,0.5908760795200754,100,0,1.211030490494454,50,0,44.0,50,0
2025-08-21,0.07725954188686969,50,0,2.1744306082374965,0,0,72.51143442282057,0,0,0.5906066835469407,100,0,1.2883324349728853,50,0,50.0,0,0
2025-08-22,0.11036257988035172,50,0,2.2588831176512163,0,0,72.51143442282057,0,0,0.5904749619210149,100,0,1.2377971477336596,50,0,50.0,0,0
2025-08-23,0.09820985558162743,50,0,2.227813860004402,0,0,72.51143442282057,0,0,0.5903774621978516,100,0,1.2828160519781504,50,0,60.0,0,0
2025-08-24,0.08431514645455654,50,0,2.192124859107979,0,0,72.51143442282057,0,0,0.5902186342051655,100,0,1.4333203997683786,50,0,53.0,0,0
2025-08-25,0.05741306876545733,50,0,2.1245744803445614,0,0,72.51143442282057,0,0,0.589910752522383,100,0,1.1822029957178226,50,0,47.0,50,0
2025-08-26,0.07104007827850312,50,0,2.1578912182940027,0,0,72.51143442282057,0,0,0.5896455030930904,100,0,1.2995694759142937,50,0,48.0,50,0
2025-08-27,0.06568851451497143,50,0,2.143935203540377,0,0,72.51143442282057,0,0,0.5890734091293973,100,0,1.2490678717187125,50,0,51.0,0,0
2025-08-28,0.07427004644842433,50,0,2.1660682646045517,0,0,72.51143442282057,0,0,0.5885588862102175,100,0,1.3285510275116887,50,0,48.0,50,0
2025-08-29,0.039776437186914364,50,0,2.0875611230607802,0,0,72.51143442282057,0,0,0.5878907590784731,100,0,1.3425670882164422,50,0,50.0,0,0
2025-08-30,0.04161779131255435,50,0,2.0914601881007187,0,0,72.51143442282057,0,0,0.5872522245887347,100,0,1.2539762334113833,50,0,39.0,50,0
2025-08-31,0.038192273467994683,50,0,2.0818550647468967,0,0,67.25279977855541,50,0,0.5866374404706463,100,0,1.0682883829058047,50,0,48.0,50,0
2025-09-01,0.04303004559204031,50,0,2.0934688380843145,0,0,67.25279977855541,50,0,0.5859705053758474,100,0,1.3367246813426668,50,0,46.0,50,0
2025-09-02,0.059265074623897275,50,0,2.1333301917036183,0,0,67.25279977855541,50,0,0.5854322398675801,100,0,1.391330089255928,50,0,49.0,50,0
2025-09-03,0.06385781588383967,50,0,2.1441756218809647,0,0,67.25279977855541,50,0,0.5849266379704802,100,0,1.1211776816557917,50,0,55.0,0,0
2025-09-04,0.056279632221706344,50,0,2.1258513778918777,0,0,67.25279977855541,50,0,0.5844330637766759,100,0,1.1465364376175335,50,0,51.0,0,0
2025-09-05,0.05306672498373271,50,0,2.120777356422271,0,0,67.25279977855541,50,0,0.5839558248439716,100,0,1.231160254643094,50,0,48.0,50,0
2025-09-06,0.04920104853231321,50,0,2.1104116100147694,0,0,67.25279977855541,50,0,0.583336566476907,100,0,1.1687606079536752,50,0,48.0,50,0
2025-09-07,0.05708012544132737,50,0,2.129377214878621,0,0,67.25279977855541,50,0,0.5827730028981132,100,0,1.2170418070367692,50,0,44.0,50,0
2025-09-08,0.06268402714760607,50,0,2.143462789566447,0,0,67.25279977855541,50,0,0.5821707453757673,100,0,1.336495866359407,50,0,51.0,0,0
2025-09-09,0.05753225144216404,50,0,2.130204629359926,0,0,67.25279977855541,50,0,0.5814371393095389,100,0,1.3440796807476452,50,0,48.0,50,0
2025-09-10,0.0755534501364252,50,0,2.175449572314137,0,0,67.25279977855541,50,0,0.580672741680642,100,0,1.374542485661634,50,0,49.0,50,0
2025-09-11,0.08615716348877785,50,0,2.2028622156356046,0,0,67.25279977855541,50,0,0.5801857624396454,100,0,1.244187339154607,50,0,54.0,0,0
2025-09-12,0.09091540223045129,50,0,2.214711531630967,0,0,67.25279977855541,50,0,0.5797039923954446,100,0,1.0312314917067114,50,0,57.0,0,0
2025-09-13,0.08896139548635393,50,0,2.2096597518402743,0,0,67.25279977855541,50,0,0.5791717386487771,100,0,1.2667134180131352,50,0,52.0,0,0
2025-09-14,0.0843280872779845,50,0,2.1972983780761997,0,0,67.25279977855541,50,0,0.5786003492805087,100,0,1.308345290496562,50,0,55.0,0,0
2025-09-15,0.083634814927526,50,0,2.1962310287129903,0,0,67.25279977855541,50,0,0.5780053781022938,100,0,1.3390359672984775,50,0,53.0,0,0
2025-09-16,0.09313705370576125,50,0,2.2207459089369057,0,0,67.25279977855541,50,0,0.5774663278453551,100,0,1.3174051581645116,50,0,52.0,0,0
2025-09-17,0.09024187243152394,50,0,2.214806952837678,0,0,67.25279977855541,50,0,0.5770198463046917,100,0,1.3053702307040866,50,0,53.0,0,0
2025-09-18,0.092951019276036,50,0,2.2213254614481737,0,0,67.25279977855541,50,0,0.5766701432774799,100,0,1.3417757759396673,50,0,52.0,0,0
2025-09-19,0.08068141911668099,50,0,2.1929970357312443,0,0,67.25279977855541,50,0,0.5762685941044969,100,0,1.4410188983528731,50,0,53.0,0,0
2025-09-20,0.08134900328152198,50,0,2.194002889908872,0,0,67.25279977855541,50,0,0.5758240058485622,100,0,1.2477087286053414,50,0,48.0,50,0
2025-09-21,0.07771269621035744,50,0,2.1841444083514427,0,0,67.25279977855541,50,0,0.5753740441050352,100,0,1.3141146498754763,50,0,49.0,50,0
2025-09-22,0.05801704510743419,50,0,2.1334046853787063,0,0,67.25279977855541,50,0,0.574862520798679,100,0,1.1915134667681133,50,0,45.0,50,0
2025-09-23,0.05201456756880045,50,0,2.1190655483659455,0,0,67.25279977855541,50,0,0.574360130162262,100,0,1.1208487132267329,50,0,43.0,50,0
2025-09-24,0.06078401010180355,50,0,2.141499944345457,0,0,67.25279977855541,50,0,0.5740139210734864,100,0,1.2080827520263144,50,0,44.0,50,0
2025-09-25,0.028608861933716513,50,0,2.0615251441712292,0,0,67.25279977855541,50,0,0.5734149722831168,100,0,1.098654671124363,50,0,44.0,50,0
2025-09-26,0.03190625584277096,50,0,2.0694597454662125,0,0,67.25279977855541,50,0,0.5728117898835218,100,0,1.074442217194986,50,0,28.0,50,0
2025-09-27,0.03154274989010866,50,0,2.0674669479841206,0,0,67.25279977855541,50,0,0.5722198826735546,100,0,1.2568833588799433,50,0,33.0,50,0
2025-09-28,0.050367957041281886,50,0,2.113520305307675,0,0,67.25279977855541,50,0,0.5714917281059334,100,0,1.2573031165438429,50,0,37.0,50,0
2025-09-29,0.06605518927414812,50,0,2.1527943480351075,0,0,67.25279977855541,50,0,0.5708893271547131,100,0,1.1320071935040523,50,0,50.0,0,0
2025-09-30,0.061997069682909835,50,0,2.144199329486801,0,0,69.06676009365535,50,0,0.5703567493530886,100,0,1.299341365818136,50,0,50.0,0,0
2025-10-01,0.0920217094989408,50,0,2.225552718376867,0,0,69.06676009365535,50,0,0.5700860796159802,100,0,1.2757368910461322,50,0,49.0,50,0
2025-10-02,0.10660145833416648,50,0,2.26431133447319,0,0,69.06676009365535,50,0,0.5698724158209629,100,0,1.141735102829697,50,0,64.0,0,0
2025-10-03,0.11783012692404761,50,0,2.295806845591722,0,0,69.06676009365535,50,0,0.56975364660977,100,0,0.9784138973606463,50,0,63.0,0,0
2025-10-04,0.1171899498428354,50,0,2.294148673258686,0,0,69.06676009365535,50,0,0.56963355893434,100,0,1.1819383752268071,50,0,71.0,0,0
2025-10-05,0.12501974986152165,50,0,2.313296452281607,0,0,69.06676009365535,50,0,0.5694793529032026,100,0,1.3300505340001418,50,0,74.0,0,0
2025-10-06,0.13336173383392774,50,0,2.3353343508283375,0,0,69.06676009365535,50,0,0.5694553851695086,100,0,1.0417058322771657,50,0,71.0,0,0
2025-10-07,0.10560888886179817,50,0,2.2726213870879097,0,0,69.06676009365535,50,0,0.5693298814968192,100,0,1.1739153118670107,50,0,70.0,0,0
2025-10-08,0.1175858038877702,50,0,2.3040729845388155,0,0,69.06676009365535,50,0,0.5692485454162268,100,0,1.2597759667598387,50,0,60.0,0,0
2025-10-09,0.10282779291504186,50,0,2.2684750107380114,0,0,69.06676009365535,50,0,0.5692046405513754,100,0,0.9906350618664241,50,0,70.0,0,0
2025-10-10,0.044704479908336994,50,0,2.120190331540193,0,0,69.06676009365535,50,0,0.5689833136698013,100,0,1.074177494324026,50,0,64.0,0,0
2025-10-11,0.023793529954762756,50,0,2.0660337313223365,0,0,69.06676009365535,50,0,0.5687234087631851,100,0,1.141582981439612,50,0,27.0,50,0
2025-10-12,0.05475923001483523,50,0,2.1426355477610186,0,0,69.06676009365535,50,0,0.5683948127167374,100,0,1.1257296413807711,50,0,24.0,100,0
2025-10-13,0.055716048807064024,50,0,2.1440191589597317,0,0,69.06676009365535,50,0,0.5680813141511462,100,0,1.1910330806987572,50,0,38.0,50,0
2025-10-14,0.039082745612471964,50,0,2.1049253810402493,0,0,69.06676009365535,50,0,0.5676968608627925,100,0,1.3364482508683129,50,0,38.0,50,0
2025-10-15,0.018231347526039235,50,0,2.057462195207748,0,0,69.06676009365535,50,0,0.5672523996095813,100,0,1.202333358429652,50,0,34.0,50,0
2025-10-16,-0.0014312671767706727,50,0,2.0052301259113006,0,0,69.06676009365535,50,0,0.5666943998259028,100,0,1.1446118625845922,50,0,28.0,50,0
2025-10-17,-0.013127834538785825,50,0,1.9756627883897653,0,0,69.06676009365535,50,0,0.5660686581046965,100,0,1.1684986269893054,50,0,22.0,100,0
2025-10-18,-0.009498372931698485,50,0,1.9836838189981216,0,0,69.06676009365535,50,0,0.565410594803774,100,0,1.1776666049626083,50,0,23.0,100,0
2025-10-19,0.0018733482687734201,50,0,2.0109725703942343,0,0,69.06676009365535,50,0,0.5648440276003264,100,0,0.9992884651644953,50,0,29.0,50,0
2025-10-20,0.015918630693987842,50,0,2.045021197273469,0,0,69.06676009365535,50,0,0.5643887039445342,100,0,1.2170941053626827,50,0,29.0,50,0
2025-10-21,0.0011879138599695635,50,0,2.0075854258070023,0,0,69.06676009365535,50,0,0.5637585277421344,100,0,1.1398206552919925,50,0,34.0,50,0
2025-10-22,-0.0078119180759983866,50,0,1.9869656647209806,0,0,69.06676009365535,50,0,0.5631664457405926,100,0,1.1566182940093048,50,0,25.0,100,0
2025-10-23,0.009209178649180624,50,0,2.029545490193993,0,0,69.06676009365535,50,0,0.5627162110875484,100,0,1.0311526698066753,50,0,27.0,50,0
2025-10-24,0.015918110138127207,50,0,2.045698757791837,0,0,69.06676009365535,50,0,0.5622954039399961,100,0,1.4302974315406363,50,0,30.0,50,0
2025-10-25,0.019963697795064395,50,0,2.0549119505254767,0,0,69.06676009365535,50,0,0.5618555013467103,100,0,1.2215172685693132,50,0,37.0,50,0
2025-10-26,0.04084811287916898,50,0,2.107319981634407,0,0,69.06676009365535,50,0,0.5615974350341658,100,0,1.107094305175255,50,0,40.0,50,0
2025-10-27,0.03655272527253305,50,0,2.096942685024603,0,0,69.06676009365535,50,0,0.5614278232573632,100,0,1.162403423111361,50,0,51.0,0,0
2025-10-28,0.026866199991204702,50,0,2.074815370642237,0,0,69.06676009365535,50,0,0.5611062506603159,100,0,1.2484511685146016,50,0,50.0,0,0
2025-10-29,0.005527719978608823,50,0,2.022175855711571,0,0,69.06676009365535,50,0,0.5605470108201627,100,0,0.9713506981137804,50,0,51.0,0,0
2025-10-30,-0.01180081594703131,50,0,1.9804722737098162,0,0,69.06676009365535,50,0,0.559800487094757,100,0,1.2348901733126343,50,0,34.0,50,0
2025-10-31,-0.0007064834712637037,50,0,2.0069455791382538,0,0,65.9917302066807,50,0,0.5591699070571893,100,0,1.0268825881643966,50,0,29.0,50,0
2025-11-01,0.002042956301766251,50,0,2.013563273294653,0,0,65.9917302066807,50,0,0.5584773069855126,100,0,1.0134839547331091,50,0,33.0,50,0
2025-11-02,0.0046760337961480455,50,0,2.018925835439772,0,0,65.9917302066807,50,0,0.5577407969734643,100,0,1.1946474903978326,50,0,37.0,50,0
2025-11-03,-0.02425991043360746,50,0,1.9461928762639358,0,0,65.9917302066807,50,0,0.5570026935148693,100,0,1.046584859446452,50,0,42.0,50,0
2025-11-04,-0.06126588672439261,50,0,1.8508099025974414,0,0,65.9917302066807,50,0,0.5561004354937045,100,0,0.9219145864033299,50,0,21.0,100,0
2025-11-05,-0.04269379543372119,50,0,1.8961783545834539,0,0,65.9917302066807,50,0,0.5552670562113395,100,0,1.011569600229623,50,0,23.0,100,0
2025-11-06,-0.06207042592727926,50,0,1.8459817434663117,0,0,65.9917302066807,50,0,0.5544933230028355,100,0,0.9830552761949508,50,0,27.0,50,0
2025-11-07,-0.048510287647577324,50,0,1.8843369126167204,0,0,65.9917302066807,50,0,0.553790067762204,100,0,0.9591752451035193,50,0,24.0,100,0
2025-11-08,-0.0567332806956938,50,0,1.8629480494472561,0,0,65.9917302066807,50,0,0.5530633889227561,100,0,0.8035376719067713,50,0,20.0,100,0
2025-11-09,-0.03978357333871925,50,0,1.9041830098688994,0,0,65.9917302066807,50,0,0.552402387386926,100,0,0.9454484564764029,50,0,22.0,100,0
2025-11-10,-0.03021339606575328,50,0,1.927982776001954,0,0,65.9917302066807,50,0,0.5515950141074012,100,0,0.9981409602908317,50,0,29.0,50,0
2025-11-11,-0.05299602802460875,50,0,1.8700339197530462,0,0,65.9917302066807,50,0,0.5507393229218593,100,0,1.0986268674018893,50,0,26.0,50,0
2025-11-12,-0.06256584112888289,50,0,1.845184349299629,0,0,65.9917302066807,50,0,0.5499220685059961,100,0,0.9607443723389786,50,0,24.0,100,0
2025-11-13,-0.0742310826600242,50,0,1.813950440927641,0,0,65.9917302066807,50,0,0.5490917847381764,100,0,1.0077747680943132,50,0,15.0,100,0
2025-11-14,-0.1134267663802641,50,0,1.7124970722368948,0,0,65.9917302066807,50,0,0.5481088862671052,100,0,0.96092163996195,50,0,16.0,100,0
2025-11-15,-0.10595650007969681,50,0,1.7301357729395546,0,0,65.9917302066807,50,0,0.5470776390641664,100,0,0.9196819939644725,50,0,10.0,100,0
2025-11-16,-0.11576336128443075,50,0,1.7044012537702455,0,0,65.9917302066807,50,0,0.5460846437216936,100,0,1.0735053014847136,50,0,10.0,100,0
2025-11-17,-0.1318366911376981,50,0,1.6622383294928231,0,0,65.9917302066807,50,0,0.5450067183054328,100,0,0.7793789584916655,50,0,14.0,100,0
2025-11-18,-0.12560224646311288,50,0,1.6778740947161481,0,0,65.9917302066807,50,0,0.5439654361211579,100,0,0.8239357632144989,50,0,11.0,100,0
2025-11-19,-0.13615411795268986,50,0,1.6494207456459873,0,0,65.9917302066807,50,0,0.5430067822794514,100,0,0.8643923601538206,50,0,15.0,100,0
2025-11-20,-0.1677464586995709,50,0,1.568848360473632,0,0,65.9917302066807,50,0,0.5420037490568476,100,0,0.7756585369753938,50,0,11.0,100,0
2025-11-21,-0.1805649799406125,50,0,1.5324519862619876,0,0,65.9917302066807,50,0,0.5410210692280151,100,0,0.8571177477389578,50,0,14.0,100,0
2025-11-22,-0.18626600100814208,50,0,1.5283499533186649,0,0,65.9917302066807,50,0,0.5399576851714046,100,0,0.8010187443892163,50,0,11.0,100,0
2025-11-23,-0.17214655907422363,50,0,1.5651436195295383,0,0,65.9917302066807,50,0,0.5389251781235125,100,0,0.8264690547568445,50,0,13.0,100,0
2025-11-24,-0.16126176393200184,50,0,1.5912021846044369,0,0,65.9917302066807,50,0,0.5379320809423271,100,0,0.83838705478925,50,0,19.0,100,0
2025-11-25,-0.1680953156050365,50,0,1.5732015736965077,0,0,65.9917302066807,50,0,0.5368624434147516,100,0,0.6834126950340831,50,0,20.0,100,0
2025-11-26,-0.14713344318001612,50,0,1.6263244425018706,0,0,65.9917302066807,50,0,0.5358405259344265,100,0,1.0146752825880778,50,0,15.0,100,0
2025-11-27,-0.14054581012620324,50,0,1.6411269716958086,0,0,65.9917302066807,50,0,0.5348564539987825,100,0,0.9364385860196387,50,0,22.0,100,0
2025-11-28,-0.14284087410484628,50,0,1.6337927588312193,0,0,65.9917302066807,50,0,0.5338897269490643,100,0,0.9072522441167794,50,0,25.0,100,0
2025-11-29,-0.1439018702380957,50,0,1.630031495388831,0,0,65.9917302066807,50,0,0.5328017408175905,100,0,0.8480266707660175,50,0,28.0,50,0
2025-11-30,-0.1454883471885373,50,0,1.6247301886316012,0,0,54.73562796689833,50,0,0.531773100382658,100,0,1.0411043403142393,50,0,28.0,50,0
2025-12-01,-0.17495230076305968,50,0,1.550202267450193,0,0,54.73562796689833,50,0,0.5305812981104832,100,0,0.7877007298412249,50,0,24.0,100,0
2025-12-02,-0.138345332666903,50,0,1.6391170998754228,0,0,54.73562796689833,50,0,0.5293941724695245,100,0,0.7736710424378755,50,0,23.0,100,0
2025-12-03,-0.12358711531922999,50,0,1.6751713736385634,0,0,54.73562796689833,50,0,0.5284006193968428,100,0,0.8397145454099135,50,0,28.0,50,0
2025-12-04,-0.13371994288217934,50,0,1.6488928309096704,0,0,54.73562796689833,50,0,0.5273775539586915,100,0,0.8043444197867334,50,0,26.0,50,0
2025-12-05,-0.15424250094295244,50,0,1.5955897504520602,0,0,54.73562796689833,50,0,0.5262606306519666,100,0,0.7350700078281579,50,0,28.0,50,0
2025-12-06,-0.1550422067170964,50,0,1.592649898320028,0,0,54.73562796689833,50,0,0.525126128830911,100,0,0.990220089860752,50,0,23.0,100,0
2025-12-07,-0.14853238268307334,50,0,1.607715618180353,0,0,54.73562796689833,50,0,0.524045804226464,100,0,0.9616970990770143,50,0,20.0,100,0
2025-12-08,-0.14398156882442606,50,0,1.6175553295442089,0,0,54.73562796689833,50,0,0.5231286877080982,100,0,0.8820856235484769,50,0,20.0,100,0
2025-12-09,-0.12868360481500224,50,0,1.6546295320242175,0,0,54.73562796689833,50,0,0.5222689284484104,100,0,0.796503505854302,50,0,22.0,100,0
2025-12-10,-0.1345832495754395,50,0,1.6410473163532517,0,0,54.73562796689833,50,0,0.521481762902905,100,0,0.9632839908627054,50,0,26.0,50,0
2025-12-11,-0.13087117174732493,50,0,1.6492977855871171,0,0,54.73562796689833,50,0,0.5204611097796963,100,0,0.9502985816973155,50,0,29.0,50,0
2025-12-12,-0.14709877149797657,50,0,1.6075025969488865,0,0,54.73562796689833,50,0,0.5194191336990497,100,0,0.9424958255672151,50,0,29.0,50,0
2025-12-13,-0.14775189830882746,50,0,1.6049853877789106,0,0,54.73562796689833,50,0,0.5184651559735287,100,0,0.8584709879228485,50,0,23.0,100,0
2025-12-14,-0.16322838486894042,50,0,1.5658550687519883,0,0,54.73562796689833,50,0,0.5175741725013702,100,0,0.7641545545778757,50,0,21.0,100,0
2025-12-15,-0.1751602132918965,50,0,1.5340089189268773,0,0,54.73562796689833,50,0,0.5165382480887323,100,0,0.7984122248920512,50,0,16.0,100,0
2025-12-16,-0.1649882569055182,50,0,1.5580216602548043,0,0,54.73562796689833,50,0,0.5155842855134596,100,0,0.8859917064825857,50,0,11.0,100,0
2025-12-17,-0.17693934589124236,50,0,1.5271517644706991,0,0,54.73562796689833,50,0,0.5145409559500664,100,0,0.8267289876743903,50,0,16.0,100,0
2025-12-18,-0.18132318959576804,50,0,1.5151937150872652,0,0,54.73562796689833,50,0,0.5136896136783333,100,0,0.8344172383412081,50,0,17.0,100,0
2025-12-19,-0.16145180208172105,50,0,1.562726989081545,0,0,54.73562796689833,50,0,0.5129252382470934,100,0,0.8715095795162386,50,0,16.0,100,0
2025-12-20,-0.16022630384685393,50,0,1.5639772358918391,0,0,54.73562796689833,50,0,0.5121846603902117,100,0,0.8538930619002686,50,0,20.0,100,0
2025-12-21,-0.15854807763371928,50,0,1.5672546829067737,0,0,54.73562796689833,50,0,0.5114236791223854,100,0,0.8022722463855609,50,0,20.0,100,0
2025-12-22,-0.15895545420915436,50,0,1.5651939923872868,0,0,54.73562796689833,50,0,0.5106195070436668,100,0,0.852123073056239,50,0,25.0,100,0
2025-12-23,-0.16695614477295104,50,0,1.5446245808567332,0,0,54.73562796689833,50,0,0.5096790624034132,100,0,0.8393489570905233,50,0,24.0,100,0
2025-12-24,-0.16485468129919612,50,0,1.5482318521459226,0,0,54.73562796689833,50,0,0.508757159002505,100,0,0.9490032818607583,50,0,24.0,100,0
2025-12-25,-0.1677399316529685,50,0,1.540312400573124,0,0,54.73562796689833,50,0,0.5077931207777738,100,0,0.8560260040488775,50,0,23.0,100,0
2025-12-26,-0.16642103111553544,50,0,1.5412067587727056,0,0,54.73562796689833,50,0,0.5068868261221033,100,0,0.950570173993415,50,0,20.0,100,0
2025-12-27,-0.1638296345090611,50,0,1.5466222208758165,0,0,54.73562796689833,50,0,0.5059417955199452,100,0,0.7964999680818812,50,0,23.0,100,0
2025-12-28,-0.16332167992753605,50,0,1.5465676743165115,0,0,54.73562796689833,50,0,0.5049588396617988,100,0,0.9312646915313965,50,0,24.0,100,0
2025-12-29,-0.16763113158505305,50,0,1.5348940250928336,0,0,54.73562796689833,50,0,0.5039850271324311,100,0,0.9301969181783909,50,0,24.0,100,0
2025-12-30,-0.15807249126992484,50,0,1.556841931383127,0,0,54.73562796689833,50,0,0.5029726850409132,100,0,0.6925642274427573,50,0,23.0,100,0
2025-12-31,-0.1643182400655982,50,0,1.539951090684784,0,0,53.14319469468275,50,0,0.5019161332615791,100,0,0.8349239640765542,50,0,21.0,100,0
2026-01-01,-0.15587350418583387,50,0,1.5595844392235334,0,0,53.14319469468275,50,0,0.5008602119510571,100,0,0.9456172382613112,50,0,20.0,100,0
2026-01-02,-0.14675865614702518,50,0,1.5806622497079548,0,0,53.14319469468275,50,0,0.49991029790567576,100,0,0.908329461010211,50,0,28.0,50,0
2026-01-03,-0.1420064347249168,50,0,1.5912024598356227,0,0,53.14319469468275,50,0,0.49900617266047076,100,0,0.968500432140139,50,0,29.0,50,0
2026-01-04,-0.13652916426101017,50,0,1.6035138855923075,0,0,53.14319469468275,50,0,0.4980751322416744,100,0,0.8969227863184016,50,0,25.0,100,0
2026-01-05,-0.11805036762424052,50,0,1.6477991318766163,0,0,53.14319469468275,50,0,0.4971838948300579,100,0,0.8251086065954188,50,0,26.0,50,0
2026-01-06,-0.121025258107818,50,0,1.6401072274621045,0,0,53.14319469468275,50,0,0.4963381551294395,100,0,0.8380897752723798,50,0,44.0,50,0
2026-01-07,-0.13830972526115562,50,0,1.5976648083354628,0,0,53.14319469468275,50,0,0.49536988445967606,100,0,0.9051431841521627,50,0,42.0,50,0
2026-01-08,-0.13903785589238293,50,0,1.5946724260212446,0,0,53.14319469468275,50,0,0.49446516013431546,100,0,0.8039001921967865,50,0,28.0,50,0
2026-01-09,-0.14283961968677722,50,0,1.583892357016273,0,0,53.14319469468275,50,0,0.49354392226737315,100,0,0.9115848235243067,50,0,27.0,50,0
2026-01-10,-0.14381968319762353,50,0,1.5805413731082238,0,0,53.14319469468275,50,0,0.49263914142316495,100,0,0.991914634984526,50,0,25.0,100,0
2026-01-11,-0.14142779656237883,50,0,1.5849324277670218,0,0,53.14319469468275,50,0,0.49183009845341136,100,0,0.7311837190687636,50,0,29.0,50,0
2026-01-12,-0.1382941150940772,50,0,1.5913166383478028,0,0,53.14319469468275,50,0,0.4910506484722131,100,0,0.8814439146470096,50,0,27.0,50,0
2026-01-13,-0.10876635596757168,50,0,1.6628481016877557,0,0,53.14319469468275,50,0,0.49033100426609477,100,0,0.8390394221874866,50,0,26.0,50,0
2026-01-14,-0.09664456458407553,50,0,1.6920186904039125,0,0,53.14319469468275,50,0,0.4898874803615051,100,0,0.8125536858015585,50,0,48.0,50,0
2026-01-15,-0.1076997560186866,50,0,1.6647711451391758,0,0,53.14319469468275,50,0,0.4893902926699665,100,0,0.9248845500154592,50,0,61.0,0,0
2026-01-16,-0.10831427164923418,50,0,1.6626673848880082,0,0,53.14319469468275,50,0,0.48885462881482955,100,0,0.8343618851623729,50,0,49.0,50,0
2026-01-17,-0.11125754223724205,50,0,1.654924247990437,0,0,53.14319469468275,50,0,0.4881720330658711,100,0,1.0015987312973895,50,0,50.0,0,0
2026-01-18,-0.11746636422657014,50,0,1.6391302825947551,0,0,53.14319469468275,50,0,0.4873229561150313,100,0,0.9300920946967749,50,0,49.0,50,0
2026-01-19,-0.1300354994733691,50,0,1.607930688284653,0,0,53.14319469468275,50,0,0.4864938519603657,100,0,0.9949350097995548,50,0,44.0,50,0
2026-01-20,-0.16064006189955093,50,0,1.532511935394419,0,0,53.14319469468275,50,0,0.4852844852797184,100,0,0.8143418550186419,50,0,32.0,50,0
2026-01-21,-0.1506339763363794,50,0,1.5552770781261103,0,0,53.14319469468275,50,0,0.48400254324421604,100,0,1.04725415414005,50,0,24.0,100,0
2026-01-22,-0.15198919526807192,50,0,1.5508685136742666,0,0,53.14319469468275,50,0,0.4826339397966568,100,0,0.9787398157446139,50,0,20.0,100,0
2026-01-23,-0.14905340036908682,50,0,1.5507665463312712,0,0,53.14319469468275,50,0,0.48126260435432316,100,0,0.8898141041224908,50,0,24.0,100,0
2026-01-24,-0.15090451461692003,50,0,1.5454948954723255,0,0,53.14319469468275,50,0,0.47983489006764823,100,0,0.6058927015089591,50,0,25.0,100,0
2026-01-25,-0.17077309424226705,50,0,1.4972889712490456,0,0,53.14319469468275,50,0,0.4782597386851318,100,0,0.7135185555444905,50,0,25.0,100,0
2026-01-26,-0.15693310196099672,50,0,1.5292778902173902,0,0,53.14319469468275,50,0,0.4769009900093816,100,0,0.8038873267381478,50,0,20.0,100,0
2026-01-27,-0.1502688521477322,50,0,1.5444571391805042,0,0,53.14319469468275,50,0,0.47546887893782563,100,0,0.7518120812566007,50,0,29.0,50,0
2026-01-28,-0.1507969564932952,50,0,1.5422264910832084,0,0,53.14319469468275,50,0,0.4741394131907369,100,0,0.7030801431166733,50,0,29.0,50,0
2026-01-29,-0.1844132394833725,50,0,1.4609792139372866,0,0,53.14319469468275,50,0,0.4729974545610661,100,0,0.787658964998889,50,0,26.0,50,0
2026-01-30,-0.18770939689222046,50,0,1.4516014379627942,0,0,53.14319469468275,50,0,0.4719762340954039,100,0,0.7281277938733949,50,0,16.0,100,0
2026-01-31,-0.22601893462944522,50,0,1.3592282116495134,0,0,48.784101694529085,50,0,0.4706022813084416,100,0,0.8391169672186884,50,0,20.0,100,0
2026-02-01,-0.2388189545691814,50,0,1.327791924947837,0,0,48.784101694529085,50,0,0.4691440830303714,100,0,0.6717972300863364,50,0,14.0,100,0
2026-02-02,-0.22517344662951114,50,0,1.358425978699637,0,0,48.784101694529085,50,0,0.46782536098144917,100,0,0.6346150366446685,50,0,14.0,100,0
2026-02-03,-0.24624731222809493,50,0,1.3056223839518704,0,0,48.784101694529085,50,0,0.4665155039764047,100,0,0.6946540922145322,50,0,17.0,100,0
2026-02-04,-0.2642011858201246,50,0,1.2604874700553976,0,0,48.784101694529085,50,0,0.46526040885352205,100,0,0.757112635336458,50,0,14.0,100,0
2026-02-05,-0.33220814365845447,50,0,1.0946632647374503,50,0,48.784101694529085,50,0,0.46379094298492296,100,0,0.6033755454564629,50,0,12.0,100,0
2026-02-06,-0.2791186453497163,50,0,1.2175566236697086,0,0,48.784101694529085,50,0,0.46249100271779225,100,0,0.6670001625874464,50,0,9.0,100,0
2026-02-07,-0.2894350182092766,50,0,1.191636692047482,50,0,48.784101694529085,50,0,0.46107945745834383,100,0,0.8088904848091519,50,0,6.0,100,0
2026-02-08,-0.2794198835317032,50,0,1.2145819648197056,0,0,48.784101694529085,50,0,0.4596153527614147,100,0,0.8388893571310275,50,0,7.0,100,0
2026-02-09,-0.2810010058587135,50,0,1.2093289635041957,0,0,48.784101694529085,50,0,0.45817225001369777,100,0,0.8048824765981464,50,0,14.0,100,0
2026-02-10,-0.2919660863110481,50,0,1.1821369777797996,50,0,48.784101694529085,50,0,0.4566838058063328,100,0,0.6794721452773589,50,0,9.0,100,0
2026-02-11,-0.30419101145659533,50,0,1.1525297444550866,50,0,48.784101694529085,50,0,0.45496978936326915,100,0,0.7211284510001426,50,0,11.0,100,0
2026-02-12,-0.3093418243502339,50,0,1.138945487081362,50,0,48.784101694529085,50,0,0.45319440889655327,100,0,0.8487962889952928,50,0,5.0,100,0
2026-02-13,-0.2893960431599493,50,0,1.183926701069998,50,0,48.784101694529085,50,0,0.45147044685969884,100,0,0.723221260892791,50,0,9.0,100,0
2026-02-14,-0.2824180342863835,50,0,1.1996081526613176,50,0,48.784101694529085,50,0,0.4496632553777772,100,0,0.8308286706586216,50,0,9.0,100,0
2026-02-15,-0.29104558388774976,50,0,1.1791131836112696,50,0,48.784101694529085,50,0,0.44794639902332617,100,0,0.9578408513223382,50,0,8.0,100,0
2026-02-16,-0.28996496555776013,50,0,1.1807268629945398,50,0,48.784101694529085,50,0,0.4461785283767685,100,0,0.888912355176047,50,0,12.0,100,0
2026-02-17,-0.2992294026584699,50,0,1.1584358740516811,50,0,48.784101694529085,50,0,0.4445054272174171,100,0,0.7647985906519364,50,0,10.0,100,0
2026-02-18,-0.3069643574169629,50,0,1.1393662329646186,50,0,48.784101694529085,50,0,0.44293544745856234,100,0,0.7113660788141398,50,0,8.0,100,0
2026-02-19,-0.30271490581149174,50,0,1.148461964366283,50,0,48.784101694529085,50,0,0.44130693223573575,100,0,0.7599375521751022,50,0,9.0,100,0
2026-02-20,-0.2944859760055203,50,0,1.1659883562797055,50,0,48.784101694529085,50,0,0.43964370090151417,100,0,0.6345134067173266,50,0,7.0,100,0
2026-02-21,-0.2941481311087979,50,0,1.1663256952333483,50,0,48.784101694529085,50,0,0.4379579689442283,100,0,0.5568646546992294,50,0,8.0,100,0
2026-02-22,-0.2976220161183326,50,0,1.1578581271419275,50,0,48.784101694529085,50,0,0.43636199436224127,100,0,0.8231017890779972,50,0,9.0,100,0
2026-02-23,-0.31854042605512567,50,0,1.1085050060737625,50,0,48.784101694529085,50,0,0.43488338587749803,100,0,0.6824349440638291,50,0,5.0,100,0
2026-02-24,-0.3221640817647063,50,0,1.0984532035026533,50,0,48.784101694529085,50,0,0.43331541577249394,100,0,0.7372436949379744,50,0,8.0,100,0
2026-02-25,-0.29277671724520343,50,0,1.1651031884022376,50,0,48.784101694529085,50,0,0.4320064440856216,100,0,0.7130483521798383,50,0,11.0,100,0
2026-02-26,-0.2965883852540111,50,0,1.1558187172446688,50,0,48.784101694529085,50,0,0.43054900831021176,100,0,0.6722508772050368,50,0,11.0,100,0
2026-02-27,-0.30865833141794363,50,0,1.1271100239511764,50,0,48.784101694529085,50,0,0.42912233362625807,100,0,0.7099458328014624,50,0,13.0,100,0
2026-02-28,-0.30037488953206176,50,0,1.1455500086727988,50,0,43.650015224405855,50,0,0.4276270376490039,100,0,0.6836781177676832,50,0,11.0,100,0
2026-03-01,-0.3095086642893663,50,0,1.1240981853942489,50,0,43.650015224405855,50,0,0.4260033092998473,100,0,0.7087041348814772,50,0,14.0,100,0
2026-03-02,-0.28555679879316037,50,0,1.1781976364721936,50,0,43.650015224405855,50,0,0.42464336151394494,100,0,0.6208905207149368,50,0,10.0,100,0
2026-03-03,-0.2891876694434579,50,0,1.1693578158196727,50,0,43.650015224405855,50,0,0.42330832414412917,100,0,0.635728801023926,50,0,14.0,100,0
2026-03-04,-0.2574350297468361,50,0,1.2412475379551966,0,0,43.650015224405855,50,0,0.4222375946666058,100,0,0.667082970707397,50,0,10.0,100,0
2026-03-05,-0.26986280117669637,50,0,1.212040539624306,0,0,43.650015224405855,50,0,0.42132921185146954,100,0,0.9389514581236454,50,0,22.0,100,0
2026-03-06,-0.29004863000183817,50,0,1.1644468792323635,50,0,43.650015224405855,50,0,0.42028028558702557,100,0,0.7598941060041948,50,0,18.0,100,0
2026-03-07,-0.2967971891921129,50,0,1.14845063221938,50,0,43.650015224405855,50,0,0.4192587789811439,100,0,0.6354775025010888,50,0,12.0,100,0
2026-03-08,-0.30510727251533853,50,0,1.1290222926159623,50,0,43.650015224405855,50,0,0.4183258192356668,100,0,0.647496271595555,50,0,12.0,100,0
2026-03-09,-0.287575615712302,50,0,1.168145496817133,50,0,43.650015224405855,50,0,0.4174463619771957,100,0,0.654370217320369,50,0,8.0,100,0
2026-03-10,-0.27731604145253447,50,0,1.1908201851638598,50,0,43.650015224405855,50,0,0.4166818756547343,100,0,0.6700523960809234,50,0,13.0,100,0
2026-03-11,-0.2737390273224867,50,0,1.1971457807482198,50,0,43.650015224405855,50,0,0.4161241069483571,100,0,0.681962976057593,50,0,15.0,100,0
2026-03-12,-0.271805928955798,50,0,1.2006186977149078,0,0,43.650015224405855,50,0,0.41566784150661334,100,0,0.6151659114702627,50,0,18.0,100,0
2026-03-13,-0.2688634271763126,50,0,1.2066783294221786,0,0,43.650015224405855,50,0,0.4151973364293669,100,0,0.6216874111561871,50,0,15.0,100,0
2026-03-14,-0.2672179124107846,50,0,1.2095824604036804,0,0,43.650015224405855,50,0,0.4146159764077809,100,0,0.6746732776335727,50,0,16.0,100,0
2026-03-15,-0.2554593727800128,50,0,1.2357558375361892,0,0,43.650015224405855,50,0,0.41401521538127606,100,0,0.6195364145865676,50,0,15.0,100,0
2026-03-16,-0.24056798646276614,50,0,1.2692561201861243,0,0,43.650015224405855,50,0,0.4135278387837135,100,0,0.6777304488533464,50,0,23.0,100,0
2026-03-17,-0.2453268639935015,50,0,1.2577539776340996,0,0,43.650015224405855,50,0,0.41291418727266027,100,0,0.6661245529020152,50,0,28.0,50,0
2026-03-18,-0.2662903367486442,50,0,1.209051474221608,0,0,43.650015224405855,50,0,0.4121322174212173,100,0,0.701166296807232,50,0,26.0,50,0
2026-03-19,-0.2759115118838757,50,0,1.1863363710129256,50,0,43.650015224405855,50,0,0.4113259620448332,100,0,0.6542347038540938,50,0,23.0,100,0
2026-03-20,-0.2715764939612517,50,0,1.1952618718598942,50,0,43.650015224405855,50,0,0.41055487395766344,100,0,0.6932823068726967,50,0,11.0,100,0
2026-03-21,-0.2775876668309016,50,0,1.1810713473064136,50,0,43.650015224405855,50,0,0.40976112254577624,100,0,0.6762608947028109,50,0,12.0,100,0
2026-03-22,-0.2905092815677072,50,0,1.1519265020525322,50,0,43.650015224405855,50,0,0.409033679095289,100,0,0.7696632261167646,50,0,10.0,100,0
2026-03-23,-0.2701454403827122,50,0,1.197186004694322,50,0,43.650015224405855,50,0,0.40818526043478587,100,0,0.7708480914515946,50,0,8.0,100,0
2026-03-24,-0.27060868070347344,50,0,1.1946274960909686,50,0,43.650015224405855,50,0,0.4072009550450518,100,0,0.6411898968320581,50,0,11.0,100,0
2026-03-25,-0.2654341191767089,50,0,1.2053771474244657,0,0,43.650015224405855,50,0,0.4063784795306483,100,0,0.7528417643599464,50,0,14.0,100,0
2026-03-26,-0.2844734466151873,50,0,1.1615628346503344,50,0,43.650015224405855,50,0,0.40556517463840264,100,0,0.7881013133416112,50,0,10.0,100,0
2026-03-27,-0.3029004431519734,50,0,1.118650998337877,50,0,43.650015224405855,50,0,0.40471569058694684,100,0,0.7107528405041041,50,0,13.0,100,0
2026-03-28,-0.301717189259073,50,0,1.1204594517369735,50,0,43.650015224405855,50,0,0.4038512732252548,100,0,0.8195731742791489,50,0,12.0,100,0
2026-03-29,-0.30455625574675604,50,0,1.1134787848895236,50,0,43.650015224405855,50,0,0.4029250999934555,100,0,0.6841035463406452,50,0,9.0,100,0
2026-03-30,-0.2990623104660874,50,0,1.1245589875730087,50,0,43.650015224405855,50,0,0.4019353218051856,100,0,0.6912641830931602,50,0,8.0,100,0
2026-03-31,-0.28731661426816213,50,0,1.1504366661902234,50,0,44.3216778494743,50,0,0.40101971879973064,100,0,0.6382845292542199,50,0,11.0,100,0
2026-04-01,-0.2879966023065041,50,0,1.1482533922274003,50,0,44.3216778494743,50,0,0.4000816118790358,100,0,0.8073281337701883,50,0,8.0,100,0
2026-04-02,-0.29685623407941425,50,0,1.1273874101239332,50,0,44.3216778494743,50,0,0.39921565184969865,100,0,0.7204955785078054,50,0,12.0,100,0
2026-04-03,-0.29688151857103834,50,0,1.1266033141628538,50,0,44.3216778494743,50,0,0.398346305810753,100,0,0.6251944734631891,50,0,9.0,100,0
2026-04-04,-0.2938144242388276,50,0,1.1328861462538748,50,0,44.3216778494743,50,0,0.39759678072108046,100,0,0.5912535203285435,50,0,11.0,100,0
2026-04-05,-0.281698579258562,50,0,1.1597266021207844,50,0,44.3216778494743,50,0,0.3969824613579312,100,0,0.7990013217782187,50,0,12.0,100,0
2026-04-06,-0.2829643567810282,50,0,1.1561965727362309,50,0,44.3216778494743,50,0,0.396323094163332,100,0,0.6119154477661298,50,0,13.0,100,0
2026-04-07,-0.2581540836866359,50,0,1.2113438029030381,0,0,44.3216778494743,50,0,0.3959262931646141,100,0,0.663375272403975,50,0,11.0,100,0
2026-04-08,-0.2654327922560646,50,0,1.1944165395872524,50,0,44.3216778494743,50,0,0.3955265685722183,100,0,0.7987219295098769,50,0,17.0,100,0
2026-04-09,-0.2601493983327864,50,0,1.205635490990804,0,0,44.3216778494743,50,0,0.395026308096646,100,0,0.7480638768338623,50,0,14.0,100,0
2026-04-10,-0.25154751847949747,50,0,1.2244117581943805,0,0,44.3216778494743,50,0,0.394570324896391,100,0,0.6649525519312247,50,0,16.0,100,0
2026-04-11,-0.2503612225915491,50,0,1.2266747871829597,0,0,44.3216778494743,50,0,0.39410776940154,100,0,0.6594926804892614,50,0,15.0,100,0
2026-04-12,-0.2686890171336645,50,0,1.18522256247591,50,0,44.3216778494743,50,0,0.39355278022398993,100,0,0.7932274090811209,50,0,16.0,100,0
2026-04-13,-0.23918298127658122,50,0,1.250626876060168,0,0,44.3216778494743,50,0,0.3931997960178343,100,0,0.770766435196388,50,0,12.0,100,0
2026-04-14,-0.24257864447007318,50,0,1.2421567792749288,0,0,44.3216778494743,50,0,0.3928073106924218,100,0,0.9565670910202894,50,0,21.0,100,0
2026-04-15,-0.23812762615428335,50,0,1.2512295460386835,0,0,44.3216778494743,50,0,0.3924546325288776,100,0,0.6627986609958448,50,0,23.0,100,0
2026-04-16,-0.23567176559871147,50,0,1.2559931534793218,0,0,44.3216778494743,50,0,0.3921334345998933,100,0,0.8254845281087062,50,0,23.0,100,0
2026-04-17,-0.2206497247511967,50,0,1.2888847088985516,0,0,44.3216778494743,50,0,0.3918703999164605,100,0,0.7736690041145567,50,0,21.0,100,0
2026-04-18,-0.23060452139821053,50,0,1.2659238324663622,0,0,44.3216778494743,50,0,0.3915481825271536,100,0,0.81791744664482,50,0,26.0,50,0
2026-04-19,-0.244742950817168,50,0,1.233622276037194,0,0,44.3216778494743,50,0,0.3911702110028316,100,0,0.8730555441979152,50,0,27.0,50,0
2026-04-20,-0.23030741072346045,50,0,1.2646532754778275,0,0,44.3216778494743,50,0,0.3908037996800958,100,0,0.6752699156168316,50,0,29.0,50,0
2026-04-21,-0.2281343478022461,50,0,1.2687080213890614,0,0,44.3216778494743,50,0,0.39051057630023706,100,0,0.7614397423613233,50,0,33.0,50,0
2026-04-22,-0.2112928213810691,50,0,1.3046477235087106,0,0,44.3216778494743,50,0,0.39024534357710156,100,0,0.7201757475310823,50,0,32.0,50,0
2026-04-23,-0.2119738413610405,50,0,1.3023620201226478,0,0,44.3216778494743,50,0,0.3899867087999,100,0,0.6646654097245186,50,0,46.0,50,0
2026-04-24,-0.21697302194272516,50,0,1.2883604563776585,0,0,44.3216778494743,50,0,0.3896679083507659,100,0,0.8141186278511968,50,0,39.0,50,0
2026-04-25,-0.21563497650322558,50,0,1.2905011399406083,0,0,44.3216778494743,50,0,0.38933836456734994,100,0,0.7832845667095875,50,0,31.0,50,0
2026-04-26,-0.2088129116933979,50,0,1.3048068043068035,0,0,44.3216778494743,50,0,0.38891269802703,100,0,0.8355554994688457,50,0,33.0,50,0
2026-04-27,-0.21853212465776847,50,0,1.282640280828149,0,0,44.3216778494743,50,0,0.388446610723259,100,0,0.8190856070195691,50,0,47.0,50,0
2026-04-28,-0.22573654696560388,50,0,1.2658481246033333,0,0,44.3216778494743,50,0,0.38807054844470773,100,0,0.7916314416441751,50,0,33.0,50,0
2026-04-29,-0.22925764098520265,50,0,1.256714020057422,0,0,44.3216778494743,50,0,0.387674872316939,100,0,0.6869521117975753,50,0,26.0,50,0
2026-04-30,-0.22532232805180902,50,0,1.264227678598275,0,0,48.59232021553422,50,0,0.3873240749912229,100,0,0.8471926249257662,50,0,29.0,50,0
2026-05-01,-0.21173112747767053,50,0,1.2936994229876304,0,0,48.59232021553422,50,0,0.387041986424059,100,0,0.9159444388802637,50,0,26.0,50,0
2026-05-02,-0.20740522732184571,50,0,1.3023849725817154,0,0,48.59232021553422,50,0,0.38676107747808885,100,0,0.7506782005992803,50,0,39.0,50,0
2026-05-03,-0.20800527662688292,50,0,1.3004240094333708,0,0,48.59232021553422,50,0,0.38649011776353975,100,0,0.8392301198430431,50,0,47.0,50,0
2026-05-04,-0.1997360505370911,50,0,1.3189556164388263,0,0,48.59232021553422,50,0,0.3860604466382049,100,0,0.8360766005524222,50,0,40.0,50,0
2026-05-05,-0.19161015418144725,50,0,1.3363486581528856,0,0,48.59232021553422,50,0,0.3856024993101779,100,0,0.9123982235355749,50,0,50.0,0,0
2026-05-06,-0.1885547737695786,50,0,1.3424504880886527,0,0,48.59232021553422,50,0,0.38526172783636087,100,0,0.822842218937446,50,0,46.0,50,0
2026-05-07,-0.1989199085297085,50,0,1.3188471176202714,0,0,48.59232021553422,50,0,0.384894500237301,100,0,0.8095735478559989,50,0,47.0,50,0
2026-05-08,-0.1975284572907023,50,0,1.3210831626689001,0,0,48.59232021553422,50,0,0.3845033020907777,100,0,0.8959278057844088,50,0,38.0,50,0
2026-05-09,-0.19394687384029807,50,0,1.3281333310177648,0,0,48.59232021553422,50,0,0.38417574942747135,100,0,0.9883341024224063,50,0,38.0,50,0
2026-05-10,-0.182067716934594,50,0,1.3533869996497174,0,0,48.59232021553422,50,0,0.38399778731374884,100,0,0.8788156374467702,50,0,47.0,50,0
2026-05-11,-0.1862825769066978,50,0,1.3434938497429814,0,0,48.59232021553422,50,0,0.3840079115745042,100,0,1.0013896263213176,50,0,48.0,50,0
2026-05-12,-0.19526212092242062,50,0,1.3229915934778804,0,0,48.59232021553422,50,0,0.3839076624289138,100,0,0.8126910384122435,50,0,49.0,50,0
2026-05-13,-0.20453196580425664,50,0,1.301819912341946,0,0,48.59232021553422,50,0,0.38375926439296093,100,0,0.8564787168678486,50,0,42.0,50,0
2026-05-14,-0.19037109314680412,50,0,1.3318033455757703,0,0,48.59232021553422,50,0,0.38365108035772555,100,0,0.8794673439164722,50,0,34.0,50,0
2026-05-15,-0.20618970049983903,50,0,1.2962616732491326,0,0,48.59232021553422,50,0,0.3834589288755091,100,0,0.8357191285986764,50,0,43.0,50,0
2026-05-16,-0.2129551578027539,50,0,1.2806693065146775,0,0,48.59232021553422,50,0,0.38337244551810984,100,0,0.8707259795671819,50,0,31.0,50,0
2026-05-17,-0.21796643804855792,50,0,1.26890274676257,0,0,48.59232021553422,50,0,0.3831841664027322,100,0,0.9056571431659809,50,0,27.0,50,0
2026-05-18,-0.22177717025349786,50,0,1.2595539846590311,0,0,48.59232021553422,50,0,0.3829347271780307,100,0,0.8181545444843603,50,0,28.0,50,0
2026-05-19,-0.22281381019764357,50,0,1.2560131915712156,0,0,48.59232021553422,50,0,0.38267792223581104,100,0,0.8183013128485892,50,0,25.0,100,0
2026-05-20,-0.2182247926967932,50,0,1.2650366717867225,0,0,48.59232021553422,50,0,0.3826556850784008,100,0,0.8984948806846358,50,0,27.0,50,0
2026-05-21,-0.21675424489712808,50,0,1.2672908101977605,0,0,48.59232021553422,50,0,0.3826281510746868,100,0,0.7362527460535236,50,0,29.0,50,0
2026-05-22,-0.23175353173916557,50,0,1.233411393289585,0,0,48.59232021553422,50,0,0.3828123615532744,100,0,0.8654781806019024,50,0,28.0,50,0
2026-05-23,-0.22382578153457744,50,0,1.2497985915975847,0,0,48.59232021553422,50,0,0.3831349007774273,100,0,0.9146102630481249,50,0,28.0,50,0
2026-05-24,-0.22131751851695158,50,0,1.2544061855965896,0,0,48.59232021553422,50,0,0.3833843126505082,100,0,0.7510214893783607,50,0,25.0,100,0
2026-05-25,-0.21915267859846255,50,0,1.2583753452523982,0,0,48.59232021553422,50,0,0.3838415140469236,100,0,0.9324472704975718,50,0,30.0,50,0
2026-05-26,-0.22975662887039897,50,0,1.234318735092363,0,0,48.59232021553422,50,0,0.3843703375528758,100,0,0.7756075568482511,50,0,34.0,50,0
2026-05-27,-0.24122084559020504,50,0,1.2084066869598655,0,0,48.59232021553422,50,0,0.38528705804437635,100,0,0.767882662354043,50,0,25.0,100,0
2026-05-28,-0.24644698146482494,50,0,1.1952169416520262,50,0,48.59232021553422,50,0,0.38580418344760037,100,0,0.8836839445568784,50,0,22.0,100,0
2026-05-29,-0.2473773523865939,50,0,1.191644980519393,50,0,48.59232021553422,50,0,0.3863872424553913,100,0,0.7411893525143094,50,0,23.0,100,0
2026-05-30,-0.24419591738481655,50,0,1.1975887097128308,50,0,48.59232021553422,50,0,0.38691458774942233,100,0,0.7839242855401499,50,0,23.0,100,0
2026-05-31,-0.24517940133271526,50,0,1.1947495455090276,50,0,47.28781103574178,50,0,0.3874520919833874,100,0,0.9111119474287164,50,0,28.0,50,0
2026-06-01,-0.26197269299528103,50,0,1.157242883879017,50,0,47.28781103574178,50,0,0.38800359795280825,100,0,0.7254332727711355,50,0,29.0,50,0
2026-06-02,-0.2969143871107472,50,0,1.0790173199843522,50,0,47.28781103574178,50,0,0.38843335085936953,100,0,0.5538839707358444,50,0,23.0,100,0
2026-06-03,-0.31344498586381964,50,0,1.0410896901167341,50,0,47.28781103574178,50,0,0.38881950619528166,100,0,0.5526566743271066,50,0,11.0,100,0
2026-06-04,-0.31743151136331915,50,0,1.030983422912459,50,0,47.28781103574178,50,0,0.3890564038973246,100,0,0.7241563708327873,50,0,12.0,100,0
2026-06-05,-0.33752886748127486,50,0,0.9862997864398574,100,0,47.28781103574178,50,0,0.3891320341188668,100,0,0.5970040884630604,50,0,12.0,100,0
2026-06-06,-0.33840945835569197,50,0,0.9836677807704924,100,0,47.28781103574178,50,0,0.3892388071520667,100,0,0.5392601410501445,50,0,12.0,100,0
2026-06-07,-0.3202627995976539,50,0,1.0218260907250123,50,0,47.28781103574178,50,0,0.38941947337001614,100,0,0.5274602453395734,50,0,12.0,100,0
2026-06-08,-0.32045249690444016,50,0,1.020575619214429,50,0,47.28781103574178,50,0,0.38971583284331435,100,0,0.5954551146364871,50,0,8.0,100,0
2026-06-09,-0.3314052238458908,50,0,0.9963746151446365,100,0,47.28781103574178,50,0,0.39001783364737325,100,0,0.6185926982969558,50,0,10.0,100,0
2026-06-10,-0.33260083042663546,50,0,0.9926248291699588,100,0,47.28781103574178,50,0,0.3903024558402849,100,0,0.5590521439782284,50,0,9.0,100,0
2026-06-11,-0.316755401450015,50,0,1.025121820998908,50,0,47.28781103574178,50,0,0.39060822082043467,100,0,0.6285314315073908,50,0,12.0,100,0
2026-06-12,-0.31665693305183085,50,0,1.024665038916849,50,0,47.28781103574178,50,0,0.39091365126971084,100,0,0.7196029489239659,50,0,12.0,100,0
2026-06-13,-0.3094129852642801,50,0,1.0394873704692134,50,0,47.28781103574178,50,0,0.3912809429788606,100,0,0.5904607937864655,50,0,13.0,100,0
2026-06-14,-0.3003461183693254,50,0,1.0582133122184796,50,0,47.28781103574178,50,0,0.3918451124136951,100,0,0.6950011463379906,50,0,18.0,100,0
2026-06-15,-0.29554732602394657,50,0,1.0674887343694188,50,0,47.28781103574178,50,0,0.3924461231192073,100,0,0.737131374361569,50,0,20.0,100,0
2026-06-16,-0.2998953757683921,50,0,1.057559083722013,50,0,47.28781103574178,50,0,0.3928157883152485,100,0,0.869103586607398,50,0,23.0,100,0
2026-06-17,-0.309238863678575,50,0,1.0371316914965012,50,0,47.28781103574178,50,0,0.39320741843129514,100,0,0.6519279067897442,50,0,22.0,100,0
2026-06-18,-0.3209796839201558,50,0,1.011459385573909,50,0,47.28781103574178,50,0,0.39363241877106714,100,0,0.898339142386386,50,0,15.0,100,0
2026-06-19,-0.31723456602535705,50,0,1.018561511329386,50,0,47.28781103574178,50,0,0.3940027674429755,100,0,0.7704579028908175,50,0,14.0,100,0
2026-06-20,-0.31024022617468816,50,0,1.0327438485047837,50,0,47.28781103574178,50,0,0.3944706965232675,100,0,0.733911339802012,50,0,23.0,100,0
2026-06-21,-0.3170617764821395,50,0,1.0185036578964033,50,0,47.28781103574178,50,0,0.39476234905085456,100,0,0.6516817514652525,50,0,23.0,100,0
2026-06-22,-0.3127124397046486,50,0,1.0269723320495319,50,0,47.28781103574178,50,0,0.39508829592391603,100,0,0.7844649485034038,50,0,20.0,100,0
2026-06-23,-0.3226284147337801,50,0,1.0051278332387956,50,0,47.28781103574178,50,0,0.3951647836606056,100,0,0.8627487387208279,50,0,23.0,100,0
2026-06-24,-0.335265886121904,50,0,0.97762467109961,100,0,47.28781103574178,50,0,0.39529278790852673,100,0,0.7135176582716872,50,0,17.0,100,0
2026-06-25,-0.34273471183289844,50,0,0.960433877790555,100,0,47.28781103574178,50,0,0.395575033229889,100,0,0.8259063957148416,50,0,12.0,100,0
2026-06-26,-0.34152003377314144,50,0,0.9615699728392058,100,0,47.28781103574178,50,0,0.3959290985112756,100,0,0.7357871562923036,50,0,13.0,100,0
2026-06-27,-0.3415345737155256,50,0,0.9610352724843402,100,0,47.28781103574178,50,0,0.39633677094081143,100,0,0.781438205649709,50,0,15.0,100,0
2026-06-28,-0.3448419255844238,50,0,0.9535652153990257,100,0,47.28781103574178,50,0,0.39663238568363374,100,0,0.6506113509447227,50,0,18.0,100,0
2026-06-29,-0.3393763263124608,50,0,0.9636800913532245,100,0,47.28781103574178,50,0,0.3968977879384187,100,0,0.5928823170307455,50,0,12.0,100,0
2026-06-30,-0.35145337728481824,50,0,0.9368352723735862,100,0,40.715816982626635,50,0,0.3970545842746328,100,0,0.7495688457317092,50,0,15.0,100,0
2026-07-01,-0.33944713241110314,50,0,0.9610550979919154,100,0,40.715816982626635,50,0,0.39727074496935455,100,0,0.640664462963116,50,0,11.0,100,0
2026-07-02,-0.32877356010788533,50,0,0.9825525207354421,100,0,40.715816982626635,50,0,0.3975294542932557,100,0,0.6688610382163633,50,0,19.0,100,0
2026-07-03,-0.32013097643792393,50,0,1.0000800607885596,50,0,40.715816982626635,50,0,0.3978015633469866,100,0,0.7237072086843969,50,0,21.0,100,0
2026-07-04,-0.3160954339813695,50,0,1.007986587888565,50,0,40.715816982626635,50,0,0.3980142431496384,100,0,0.7472858809585056,50,0,22.0,100,0
2026-07-05,-0.3120398194009037,50,0,1.015939715687084,50,0,40.715816982626635,50,0,0.398138183510559,100,0,0.6568634803670271,50,0,23.0,100,0
2026-07-06,-0.3086296807699349,50,0,1.0225005514601004,50,0,40.715816982626635,50,0,0.3983133042658833,100,0,0.552555987510034,50,0,24.0,100,0
2026-07-07,-0.313176211383939,50,0,1.0123303117812132,50,0,40.715816982626635,50,0,0.3986437256277419,100,0,0.7944097394986851,50,0,27.0,50,0
2026-07-08,-0.32263943430953756,50,0,0.9919987045571207,100,0,40.715816982626635,50,0,0.3989762246875098,100,0,0.6642834444495096,50,0,20.0,100,0
2026-07-09,-0.31507110538414485,50,0,1.007047328413854,50,0,40.715816982626635,50,0,0.3993149077078739,100,0,0.6003844828504746,50,0,22.0,100,0
2026-07-10,-0.3076699184448606,50,0,1.0213593941142447,50,0,40.715816982626635,50,0,0.3997201320659472,100,0,0.6284124090298127,50,0,23.0,100,0
2026-07-11,-0.3094062150786633,50,0,1.0172726172527726,50,0,40.715816982626635,50,0,0.40021054040808013,100,0,0.7681671834138959,50,0,26.0,50,0
2026-07-12,-0.3104959007124067,50,0,1.0145518154387962,50,0,40.715816982626635,50,0,0.4005774977064017,100,0,0.714773804123121,50,0,26.0,50,0
2026-07-13,-0.3221696388723542,50,0,0.9882331937775988,100,0,40.715816982626635,50,0,0.40087104270250534,100,0,0.7722870397321223,50,0,28.0,50,0
2026-07-14,-0.300348072793002,50,0,1.0323728726752754,50,0,40.715816982626635,50,0,0.4012368057859584,100,0,0.8007423452628567,50,0,22.0,100,0
2026-07-15,-0.3016000814327726,50,0,1.0291595304021022,50,0,40.715816982626635,50,0,0.40172728810086533,100,0,0.7065829473785965,50,0,25.0,100,0
2026-07-16,-0.30902861550191263,50,0,1.0130017311822221,50,0,40.715816982626635,50,0,0.40228625944459,100,0,0.5961137216540808,50,0,25.0,100,0
2026-07-17,-0.3079208416030763,50,0,1.01464973840985,50,0,40.715816982626635,50,0,0.4028114004678953,100,0,0.6550847128739891,50,0,27.0,50,0
2026-07-18,-0.30126074282788595,50,0,1.0278092574796487,50,0,40.715816982626635,50,0,0.4033815778676758,100,0,1.0611018738404767,50,0,25.0,100,0
2026-07-19,-0.3022448768830632,50,0,1.0253065394881669,50,0,40.715816982626635,50,0,0.4039360760946091,100,0,0.860271049407216,50,0,28.0,50,0
2026-07-20,-0.29825196905967105,50,0,1.0331597989908825,50,0,40.715816982626635,50,0,0.40444407777488184,100,0,0.7813451894844193,50,0,29.0,50,0
2026-07-21,-0.288987749282416,50,0,1.0519497946218674,50,0,40.715816982626635,50,0,0.4049915149370249,100,0,0.7203913387992968,50,0,25.0,100,0
2026-07-22,-0.29217036270632374,50,0,1.044736365704281,50,0,40.715816982626635,50,0,0.40559976178753077,100,0,0.6059484608154055,50,0,33.0,50,0
2026-07-23,-0.29898431763913147,50,0,1.030131864065233,50,0,40.715816982626635,50,0,0.40620882511076084,100,0,0.683964568404339,50,0,31.0,50,0
2026-07-24,-0.3065108400785852,50,0,1.0138837978165525,50,0,40.715816982626635,50,0,0.40675084704339853,100,0,0.87723172741976,50,0,28.0,50,0
2026-07-25,-0.3049370190157823,50,0,1.0170192109842164,50,0,40.715816982626635,50,0,0.40721545861518327,100,0,0.7024498219523796,50,0,27.0,50,0
2026-07-26,-0.2972415914448145,50,0,1.0322457293531564,50,0,40.715816982626635,50,0,0.40776619110454987,100,0,0.7379797163690116,50,0,26.0,50,0
2026-07-27,-0.30952783412006785,50,0,1.0062922642510896,50,0,40.715816982626635,50,0,0.4080758961246527,100,0,0.8446222778468571,50,0,30.0,50,0
2026-07-28,-0.3094095924944594,50,0,1.0059471005245553,50,0,40.715816982626635,50,0,0.40845758900953566,100,0,0.6470148938201882,50,0,29.0,50,0
2026-07-29,-0.3080324552307991,50,0,1.0082230212975076,50,0,40.715816982626635,50,0,0.40885547720272947,100,0,0.7513998834544806,50,0,29.0,50,0
2026-07-30,-0.3008993840261304,50,0,1.0222623014732135,50,0,40.715816982626635,50,0,0.4091622715369745,100,0,0.8152070011216184,50,0,28.0,50,0
2026-07-31,-0.3157625692002109,50,0,0.990990274856323,100,0,43.17032745941599,50,0,0.4093679283263402,100,0,0.8490160520623233,50,0,25.0,100,0
2026-08-01,-0.3162708686237914,50,0,0.9885634626769251,100,0,43.17032745941599,50,0,0.4097006963150543,100,0,0.8329299067599095,50,0,27.0,50,0
2026-08-02,-0.31088115999674953,50,0,0.9989938694626527,100,0,43.17032745941599,50,0,0.4098541052126858,100,0,0.741253765628049,50,0,27.0,50,0
2026-08-03,-0.3105103219107386,50,0,0.9987277717763687,100,0,43.17032745941599,50,0,0.41001524388864125,100,0,0.7826399030483383,50,0,28.0,50,0
2026-08-04,-0.3050196701584292,50,0,1.0092695124942799,50,0,43.17032745941599,50,0,0.41012570298170625,100,0,0.7760934620068356,50,0,25.0,100,0
2026-08-05,-0.30137994826476566,50,0,1.0158223847260446,50,0,43.17032745941599,50,0,0.41025577309808625,100,0,0.7881091171155412,50,0,27.0,50,0
2026-08-06,-0.3044614931095806,50,0,1.0090627067350786,50,0,43.17032745941599,50,0,0.41023562179326745,100,0,0.6631709119303565,50,0,25.0,100,0
2026-08-07,-0.29929314833036674,50,0,1.0188671561929272,50,0,43.17032745941599,50,0,0.4103744600529779,100,0,0.885005944114262,50,0,29.0,50,0
2026-08-08,-0.2990451451167277,50,0,1.0189406556331513,50,0,43.17032745941599,50,0,0.4105953466360033,100,0,0.7831233842958267,50,0,30.0,50,0
2026-08-09,-0.299330110350746,50,0,1.0177623168845429,50,0,43.17032745941599,50,0,0.41068792280763267,100,0,0.7424805118303652,50,0,31.0,50,0
2026-08-10,-0.3066570852593581,50,0,1.002241008704994,50,0,43.17032745941599,50,0,0.4106787843470794,100,0,0.7517788420626328,50,0,30.0,50,0
2026-08-11,-0.30933716110994014,50,0,0.9960937562172643,100,0,43.17032745941599,50,0,0.4105613554473807,100,0,0.6742166791094961,50,0,29.0,50,0
2026-08-12,-0.3106099241827706,50,0,0.9926550016158799,100,0,43.17032745941599,50,0,0.4104315160428701,100,0,0.7763316108281051,50,0,27.0,50,0
2026-08-13,-0.3102509035037323,50,0,0.9927240326271242,100,0,43.17032745941599,50,0,0.4103627268449555,100,0,0.7675750884227259,50,0,29.0,50,0
2026-08-14,-0.313825306580748,50,0,0.9848774204722077,100,0,43.17032745941599,50,0,0.41020850136075965,100,0,0.7870940983605249,50,0,29.0,50,0
2026-08-15,-0.31296253975413246,50,0,0.9861102169032016,100,0,43.17032745941599,50,0,0.4100124137267921,100,0,0.7973718890282049,50,0,34.0,50,0
2026-08-16,-0.3145095147560468,50,0,0.9822526976318386,100,0,43.17032745941599,50,0,0.4098706945941001,100,0,0.8377021265961064,50,0,34.0,50,0
2026-08-17,-0.3019677645573639,50,0,1.0070121060286636,50,0,43.17032745941599,50,0,0.4098555841267554,100,0,,50,0,31.0,50,0
2026-08-18,-0.2998130771401031,50,0,1.010595766162944,50,0,43.17032745941599,50,0,0.40990879637520916,100,0,,50,0,41.0,50,0
2026-08-19,-0.2644443662169617,50,0,1.0814028648975689,50,0,43.17032745941599,50,0,0.41012855459044883,100,0,,50,0,46.0,50,0
2026-08-20,-0.23548929393009393,50,0,1.1400895634113326,50,0,43.17032745941599,50,0,0.41039006137584955,100,0,,50,0,62.0,0,0
2026-08-21,-0.19551640519354313,50,0,1.2217934689884002,0,0,43.17032745941599,50,0,0.4108320158484532,100,0,,50,0,72.0,0,0
2026-08-22,-0.20613196837051162,50,0,1.2001421217759114,0,0,43.17032745941599,50,0,0.4112174721070611,100,0,,50,0,71.0,0,0
2026-08-23,-0.2018413968317003,50,0,1.2082887342227793,0,0,43.17032745941599,50,0,0.4115776965970095,100,0,,50,0,66.0,0,0
2026-08-24,-0.19269113593516515,50,0,1.227742130649251,0,0,43.17032745941599,50,0,0.41194211997116514,100,0,,50,0,73.0,0,0
2026-08-25,-0.19534477966576272,50,0,1.2223860833434912,0,0,43.17032745941599,50,0,0.41226292188151237,100,0,,50,0,74.0,0,0
2026-08-26,-0.193041575575727,50,0,1.227093056314887,0,0,43.17032745941599,50,0,0.41270989094219324,100,0,,50,0,65.0,0,0
2026-08-27,-0.18306900248121918,50,0,1.2471245288459423,0,0,43.17032745941599,50,0,0.4132239856972187,100,0,,50,0,71.0,0,0
2026-08-28,-0.20312414835208462,50,0,1.2062769080830562,0,0,43.17032745941599,50,0,0.41361765430212405,100,0,,50,0,73.0,0,0
2026-08-29,-0.19908802668931336,50,0,1.2136891450161933,0,0,43.17032745941599,50,0,0.41394310265068507,100,0,,50,0,68.0,0,0
2026-08-30,-0.2034123805729545,50,0,1.204322663045354,0,0,43.17032745941599,50,0,0.4142684924064471,100,0,,50,0,69.0,0,0
2026-08-31,-0.19718705497124545,50,0,1.2166350928948293,0,0,51.02988740164759,50,0,0.4146955904112456,100,0,,50,0,62.0,0,0
2026-09-01,-0.20592635978917395,50,0,1.1984334692599428,50,0,51.02988740164759,50,0,0.4151663854937821,100,0,,50,0,69.0,0,0
2026-09-02,-0.20768114522559816,50,0,1.194289536476907,50,0,51.02988740164759,50,0,0.41552147589773186,100,0,,50,0,63.0,0,0
2026-09-03,-0.17694769971505375,50,0,1.256175315015944,0,0,51.02988740164759,50,0,0.41616784753660807,100,0,,50,0,65.0,0,0
2026-09-04,-0.18906714181322298,50,0,1.2312328240493526,0,0,51.02988740164759,50,0,0.41678125452551185,100,0,,50,0,74.0,0,0
2026-09-05,-0.1882443042381514,50,0,1.2325344324548804,0,0,51.02988740164759,50,0,0.4174411012554354,100,0,,50,0,73.0,0,0
2026-09-06,-0.1845566453201529,50,0,1.2394845969837196,0,0,51.02988740164759,50,0,0.41814603193139716,100,0,,50,0,73.0,0,0
2026-09-07,-0.1942008956171318,50,0,1.2194554350387625,0,0,51.02988740164759,50,0,0.4187723435135007,100,0,,50,0,71.0,0,0
2026-09-08,-0.19911149081642143,50,0,1.20898264349686,0,0,51.02988740164759,50,0,0.41933063120526154,100,0,,50,0,69.0,0,0
2026-09-09,-0.20101765846340255,50,0,1.2044835527482656,0,0,51.02988740164759,50,0,0.4198889559429206,100,0,,50,0,66.0,0,0
2026-09-10,-0.21289246816110508,50,0,1.1801257777316168,50,0,51.02988740164759,50,0,0.42043720156815106,100,0,,50,0,69.0,0,0
2026-09-11,-0.2090559840492052,50,0,1.1870510088316002,50,0,51.02988740164759,50,0,0.42095574527177254,100,0,,50,0,56.0,0,0
2026-09-12,-0.20853473098301012,50,0,1.1874246883500088,50,0,51.02988740164759,50,0,0.4214596028138598,100,0,,50,0,63.0,0,0
2026-09-13,-0.21235086606950832,50,0,1.1790622100534676,50,0,51.02988740164759,50,0,0.4219658186208312,100,0,,50,0,61.0,0,0
2026-09-14,-0.20077655618515122,50,0,1.2015902821019793,0,0,51.02988740164759,50,0,0.422649557201666,100,0,,50,0,57.0,0,0
2026-09-15,-0.2208878839261627,50,0,1.160496423431172,50,0,51.02988740164759,50,0,0.4233082447533177,100,0,,50,0,69.0,0,0
2026-09-16,-0.21753659648293852,50,0,1.1663631806084314,50,0,51.02988740164759,50,0,0.4240974042820394,100,0,,50,0,51.0,0,0
2026-09-17,-0.21511294332197461,50,0,1.1702664442876294,50,0,51.02988740164759,50,0,0.4249447298424253,100,0,,50,0,50.0,0,0
2026-09-18,-0.1806056111176667,50,0,1.2392129839968697,0,0,51.02988740164759,50,0,0.425987857980389,100,0,,50,0,56.0,0,0
2026-09-19,-0.17834744496127117,50,0,1.2432065409507544,0,0,51.02988740164759,50,0,0.4270552814577011,100,0,,50,0,71.0,0,0
2026-09-20,-0.1789512156301199,50,0,1.2412913497989606,0,0,51.02988740164759,50,0,0.42827008098412467,100,0,,50,0,71.0,0,0
2026-09-21,-0.1393383312336847,50,0,1.321457580319705,0,0,51.02988740164759,50,0,0.4300021948672493,100,0,,50,0,70.0,0,0
2026-09-22,-0.14294446104183928,50,0,1.3158688471244124,0,0,51.02988740164759,50,0,0.4318078577771057,100,0,,50,0,78.0,0,0
2026-09-23,-0.1566801733236396,50,0,1.2878834827123176,0,0,51.02988740164759,50,0,0.433607018761516,100,0,,50,0,71.0,0,0
2026-09-24,-0.15720880393424702,50,0,1.2862051414167417,0,0,51.02988740164759,50,0,0.43553744128656263,100,0,,50,0,71.0,0,0
2026-09-25,-0.15999436309208936,50,0,1.2803189337298044,0,0,51.02988740164759,50,0,0.4373426174946178,100,0,,50,0,71.0,0,0
2026-09-26,-0.15763455978887672,50,0,1.2843096077616856,0,0,51.02988740164759,50,0,0.43898320380656813,100,0,,50,0,74.0,0,0
2026-09-27,-0.15766117341707633,50,0,1.2834524087579324,0,0,51.02988740164759,50,0,0.4406976341534829,100,0,,50,0,70.0,0,0
