date,price,market_cap,mvrv,miner_revenue,fear_greed
2010-07-18,0.08584,295959.152,146.0383322,0.0,
2010-07-19,0.0808,279285.2,62.56512971,0.0,
2010-07-20,0.0747357288135593,259000.40498983045,45.10663005,0.0,
2010-07-21,0.0791928626534191,275266.47129701945,38.35756046,0.0,
2010-07-22,0.0584697603740503,203749.57397545307,25.1323482,0.0,
2010-07-23,0.0605928696668615,211735.7237638808,23.1909876,0.0,
2010-07-24,0.05454,191099.979,17.07191365,0.0,
2010-07-25,0.050540618351841,177670.48975406183,14.29480012,0.0,
2010-07-26,0.056,197542.8,12.57111018,0.0,
2010-07-27,0.058622016364699,207278.65656312092,12.41061061,0.0,
2010-07-28,0.0589110987726476,208769.15183050855,11.86773641,0.0,
2010-07-29,0.0699,248340.72,13.54121185,0.0,
2010-07-30,0.064657381648159,230303.12769257755,12.03290217,0.0,
2010-07-31,0.0675457989479836,241276.9711321448,12.05286591,0.0,
2010-08-01,0.0611,218982.4,10.44892297,0.0,
2010-08-02,0.06,215766.0,9.9762043,0.0,
2010-08-03,0.0600121507890123,216490.8333638224,9.60461264,0.0,
2010-08-04,0.0570157802454705,206374.31817650504,8.82883787,0.0,
2010-08-05,0.061,221460.5,9.19506028,0.0,
2010-08-06,0.0616713150204559,224350.99334716547,9.02581206,0.0,
2010-08-07,0.0590039450613676,215104.78211572167,8.42875731,0.0,
2010-08-08,0.0609,222622.995,8.47702357,0.0,
2010-08-09,0.0704,258019.52,9.28085443,0.0,
2010-08-10,0.0693387288135593,254792.092898305,8.88387323,0.0,
2010-08-11,0.067,246978.75,8.33793184,0.0,
2010-08-12,0.07,258797.0,8.49787609,0.0,
2010-08-13,0.0645,239156.325,7.56762836,0.0,
2010-08-14,0.0669964336645237,249354.02645599077,7.65189676,0.0,
2010-08-15,0.0651179322033898,243036.4024661016,7.26649664,0.0,
2010-08-16,0.0655,244943.8,7.13837504,0.0,
2010-08-17,0.07,262223.5,7.50985867,0.0,
2010-08-18,0.068,255183.6,7.14796434,472.6092,
2010-08-19,0.0667,250755.315,6.93168437,479.5,
2010-08-20,0.0655,246876.05,6.69412905,682.5,
2010-08-21,0.0664,250842.6,6.61775626,605.5,
2010-08-22,0.0659289888953828,249762.08508182343,6.41568722,742.0,
2010-08-23,0.06491,246593.09,6.22495622,752.5,
2010-08-24,0.065,247633.75,6.13247009,759.556,
2010-08-25,0.0648,247571.64,6.02386076,770.0,
2010-08-26,0.0640751139684395,245474.96536879012,5.87469011,1008.0,
2010-08-27,0.065,249574.0,5.87209239,598.5,
2010-08-28,0.0646,248587.26,5.77497614,595.000000077,
2010-08-29,0.064,246796.8,5.66272908,498.0144,
2010-08-30,0.06497,251021.3405,5.69050244,535.5252,
2010-08-31,0.06,232371.0,5.19159819,644.014000021,
2010-09-01,0.0620248275862069,240699.74841379313,5.31891315,471.004800012,
2010-09-02,0.0634,246530.9,5.38522542,498.0,
2010-09-03,0.06085,237114.195,5.12179597,504.0,
2010-09-04,0.062178275862069,242852.800948276,5.18235949,543.0,
2010-09-05,0.06165,241298.1,5.06897347,495.0006,
2010-09-06,0.0616,241589.04,5.03207272,486.000000006,
2010-09-07,0.0612391180596142,240663.61006247785,4.94816313,534.0,
2010-09-08,0.061,240227.15,4.88836125,513.000000024,
2010-09-09,0.0611149707773232,241092.44821946227,4.79545778,411.006600006,
2010-09-10,0.0610115242548218,241224.31402250167,4.74669508,549.000000006,
2010-09-11,0.0636208649912332,252049.9618790181,4.91061134,492.0,
2010-09-12,0.0615,244191.9,4.69699949,531.009,
2010-09-13,0.06218,247423.547,4.70641545,519.000000006,
2010-09-14,0.06199,247296.707,4.64512859,609.0005762112,
2010-09-15,0.0604,241464.1,4.45428881,760.5,
2010-09-16,0.0619,248138.53,4.47633904,1702.5,
2010-09-17,0.0600005260081823,241148.11407948547,4.19274776,642.0,
2010-09-18,0.061,245887.95,4.22048014,711.0108,
2010-09-19,0.0627,253395.78,4.29534109,645.0,
2010-09-20,0.0621017358270018,251608.28778988915,4.22043399,615.0,
2010-09-21,0.06265,254368.3975,4.22602175,522.000000006,
2010-09-22,0.061881870251315,251788.04777206303,4.14162414,522.0,
2010-09-23,0.062153512565751,253620.51570017525,4.11497371,708.0,
2010-09-24,0.0622,254519.29,4.07954667,690.0,
2010-09-25,0.06202,254424.646,4.03278411,621.0,
2010-09-26,0.062,254978.1,4.00070639,621.0,
2010-09-27,0.0622004418468732,256514.62217650507,3.91751164,687.0012,
2010-09-28,0.0619038977206312,255947.85551572172,3.70318762,912.0864,
2010-09-29,0.06191,256480.748,3.67369778,498.0,
2010-09-30,0.0619,256891.19,3.58697479,438.0,
2010-10-01,0.0619733138515488,257672.6443319696,3.57218676,468.0336,
2010-10-02,0.0614,255595.92,3.26607208,300.0004660878,
2010-10-03,0.0610648684979544,254573.3302811221,3.2380791,372.000465975,
2010-10-04,0.0612944769140853,255999.44755552293,3.23417646,477.0000000594,
2010-10-05,0.0614,256826.99,3.17003606,378.0,
2010-10-06,0.06281,263261.834,3.22421336,519.0000000654,
2010-10-07,0.067,281359.8,3.40312006,486.0,
2010-10-08,0.0844531081239041,355302.6711880769,4.14833833,546.0,
2010-10-09,0.0938,395367.0,4.40766563,790.0,
2010-10-10,0.0971462010520164,410335.8386236121,4.45879954,1080.0,
2010-10-11,0.095,402025.75,4.28117529,966.0000001308,
2010-10-12,0.0949,402338.04,4.2360293,978.0,
2010-10-13,0.104865589129164,445510.96885634033,4.55044647,890.035,
2010-10-14,0.102,434382.3,4.35844526,1035.0,
2010-10-15,0.105,448087.5,4.34353862,1006.5,
2010-10-16,0.101,432320.4,4.06985428,1584.0,
2010-10-17,0.102,437977.8,4.06277933,1529.0,
2010-10-18,0.1024,440970.24,4.02994877,1305.002,
2010-10-19,0.0975448918760959,421311.0197466396,3.80761656,1300.0,
2010-10-20,0.099,428902.65,3.8186494,1560.0,
2010-10-21,0.107,464556.55,4.00919854,930.000776615,
2010-10-22,0.1025,445808.375,3.82096178,858.0,
2010-10-23,0.104556424313267,455667.3527996489,3.85485171,1325.5055,
2010-10-24,0.11501,502403.9335,4.14384219,1345.5,
2010-10-25,0.139118552893045,609130.5838421975,4.88883386,1845.0,
2010-10-26,0.151,662973.05,5.14523738,1992.0,
2010-10-27,0.1877,826105.24,6.05058402,2080.5,
2010-10-28,0.1731,763743.165,5.2615273,2118.5,
2010-10-29,0.19,840427.0,5.63366942,2175.5,
2010-10-30,0.197610543541789,876580.6100970218,5.72124637,2489.0,
2010-10-31,0.1925,855633.625,5.43761091,1738.5,
2010-11-01,0.194525061367621,866356.2658129736,5.41406405,1790.0,
2010-11-02,0.1938,864832.5,5.28311477,1780.0,
2010-11-03,0.1931,863543.2,5.18370173,2037.0,
2010-11-04,0.229275160724722,1027622.7341262402,5.7153824,2794.5,
2010-11-05,0.259112413793104,1164192.0751724162,6.25148898,2724.0,
2010-11-06,0.400982302746932,1805984.193341907,8.19405221,2750.0,
2010-11-07,0.34,1535423.0,6.73312638,4233.0,
2010-11-08,0.243184628872005,1101553.413401521,4.59520726,6509.8901,
2010-11-09,0.217272694330801,986537.5322437184,4.06257605,3978.0,
2010-11-10,0.229549731151373,1044611.9615505532,4.25825739,3248.0,
2010-11-11,0.2231,1017704.115,4.10381259,2847.0,
2010-11-12,0.2682,1225700.82,4.88620474,2124.0,
2010-11-13,0.276,1264425.0,4.93212505,2977.0,
2010-11-14,0.27904,1281923.712,4.88743661,4170.0,
2010-11-15,0.268464555815313,1236024.2382014918,4.51276218,3060.144,
2010-11-16,0.225,1038127.5,3.76028119,2870.0,
2010-11-17,0.241939333722969,1119271.842635885,4.00641517,3654.0,
2010-11-18,0.269057790765634,1248185.9971408525,4.39720823,3738.0,
2010-11-19,0.27829,1293102.314,4.48312449,2233.0232,
2010-11-20,0.283015964932788,1316703.4752533028,4.49841005,1652.2828,
2010-11-21,0.27675,1289488.95,4.36944711,2088.3016,
2010-11-22,0.285,1330251.75,4.46021601,2450.6624,
2010-11-23,0.28295,1322663.9225,4.38599831,2016.1372,
2010-11-24,0.282905736411455,1324960.7259094084,4.33600482,2595.558,
2010-11-25,0.28,1313886.0,4.23185505,2562.0,
2010-11-26,0.2844,1337291.46,4.23141948,2828.1036,
2010-11-27,0.283,1333255.45,4.17587813,2668.0058,
2010-11-28,0.271358679135009,1280745.1258474588,3.97931625,2436.0,
2010-11-29,0.230559456458212,1090592.3409386345,3.37289742,3066.0084,
2010-11-30,0.2082,986930.46,3.0371558,2968.0028,
2010-12-01,0.2275,1080556.75,3.31113157,2522.0104,
2010-12-02,0.255,1213570.5,3.6445754,2185.0138,
2010-12-03,0.251060083576856,1197192.5615404167,3.57134671,2412.5025,
2010-12-04,0.205000526008182,979902.5143191101,2.90733946,3185.0028358902,
2010-12-05,0.202850017533606,972047.1415201632,2.86401711,3112.5075,
2010-12-06,0.204,980016.0,2.83306957,2863.5103930399,
2010-12-07,0.233420385739334,1124140.9067013457,3.1967626,2863.5188936651,
2010-12-08,0.2388,1152890.58,3.24906898,2806.0092,
2010-12-09,0.199991694330801,967759.8088667459,2.71091675,2837.50997886,
2010-12-10,0.204,988655.4,2.7619015,1713.5161,
2010-12-11,0.228,1106962.8,3.07070131,1900.5246220758,
2010-12-12,0.219853611922852,1069291.0196285793,2.94969685,2081.5364720476,
2010-12-13,0.227605236703682,1108596.826412624,3.03156879,1644.5716395904,
2010-12-14,0.24669,1203662.1825,3.26966627,1932.0112523797,
2010-12-15,0.24,1173372.0,3.15229808,3783.5155090196,
2010-12-16,0.24996,1224229.092,3.26455554,2187.525892365,
2010-12-17,0.242655815312683,1190469.4299240229,3.15712017,2100.058608235,
2010-12-18,0.241,1184286.05,3.11960091,2037.51663391,
2010-12-19,0.2401,1182072.325,3.09706546,2700.0314112975,
2010-12-20,0.267,1316630.4,3.39996207,2145.0174182242,
2010-12-21,0.241436002337814,1192935.2875511388,3.01272532,3456.0297,
2010-12-22,0.25,1237212.5,3.10757151,2281.5479062404,
2010-12-23,0.249970127995324,1238876.9513576252,3.09503865,1911.0156,
2010-12-24,0.248,1230948.0,3.05891168,1850.01957332,
2010-12-25,0.2499,1242477.81,3.06790542,2100.01685763,
2010-12-26,0.264962127410871,1319286.1766978384,3.23677185,1837.5264112975,
2010-12-27,0.264785388661601,1320603.886680302,3.21872427,2295.0206941959,
2010-12-28,0.281,1403847.9,3.39360976,2362.5279160209,
2010-12-29,0.3,1501245.0,3.55514947,2508.5393662443,
2010-12-30,0.3,1503780.0,3.53000117,2625.027715656,
2010-12-31,0.3,1506210.0,3.51255257,2430.007005183,
2011-01-01,0.3,1508925.0,3.49431915,2775.026745774,
2011-01-02,0.29997,1511398.845,3.46374621,2775.026690469,
2011-01-03,0.295,1488658.5,3.38619201,2340.218476206,
2011-01-04,0.29895,1510698.9825,3.41744847,2115.009387273,
2011-01-05,0.298916302162478,1512830.351059409,3.39994438,2370.027862842,
2011-01-06,0.298,1510293.8,3.37409013,2115.024925803,
2011-01-07,0.32,1624416.0,3.59662517,2550.016057536,
2011-01-08,0.3229,1641881.92,3.60311438,2720.0056493856,
2011-01-09,0.323,1645022.85,3.58303029,2608.0448,
2011-01-10,0.32659,1665951.9195,3.56790627,2688.0252303008,
2011-01-11,0.32659,1668760.5935,3.47434474,2970.0170033061,
2011-01-12,0.318799621274109,1631616.4616808898,3.37613389,2854.595899287,
2011-01-13,0.3176,1628462.24,3.31520101,3456.0089779932,
2011-01-14,0.399990005844535,2054528.6655201616,4.10741466,3843.0272743254,
2011-01-15,0.386,1985699.8,3.93479597,3542.0461731028,
2011-01-16,0.38679,1993128.87,3.89072744,3600.03451144,
2011-01-17,0.3495,1804136.475,3.48443916,3620.06322992,
2011-01-18,0.31299,1617876.609,3.11008305,2940.017007708,
2011-01-19,0.31299,1620521.3745,3.07260733,3363.019,
2011-01-20,0.39,2022871.5,3.78751517,3360.0410783345,
2011-01-21,0.41991,2181663.4005,4.03324208,3420.0229845888,
2011-01-22,0.44003552893045,2289856.885448276,4.1752733,3718.206463026,
2011-01-23,0.4424,2305921.52,4.11467439,3741.1543954517,
2011-01-24,0.4199,2192591.83,3.8538566,4136.1012,
2011-01-25,0.41,2144095.0,3.73958941,3476.0567860436,
2011-01-26,0.415085129748685,2174423.4521884862,3.28267628,3913.0473,
2011-01-27,0.4212,2209825.8,3.29852211,3402.252,
2011-01-28,0.444484044418469,2335496.9629924037,3.44964227,3483.0258,
2011-01-29,0.439,2310215.55,3.35970677,3667.698880236,
2011-01-30,0.477142033898305,2514657.804152542,3.62408311,3511.269489546,
2011-01-31,0.525136870251315,2772066.2538391287,3.88967746,4176.3648,
2011-02-01,0.707510116890707,3740570.612495323,5.02344554,5002.4825636068,
2011-02-02,0.725434821741671,3841068.5658988873,4.95514811,7268.046,
2011-02-03,0.693898367621274,3679638.958740473,4.68663449,8446.2855155868,
2011-02-04,0.810958971361777,4308260.083308008,5.36029838,7722.0964068456,
2011-02-05,0.911671477498539,4851459.767508475,5.79068626,7965.6408537407,
2011-02-06,0.898,4786654.3,5.59155797,8142.1114358096,
2011-02-07,0.889421369959088,4749954.826266509,5.25293615,9614.2902342768,
2011-02-08,0.918,4910290.2,5.35492291,7740.159632928,
2011-02-09,1.01605024547049,5444505.240353621,5.69602563,8827.0596207248,
2011-02-10,0.979652963179427,5258581.175754528,5.38116292,9118.8564557576,
2011-02-11,1.05406945353594,5667836.858608103,5.62034798,10044.5390354196,
2011-02-12,1.07870328404442,5810866.7208188865,5.66318761,10094.7641254202,
2011-02-13,1.05,5666640.0,5.42738984,11009.2616,
2011-02-14,1.07001262419638,5785130.253980148,5.31812686,10586.9592,
2011-02-15,1.05,5688742.5,5.15817185,12366.2629388844,
2011-02-16,1.031687628872,5601496.39657908,5.01369832,12636.6372,
2011-02-17,1.0399231975453,5658222.117843977,5.00090272,12757.6296350265,
2011-02-18,0.898955914669784,4900748.064413793,4.27713788,11235.5565,
2011-02-19,0.944028116890707,5154063.108382349,4.46173899,8372.5616,
2011-02-20,0.865,4731160.75,4.04564986,10200.2,
2011-02-21,0.835747428404442,4579269.097085039,3.8865163,9212.3854,
2011-02-22,0.877041779661017,4814783.961983051,4.03903963,9724.2248120336,
2011-02-23,0.9,4951755.0,4.11116115,10813.8362898553,
2011-02-24,0.989095265926359,5452189.834365869,4.46075117,10022.659309984,
2011-02-25,0.914652001753361,5052126.064284776,4.09708361,10800.3945326592,
2011-02-26,0.958,5304781.3,4.20136279,13800.56049575,
2011-02-27,0.895033114552893,4967031.020867007,3.85737612,12153.0584,
2011-02-28,0.860220923436587,4780290.6825832855,3.66264324,7200.4971396192,
2011-03-01,0.921096891876096,5124568.612797254,3.45556491,6175.4010460815,
2011-03-02,0.9399,5237075.805,3.49629585,8342.448819,
2011-03-03,0.939073383401519,5241203.321109728,3.4729141,8936.73265000001,
2011-03-04,0.9011,5039221.53,3.31231304,10387.677458,
2011-03-05,0.90784060666277,5089490.617042488,3.30711769,13068.7349760186,
2011-03-06,0.884770973115138,4972280.153261108,3.2074455,12608.78538,
2011-03-07,0.877583864406779,4941148.190155928,3.17308684,9605.93913814081,
2011-03-08,0.866071591466979,4884427.257975895,3.11400943,8785.1036000182,
2011-03-09,0.86,4857065.0,3.08389438,7472.977013673,
2011-03-10,0.920670309760374,5204779.428652833,3.286687,4929.9697369472,
2011-03-11,0.88,4980580.0,3.13277134,5790.8581839435,
2011-03-12,0.917815513150205,5201031.059143924,3.23180751,6604.4572506474,
2011-03-13,0.89249,5062738.774,3.12541924,5475.624161514,
2011-03-14,0.893924922852133,5075884.496938982,3.09976092,5279.6620451575,
2011-03-15,0.87224,4957637.712,3.0094772,5041.647179991,
2011-03-16,0.851211665692578,4843905.104790184,2.90524469,6121.629,
2011-03-17,0.82542,4702954.263,2.80330055,6275.7365597166,
2011-03-18,0.801959208065459,4574094.637082555,2.72116816,5221.1757179913,
2011-03-19,0.765,4367691.0,2.5915635,5083.039746078,
2011-03-20,0.7415,4238599.375,2.50871253,5783.87580453401,
2011-03-21,0.75897,4344078.6405,2.56031946,5852.8476354305,
2011-03-22,0.809130292811222,4635992.925691177,2.71742347,4708.818858,
2011-03-23,0.84971,4875168.6395,2.8434557,6698.12778578701,
2011-03-24,0.872374365867914,5011834.350629459,2.88481841,6715.1897994684,
2011-03-25,0.88377,5084947.449,2.91145917,7969.72743000001,
2011-03-26,0.8552,4926465.12,2.79254753,6323.102989,
2011-03-27,0.822,4741090.5,2.67675364,6530.69720943,
2011-03-28,0.794740500292227,4590540.340762947,2.58237,7746.9961,
2011-03-29,0.792509941554646,4584115.254934538,2.56999182,6848.87288400841,
2011-03-30,0.789706312098189,4574057.930303921,2.55673793,6243.30472,
2011-03-31,0.78461,4552424.9115,2.53409399,8283.2,
2011-04-01,0.77411,4498314.5045,2.49434063,8883.59999999999,
2011-04-02,0.78199,4551142.7005,2.51639313,7442.22432001599,
2011-04-03,0.779,4540557.3,2.50130518,7403.60729063999,
2011-04-04,0.68,3969568.0,2.1702087,11287.774283776,
2011-04-05,0.715691834599649,4184864.864454528,2.2785139,7781.10471600001,
2011-04-06,0.74,4332478.0,2.35209347,5403.5282160072,
2011-04-07,0.7538,4418813.29,2.39124558,5589.78015,
2011-04-08,0.74999,4402703.7965,2.37382641,6555.22147800001,
2011-04-09,0.734060517241379,4314917.829422412,2.31988599,6165.3259,
2011-04-10,0.733156820572765,4315947.571347753,2.31383197,6818.55304069171,
2011-04-11,0.770113933372297,4539783.131533022,2.42399078,6425.37219572639,
2011-04-12,0.861381607831677,5084821.769191173,2.6961135,6605.3033784414,
2011-04-13,0.930320058445353,5500796.441575684,2.89135449,8927.7357519908,
2011-04-14,0.998629766218586,5912687.119827004,3.07319764,8033.199669,
2011-04-15,0.983673136762127,5830820.885471184,2.99333242,6862.4500426104,
2011-04-16,1.04663285797779,6213074.303170656,3.15615233,9541.51216547841,
2011-04-17,1.09812209789597,6528610.402516016,3.27386129,10030.378925,
2011-04-18,1.14943331151373,6842174.201782205,3.37473832,8328.6354764289,
2011-04-19,1.18516222092344,7063981.6434810255,3.42498343,9246.781538556,
2011-04-20,1.14212598480421,6815693.920618364,3.28485981,8576.50243884211,
2011-04-21,1.20733887200468,7213729.026340761,3.43905824,8824.04848056,
2011-04-22,1.40450508182349,8404137.058107218,3.90431563,10830.5067,
2011-04-23,1.82885230099357,10959031.643243767,4.86099744,11875.274256,
2011-04-24,1.63198421975453,9792558.112215081,4.27543628,13706.240001729,
2011-04-25,1.56448363530099,9402546.648158949,4.06113168,18349.4680725888,
2011-04-26,1.77084089012274,10660019.448316364,4.51459705,16681.2532803369,
2011-04-27,1.9031759585038,11474057.53622356,4.76744161,16303.3967884954,
2011-04-28,2.28574446580947,13799267.914538352,5.53562475,17398.05666,
2011-04-29,2.85060509000585,17237894.039774377,5.27956549,26619.7413945274,
2011-04-30,3.5,21197925.0,5.74340681,28854.034934296,
2011-05-01,3.0942275534775,18768037.225617778,4.96719361,38342.7418479048,
2011-05-02,3.2,19441120.0,5.05486151,38926.5141685225,
2011-05-03,3.36058570368206,20449668.094760887,5.13349205,34916.8084713061,
2011-05-04,3.40867304734074,20775862.223541807,4.84337805,34595.8368932475,
2011-05-05,3.34373668439509,20416689.0080822,4.67664599,39728.8910339744,
2011-05-06,3.45507558445354,21134179.08876464,4.63603126,38746.7080584672,
2011-05-07,3.64126297779077,22312020.959561832,4.80792811,39120.0911831152,
2011-05-08,3.84866837697253,23625050.832045875,4.92348609,41840.64722115,
2011-05-09,3.80408958211572,23396862.77032363,4.77598264,47940.2301005778,
2011-05-10,5.65166700233781,34812008.067599975,6.2849561,39679.07234296,
2011-05-11,5.43975104383402,33558640.152068645,5.77375573,52790.9038079582,
2011-05-12,6.3348786943308,39134346.622097954,6.23619574,51081.6893380848,
2011-05-13,8.13903486732905,50363940.8072888,6.81610339,68523.877733554,
2011-05-14,7.00724382933957,43445262.1040968,5.71115111,103700.173660928,
2011-05-15,6.92492484453536,43011054.45565135,5.38878812,98033.8275096893,
2011-05-16,7.88514074517826,49072384.91354238,5.64948105,105594.069335048,
2011-05-17,7.25719954061952,45257710.56261641,5.05909092,109803.428737757,
2011-05-18,6.76316336236119,42274167.00331127,4.61026723,119250.451258641,
2011-05-19,6.89014363237873,43126786.95488344,4.62646251,67163.5755188199,
2011-05-20,5.61809621858562,35226586.853594534,3.71328197,83119.2753586832,
2011-05-21,6.08480066744594,38219849.89151337,4.07285788,77625.3547125034,
2011-05-22,6.71195603974284,42243708.85581385,4.35034379,84071.537173874,
2011-05-23,7.06525678375219,44568346.246934555,4.487161,98185.9018975187,
2011-05-24,7.40266058211573,46807392.91972018,4.5999394,112115.022781401,
2011-05-25,8.56928963705436,54315585.349812366,5.19133406,112473.035816606,
2011-05-26,8.78215543424898,55794789.817048974,5.17913836,117828.58719923,
2011-05-27,8.52865846814728,54255487.192755654,4.74938352,77198.2240307668,
2011-05-28,8.34926911981298,53178999.72133204,4.61095078,69835.8869034816,
2011-05-29,8.40095347223846,53583801.44796895,4.59177413,79108.4711399612,
2011-05-30,8.77934246464056,56064880.891401105,4.71031321,66535.1519722418,
2011-05-31,8.72157642197545,55761398.76668418,4.60202531,72236.3175006,
2011-06-01,9.62377723202805,61620083.14271453,4.97744055,89246.1737183708,
2011-06-02,10.7027602279369,68630379.57859488,5.3275221,92093.9722432158,
2011-06-03,14.2646467738165,91614693.76218985,6.42904939,117192.983562508,
2011-06-04,18.3127387258913,117818666.95763928,7.74313927,169044.304502307,
2011-06-05,16.5433423962595,106606952.57030223,6.57534893,187219.159941527,
2011-06-06,18.4020986440678,118799348.13741952,6.0241396,222490.721239791,
2011-06-07,23.2378784628872,150215455.62133956,7.22127316,165592.92694922,
2011-06-08,29.0299213267095,187925195.41815445,7.38787829,205777.867820522,
2011-06-09,28.7905440181181,186695161.4519829,6.61438788,357650.682453242,
2011-06-10,24.0493992285213,156218884.798173,5.13598194,361833.101785617,
2011-06-11,14.7497466277031,95996513.31691384,3.17745001,427075.10954628,
2011-06-12,18.8501447311514,122902943.45860548,3.60717104,339684.628366656,
2011-06-13,19.5423291145529,127637791.0669116,3.61267024,285678.474122226,
2011-06-14,19.2577355055523,126016843.63510504,3.30858495,293058.096011881,
2011-06-15,19.4641426241964,127639034.6849199,3.13518917,292369.09990551,
2011-06-16,17.9293625423729,117735848.3595792,2.83819584,180547.398198072,
2011-06-17,15.4363689129164,101508789.99852876,2.42625836,184938.877363021,
2011-06-18,16.8754045353594,111138039.02021572,2.62955708,186404.114646615,
2011-06-19,17.5107167913501,115517322.96158968,2.69066084,196695.709960816,
2011-06-20,17.5107167913501,115722198.34804848,2.67081932,216942.316771128,
2011-06-21,17.5107167913501,115943708.91545908,2.63871848,217598.799148292,
2011-06-22,17.5107167913501,116171348.23374662,2.62779902,206500.191799553,
2011-06-23,17.5107167913501,116381476.83524282,2.61500773,183582.256303182,
2011-06-24,17.5107167913501,116570592.5765894,2.59755925,175009.367571956,
2011-06-25,17.5107167913501,116695794.20164756,2.58920413,121589.404206083,
2011-06-26,16.3613420157802,109157965.36306717,2.40438777,131414.94070255,
2011-06-27,16.7522858132671,111907781.9079732,2.41862667,149441.170153358,
2011-06-28,16.9618353071303,113443298.639765,2.4228443,143475.0933439,
2011-06-29,16.8545683179427,112870830.21463692,2.39153255,150591.057696663,
2011-06-30,16.1852627808299,108543227.62522677,2.27916897,165999.5952429,
2011-07-01,15.4203573991818,103546928.76343209,2.17517451,152400.026298971,
2011-07-02,15.38284406955,103425013.66338389,2.17108212,144573.253433718,
2011-07-03,15.4575505604909,104054820.0759529,2.17640481,134692.570246444,
2011-07-04,13.8527968123904,93369928.29650503,1.95761946,134041.867463939,
2011-07-05,12.9648177147867,87474921.47378902,1.82728432,109061.811354528,
2011-07-06,14.7147835832846,99397627.21876033,2.06878863,120837.229002086,
2011-07-07,14.7972891613092,100051870.51621912,2.07598143,107912.403636197,
2011-07-08,14.2990376969608,96800910.30600984,2.0056172,133037.926591171,
2011-07-09,14.3815006697838,97466306.19544362,2.01609779,115601.417842718,
2011-07-10,14.6229375511397,99202739.34757976,2.03850499,104035.656017018,
2011-07-11,14.3101554330801,97193144.54283504,1.99133352,122377.338000314,
2011-07-12,14.0212726215663,95329931.3501853,1.94872351,106436.199728923,
2011-07-13,13.9714545225015,95124647.97673677,1.93841196,140335.081867372,
2011-07-14,13.997974547633,95405994.98432237,1.93955814,101997.370346344,
2011-07-15,13.8063904056108,94212046.71174291,1.91086852,115561.001299042,
2011-07-16,13.7130792992402,93682958.05752337,1.89668424,114152.070856035,
2011-07-17,13.2581353109293,90687634.11447155,1.8320481,119765.702254407,
2011-07-18,13.6305212504383,93350669.22550893,1.94207395,119733.409897846,
2011-07-19,13.8247948386908,94779337.07710637,1.96438973,99109.8462891712,
2011-07-20,13.6783305920514,93877118.38258371,1.96296845,108476.734661838,
2011-07-21,13.6118084418469,93524013.30612345,1.95201716,106678.204461395,
2011-07-22,13.6985473310929,94223402.89783725,1.96311336,105435.76095675,
2011-07-23,13.6817183424898,94207523.76814756,1.95853437,101796.374091959,
2011-07-24,13.992515176505,96463699.86114135,1.99913286,115761.139549567,
2011-07-25,14.0334253787259,96861508.50870752,2.00132141,119825.047006466,
2011-07-26,13.8780323232028,95911081.24687408,1.97632833,129122.843445988,
2011-07-27,13.878224755114,96033151.69917998,1.97282473,124885.480970833,
2011-07-28,13.4915910756867,93462322.46234977,1.91925019,110791.768369257,
2011-07-29,13.5123163901227,93716697.0360312,1.91940166,117279.447081827,
2011-07-30,13.5402806738749,94013553.65347897,1.91948827,107719.38036759,
2011-07-31,13.3729061022794,92968443.0893172,1.8957305,124526.786030673,
2011-08-01,13.0191138468732,90616287.02250792,1.84650394,121855.670427913,
2011-08-02,12.2141564389246,85107631.23646298,1.73338364,108341.119415635,
2011-08-03,9.28635691350088,64779768.46433578,1.33360498,109075.990134714,
2011-08-04,10.7685037481005,75188385.18748957,1.54422773,88437.3495374681,
2011-08-05,9.73015395967271,68006478.46534085,1.40034516,80573.340669365,
2011-08-06,6.964169735827,48716804.69187564,1.01786264,71080.6189234068,
2011-08-07,8.50179329222677,59526580.91950154,1.24329896,81473.2135452585,
2011-08-08,7.77533763793104,54493064.99080434,1.15587536,66178.717104151,
2011-08-09,9.80249948100526,68771885.63583755,1.45369998,72563.6885421252,
2011-08-10,10.0512531274109,70593468.55188872,1.48953532,89502.3788295336,
2011-08-11,9.43841299473992,66353930.94123636,1.40111707,91137.937350672,
2011-08-12,9.45299328521333,66518350.40519487,1.40327416,95816.9246061465,
2011-08-13,10.0040247445938,70460847.18231994,1.48374896,64613.4425708767,
2011-08-14,10.8068207665108,76186465.27271783,1.60021658,75591.5817313624,
2011-08-15,11.1306965499708,78541533.95425189,1.64552851,75922.588120944,
2011-08-16,10.9919655669199,77643397.46685399,1.62211392,92515.5078635161,
2011-08-17,10.9639640561075,77520159.55086552,1.61521112,80734.2991225104,
2011-08-18,10.8584714558738,76852460.39108036,1.59806892,88913.1153224812,
2011-08-19,11.6704730432496,82675965.01628399,1.71440506,80237.62784115,
2011-08-20,11.4597317393337,81270125.43440929,1.68142171,127630.546794655,
2011-08-21,11.3544813407364,80614546.50941536,1.66508331,104645.527363047,
2011-08-22,10.9208958246639,77628457.63645811,1.60062575,99010.8876249051,
2011-08-23,10.9172450543542,77687115.69761191,1.60020118,135219.99453169,
2011-08-24,10.870444289889,77426913.43488784,1.5924043,79247.8549890806,
2011-08-25,9.5460936735827,68058397.44566314,1.38808124,79733.489268699,
2011-08-26,8.12692016306254,58000203.73847545,1.18126116,80585.4034845469,
2011-08-27,8.59649760666277,61403922.66866644,1.32290185,61111.3323484664,
2011-08-28,9.03086639976622,64558954.54170001,1.38880945,54321.635351824,
2011-08-29,8.96115727060199,64122456.875907935,1.37651145,65462.7586847472,
2011-08-30,8.80994873816481,63104781.72850113,1.35371166,70593.083621072,
2011-08-31,8.19915176446523,58793247.517871,1.26084033,73389.9287063922,
2011-09-01,8.23428166510813,59098262.85630465,1.26774835,59035.7678747142,
2011-09-02,8.6214244377557,61944072.3566166,1.32640199,69430.7216739366,
2011-09-03,8.44965344067796,60771174.90887537,1.29992885,63730.5353187435,
2011-09-04,8.20347060227937,59055554.26318405,1.26279873,59178.4187767377,
2011-09-05,7.5973325251315,54751316.36626552,1.17142574,69397.7595754152,
2011-09-06,6.84653002893045,49392236.86624468,1.05875513,67458.1732199785,
2011-09-07,7.16297027352426,51723808.2734889,1.10898952,64247.1246437176,
2011-09-08,6.67818000029223,48266211.976330206,1.03732633,50112.387009762,
2011-09-09,4.98677704178843,36080079.86402774,0.7778049,59342.7876529668,
2011-09-10,4.74284665517242,34346746.85999912,0.74125214,48374.1113950432,
2011-09-11,5.85290397253068,42422140.579571895,0.95191723,41244.7369815536,
2011-09-12,6.09062947223846,44185689.571342,0.99274325,53842.4554280424,
2011-09-13,5.80252327703098,42136763.47511828,0.94859348,52318.011503248,
2011-09-14,5.59743261016949,40688297.33060866,0.9162271,48306.4689107313,
2011-09-15,4.86775518468732,35422167.65477356,0.79879632,60431.4449522368,
2011-09-16,4.83116810052601,35184672.55260412,0.7945909,34345.021912677,
2011-09-17,4.775285635301,34809683.3550555,0.78623754,36805.913687445,
2011-09-18,5.23673227819988,38214791.91118234,0.86238311,43199.4014815994,
2011-09-19,5.52037669199299,40319727.227774575,0.91006394,33183.5967360846,
2011-09-20,6.14666555172414,44937042.45407813,1.01350919,41857.6974328784,
2011-09-21,5.59706749795441,40959899.60080944,0.92389277,49392.8645112105,
2011-09-22,5.47504877673875,40107469.759249166,0.90549337,48227.9495763564,
2011-09-23,5.56342141963764,40791840.30636185,0.92077591,39175.1453954,
2011-09-24,5.45788968731736,40053269.20476823,0.90381871,40224.902737995,
2011-09-25,5.34115488135593,39233186.06984431,0.88996971,40765.1046259034,
2011-09-26,4.87382608123904,35833100.37444329,0.81318218,39544.7153991021,
2011-09-27,4.91115779251899,36140227.91447712,0.82013287,36340.1687083604,
2011-09-28,4.76341532144945,35088031.722460665,0.79634397,37507.3330326,
2011-09-29,4.77766097837522,35222827.74919681,0.79926256,30954.3508180665,
2011-09-30,5.14368590999416,37952686.435455,0.86045873,31140.0656201622,
2011-10-01,5.03407054471069,37179883.06820175,0.84362417,41405.602892397,
2011-10-02,5.00706259672706,37010704.54615673,0.84035131,33482.5288779015,
2011-10-03,5.02284486031561,37163777.92900368,0.84387152,39368.6049407782,
2011-10-04,4.95680562068966,36702915.00910952,0.83346608,29873.038812925,
2011-10-05,4.88506713091759,36207140.512084275,0.82223206,47056.3378210122,
2011-10-06,4.73016629573349,35089319.56770846,0.79686105,32540.46980275,
2011-10-07,4.27603575686733,31749993.05555521,0.72247318,55507.881644477,
2011-10-08,3.98125299415546,29584890.02240636,0.67368961,29474.6460436724,
2011-10-09,4.11163464348334,30579871.456326604,0.6969726,28842.3397161538,
2011-10-10,4.07496248392753,30332186.9564891,0.69210157,27264.6758660352,
2011-10-11,4.00892449590883,29859271.390338864,0.68231478,24345.6958875951,
2011-10-12,4.16623534248977,31055951.448324848,0.71047083,26227.4035568896,
2011-10-13,4.03698109000584,30112043.759038206,0.68913751,21958.3487599518,
2011-10-14,3.98628088544711,29761573.050885275,0.68173462,33446.3850815807,
2011-10-15,3.83733856049094,28675279.822607223,0.65700741,27893.846688879,
2011-10-16,3.60974171654003,26995994.85230464,0.61884987,25476.9853683074,
2011-10-17,2.58124672180012,19319470.125836596,0.44588055,23624.5974453063,
2011-10-18,2.42227473816482,18144170.01573772,0.41992353,23795.9981008945,
2011-10-19,2.21725471303331,16623202.012380762,0.38682853,19463.3672570864,
2011-10-20,2.35612350847458,17677876.854348093,0.41178781,15167.1266665023,
2011-10-21,2.57009230508475,19298823.09318044,0.4496029,15569.3158365624,
2011-10-22,3.15548613851549,23710007.264636647,0.55278915,14022.0480098842,
2011-10-23,3.14775092986558,23668883.535460714,0.55184552,18215.3593819053,
2011-10-24,2.52293599766219,18986733.265577074,0.44332969,21425.6430484692,
2011-10-25,2.80192383109293,21104370.460155793,0.49277864,21655.2125109612,
2011-10-26,2.7775052390415,20936695.588857796,0.49043071,17559.26269602,
2011-10-27,3.04540782758621,22971358.94263729,0.53782812,14607.838725692,
2011-10-28,3.17963943658679,24000554.363447983,0.56150563,16284.435679467,
2011-10-29,3.56918896873174,26961118.05576233,0.63046202,19674.1331340162,
2011-10-30,3.25740372296902,24624017.670837935,0.57571366,21180.4458325362,
2011-10-31,3.26509821274109,24703569.790037435,0.57758861,24243.795407988,
2011-11-01,3.17100774284044,24015468.55830482,0.56157774,25704.599280893,
2011-11-02,3.2558005666277,24682712.43313155,0.57806992,26297.1451945106,
2011-11-03,3.16831638515488,24039283.70904094,0.56292746,21322.4197847298,
2011-11-04,3.12011817182934,23696517.45429967,0.55505983,27399.0425871704,
2011-11-05,2.97781759789597,22637518.240306847,0.53030549,28027.1536276788,
2011-11-06,2.96272057685564,22544081.519811545,0.52799021,24416.6464973993,
2011-11-07,3.01775768731736,22982789.852778308,0.5382165,20378.5859875296,
2011-11-08,3.05656711104617,23301128.027072567,0.54611468,34248.6165067075,
2011-11-09,2.9195672238457,22280239.30449918,0.53811177,40049.8144725371,
2011-11-10,2.85670208533022,21820633.180019304,0.52701216,22721.9972122254,
2011-11-11,3.06786173348919,23451808.81171944,0.56660138,18006.20067036,
2011-11-12,3.02552299590883,23149789.172941152,0.55904007,33341.1123628041,
2011-11-13,2.98637330333139,22871737.188360356,0.55219421,23334.001344841,
2011-11-14,2.22422446434833,17050571.08778238,0.4125825,23570.6017370824,
2011-11-15,2.3223841157218,17822207.9192368,0.43137161,25231.090666208,
2011-11-16,2.54678093074226,19561442.286423847,0.50419206,18032.5652545275,
2011-11-17,2.27909583576856,17521232.943430554,0.45379982,18077.404269262,
2011-11-18,2.10506600321449,16197325.087383052,0.42341662,16966.060163289,
2011-11-19,2.20345672180012,16967938.809859414,0.44318529,14582.918622111,
2011-11-20,2.20198950964348,16972384.620934617,0.44369635,18691.9511385145,
2011-11-21,2.27987916540035,17586189.901391596,0.45948528,21813.1303146855,
2011-11-22,2.32245859614261,17930889.937083833,0.46857456,23703.513747796,
2011-11-23,2.33032356750438,18007225.79605171,0.4707238,16528.3414456296,
2011-11-24,2.43887900029223,18859851.284871,0.49214464,14049.858899616,
2011-11-25,2.49616100292227,19319662.097406004,0.50383539,16999.4120635792,
2011-11-26,2.47179996902396,19145944.585349318,0.50116148,15817.29958869,
2011-11-27,2.47756495119813,19204720.816189073,0.50265443,14874.4803119724,
2011-11-28,2.5412402521917,19714433.603040345,0.52129794,16699.4829706891,
2011-11-29,2.75769848275862,21412701.381498843,0.56397222,23377.124626548,
2011-11-30,2.9660415458796,23054447.69815251,0.60468486,30557.7389687256,
2011-12-01,3.08258945002922,23988402.81035646,0.62781131,43221.23937738,
2011-12-02,3.10040233313852,24149653.822278503,0.63153668,26392.0329292702,
2011-12-03,2.80385618527177,21861105.877288345,0.57397228,36127.8013747896,
2011-12-04,2.81969397603741,22003763.883208565,0.57735261,25119.784131216,
2011-12-05,2.87479622735242,22456470.70121544,0.58900798,39646.1905701132,
2011-12-06,3.02536045149036,23658469.968423557,0.6191175,32130.821199816,
2011-12-07,2.98550242109877,23367378.144963965,0.61474353,24186.7063384308,
2011-12-08,2.99188048305085,23441832.336857032,0.61605341,28127.9418783075,
2011-12-09,2.95579195207481,23180798.354588747,0.60914874,23338.9524496371,
2011-12-10,3.06897526709527,24090535.12342796,0.63235376,24329.423127064,
2011-12-11,3.2492688471654,25530480.080339976,0.66826403,26539.3426063584,
2011-12-12,3.18733535651666,25064089.64439885,0.65547484,21997.0792686881,
2011-12-13,3.24108840853302,25508176.014846083,0.66660548,21991.5002920275,
2011-12-14,3.1550865043834,24855455.94133109,0.65014649,26497.5519006674,
2011-12-15,3.20313854061952,25251942.652942568,0.6600436,19259.6171347354,
2011-12-16,3.2091377773232,25318171.548322245,0.66134284,22569.826209312,
2011-12-17,3.19254170426651,25211182.552496757,0.65825176,28920.8126789593,
2011-12-18,3.19401080888369,25245780.802557435,0.65885831,24881.5445188193,
2011-12-19,3.52577391934541,27896099.50329908,0.72601344,30086.6955623808,
2011-12-20,3.95255082729398,31299261.824108656,0.81110758,28031.8176591295,
2011-12-21,3.88899325073057,30824938.265050672,0.79739555,42582.9494079297,
2011-12-22,3.90306042051432,30965320.113161765,0.79956455,40003.3159707647,
2011-12-23,3.93796507597896,31270199.23944644,0.80606997,41011.2965051686,
2011-12-24,3.93941911864407,31310306.144632906,0.80659692,31411.920277738,
2011-12-25,4.23386687784921,33687396.8513002,0.86693708,43867.1973702592,
2011-12-26,3.99912196405611,31855005.964697685,0.81869415,46555.6091943298,
2011-12-27,4.0955185458796,32652545.445706356,0.83793425,50801.9537817775,
2011-12-28,4.20729587609585,33576324.69710993,0.86007177,37846.4048705056,
2011-12-29,4.17335222676797,33334233.53435292,0.85308817,32934.6327595714,
2011-12-30,4.31063509000584,34461372.18394529,0.88040913,41489.4063673872,
2011-12-31,4.71430633138515,37724114.93191743,0.96110917,35107.9101855825,
2012-01-01,5.2948427773232,42410102.14057715,1.07623657,42606.5163843816,
2012-01-02,5.2048778918761,41728807.226594836,1.05930034,63012.4893246422,
2012-01-03,4.87050882875511,39086807.403820366,0.99064729,46628.060128786,
2012-01-04,5.58570626709527,44868023.3905257,1.13112076,47065.5827679453,
2012-01-05,6.87400087726476,55266966.984468594,1.37524885,53694.697203114,
2012-01-06,6.68331663997662,53791008.07585059,1.3299183,60436.957273902,
2012-01-07,6.79622798071303,54762305.94362807,1.34825017,72450.4463961678,
2012-01-08,7.09665056633548,57240873.732038766,1.40190243,68157.2705345,
2012-01-09,6.28853834248977,50774287.36821121,1.23859081,69169.5642440879,
2012-01-10,6.52847455523086,52757582.08671905,1.28528776,58149.1264872017,
2012-01-11,6.88912772121566,55724776.24247789,1.35196805,78929.965340947,
2012-01-12,6.77356419579194,54842501.12170352,1.3223058,61709.098428477,
2012-01-13,6.45436889012273,52303300.955010295,1.2583872,87315.0645469728,
2012-01-14,6.76172714260666,54844706.872422405,1.3151655,60879.0075160823,
2012-01-15,7.04692255815312,57206917.256617725,1.36849062,54917.0698057101,
2012-01-16,6.71560766656926,54576064.53713559,1.30213368,74948.570648512,
2012-01-17,5.59962195032145,45550684.66108859,1.08841281,82888.593258786,
2012-01-18,5.9002312881356,48033782.75740562,1.14730395,48170.5949892576,
2012-01-19,6.31570634161309,51463532.34846339,1.22398742,59941.5703002725,
2012-01-20,6.50149198831093,53024539.85078034,1.25883339,47612.0693448218,
2012-01-21,6.18056832554062,50457844.89395972,1.19649675,55873.6645674402,
2012-01-22,6.30296722676797,51499962.169537134,1.2195885,48845.2985672148,
2012-01-23,6.37487607714787,52141696.69860743,1.23243877,69907.0259300558,
2012-01-24,6.27447647574518,51364104.036424994,1.21229511,67033.3125744309,
2012-01-25,5.81046507247224,47608611.186067626,1.12369377,61154.31715484,
2012-01-26,5.36722695441262,44013925.95426133,1.04093223,53094.3502675725,
2012-01-27,5.30313719696084,43525737.988286145,1.03027298,42995.2494502912,
2012-01-28,5.65979677498539,46494058.367595054,1.09958449,47065.113700182,
2012-01-29,5.39142945733489,44334488.66840534,1.04861043,60775.6640894575,
2012-01-30,5.50348193863238,45303240.18131384,1.07087848,51072.9095432556,
2012-01-31,5.53822029573349,45630733.63518544,1.07878577,47165.0074350081,
2012-02-01,6.07523265225015,50098136.98908828,1.18086101,42120.0971376975,
2012-02-02,6.09957291291642,50347344.47355032,1.18457113,49402.6741438742,
2012-02-03,5.95161092752776,49173047.37876,1.15560669,54515.3249872762,
2012-02-04,5.8954132390415,48755013.00440804,1.14466214,52294.9275585529,
2012-02-05,5.67811571712449,46998279.12790114,1.10288002,45551.8199965523,
2012-02-06,5.48266405844535,45420531.457741305,1.066879,43833.4593052544,
2012-02-07,5.66202770017534,46945234.82929116,1.10174851,43025.432066404,
2012-02-08,5.6185281899474,46625304.24660037,1.09353017,45662.9248646844,
2012-02-09,5.83569985417884,48469810.11863277,1.1353915,42967.440661296,
2012-02-10,5.93783415546464,49359082.00947596,1.15551803,44917.0232295059,
2012-02-11,5.61213285330216,46693734.50858345,1.09013106,46949.2130839446,
2012-02-12,5.51909716949152,45963265.24709518,1.07230709,51280.5278503944,
2012-02-13,5.34835455932203,44577950.01303359,1.04822456,41644.2476897652,
2012-02-14,4.48365409175921,37401703.44820613,0.88628318,42765.132759657,
2012-02-15,4.3255203220339,36111565.61058064,0.85881942,38044.813129311,
2012-02-16,4.25523904500292,35554183.61846336,0.84731155,34413.3975300984,
2012-02-17,4.39153837288136,36726393.32940897,0.87548728,39833.658793212,
2012-02-18,4.27008127761543,35747158.00051615,0.85418126,45372.580191657,
2012-02-19,4.38955145821157,36781984.90255321,0.87896592,36583.9155078438,
2012-02-20,4.36513593892461,36607952.46500429,0.8748865,32868.288280251,
2012-02-21,4.31511560198714,36216292.38526005,0.86595781,29940.60608001,
2012-02-22,4.41931028755114,37125920.48004495,0.88771358,38594.8260184052,
2012-02-23,5.03951511805961,42377990.262636416,1.01031089,40768.5214860064,
2012-02-24,5.02560875891292,42298490.52113304,1.0069634,38195.7610398477,
2012-02-25,4.77256738106371,40208118.566052474,0.9562508,56112.0957177451,
2012-02-26,4.9264208515488,41541257.6268949,0.987122,46984.3844780755,
2012-02-27,4.95251575628287,41799433.11792214,0.99206546,44206.1031315952,
2012-02-28,4.85725777556984,41034309.973461926,0.97277124,42691.7653438576,
2012-02-29,4.87274875569842,41208789.500953846,0.98303424,50564.857833294,
2012-03-01,4.92207212361192,41663078.39495767,0.99267825,41116.3959480912,
2012-03-02,4.71482358708358,39940404.10047743,0.95273137,36950.8110274022,
2012-03-03,4.62819325248393,39232686.90159013,0.93570447,28417.465833614,
2012-03-04,4.83414448158971,41011626.741960086,0.97707036,33452.9423399054,
2012-03-05,4.98239290385739,42305450.21679945,1.00656035,37247.6906330359,
2012-03-06,4.98784135242548,42385879.39507424,1.00730295,41102.2274464368,
2012-03-07,4.94911288457043,42094879.22829918,0.99924077,44966.777503749,
2012-03-08,4.93497949503214,42013159.953669,0.99664788,43451.8754475395,
2012-03-09,4.87229784745763,41520457.05745644,0.98421823,52419.9060990778,
2012-03-10,4.84142380479252,41297298.22937357,0.97883044,45810.2437535655,
2012-03-11,4.89202875160724,41761734.52889564,0.98947911,36645.371567244,
2012-03-12,4.91083937931035,41963074.999323554,0.99347632,50317.7372087016,
2012-03-13,5.29088027878434,45252847.85186193,1.06881595,52792.9346141847,
2012-03-14,5.39054329222677,46142189.86346144,1.08718901,45828.1974228738,
2012-03-15,5.34082089888954,45748886.08219937,1.07616655,34082.711867166,
2012-03-16,5.33957479135009,45779059.8088332,1.07471861,44384.5136725344,
2012-03-17,5.23600355406195,44935593.65931607,1.05459511,57260.624762916,
2012-03-18,5.27014898538866,45270792.31986721,1.06154819,47538.342423108,
2012-03-19,4.67867255289305,40223438.42033059,0.94459498,43172.0872223136,
2012-03-20,4.83083021624781,41570213.45380859,0.97583693,61229.1316624332,
2012-03-21,4.81722952483928,41491233.02888994,0.97521983,56450.157986475,
2012-03-22,4.72960850496785,40773909.1772816,0.958695,42873.4562543576,
2012-03-23,4.69164317650497,40476167.79980991,0.95107358,33626.4589225614,
2012-03-24,4.65198626592636,40176834.39237713,0.94428539,57555.2621130305,
2012-03-25,4.55227026241964,39351373.414089195,0.92514492,43551.028076017,
2012-03-26,4.63272235973115,40081805.7771796,0.94207727,48194.038893809,
2012-03-27,4.81134073524255,41664720.83043211,0.97836225,45052.9751817624,
2012-03-28,4.79058939158387,41520950.04089172,0.97414873,42001.6455120951,
2012-03-29,4.79406657218001,41584885.596257694,0.97547676,40521.011266333,
2012-03-30,4.86140935651666,42206465.94400601,1.00380823,43187.946633504,
2012-03-31,4.88977687317358,42494314.134301275,1.00947443,53970.335544096,
2012-04-01,4.79332567738165,41690143.38500184,0.98982662,39046.6729283514,
2012-04-02,4.98304547866745,43369140.671510674,1.02854689,39787.8735547167,
2012-04-03,4.95623319286967,43168743.173969455,1.02616999,36713.2875190774,
2012-04-04,4.91784217767387,42868045.0218431,1.01818959,39775.797735,
2012-04-05,4.92084924488603,42923044.114670105,1.01855009,30033.0467473024,
2012-04-06,4.94910743220339,43203185.46241338,1.02383214,40619.23137756,
2012-04-07,4.70971191028638,41143762.21105687,0.9749089,34986.860483824,
2012-04-08,4.77881884921099,41783317.447132714,0.98932901,40528.715319924,
2012-04-09,4.85254738106371,42463382.06175112,1.00365621,40340.429417376,
2012-04-10,4.84141759380479,42401572.60285518,1.00159858,47035.8564852886,
2012-04-11,4.91525071712449,43082862.28365456,1.01641869,38494.438652033,
2012-04-12,4.90115814728229,42990461.28563861,1.01283392,33664.9951340669,
2012-04-13,4.93440673348919,43312447.53938817,1.01932475,33818.6669971297,
2012-04-14,4.95636466101695,43539633.063972585,1.0235231,38795.0208856777,
2012-04-15,4.9616003383986,43612170.9066712,1.0239991,28884.0840423412,
2012-04-16,4.95076456925774,43554055.87678282,1.02128074,40866.6135979236,
2012-04-17,4.9687445075979,43745772.33686055,1.02477367,34714.3175296994,
2012-04-18,5.12437744301578,45149302.77498842,1.05577307,35452.9981796122,
2012-04-19,5.13090651139684,45247105.990739755,1.05634217,45875.2410504836,
2012-04-20,5.36651596814728,47366159.65974264,1.10253174,55588.4747387208,
2012-04-21,5.28255033898305,46665734.47504468,1.08513311,65536.3788638024,
2012-04-22,5.19560899473992,45934069.09091458,1.06645583,40283.5404409664,
2012-04-23,5.11088819170076,45219556.02198608,1.05038086,38979.04505166,
2012-04-24,5.08786726241964,45050980.25275109,1.04562838,38588.8028727837,
2012-04-25,5.14881624547048,45623353.51174261,1.05274593,39216.5834134437,
2012-04-26,5.09741928579778,45207433.11849922,1.04365008,49861.3610628264,
2012-04-27,5.09588733985973,45228244.00391923,1.04332334,41139.2927718113,
2012-04-28,4.9707366528346,44155254.147761784,1.01826429,47234.0094018669,
2012-04-29,4.90260617767387,43593926.71462293,1.00664344,51176.5262531871,
2012-04-30,4.9421168100526,43989486.8210438,1.0154865,48373.3269269103,
2012-05-01,4.98713722735243,44432601.535410665,1.02469896,47536.71701085,
2012-05-02,5.05343735388662,45061199.336670235,1.03816859,42376.6852811568,
2012-05-03,5.11887297895967,45684868.05366689,1.05122986,45389.0607374414,
2012-05-04,5.08550708825248,45428022.80705356,1.04434248,45386.4873647752,
2012-05-05,5.05663956458212,45212376.767801285,1.0384012,47164.841369471,
2012-05-06,5.0478007729398,45174739.41579452,1.03909745,47327.4003402691,
2012-05-07,5.06755586703682,45394609.68870797,1.04315667,49033.403499402,
2012-05-08,5.02346642285213,45043867.78759336,1.034375,77086.3416285269,
2012-05-09,5.04130623553478,45245674.70518589,1.03787929,46999.023647331,
2012-05-10,4.92748871975453,44255945.90412608,1.01481717,36001.347504345,
2012-05-11,4.96370997749854,44616755.495503694,1.02276513,38570.521891215,
2012-05-12,4.94653223495032,44494009.61127893,1.01650991,37707.8136004194,
2012-05-13,4.94479505376973,44512997.24873766,1.01723564,40563.4083685,
2012-05-14,5.01143592197545,45147727.17944305,1.03132782,38976.1227999954,
2012-05-15,5.03364040035067,45380484.66274546,1.03590742,38489.1021157175,
2012-05-16,5.08778450905903,45899398.73766267,1.04782389,32898.7667387155,
2012-05-17,5.08966168644068,45945853.70031172,1.04954557,30660.804986283,
2012-05-18,5.11830148275862,46241501.08085742,1.05722248,37794.5359148466,
2012-05-19,5.11254581122151,46227589.692950904,1.05598806,41472.3717139734,
2012-05-20,5.09420096843951,46096865.78370793,1.05630265,37626.0494328448,
2012-05-21,5.0942213100526,46129143.43934552,1.05927394,33577.3277565435,
2012-05-22,5.08913918877849,46112386.411825284,1.05870456,30649.050032369,
2012-05-23,5.12885889976622,46505621.92244514,1.0665583,40638.7574122806,
2012-05-24,5.11915775920514,46449652.14548182,1.06748348,35071.7190676916,
2012-05-25,5.13727680654588,46645139.286703706,1.07106937,31620.9331111791,
2012-05-26,5.10397880479252,46379040.319860555,1.0671858,41281.6704929725,
2012-05-27,5.13461613500877,46698257.01437642,1.07321035,54442.2854429095,
2012-05-28,5.13632541905318,46750270.49452458,1.07353739,37701.918392847,
2012-05-29,5.14847069783752,46893250.84732125,1.07601639,34661.6432505252,
2012-05-30,5.13826456925774,46833947.11639456,1.07393,37514.5484788992,
2012-05-31,5.18163972121566,47265053.67271972,1.08799952,45140.5433353504,
2012-06-01,5.26694375803624,48083195.17956157,1.10502904,41249.0979882269,
2012-06-02,5.24363906019871,47912390.0924074,1.09982963,51161.0132020947,
2012-06-03,5.21270498480421,47669615.187236644,1.09327409,42083.8550039424,
2012-06-04,5.25876585739334,48131592.23848889,1.10255401,73194.5773942712,
2012-06-05,5.42601429485681,49702238.22183528,1.13624416,42008.9825701923,
2012-06-06,5.44616942197545,49928522.18104713,1.13951888,45358.3473886863,
2012-06-07,5.58716980976037,51259993.8406161,1.16734111,45338.467468202,
2012-06-08,5.62252910169492,51624039.68132231,1.17328064,42630.800328082,
2012-06-09,5.55700233547633,51069908.84675761,1.15906527,52582.3704469098,
2012-06-10,5.45789356925774,50204380.92709159,1.13827143,61517.1607357136,
2012-06-11,5.58699698158971,51431046.385611534,1.16358167,44349.331296816,
2012-06-12,5.72749129865575,52769039.88158684,1.19076668,50849.5310419212,
2012-06-13,5.90930132378726,54488428.15430492,1.22631584,46889.312120352,
2012-06-14,5.96202318205728,55021069.067343675,1.23632319,54511.9268304376,
2012-06-15,6.52338071917008,60253468.62382209,1.34544986,58153.4926570799,
2012-06-16,6.44415828229106,59571991.818051375,1.32650659,57882.7386334098,
2012-06-17,6.1999664880187,57365439.48474045,1.27481556,66003.8931509748,
2012-06-18,6.31084466861485,58446564.17295112,1.29624188,79953.9891214155,
2012-06-19,6.49482671595558,60198212.26704237,1.33207309,50388.737473404,
2012-06-20,6.69355105552309,62088644.91636487,1.37148675,62162.2169109504,
2012-06-21,6.67226250379895,61936546.022190414,1.36507314,54405.5551631226,
2012-06-22,6.56376169783752,60974656.585692726,1.340806,49101.457631244,
2012-06-23,6.44754168907072,59947890.149425805,1.31590739,57582.1609448644,
2012-06-24,6.35049403857393,59087157.172488414,1.29595593,46247.4991797672,
2012-06-25,6.31747363004091,58828568.5842839,1.28915512,59819.7745645216,
2012-06-26,6.43286082875511,59950983.620852046,1.31046257,58502.8101289665,
2012-06-27,6.61571340151958,61708994.40680801,1.34542168,55523.1401997192,
2012-06-28,6.59006463296318,61514893.84789314,1.33892459,49790.4400907858,
2012-06-29,6.65877675715956,62204895.53937822,1.35144702,52110.6298505784,
2012-06-30,6.68042762302747,62451244.1851726,1.35478588,45449.1543067431,
2012-07-01,6.62686009234366,61997524.709132895,1.3431952,52253.0660105145,
2012-07-02,6.74347805084746,63139793.28092842,1.36464463,59855.6376700623,
2012-07-03,6.44999240327294,60443460.61211648,1.30578732,69634.4932967625,
2012-07-04,6.51483533313852,61099970.756687224,1.31743258,55792.3337719693,
2012-07-05,6.64239860432496,62344159.65733903,1.34189548,50246.812292292,
2012-07-06,6.67218118936295,62675402.12600879,1.34647254,59266.0586011312,
2012-07-07,6.80827371186441,64010301.356431305,1.37465592,69721.8842351978,
2012-07-08,6.79631768790181,63949884.55003694,1.37033073,56695.2287056026,
2012-07-09,7.03239588603156,66228574.0109724,1.41488587,66511.019392808,
2012-07-10,7.17858003565167,67659123.05269025,1.45714854,63017.1326216612,
2012-07-11,7.18514778901227,67769165.5245275,1.45509139,50097.0286478,
2012-07-12,7.55593565020456,71323046.8733178,1.52548031,78642.5914367299,
2012-07-13,7.63092125599065,72093053.51753044,1.53494235,77332.2222707589,
2012-07-14,7.58012917825833,71674215.81054553,1.53495281,79032.6683735945,
2012-07-15,7.62723485973115,72173016.09809996,1.54252702,80820.2801075712,
2012-07-16,8.49340567738165,80432892.74938156,1.70367355,64134.408049218,
2012-07-17,8.75198485505552,82956914.99099937,1.73352208,88574.046702141,
2012-07-18,9.09519268614845,86280546.2054428,1.79066623,85020.1226576248,
2012-07-19,8.87953341350087,84294655.01427075,1.73994899,66256.0650445937,
2012-07-20,8.53245067913501,81062890.09250583,1.67043972,79163.6715730521,
2012-07-21,8.87564584102864,84386002.7507508,1.73068675,73600.4358809116,
2012-07-22,8.50656254412624,80942835.87603346,1.65722469,95041.1297242891,
2012-07-23,8.53121126943308,81237521.89475651,1.65967218,74882.7805797275,
2012-07-24,8.57458517066043,81719570.49669896,1.66485314,86528.605765769,
2012-07-25,8.7693472729398,83645893.81016934,1.69811126,106199.218482053,
2012-07-26,8.87576504617183,84735953.542009,1.71150143,98319.1368815041,
2012-07-27,8.89145989421391,84964924.49795114,1.71018114,101768.2993384,
2012-07-28,8.84256089421391,84565301.46853597,1.69715731,75834.0973742251,
2012-07-29,8.74768065926359,83730525.74786323,1.67503455,97413.0280334736,
2012-07-30,9.08831724897721,87070987.8219796,1.73507837,133580.796159919,
2012-07-31,9.32099840210403,89360785.41971973,1.77024687,114663.340997375,
2012-08-01,9.56802090385739,91793105.78402115,1.80931121,77805.1686569322,
2012-08-02,10.5510396960842,101310978.64772512,1.9719365,92851.3716946559,
2012-08-03,10.9158647466394,104902443.63559788,2.02602743,109580.513654902,
2012-08-04,10.9197148807715,105024617.5257001,2.01583662,100641.659023912,
2012-08-05,10.805117377557,103997526.89568885,1.9855767,84261.4932141129,
2012-08-06,10.8694465017534,104692770.50570764,1.98923564,97833.5926769618,
2012-08-07,10.9412794400935,105474372.3500844,1.99677645,108041.690182794,
2012-08-08,11.0703915967271,106810902.92881712,2.00790333,104668.050076117,
2012-08-09,11.1037247440094,107226894.09658964,2.00671418,108030.487505667,
2012-08-10,11.4475688045003,110636632.18486153,2.06026781,111222.386311463,
2012-08-11,11.5425355271771,111651408.61898217,2.07039383,119740.599555704,
2012-08-12,11.5925523898305,112227384.47474273,2.0737898,145195.932055201,
2012-08-13,11.9849629903565,116122187.2964391,2.13114399,114712.743940131,
2012-08-14,12.1870974810053,118176335.07647696,2.1544732,107128.328504413,
2012-08-15,13.1700773538866,127818103.77325378,2.30814027,115468.966917234,
2012-08-16,13.4507908246639,130646052.43435933,2.33572798,137757.827814554,
2012-08-17,12.0770055423729,117385958.35429204,2.0858717,107047.282328846,
2012-08-18,11.5775071648159,112618349.17115948,1.97544904,151753.501031175,
2012-08-19,7.83062184190532,76242380.12277623,1.36686681,169790.32434401,
2012-08-20,9.97987664874343,97255295.61493373,1.71866113,124904.256383806,
2012-08-21,9.90298201811806,96591607.45006648,1.70425191,118921.157143547,
2012-08-22,9.772554578609,95395671.50898488,1.67933753,86690.4352104252,
2012-08-23,10.0886574260666,98564569.31712045,1.72984273,102342.308181881,
2012-08-24,10.5940425943892,103580497.48772813,1.80794118,85295.956877535,
2012-08-25,10.5836766715371,103552174.73546144,1.80118006,86373.85082235,
2012-08-26,10.545530742256,103273332.10031617,1.7917826,118674.389294829,
2012-08-27,10.9003800806546,106827431.35041092,1.83189532,100925.373532899,
2012-08-28,10.9329585336061,107229255.08782636,1.83040885,117053.459627624,
2012-08-29,10.8677839018118,106681318.81809138,1.81697118,113713.559348395,
2012-08-30,10.7277488383986,105389297.61688048,1.79273795,100635.347670618,
2012-08-31,10.1024098205728,99316690.19995776,1.67505198,117168.298822646,
2012-09-01,10.0065329374635,98454678.08337091,1.66090374,111625.443098407,
2012-09-02,10.2261162016365,100699020.68966392,1.69521665,94608.3067920648,
2012-09-03,10.4971343091759,103450203.51037093,1.73716742,86021.6762899638,
2012-09-04,10.3640018942139,102217456.1812102,1.71209367,99789.0507609704,
2012-09-05,11.0255228784337,108841095.3293075,1.81269181,135926.6280994,
2012-09-06,11.1607690157802,110271634.58060482,1.82965166,117683.9088304,
2012-09-07,11.0761223366452,109528340.24807017,1.81354854,117850.453321664,
2012-09-08,11.0432700333139,109283537.65588708,1.80523977,95507.7014064137,
2012-09-09,11.0620954932788,109557776.88646217,1.8034734,108283.141921292,
2012-09-10,11.1252888047925,110267076.14142475,1.78632149,98340.1683113496,
2012-09-11,11.2680929552893,111764157.42116602,1.80560418,97908.5588273607,
2012-09-12,11.3152859082408,112319940.78047256,1.80894872,117738.469103778,
2012-09-13,11.38029928872,113039260.88940366,1.81613397,120956.693233681,
2012-09-14,11.730107622443,116608882.45764033,1.86613678,134619.212003651,
2012-09-15,11.7183934155465,116576804.07673205,1.85833105,101338.969849219,
2012-09-16,11.8869112238457,118348940.85010096,1.87885659,168994.736371728,
2012-09-17,11.908317157218,118662093.31211604,1.87699904,152376.680678074,
2012-09-18,12.2596508386908,122265375.02910136,1.92401948,128014.294127641,
2012-09-19,12.5048540981882,124798943.89540292,1.9513395,115732.108055933,
2012-09-20,12.3671766493279,123518907.9934015,1.91810213,120240.124903969,
2012-09-21,12.3336578357686,123288353.55958888,1.90624657,136513.125824485,
2012-09-22,12.2137276250731,122185398.1251994,1.88391087,146361.719310345,
2012-09-23,12.1654630263004,121798669.13370024,1.87373566,118050.591445124,
2012-09-24,12.11358871654,121371980.79885222,1.86187643,134866.061586628,
2012-09-25,12.1824053945061,122146156.531862,1.86751446,112594.200784222,
2012-09-26,12.3198168597312,123610143.05888234,1.88332202,99418.3082844119,
2012-09-27,12.3187514018118,123698618.79957862,1.87790927,140119.875249693,
2012-09-28,12.3814573892461,124426093.85762496,1.87920326,166566.004037766,
2012-09-29,12.4047515055523,124764385.42933293,1.87778161,152240.091672491,
2012-09-30,12.3916224728229,124730849.77412473,1.87229802,176971.904416766,
2012-10-01,12.3893951601403,124789580.76210064,1.8688831,108206.834891126,
2012-10-02,12.8072380958504,129091708.8158583,1.9232089,123791.930489731,
2012-10-03,12.9554304944477,130671581.04504694,1.93693159,101383.262609586,
2012-10-04,12.8623857779077,129817358.3317557,1.91743612,104693.917559021,
2012-10-05,12.7522194190532,128792187.50073774,1.8990167,133834.440315537,
2012-10-06,12.5051297136178,126393597.5421964,1.86118784,124203.841016495,
2012-10-07,11.8739970853302,120088737.97575755,1.76871725,176191.812574416,
2012-10-08,11.7333297481005,118770512.82609536,1.74493179,137518.651284201,
2012-10-09,11.8286634354179,119819510.61352432,1.7595105,116916.810902243,
2012-10-10,12.109188478083,122751327.72903688,1.79846745,109174.99991805,
2012-10-11,12.0675518082992,122412521.24424328,1.79078273,108534.950429824,
2012-10-12,12.0280681648159,122101610.63638614,1.7833828,114162.297968099,
2012-10-13,11.9268038293396,121161895.21836431,1.76778643,112072.832278758,
2012-10-14,11.6505779608416,118429755.79785956,1.72624831,87953.613664609,
2012-10-15,11.9083095268849,121150258.44110738,1.76179327,124620.132133611,
2012-10-16,11.8480180689655,120628700.00325371,1.7507955,125996.042213467,
2012-10-17,11.9193881607247,121439970.82156187,1.7561613,107549.813153484,
2012-10-18,11.9259328445354,121600269.51255617,1.75473806,119458.129556378,
2012-10-19,11.7574857971946,119962097.60146482,1.72901826,99483.0374645953,
2012-10-20,11.6943775517241,119410587.2327972,1.71932352,140569.408327441,
2012-10-21,11.657411405903,119126970.2402187,1.70878321,126497.523054931,
2012-10-22,11.7410779129164,120074124.85678738,1.71974123,102393.08937903,
2012-10-23,11.7077817299825,119809710.6919438,1.71372613,93986.635457545,
2012-10-24,11.6343523869082,119152521.5151102,1.70097555,130715.728158564,
2012-10-25,10.7536298202805,110209542.6635787,1.57445232,97484.7817129824,
2012-10-26,10.130619493571,103908142.88185632,1.4868804,188147.273253055,
2012-10-27,10.4581862957335,107359452.2635606,1.53614064,186277.170556886,
2012-10-28,10.7099620838691,110032971.94699004,1.57242952,110126.632663093,
2012-10-29,10.6307389760374,109303025.28727388,1.56040388,106064.041099688,
2012-10-30,10.8593230584454,111730922.96557608,1.59285398,112913.940894067,
2012-10-31,11.1460718381064,114761515.64391676,1.63149593,113345.500422664,
2012-11-01,10.6135357510228,109351152.26178744,1.5558671,89057.727438161,
2012-11-02,10.5305036388077,108570966.32866448,1.5453108,112459.732215806,
2012-11-03,10.650747019287,109888442.8581656,1.56238365,107562.890569823,
2012-11-04,10.7968828924605,111480946.48035993,1.58109304,125051.696628466,
2012-11-05,10.7408207352425,110988015.00669368,1.57225848,125929.116647769,
2012-11-06,10.8681974991233,112377596.36359228,1.58971981,140544.991899036,
2012-11-07,10.9540989444769,113351810.41732705,1.60010198,115031.961103478,
2012-11-08,10.892699371128,112800328.17427774,1.5902082,90928.6902296316,
2012-11-09,10.8158672180012,112086886.48670004,1.57844306,123377.173144575,
2012-11-10,10.8632604430158,112656246.94433863,1.5845781,99656.693005608,
2012-11-11,10.8418406388077,112513802.7452792,1.58025646,116867.84781341,
2012-11-12,11.0313424552893,114553210.17726928,1.60489338,84913.03935774,
2012-11-13,10.9980027790766,114283985.6430608,1.59806012,87382.408627066,
2012-11-14,10.9589524184687,113956556.56966618,1.59128731,104203.209407923,
2012-11-15,11.1751098585622,116280258.27922516,1.62005507,91170.6079023684,
2012-11-16,11.705044829924,121879246.88485298,1.68971657,118382.037736243,
2012-11-17,11.7500423991818,122430036.15735748,1.69344447,97100.0207675039,
2012-11-18,11.6656310321449,121635667.65306927,1.67867627,114996.628392736,
2012-11-19,11.7505293506721,122606667.6846322,1.6880353,99676.0799890116,
2012-11-20,11.6991703167738,122156769.22172493,1.67898029,151129.11333795,
2012-11-21,11.7291351759205,122558788.42453088,1.68083489,103354.954791625,
2012-11-22,12.2919979465225,128528694.52003728,1.75627213,108603.549259751,
2012-11-23,12.2802876195207,128506332.28966635,1.74998238,119248.166642528,
2012-11-24,12.4132043997662,129990951.64110844,1.76602085,114047.403537525,
2012-11-25,12.5296894897721,131302249.06549464,1.77806828,120070.703294598,
2012-11-26,12.1846262399182,127781880.53740852,1.72578205,127125.808835074,
2012-11-27,12.1592753845704,127606001.20753424,1.72025602,115927.767041667,
2012-11-28,12.3316598270018,129501418.24305958,1.74127299,117172.7131725,
2012-11-29,12.4976616534191,131296558.34348965,1.76192076,70184.8818238485,
2012-11-30,12.5861389275278,132265404.83013396,1.77041545,48560.4966583009,
2012-12-01,12.5923868702513,132383636.51287374,1.76938314,81195.1516200245,
2012-12-02,12.4979447565751,131435447.67419828,1.75501044,62783.2846586538,
2012-12-03,12.6569578369375,133154233.36785258,1.77399667,60848.2277570568,
2012-12-04,13.3695895815313,140688725.1480199,1.85774266,41844.3918397425,
2012-12-05,13.3127502220923,140131206.1600305,1.84294645,58090.2444975544,
2012-12-06,13.4779245403273,141916007.77403355,1.8612199,59807.8194796455,
2012-12-07,13.4772824494448,141952711.09091723,1.8543992,54129.9060769477,
2012-12-08,13.4999844091175,142238399.86091042,1.85513901,65262.733502967,
2012-12-09,13.3465108907072,140663415.23017395,1.83087828,48494.013510029,
2012-12-10,13.4922565809468,142247713.40752953,1.84712224,65122.0132781889,
2012-12-11,13.615415666277,143595184.6435536,1.85959868,68361.6679052077,
2012-12-12,13.6682136426067,144196440.98368603,1.86112478,56395.370340474,
2012-12-13,13.7552515207481,145159718.5870764,1.86515926,59093.263309584,
2012-12-14,13.6009222527762,143567118.0897054,1.84173767,39161.8731910322,
2012-12-15,13.5309482887201,142867734.3583218,1.83124675,43350.7608756963,
2012-12-16,13.3328610765634,140813211.39073646,1.80326306,41299.0016547625,
2012-12-17,13.3200719514904,140722763.0080824,1.80108367,48855.7881371211,
2012-12-18,13.2720338690824,140256729.46752235,1.79259699,45361.6269439953,
2012-12-19,13.5385431800117,143121219.03343675,1.82412757,50729.40811098,
2012-12-20,13.5700270263004,143490007.60708508,1.82505515,40890.4917068932,
2012-12-21,13.4289680023378,142040745.08449155,1.80384887,46425.995364912,
2012-12-22,13.4272139129164,142073550.82732213,1.80284753,60248.1659408446,
2012-12-23,13.3181057568673,140959696.01551637,1.78784107,54028.9104482196,
2012-12-24,13.4266626715371,142152977.4285975,1.80152292,52304.3830959112,
2012-12-25,13.3655670046756,141547568.56591237,1.79274659,46737.3921847055,
2012-12-26,13.4546990175336,142543318.60627088,1.80324201,64294.2601762944,
2012-12-27,13.3993031811806,142008694.9528471,1.79484765,65673.98492875,
2012-12-28,13.4555072215079,142661206.94968933,1.80018039,62330.7242206985,
2012-12-29,13.3740038603156,141845218.84627357,1.78895887,57090.9155037585,
2012-12-30,13.445013798948,142654149.83023795,1.79682629,66021.0108608505,
2012-12-31,13.5455524436002,143774388.85573012,1.80428719,58010.8309494952,
2013-01-01,13.3313714219755,141555033.526106,1.77533304,62178.7142654412,
2013-01-02,13.2806068129749,141066803.57478377,1.7682754,54865.2515428784,
2013-01-03,13.3840811484512,142220115.00415587,1.78037669,64305.3565222926,
2013-01-04,13.4517211496201,142990314.83320323,1.78670376,66924.4397808084,
2013-01-05,13.459406766803,143119456.47290248,1.78641402,51396.7254939,
2013-01-06,13.5044965078901,143647868.1839974,1.79112313,53640.930254673,
2013-01-07,13.5560616578025,144253304.1864724,1.79609055,60036.7346846322,
2013-01-08,13.7803506312098,146685836.611271,1.82064961,57332.7336966342,
2013-01-09,13.8209552565751,147162973.2718943,1.82378518,47519.066664852,
2013-01-10,14.12317285564,150432832.95029324,1.85730887,54967.1144020749,
2013-01-11,14.2276211227352,151586978.3821996,1.86676138,46836.7646266896,
2013-01-12,14.2142856560491,151488250.3585849,1.86299654,49937.2533556821,
2013-01-13,14.1607882670953,150965188.42076927,1.85333941,49683.5346070386,
2013-01-14,14.3179703202805,152697071.2694429,1.87068729,65275.0050160575,
2013-01-15,14.3136377516072,152694164.3996857,1.86625363,51785.0438813646,
2013-01-16,14.7078140479252,156947302.6534576,1.91141576,50380.8905820691,
2013-01-17,15.598599739626,166496176.12116817,2.0121271,43307.4559819976,
2013-01-18,15.7157911239042,167794592.57786348,2.01889919,51476.4366585151,
2013-01-19,15.5881263997662,166491554.2221384,1.99859889,72069.7399547785,
2013-01-20,15.7195921373466,167946784.3596339,2.01174993,59220.9635158945,
2013-01-21,16.7810195207481,179342361.50712705,2.13015937,61090.685128225,
2013-01-22,17.3001788386908,184953009.29499075,2.1703499,65685.23562903,
2013-01-23,17.5363954228521,187533596.66876215,2.18559134,62405.3387112379,
2013-01-24,16.90108607218,180805534.9904228,2.09953529,75398.3863826241,
2013-01-25,17.4072020292227,186279514.74057025,2.15223509,79744.907530934,
2013-01-26,17.5536291760608,187914933.1848493,2.16087068,77859.5137885116,
2013-01-27,17.8646280148217,191311673.7282993,2.18079976,76610.1040451439,
2013-01-28,18.7942648743425,201336191.07948732,2.27526587,73729.1486800971,
2013-01-29,19.5147141861484,209131188.1878217,2.32416991,89221.1484873793,
2013-01-30,19.7374466864407,211593616.68692908,2.32557517,87284.8199316936,
2013-01-31,20.5116430306838,219992291.29369807,2.38254625,125355.078105941,
2013-02-01,20.443091956166,219332192.91977447,2.33077644,87344.8827794721,
2013-02-02,19.6359017054354,210747024.72484177,2.2350697,87141.4487514125,
2013-02-03,20.5789396832262,220964098.0580997,2.32891208,118842.24946188,
2013-02-04,20.4404879614261,219561293.9260665,2.30317042,88185.4558733167,
2013-02-05,20.6593447276446,221998394.40214977,2.31494333,107510.605361521,
2013-02-06,21.2085655318527,227977548.32355472,2.36137756,90747.5939784851,
2013-02-07,22.1177651789246,237835974.95012105,2.44320117,96945.234758737,
2013-02-08,22.7873650499299,245122315.0456336,2.48951622,91416.784435954,
2013-02-09,23.7338601537113,255388554.4778444,2.57029343,90602.983263546,
2013-02-10,23.9002893571011,257275617.02012607,2.57573299,123391.290727767,
2013-02-11,24.4972726949153,263799244.59175792,2.61956557,101276.539981256,
2013-02-12,24.9797364073641,269081466.77380985,2.64695645,99322.898001178,
2013-02-13,24.6416509347867,265544956.46981996,2.58643345,112723.823173785,
2013-02-14,27.2823898203039,294105249.0844797,2.81731895,112326.676536969,
2013-02-15,27.1712692291058,293028956.04663503,2.76388477,127397.94115824,
2013-02-16,27.3461635619521,295044317.1963433,2.75541364,146673.506415204,
2013-02-17,26.9272513763881,290651131.11740917,2.69341809,138276.524899366,
2013-02-18,26.9288676370544,290776965.61656386,2.67527962,127086.187145697,
2013-02-19,29.4136243807715,317724200.6113014,2.87905367,115304.216650579,
2013-02-20,29.8198072276447,322255643.80652446,2.88625353,151129.530913178,
2013-02-21,29.8180689158387,322368057.7381488,2.8644687,141595.865437183,
2013-02-22,30.4726565324372,329574421.14223325,2.89510636,141471.759469232,
2013-02-23,29.8064545458796,322491376.7507662,2.81513609,146604.017305094,
2013-02-24,29.8828484924021,323434465.29659873,2.78872419,125079.950539104,
2013-02-25,30.3520330949737,328667440.2015882,2.77552491,166362.790813607,
2013-02-26,31.1555373506721,337497493.39161247,2.82058485,140158.283881104,
2013-02-27,31.2402610829924,338566011.4145815,2.81550442,166375.475412744,
2013-02-28,33.3752939365868,361844584.44544506,2.93242114,141117.849500341,
2013-03-01,34.6062570341204,375321808.1992343,2.99916694,130725.696049606,
2013-03-02,34.143515924021,370426924.4308168,2.94238341,135513.51048,
2013-03-03,34.451740484512,373909556.3316863,2.95351788,144564.65149636,
2013-03-04,36.3762652507306,394959476.3920038,3.07990408,200134.596278002,
2013-03-05,40.6729539902747,441752606.2081985,3.34059331,130198.802397664,
2013-03-06,43.2849961852133,470289960.4404088,3.41073072,174165.534890243,
2013-03-07,41.9474407158387,455925257.05245566,3.24461202,176996.44812444,
2013-03-08,43.902928914962,477355001.1927356,3.35334641,181194.357829018,
2013-03-09,46.8885866123086,510016056.5521488,3.50857536,190417.32780928,
2013-03-10,46.0660384590181,501279796.2860608,3.41442475,241214.434296117,
2013-03-11,48.275074577218,525515935.5891092,3.52669627,196112.480540736,
2013-03-12,44.4135452582116,483629745.12947994,3.21775227,173259.723711882,
2013-03-13,47.0161908515809,512155115.66173303,3.35448171,187532.509307682,
2013-03-14,46.9255625535453,511377878.5672529,3.31080577,227337.388830819,
2013-03-15,46.9025172478223,511328419.90344656,3.27320999,223424.631917718,
2013-03-16,47.1570156995909,514309258.64967304,3.26643484,216061.53207205,
2013-03-17,47.3334997837522,516481367.16659826,3.25507816,262626.561324697,
2013-03-18,51.3654363912578,560719989.7876501,3.46957223,245889.796443339,
2013-03-19,59.4986011114249,649756841.9880818,3.86035942,234671.60596198,
2013-03-20,63.6874854981899,695837672.1730056,4.00566845,319221.414277721,
2013-03-21,70.9175250053215,775218245.3974286,4.23461019,395885.964153684,
2013-03-22,69.8460845417884,763905914.7281493,4.05568242,449410.60215873,
2013-03-23,64.3831163705435,704506765.9267925,3.70672564,391848.139133665,
2013-03-24,71.6904242064758,784805096.648121,4.02556381,327529.720108965,
2013-03-25,74.3140892495617,813794255.4041623,4.02378239,276717.29554471,
2013-03-26,78.6141974320088,861180389.8495988,4.15075356,286855.418272605,
2013-03-27,88.8520799138223,973622415.6559086,4.49610198,278619.258007097,
2013-03-28,87.6731739608416,961105316.7911923,4.28052357,416148.730747512,
2013-03-29,90.29569935827,990247183.1166803,4.30087359,412357.154045375,
2013-03-30,92.1899599883109,1011419720.7924916,4.24924608,404294.008430645,
2013-03-31,93.8992384231444,1030569006.8238,4.26532297,409033.395098175,
2013-04-01,103.580346911163,1137334458.8175838,4.45266486,507874.943726335,
2013-04-02,116.679944241173,1281698828.0109138,4.75336825,531299.50374904,
2013-04-03,131.384809378154,1443802753.8911293,4.85046378,533538.700200227,
2013-04-04,133.007120475745,1462142594.2058332,4.73920513,534133.98205222,
2013-04-05,142.626065488019,1568446691.1457827,4.71276367,606454.78155612,
2013-04-06,143.081822964933,1574041675.7197354,4.6145611,591783.084092298,
2013-04-07,162.852214576856,1792203246.3633568,5.04960835,603835.686877694,
2013-04-08,186.351161848042,2051533382.1581576,5.33290242,656770.227986549,
2013-04-09,230.682996695207,2540595996.9176526,5.64074143,850652.888681299,
2013-04-10,161.192889661017,1776045793.8589313,3.7993504,1222539.97556962,
2013-04-11,82.9015850379895,913752860.3457971,2.09881888,657821.213131992,
2013-04-12,111.476373194039,1229190266.5977046,2.84072926,559815.178312531,
2013-04-13,97.6090718702513,1076690513.5022545,2.50198944,516792.385141022,
2013-04-14,88.8614913997663,980538999.3715825,2.29456796,407971.672898,
2013-04-15,80.8746931659848,892740541.5981705,2.11528578,442529.599697,
2013-04-16,68.2831387270602,754050004.8171343,1.81094891,311750.602278183,
2013-04-17,92.8640369135009,1025893606.645838,2.42321708,309900.40909436,
2013-04-18,108.628345092344,1200445302.7335455,2.78425484,382166.716530321,
2013-04-19,119.012283239042,1315605195.2017653,3.00006559,386318.48467347,
2013-04-20,128.208288893045,1417754798.362304,3.18525555,463338.735088351,
2013-04-21,118.483243756283,1310734486.5240817,2.91485166,597279.158599725,
2013-04-22,126.31427175979,1397849284.9436216,3.07341776,478662.08930603,
2013-04-23,142.127218053185,1573439237.5551858,3.38292483,560371.0005537,
2013-04-24,154.1332778045,1706978240.3145523,3.50996743,600335.23052475,
2013-04-25,141.008659278492,1562233498.5647995,3.16156158,715249.659590117,
2013-04-26,137.209600419638,1520730335.2407103,3.0583438,619929.370863019,
2013-04-27,128.226669605202,1421641367.3100145,2.83739563,522638.10659987,
2013-04-28,134.62356956166,1493159121.3612576,2.9627086,579269.489677585,
2013-04-29,143.810378192577,1595678942.2531545,3.11966325,631409.784038169,
2013-04-30,139.129647545295,1544261147.854558,3.00006777,552276.319031692,
2013-05-01,116.113801040327,1289236474.6378202,2.52047369,558395.84489102,
2013-05-02,106.340984697253,1181083037.8412025,2.32100761,409938.7621563,
2013-05-03,96.3168402741087,1070079113.3807203,2.10886798,366275.310930785,
2013-05-04,112.497636369082,1250294771.117999,2.45598818,411141.895158456,
2013-05-05,116.488715827002,1295132003.6953247,2.53233335,470673.008996268,
2013-05-06,112.118596195207,1247009913.3498368,2.43394807,499201.438897599,
2013-05-07,111.609212873466,1241813188.5874398,2.41884231,482548.762990845,
2013-05-08,113.136061854763,1259268268.1225033,2.44959787,500229.167555164,
2013-05-09,111.974532710696,1246798888.297063,2.42161822,483620.704262083,
2013-05-10,117.691036883694,1310956317.571587,2.54554421,491810.299770817,
2013-05-11,115.49977766277,1287073482.2220523,2.486801,558237.023049608,
2013-05-12,114.885675559614,1280712746.181832,2.46930854,521616.294996101,
2013-05-13,117.404456646113,1309302108.7737687,2.5169175,542208.264689061,
2013-05-14,107.865566569258,1203339070.9115355,2.31657619,490866.124125639,
2013-05-15,108.986852425482,1216232218.9945962,2.33507149,401574.21200512,
2013-05-16,112.917874050263,1260518014.3158429,2.41471463,431451.045810658,
2013-05-17,117.284616014027,1309736635.921785,2.50090692,490901.81071408,
2013-05-18,118.169876680304,1320062670.4666245,2.50453812,482993.881621561,
2013-05-19,117.033880187025,1307829010.9559853,2.47744864,499066.537059567,
2013-05-20,117.818636469901,1316978462.5665684,2.48938747,398718.883928346,
2013-05-21,117.252040911748,1311087675.4844851,2.4741524,484764.271129384,
2013-05-22,118.9781735827,1330852943.0606723,2.50485148,490813.620157671,
2013-05-23,123.726156049094,1384500610.9001327,2.59511089,548198.01918393,
2013-05-24,128.971080654588,1443736428.8167455,2.69072496,560565.063706746,
2013-05-25,128.844915254237,1442855585.1916244,2.65472177,570425.250476893,
2013-05-26,130.158601110462,1458097147.7882545,2.67740913,548644.813471673,
2013-05-27,126.392905902981,1416468208.5524218,2.59424673,613984.679019405,
2013-05-28,125.904595265926,1411493100.4122276,2.57846403,545731.970206464,
2013-05-29,129.564812390415,1453071288.9468243,2.63946924,568010.48119275,
2013-05-30,126.513068381064,1419412080.6870399,2.56977125,604999.863556893,
2013-05-31,127.816488895383,1434594990.9957867,2.58656508,582560.64343211,
2013-06-01,128.791151081239,1446220280.4782424,2.59949225,750633.183040245,
2013-06-02,122.626708942139,1377608657.543742,2.47023042,675526.408385166,
2013-06-03,122.949187901812,1381886143.747886,2.47098358,745211.301891144,
2013-06-04,120.189968731736,1351513939.6042109,2.41037014,674785.549424747,
2013-06-05,120.869923845704,1359715910.585036,2.41605705,584174.086240607,
2013-06-06,119.053975669784,1339826275.5327003,2.36554851,599441.449617454,
2013-06-07,110.1977314436,1240602181.996858,2.19162685,483513.334941159,
2013-06-08,109.178545341321,1229622253.647046,2.17144932,548843.443383695,
2013-06-09,99.9036034482759,1125560431.9740229,1.98865953,460210.694516245,
2013-06-10,104.357566627703,1176194806.7851157,2.07770045,494760.665586696,
2013-06-11,107.507520455874,1212181136.8634653,2.13557988,503842.471436412,
2013-06-12,106.378116306254,1199986618.4765875,2.11326913,601654.17478696,
2013-06-13,101.323897720631,1143444218.8040175,2.01619261,517965.950830181,
2013-06-14,99.2132443015781,1120071870.5583663,1.97525553,486999.095745949,
2013-06-15,99.8750374050263,1127975169.678079,1.98785838,455754.838637432,
2013-06-16,99.0383512565751,1118983801.8092291,1.97078129,474220.279189203,
2013-06-17,100.126305084746,1131638994.8992243,1.99247389,365819.131829853,
2013-06-18,104.289176382233,1179053256.332172,2.07413684,370930.074489898,
2013-06-19,104.417150789012,1180855103.9925802,2.07549068,369143.306783338,
2013-06-20,104.323499707773,1180197648.0023773,2.07320647,422093.830388637,
2013-06-21,101.416857393337,1147741147.2686293,2.01650897,471481.16820733,
2013-06-22,100.039508474576,1132593774.1355276,1.9886398,500599.417947664,
2013-06-23,100.314744593805,1136123648.4934285,1.99397986,505094.405289942,
2013-06-24,99.0456832261835,1122122201.3206155,1.96797679,409156.990770409,
2013-06-25,97.8327887200468,1108764901.010749,1.94416036,407676.785224876,
2013-06-26,98.6517007597896,1118474982.9060793,1.95910003,456107.796766849,
2013-06-27,96.8039495990649,1097930048.4829865,1.92349796,442638.421932721,
2013-06-28,89.4245067212157,1014611777.0377716,1.78128607,445143.521071561,
2013-06-29,88.7972910578609,1007870547.3911984,1.76821188,411720.05109895,
2013-06-30,89.4809076563413,1015972024.1892608,1.78301213,389942.10176063,
2013-07-01,82.8675701344243,941209016.6120192,1.65189371,388930.47029171,
2013-07-02,87.8164666861484,997754431.1692209,1.74762367,335870.71093671,
2013-07-03,77.6913308007014,883071892.5020887,1.55181119,440475.028120066,
2013-07-04,79.1348708357686,899806198.6680473,1.58276019,367089.515839691,
2013-07-05,67.4476238527177,767229523.1070461,1.36137275,378835.377624899,
2013-07-06,66.3416808883694,754959359.3341,1.34844416,341216.607837602,
2013-07-07,72.1095223728814,820931924.913814,1.46501861,338639.273125113,
2013-07-08,73.9885537697253,842678930.7251656,1.50296907,369981.5330445,
2013-07-09,74.8919108708358,853313924.2172979,1.52222014,360259.95506019,
2013-07-10,85.0136791350088,969055184.2081405,1.71733658,379783.436091007,
2013-07-11,87.4975493863238,997748975.538166,1.76516035,398687.751246246,
2013-07-12,90.0466987142022,1027164025.2222648,1.81083744,353949.937555529,
2013-07-13,91.5925978959673,1045157621.0198286,1.83583015,391012.109406778,
2013-07-14,89.892269275862,1026141810.2478448,1.80117415,423647.35454454,
2013-07-15,93.7961525423729,1071090138.1246268,1.87663807,395086.467418021,
2013-07-16,91.7810356516657,1048455135.85242,1.83749352,481548.697162536,
2013-07-17,91.0313512565751,1040309905.5094006,1.8238974,454580.642040822,
2013-07-18,84.9617291174752,971287993.0724019,1.7072557,450952.301092436,
2013-07-19,86.2387945996493,986256159.2696025,1.7344736,391613.021306059,
2013-07-20,84.9108591466978,971464273.6029056,1.70903901,600483.22467092,
2013-07-21,85.6643502618352,980511137.9098779,1.72424963,469322.147259771,
2013-07-22,85.6490286382233,980689069.3884345,1.72449453,386439.92385778,
2013-07-23,86.977056691993,996201703.9889263,1.75049177,335480.676599656,
2013-07-24,88.15173056692,1010006369.1996826,1.77287254,402471.712096988,
2013-07-25,90.166092226768,1033415205.0483528,1.81143598,367147.577383676,
2013-07-26,89.9839859731151,1031696975.948226,1.80661592,409392.77976416,
2013-07-27,88.165275862069,1011243794.396458,1.76941732,476160.132109155,
2013-07-28,92.7458421975453,1064171803.5196216,1.85884089,411693.056710057,
2013-07-29,93.2986972530684,1070930477.4557556,1.869772,462033.032463975,
2013-07-30,96.659552893045,1109984156.8689988,1.93317595,518883.140779424,
2013-07-31,98.0244199298656,1126123141.31779,1.95512089,545157.638204102,
2013-08-01,96.5680178258329,1109819030.9985118,1.92448734,495286.413273306,
2013-08-02,96.0745306838106,1104608731.1131315,1.90836477,505223.602319112,
2013-08-03,95.5067095265926,1098486159.2511232,1.88398021,457379.853148955,
2013-08-04,96.3654821741672,1108794709.9167907,1.89918712,647130.905351311,
2013-08-05,97.5271338398598,1122621651.9925427,1.91794773,512239.633110278,
2013-08-06,97.6712066043249,1124743992.2394073,1.91969225,511368.159725712,
2013-08-07,97.0542068965517,1118090163.2384176,1.90613164,530898.277120906,
2013-08-08,94.2572717708942,1086351798.3907125,1.85073304,559108.531513066,
2013-08-09,92.4727767387493,1066235602.3404772,1.81530455,527375.213628527,
2013-08-10,93.293552893045,1076189159.8915143,1.83035886,558224.525656576,
2013-08-11,94.271312390415,1087977184.081411,1.84834368,580275.40487264,
2013-08-12,95.4464707773232,1102054997.7442284,1.87013093,580187.55584265,
2013-08-13,97.7590750847458,1129204302.8443928,1.90506811,801333.341732442,
2013-08-14,99.1212875511397,1145355378.3299043,1.92870802,524465.311958915,
2013-08-15,98.1063331385155,1134044440.8692153,1.90518517,607911.605754553,
2013-08-16,98.2909602571596,1136591430.502224,1.90684121,426384.089353921,
2013-08-17,99.6305043834015,1152554547.2100892,1.92994937,503961.62536503,
2013-08-18,99.1780397428405,1147801318.6184745,1.91982911,493169.176140536,
2013-08-19,102.784012273524,1189988562.0702424,1.98520771,509186.92541049,
2013-08-20,104.500210987726,1210354339.8885968,2.01417621,554099.226972841,
2013-08-21,110.801603740503,1283881982.2616355,2.12829753,727797.412372893,
2013-08-22,109.523216832262,1269660463.9345877,2.10024403,622739.523060084,
2013-08-23,107.697571595558,1249024180.0524876,2.06093411,541294.53490562,
2013-08-24,108.882675043834,1263266573.0667617,2.08130944,668645.999063105,
2013-08-25,113.082563413209,1312420941.7375212,2.15729459,420407.336997462,
2013-08-26,112.11811484512,1301692972.2303731,2.13483001,503214.244970169,
2013-08-27,117.759790765634,1367690448.2567008,2.23422335,476767.178804472,
2013-08-28,118.317414377557,1374693335.0953615,2.23736392,560486.796206609,
2013-08-29,118.835638223261,1381275915.5939937,2.23910779,572217.977746465,
2013-08-30,124.885379602572,1452234606.6235754,2.34219842,659988.33404892,
2013-08-31,128.377978959673,1493564144.4711514,2.39605237,718637.112745368,
2013-09-01,130.536372004676,1519396350.386524,2.42498554,739015.405311809,
2013-09-02,129.565371712449,1508790670.616328,2.39758629,761019.346369226,
2013-09-03,129.182803623612,1504962196.1589904,2.37429811,641540.141067175,
2013-09-04,122.529238749269,1427948371.6106348,2.2514393,542703.947019631,
2013-09-05,122.370085037989,1426641209.9716427,2.24501895,563466.227787724,
2013-09-06,117.861146405611,1374619240.9086456,2.16099099,694512.676127538,
2013-09-07,119.814989479836,1397841319.7749674,2.19342788,458761.069691666,
2013-09-08,118.057386323787,1377799328.1506035,2.15970205,485841.571484974,
2013-09-09,121.259272647575,1415782620.8170395,2.21003514,633037.841848355,
2013-09-10,122.215530189363,1427531142.4900775,2.22281192,602728.615773119,
2013-09-11,127.088227060199,1485081826.0684192,2.30280245,643434.170990803,
2013-09-12,126.780723553478,1482163619.7065523,2.28428174,690384.23796279,
2013-09-13,127.407745178258,1490143761.5314112,2.29152617,663452.154188786,
2013-09-14,124.348477498539,1455040679.577894,2.22795516,899652.526859019,
2013-09-15,125.076417884278,1464124509.9748642,2.23809743,595876.360133307,
2013-09-16,126.204665984804,1477817489.4534793,2.25259491,512918.082863637,
2013-09-17,126.897250146113,1486495300.3342347,2.26165636,615657.561980414,
2013-09-18,126.903819403857,1487095731.9570744,2.25652894,718285.404194936,
2013-09-19,124.180957334892,1455778304.7065315,2.19436054,628327.181982153,
2013-09-20,122.921635885447,1441629837.4185216,2.17030968,743042.813049032,
2013-09-21,123.508256867329,1449093328.1527317,2.17848848,603180.006672738,
2013-09-22,123.124935125658,1445220763.3623857,2.16687478,648146.606960649,
2013-09-23,122.865699006429,1442822936.2453976,2.16034239,674971.358032128,
2013-09-24,123.797357685564,1454419613.7691677,2.17210146,912909.718632538,
2013-09-25,123.614078609001,1452902992.2411437,2.16519894,721812.583931176,
2013-09-26,124.68567445938,1466003013.6950533,2.18059655,577564.37165104,
2013-09-27,126.605347749854,1489137138.583718,2.21042861,627503.338496155,
2013-09-28,126.796551724138,1491947162.079724,2.21128719,659264.976591389,
2013-09-29,127.108627703098,1496159404.7674823,2.21364079,553727.740837207,
2013-09-30,126.090261835184,1484686328.3955572,2.19174983,540039.918354236,
2013-10-01,127.575424313267,1502770219.4961276,2.21273466,848867.043024613,
2013-10-02,104.105092928112,1226799379.0197356,1.81680607,1216619.88756478,
2013-10-03,117.575495032145,1386122765.6461065,2.04455417,551724.984940021,
2013-10-04,121.930347749854,1438011746.3037417,2.11654681,773669.395755304,
2013-10-05,121.393402688486,1432343798.268721,2.10462698,707536.002615697,
2013-10-06,122.475261250731,1445675300.8478029,2.12014896,569220.746421672,
2013-10-07,123.906872589129,1463057012.7486484,2.126249,506345.04039156,
2013-10-08,124.76652893045,1473712894.0913742,2.13762894,950386.198122309,
2013-10-09,125.933520312683,1488057525.9822075,2.15267013,568550.879351471,
2013-10-10,126.704650496785,1497777548.195321,2.16263506,639812.567154158,
2013-10-11,127.25529924021,1504875330.897519,2.16817047,640204.891697548,
2013-10-12,127.851263004091,1512606987.9574847,2.174057,1337481.29310152,
2013-10-13,132.415658679135,1567339903.1262674,2.2466238,1310125.63070581,
2013-10-14,135.339194915254,1602790253.0088177,2.28766824,919728.251365451,
2013-10-15,141.493908533022,1676598789.1738577,2.37863355,992130.713905087,
2013-10-16,138.327921917008,1639810397.0114093,2.31116231,895548.023563815,
2013-10-17,143.74713383986,1704652669.2151957,2.38998533,609714.537160166,
2013-10-18,152.775572180012,1812451441.576331,2.52745724,1151808.80286843,
2013-10-19,165.772717124489,1967567120.8951907,2.71725799,1163078.62582515,
2013-10-20,166.500151081239,1977029419.9140136,2.71537286,999159.747808438,
2013-10-21,179.910628579778,2137214991.9755812,2.87138391,1044811.06851932,
2013-10-22,190.402781414378,2263020795.417627,2.97641992,1462826.7063434,
2013-10-23,204.600350964348,2432895570.4868827,3.12646993,1152128.03457543,
2013-10-24,194.41004376505,2312767940.308798,2.94581752,1217517.34513943,
2013-10-25,185.64378762595,2209572235.7949986,2.72008931,1343865.19998724,
2013-10-26,179.808218001169,2140934160.0580127,2.63011758,1091202.3510992,
2013-10-27,194.546133255406,2317285644.51419,2.83044183,863920.64739092,
2013-10-28,196.274687317358,2338733568.2027926,2.84330802,893928.569808049,
2013-10-29,204.428174167154,2436705089.238289,2.92026025,876349.157273103,
2013-10-30,197.900599420982,2359863678.14306,2.81514522,1384202.23040448,
2013-10-31,203.283649912332,2425126130.0443306,2.87412323,1268518.87527203,
2013-11-01,203.037109849386,2423240758.0521526,2.85280581,1096101.38646063,
2013-11-02,204.792881355932,2445230033.221009,2.86731813,1080761.35293217,
2013-11-03,210.275382611748,2511700501.1634665,2.92760426,1073746.48030223,
2013-11-04,228.79103886616,2733981942.237586,3.1028572,1170149.90952589,
2013-11-05,243.641668907072,2912502205.740773,3.23550814,1149382.23723981,
2013-11-06,263.209583987142,3147490420.3602624,3.44238515,1091463.65843291,
2013-11-07,290.124226183518,3470383248.6146903,3.65033333,1054946.58315642,
2013-11-08,333.750656511981,3993348230.4100823,4.05004446,1006003.80653402,
2013-11-09,331.051148451198,3962273330.7985,3.9318261,1304764.2004113,
2013-11-10,327.558653499708,3921872793.421458,3.83414476,1508529.5793282,
2013-11-11,342.697692869667,4104735225.964338,3.93601752,2440675.20425112,
2013-11-12,354.645488310929,4249624605.7628994,3.97746675,1837786.1373951,
2013-11-13,394.50449522443,4728901632.958957,4.2842717,1623511.20589776,
2013-11-14,416.706303302747,4996939801.062879,4.37591685,2181676.37595093,
2013-11-15,408.398797334892,4899015075.351959,4.19286144,1979291.8882268,
2013-11-16,435.798442767387,5229805659.898808,4.38705732,2334241.72723504,
2013-11-17,485.33657685564,5826545586.004729,4.73725385,2391348.08563078,
2013-11-18,657.778503874927,7899304673.5368,5.88406778,2080174.82041975,
2013-11-19,546.878397311514,6569699293.6366005,4.73213355,2777584.29840206,
2013-11-20,595.339099649328,7154302952.639276,4.91891962,2338840.68621181,
2013-11-21,720.764425260082,8664265762.149416,5.68827806,2559348.69495985,
2013-11-22,802.916933718294,9655268663.116905,5.68433725,3350220.14912616,
2013-11-23,834.295339989129,10036147278.0914,5.59412815,3674506.17755835,
2013-11-24,807.166695499708,9713193626.185358,5.296892,3874676.60628557,
2013-11-25,816.243386616014,9825949964.087608,5.13246251,4237394.8306058,
2013-11-26,916.097160140269,11031632653.28196,5.08521124,3586095.73231054,
2013-11-27,962.910560911748,11599523735.799128,5.07240404,4734690.78982913,
2013-11-28,1007.38716364699,12139861320.258245,5.00804872,4735006.8924977,
2013-11-29,1128.7254880187,13606971765.944044,5.25316203,4819580.30141162,
2013-11-30,1119.29671478667,13498231256.36596,5.06423911,5210734.10728668,
2013-12-01,964.485793687902,11635980790.70606,4.31245878,8881509.00923624,
2013-12-02,1040.80821770894,12560905292.9521,4.55216972,4151387.47311107,
2013-12-03,1053.62102744828,12720803700.708138,4.5167953,7860745.77136313,
2013-12-04,1134.93223088837,13707359422.576458,4.71817918,5249021.66920797,
2013-12-05,1027.411772827,12413127183.57118,4.1962207,5256383.36758885,
2013-12-06,824.581710337814,9966834404.933245,3.37225697,6387079.22400915,
2013-12-07,703.748376025716,8509735774.126515,2.86818513,4611581.737448,
2013-12-08,783.573348334307,9478800440.282375,3.17322401,4014587.10658735,
2013-12-09,896.079289888954,10843715165.309874,3.60228356,3750129.01195522,
2013-12-10,977.165367329047,11829651680.430897,3.88194448,4710243.707226,
2013-12-11,875.464034272355,10602057499.42278,3.43846013,4300202.60586565,
2013-12-12,873.324805987727,10579709783.987026,3.41655496,4025149.06790484,
2013-12-13,879.156135300994,10654176526.3605,3.40755236,4409921.93220988,
2013-12-14,852.856120526008,10339677758.523289,3.3146272,4901088.77099175,
2013-12-15,864.0616578609,10479352569.42843,3.34036895,4413451.2266475,
2013-12-16,677.894106801286,8224916173.90927,2.62754698,9363103.16157005,
2013-12-17,682.62677270602,8285802128.534398,2.64569174,3961931.0712996,
2013-12-18,526.12097632671,6388734258.019822,2.04906035,4072838.85613162,
2013-12-19,685.525128959673,8328266413.950219,2.65997338,3193166.8062495,
2013-12-20,600.216954260666,7294550562.680974,2.33082877,3815992.56634558,
2013-12-21,597.033502548217,7258264529.66744,2.28074868,2601609.39221835,
2013-12-22,615.013035271771,7479444000.956697,2.38571042,2751604.73688907,
2013-12-23,657.926634155465,8004147786.483797,2.54494127,3063494.87969699,
2013-12-24,650.664745178258,7918550774.870092,2.46859013,3457867.10483374,
2013-12-25,678.290158094681,8257497461.986458,2.56119713,2685430.98770231,
2013-12-26,749.996594956166,9133825877.176537,2.81662728,3404782.70383875,
2013-12-27,722.570567492694,8803142106.234312,2.69881739,4006552.31869149,
2013-12-28,715.852363078901,8723978064.968456,2.67127051,3158649.96806958,
2013-12-29,727.271215663355,8866192331.1518,2.70995202,3335719.7307291,
2013-12-30,735.741997077732,8972642048.597748,2.73973508,3632082.20000505,
2013-12-31,729.557582910579,8900576826.673786,2.71424112,3691241.37928677,
2014-01-01,752.404549944594,9183165093.455942,2.79859382,5517175.19234772,
2014-01-02,784.954921314436,9583074897.837929,2.90688604,2670676.91932932,
2014-01-03,807.222939029807,9858181723.776413,2.97276592,3468549.23939752,
2014-01-04,828.602062618352,10122194340.197912,3.00082617,3503313.3781446,
2014-01-05,902.487380263004,11029131128.078058,3.23751863,4633186.0497563,
2014-01-06,914.459960841613,11179698056.752884,3.25855458,4914913.51245672,
2014-01-07,803.351796198714,9824903933.288067,2.85648041,4525042.38885386,
2014-01-08,820.690009503214,10040908200.522083,2.89105715,4535443.1451328,
2014-01-09,831.334750487434,10175445727.85334,2.91922133,4930974.51361224,
2014-01-10,853.298854844603,10448273116.754469,2.98942387,4535580.33499778,
2014-01-11,889.555837119345,10896894253.595793,3.08800818,5777402.51750686,
2014-01-12,845.191332220924,10357811150.308756,2.92251348,5090195.2246953,
2014-01-13,822.877012197545,10087826041.53968,2.83904175,4210459.44178841,
2014-01-14,815.293602711864,9998161334.875166,2.80186801,3758428.87411201,
2014-01-15,841.089857364115,10318376649.711952,2.87183201,4217005.9545048,
2014-01-16,815.854800298071,10012569710.009302,2.77584537,4241924.52911646,
2014-01-17,792.829506475745,9733004778.696543,2.69438096,3404133.27387066,
2014-01-18,809.783528356386,9944659822.824736,2.74847429,3693311.7459084,
2014-01-19,838.428474734073,10299980451.51209,2.83776277,3964756.61727788,
2014-01-20,828.885216592636,10186783630.981592,2.79830469,4871514.2888793,
2014-01-21,823.817963763881,10127927256.795616,2.77609902,3904490.2341148,
2014-01-22,818.976386323787,10072336523.972544,2.75067841,4921325.3187909,
2014-01-23,810.922425195792,9976871686.178234,2.72035724,5241644.13745878,
2014-01-24,781.042513950906,9612946133.97756,2.61463948,4577168.70503621,
2014-01-25,804.403240800701,9903784380.883541,2.68630023,3891447.09648837,
2014-01-26,814.499381373466,10031182805.819489,2.7159709,4399346.48780865,
2014-01-27,742.701374970777,9150166197.270039,2.47713004,6040771.8236915,
2014-01-28,790.176401876096,9738106157.737011,2.62930512,3226115.43438169,
2014-01-29,793.38442490941,9780656581.472433,2.63373693,3232279.90426251,
2014-01-30,799.474479836353,9859251033.905348,2.64884556,4021343.5262158,
2014-01-31,803.237598784921,9909353329.872757,2.65797129,4212641.890744,
2014-02-01,813.219549216833,10036340766.906248,2.67963991,4366761.15316375,
2014-02-02,814.490870426651,10055818147.18954,2.68024654,4381020.86857656,
2014-02-03,806.997428372531,9966954727.41484,2.65176796,4061986.63042048,
2014-02-04,800.078231893629,9884938387.457537,2.627458,4662961.48683288,
2014-02-05,784.473692777791,9695439645.56509,2.49283475,4108104.59689946,
2014-02-06,763.569382232612,9440554067.322319,2.4248508,4622443.40754955,
2014-02-07,711.571273419053,8800421618.810806,2.26379227,3239923.65141682,
2014-02-08,677.682300941379,8384380163.137503,2.15811443,4306013.7785266,
2014-02-09,687.406054576271,8507055353.318679,2.18797536,2560713.85360142,
2014-02-10,685.457498836938,8485614111.043494,2.1809637,3034340.49203963,
2014-02-11,671.89969169024,8320530164.578434,2.13932234,3177455.32868137,
2014-02-12,653.765780911747,8098876509.86241,2.08400611,4063256.22662555,
2014-02-13,612.918414962011,7595585201.945317,1.95543342,3732203.90452587,
2014-02-14,668.788602659264,8291149398.347711,2.12998114,3351094.4592132,
2014-02-15,654.377060198714,8115544903.131341,2.08368328,3846880.07517398,
2014-02-16,623.250321948568,7732551314.690254,1.98508729,4254676.6144031,
2014-02-17,631.334596306254,7835297830.950292,2.01155832,2812243.33051486,
2014-02-18,627.271761415484,7787431379.864646,1.99849686,3206875.72611767,
2014-02-19,623.54013694623,7744221840.464212,1.9894402,3882380.63908592,
2014-02-20,563.768561098773,7004367602.957469,1.80129677,3495121.25464408,
2014-02-21,580.324315973115,7212264676.099229,1.85383269,2513804.8892639,
2014-02-22,607.12463333723,7548070807.62529,1.93944631,3209639.3077212,
2014-02-23,610.082323746347,7587404609.210057,1.94857991,3270586.35230743,
2014-02-24,542.266650753945,6746591444.292443,1.7420652,3447585.41024301,
2014-02-25,533.707644436002,6642253041.785351,1.72827883,2738486.78800395,
2014-02-26,587.57858829924,7315406185.332312,1.89989181,3619080.47651883,
2014-02-27,585.393925650058,7290958290.631046,1.89448535,3521286.42848027,
2014-02-28,551.29477030976,6868755087.551784,1.78120748,3407746.31205269,
2014-03-01,567.534235441262,7073130818.958252,1.83532329,2801268.27176672,
2014-03-02,558.527707156633,6962838071.332601,1.80787101,2162848.25557079,
2014-03-03,676.505732781999,8436104146.5618515,2.18083347,2478891.43395069,
2014-03-04,674.51139943308,8413747135.726302,2.17294282,3372548.86635277,
2014-03-05,670.338851099514,8364313757.800142,2.15549405,3512792.10713892,
2014-03-06,667.712834003507,8334434857.788749,2.14266138,3414702.4819434,
2014-03-07,631.770295213326,7888419606.475515,1.96402906,4662565.81946043,
2014-03-08,621.524114496201,7763093994.50467,1.93041869,4085715.99207135,
2014-03-09,640.578889322034,8003962626.414499,1.95221351,3384947.78509816,
2014-03-10,628.151241165985,7851020395.6799345,1.9107893,2907116.53210744,
2014-03-11,633.73383823495,7923456808.115389,1.92512349,3693754.50700402,
2014-03-12,634.646823717125,7937759339.556509,1.92370225,3456434.06040891,
2014-03-13,643.432100859147,8050245905.561141,1.94782915,4140207.61988635,
2014-03-14,628.308590005845,7863118514.197157,1.90343662,2236559.76211021,
2014-03-15,636.218650061368,7964735259.477676,1.92641386,2859867.31329703,
2014-03-16,634.168900970894,7941785799.804257,1.91927821,4518329.04399226,
2014-03-17,622.760208649912,7801419760.842789,1.88442201,3263903.59581081,
2014-03-18,614.309513717125,7697798742.521833,1.85742156,2567790.30327641,
2014-03-19,610.511203474576,7652644865.156567,1.84533875,2778419.64596144,
2014-03-20,586.607595710111,7355613307.533916,1.77477734,3294476.77586909,
2014-03-21,569.694517995324,7146185249.9239645,1.71786219,3641291.59895856,
2014-03-22,564.700026703682,7085934876.698491,1.7024792,2932911.12979362,
2014-03-23,558.958861691408,7016884365.2869625,1.68536505,4060999.45281356,
2014-03-24,585.023250518995,7346833013.688013,1.76264446,3225418.94807707,
2014-03-25,583.771189094097,7333400690.598088,1.75724218,2453784.16910848,
2014-03-26,579.243850400994,7278830236.531152,1.74314104,2924721.57927278,
2014-03-27,483.164012612507,6073572051.880776,1.4579435,3523696.71046471,
2014-03-28,498.661328949153,6270548923.201024,1.50668923,2543758.8037429,
2014-03-29,489.517023547633,6157703070.554058,1.47991892,2503197.58882982,
2014-03-30,458.966328275862,5775007986.087655,1.38999605,2014745.3978967,
2014-03-31,455.355354056108,5731621497.269757,1.38223661,2793367.55892397,
2014-04-01,479.008465867913,6031394283.390249,1.45469684,2190656.88165462,
2014-04-02,439.011492524839,5529937933.139614,1.33564877,3145559.90173707,
2014-04-03,449.441151519579,5663605611.19208,1.36778873,2761931.33773585,
2014-04-04,449.719869736996,5669310246.392928,1.36964635,2485627.48778003,
2014-04-05,461.675331482174,5821998222.68565,1.41084013,2752160.90149948,
2014-04-06,458.633480544535,5785370029.689896,1.40141439,2355981.89585422,
2014-04-07,448.655275066394,5661194979.476452,1.37167544,2217546.37353574,
2014-04-08,452.803098796026,5715049689.512991,1.38533994,1829950.40502474,
2014-04-09,442.837984932203,5591057529.487976,1.35469234,2150368.59522249,
2014-04-10,366.911866063413,4633872976.04614,1.1286601,2604842.80916677,
2014-04-11,421.943528071303,5330671997.884658,1.30082437,1749131.42204961,
2014-04-12,424.274212647575,5361824672.730246,1.30827456,2110702.14307217,
2014-04-13,416.362321654004,5263783538.128889,1.28401659,2407657.42973614,
2014-04-14,461.108246586649,5831700454.103345,1.42132931,2731916.92231895,
2014-04-15,521.615299606078,6599314961.691705,1.60547388,2905406.24490792,
2014-04-16,531.481846731999,6726256095.593714,1.62848084,2689251.05713165,
2014-04-17,499.837551544721,6327888316.760624,1.53010414,2706076.91605982,
2014-04-18,483.020013533606,6116912219.011133,1.48000554,2772367.99110293,
2014-04-19,504.365595178488,6389235165.76176,1.54481447,2478551.39598085,
2014-04-20,501.55718444916,6355890527.831336,1.53703688,2903129.8029116,
2014-04-21,498.084530300994,6314013272.666976,1.52622244,2803733.6424231,
2014-04-22,489.503510029223,6207119787.1933365,1.50076937,2101337.97656688,
2014-04-23,490.63296754332,6223465666.190264,1.5016104,2928738.65231322,
2014-04-24,503.291801028638,6385937386.2824335,1.53947611,2506178.88523505,
2014-04-25,466.426171344243,5920295989.25818,1.42807837,3121784.16930471,
2014-04-26,459.22670981882,5830785366.392412,1.4063299,2216047.34576806,
2014-04-27,438.709363717287,5572218634.214096,1.34395279,2695330.38352189,
2014-04-28,441.547805468089,5609948670.955254,1.35421878,2002844.9734579,
2014-04-29,447.709930772047,5690153602.421555,1.37364362,2373811.60726478,
2014-04-30,448.875715514009,5706507501.880846,1.37742743,1798323.6098464,
2014-05-01,460.194698255991,5852429338.715746,1.41200262,2899140.09711454,
2014-05-02,452.239779761701,5753084600.061298,1.38757157,2738555.52006396,
2014-05-03,438.978588005844,5585943179.198117,1.34737725,1824628.31054812,
2014-05-04,436.675398644705,5558283855.615871,1.34079342,1996152.0366392,
2014-05-05,432.338179035394,5504428006.31726,1.32836701,1546079.10989945,
2014-05-06,430.128205394506,5478377263.519906,1.32260352,2583817.44080909,
2014-05-07,442.18287609585,5633670637.626423,1.36002582,2136347.09544072,
2014-05-08,440.402762711864,5612829624.751154,1.35471389,2288273.54317903,
2014-05-09,452.697999723553,5771453495.03259,1.39224562,2305086.13988772,
2014-05-10,456.75584628872,5825231023.284262,1.4045981,2463259.52088618,
2014-05-11,439.114476037405,5601910622.868257,1.3505933,2107297.0875308,
2014-05-12,441.280955581531,5631358282.159968,1.3576711,2174293.30588062,
2014-05-13,439.005774985389,5604101789.113076,1.35114784,2196362.32514587,
2014-05-14,444.848205727645,5680351167.766373,1.36967388,1872053.61437355,
2014-05-15,446.96155873758,5709247733.868237,1.37634402,2329797.59349022,
2014-05-16,448.74215371128,5734022659.318975,1.38233452,2271665.23319837,
2014-05-17,449.2222893045,5742100713.4291115,1.38379554,2846330.18727616,
2014-05-18,446.962641437756,5715139122.43572,1.37668474,2674403.24760663,
2014-05-19,447.404856808884,5722672660.049138,1.37835145,2800193.45760369,
2014-05-20,490.335648158971,6273962196.2835,1.50867507,2437309.33215951,
2014-05-21,493.933491817651,6322158427.653644,1.51856262,2679568.52756389,
2014-05-22,526.81428842782,6745285259.726208,1.61686251,2550796.14223453,
2014-05-23,523.699320280538,6707561732.68773,1.60608676,2450791.24452302,
2014-05-24,527.691243132671,6760722050.706626,1.61622687,2351556.70291129,
2014-05-25,573.312458796026,7347523620.56493,1.7510962,2685405.17828629,
2014-05-26,584.847974868498,7497671961.121003,1.78420425,2658143.76983134,
2014-05-27,573.928269245471,7359634167.591395,1.7360648,2171401.39268694,
2014-05-28,579.189318819404,7429545074.228679,1.74983943,2886725.31537357,
2014-05-29,570.349310929281,7318160444.586541,1.72220405,2171411.11799255,
2014-05-30,620.846360607832,7968680869.470867,1.86223265,2667113.68140693,
2014-05-31,627.892420689655,8061425892.546091,1.87963895,2507046.66898787,
2014-06-01,630.074953535944,8092203714.583295,1.88300736,3186784.51736148,
2014-06-02,663.505723845704,8524764529.187895,1.97543263,3650788.78347102,
2014-06-03,672.387897136178,8641875393.251305,1.99693718,3203424.7509436,
2014-06-04,643.887368790181,8278485521.476026,1.90998921,3593888.80985165,
2014-06-05,661.503558153127,8507491282.602697,1.95863649,2708518.43397621,
2014-06-06,650.133315897136,8363519631.835956,1.92408683,2703361.52059781,
2014-06-07,656.800271770894,8451830551.946989,1.94195206,2878038.64715532,
2014-06-08,657.819974868498,8467188872.85201,1.94276934,2503351.83023013,
2014-06-09,648.336322326125,8347647699.263011,1.91093556,3129398.32990219,
2014-06-10,650.936609585038,8383845331.663904,1.91468487,3398807.4547023,
2014-06-11,631.489022209235,8135671860.200387,1.8557786,2732109.18704523,
2014-06-12,591.975077147867,7629146760.17111,1.71579412,3477994.08182039,
2014-06-13,597.044999707773,7696918927.517334,1.72900225,2666109.45247941,
2014-06-14,575.559461718293,7422495275.792686,1.6672379,3378320.32975696,
2014-06-15,589.724646405611,7607972669.742339,1.70763012,3554349.15871317,
2014-06-16,590.567482174167,7621621668.269791,1.70895309,3357698.58037231,
2014-06-17,609.080002922268,7863338435.037618,1.76144005,3465497.66274646,
2014-06-18,607.629796025716,7847016126.462624,1.75639628,2653182.8809552,
2014-06-19,595.751476914085,7696105115.40057,1.72175665,3124036.51946112,
2014-06-20,591.531522793688,7644341041.254793,1.70893923,3429551.41602032,
2014-06-21,592.764349503215,7663029171.639408,1.71186032,3180962.87500238,
2014-06-22,599.634633547633,7754543912.918248,1.73072722,3522657.11801796,
2014-06-23,589.552299824664,7626752045.951779,1.70033791,3540092.79362386,
2014-06-24,579.973718585622,7505564464.566435,1.67166269,3183637.21807602,
2014-06-25,562.236779953244,7278655388.868243,1.62093285,2925711.45846495,
2014-06-26,580.749230274693,7520798233.422416,1.67219737,2992633.06533511,
2014-06-27,600.638305376973,7781323177.161319,1.72780213,3485349.38860833,
2014-06-28,594.390304208065,7703084236.89747,1.70918053,3390821.48285489,
2014-06-29,600.840518410286,7789034988.55802,1.72411286,2867568.6921274,
2014-06-30,638.94611396844,8285127867.594063,1.82938369,2302759.22460592,
2014-07-01,642.95659672706,8339269085.949757,1.83761917,2485724.37831526,
2014-07-02,651.298347749854,8449693876.733048,1.85565119,2261661.30916854,
2014-07-03,646.413389130333,8388564591.868048,1.83854971,2560998.376542,
2014-07-04,630.635502922268,8186430683.194879,1.79270708,3298718.39247022,
2014-07-05,630.468341905318,8186656505.649635,1.79121232,2603938.92237504,
2014-07-06,634.67267445938,8243503019.146678,1.80217443,2561839.04560687,
2014-07-07,622.854978959673,8092343526.215069,1.76756914,2796222.36803611,
2014-07-08,624.894331092928,8121182835.822323,1.77273738,2661544.47118273,
2014-07-09,621.939091759205,8085357327.32265,1.76136723,3132903.82917889,
2014-07-10,616.522849795441,8017241430.5840225,1.74495565,3133288.01651803,
2014-07-11,634.494378141438,8253417080.417894,1.79446067,2721173.49560002,
2014-07-12,636.923957934541,8287520652.396224,1.80030291,3223823.83970348,
2014-07-13,629.87575043834,8198330361.0318365,1.77957268,2964897.50723038,
2014-07-14,619.197459088252,8061433756.935482,1.74898486,2324693.38813598,
2014-07-15,621.934601402689,8099541253.819256,1.75571279,3161553.82092972,
2014-07-16,616.351882232612,8029055588.439428,1.73946637,2629605.79883141,
2014-07-17,624.259274985389,8134747451.004152,1.76036866,3002451.26742862,
2014-07-18,630.750140268849,8222042400.381292,1.77738508,3638812.44346872,
2014-07-19,629.17336440678,8204272683.385586,1.77274463,3245599.55344,
2014-07-20,625.248676212741,8155518511.085368,1.76080313,2983207.3725258,
2014-07-21,621.305331385155,8106490499.037141,1.74762284,2938912.73316861,
2014-07-22,619.823264465225,8089353581.571574,1.74270129,2652571.36378448,
2014-07-23,619.772816773817,8090957356.263835,1.74066345,2487264.2702008,
2014-07-24,602.87964552893,7872577118.482392,1.69279908,2473403.68632031,
2014-07-25,601.578514319112,7858038002.48922,1.68863136,2769685.95930169,
2014-07-26,594.702607247224,7770214649.365698,1.66914747,2326825.30108101,
2014-07-27,591.575444184687,7731618804.772214,1.65995112,2881152.52485139,
2014-07-28,587.493004967855,7680466301.768531,1.64850401,2678343.23884442,
2014-07-29,584.11239333723,7638446404.929316,1.63937643,2587762.30485722,
2014-07-30,562.914625073057,7363663408.729459,1.58077127,3902129.78311854,
2014-07-31,581.975561952075,7615246130.011167,1.63310806,2739529.14990296,
2014-08-01,596.506759205143,7807730529.548638,1.67172212,2902813.90643991,
2014-08-02,589.757261542957,7721789009.474624,1.65218507,3148523.90950454,
2014-08-03,586.753736703682,7684722365.699664,1.64362281,2835381.94049722,
2014-08-04,587.60833547633,7697795405.135168,1.64417187,2137667.01109539,
2014-08-05,581.881988603156,7624742882.8655615,1.61859835,2169992.06234937,
2014-08-06,582.248371420222,7631931031.328075,1.61916711,3093156.46034628,
2014-08-07,586.046633547633,7684061659.5565405,1.62893008,2541691.97252622,
2014-08-08,589.024412624196,7725432021.491322,1.63661291,2801018.16384497,
2014-08-09,588.978521332554,7727509980.112867,1.63562717,3525377.0138246,
2014-08-10,589.373502045587,7735300179.776458,1.63601768,3264322.65956535,
2014-08-11,573.441483927528,7528807737.955706,1.59181557,3345836.1122912,
2014-08-12,568.307520163647,7463875219.404001,1.57747585,3050213.5876443,
2014-08-13,548.370175336061,7204015648.190995,1.52247712,2411608.84647239,
2014-08-14,505.107499707773,6637940814.668621,1.40529956,3004833.26150897,
2014-08-15,500.323060132671,6577129265.814935,1.39272818,2314744.7005523,
2014-08-16,521.7479628872,6860836902.45511,1.4519714,2233906.7189312,
2014-08-17,497.764658971362,6547578796.122172,1.38521881,3126169.07303607,
2014-08-18,468.957918176505,6170977283.784933,1.30849176,3269988.48354292,
2014-08-19,486.794350672122,6407948972.822277,1.35854035,2809058.54143764,
2014-08-20,515.120353886616,6782996534.776816,1.43685004,2419608.0008996,
2014-08-21,519.307852133255,6840278776.310349,1.44883851,2535647.92977324,
2014-08-22,516.159368790181,6800833147.530853,1.43998218,2285706.48261436,
2014-08-23,497.12575949737,6552062720.254031,1.38794257,2738544.90844599,
2014-08-24,508.430741963764,6702916915.408682,1.41936719,2283154.09702745,
2014-08-25,501.610286674459,6614717186.971278,1.40049218,2028245.65472511,
2014-08-26,511.852321741672,6751992304.037248,1.4286897,2551828.40649573,
2014-08-27,510.162323787259,6731854487.099825,1.42412594,2588865.36987183,
2014-08-28,506.285151665693,6682882888.320471,1.41962708,2782169.67445163,
2014-08-29,508.866571887785,6719119904.604481,1.4275503,2665982.09580596,
2014-08-30,501.275723261251,6621170462.054868,1.40634187,2780807.83499772,
2014-08-31,478.511425482174,6322734056.408167,1.34266216,2985880.98310164,
2014-09-01,474.541489772063,6271891388.006875,1.33136652,1969296.78492338,
2014-09-02,474.430670660433,6272170253.359801,1.33208957,1970993.49411983,
2014-09-03,473.95920338983,6267939738.118691,1.33099316,2527781.15522765,
2014-09-04,489.555201344243,6476124936.21524,1.37428858,2449816.0872382,
2014-09-05,478.749782875511,6334919955.788576,1.34365527,2095783.69591882,
2014-09-06,480.64249181765,6362115562.189336,1.34865874,2714423.52929315,
2014-09-07,478.36550087668,6333829405.773938,1.34317011,2324215.67135553,
2014-09-08,468.975495908825,6211188748.440897,1.31734021,2008056.38792212,
2014-09-09,473.51202717709,6272999635.0141115,1.33112394,1995752.89548181,
2014-09-10,477.778417592051,6331395265.325585,1.34373558,2599268.72255829,
2014-09-11,477.270682057276,6326695286.537355,1.34256122,2298604.52435785,
2014-09-12,473.997282291058,6285128022.207497,1.33422001,2155557.16520553,
2014-09-13,477.960973991818,6339848712.528225,1.34529696,2841201.73837358,
2014-09-14,475.648063997662,6311048240.501205,1.33870825,2247599.2425394,
2014-09-15,472.655629748685,6273210670.646698,1.33078173,2259751.94511144,
2014-09-16,464.177754529515,6162674425.815308,1.30741226,2514666.70244277,
2014-09-17,456.339891291642,6060736703.119739,1.28560635,2415672.65139898,
2014-09-18,426.880106954997,5671386004.701872,1.20503333,2423050.76220762,
2014-09-19,393.893890707189,5234826089.466575,1.11512348,2164815.28037068,
2014-09-20,411.041342781999,5464523276.927779,1.16620763,2141250.18575465,
2014-09-21,400.404530683811,5324755541.167692,1.1367134,1959830.14130346,
2014-09-22,400.881622150789,5332783816.126541,1.13884767,2071257.84787157,
2014-09-23,438.491800993571,5834742821.796625,1.2456203,1965917.76079459,
2014-09-24,423.700091759205,5639571003.487211,1.20431489,1964038.52619637,
2014-09-25,409.537749853887,5452827141.009493,1.16485544,2230525.35225598,
2014-09-26,405.298251899474,5397737713.993579,1.15453429,1578605.40277308,
2014-09-27,400.599334599649,5336499824.108049,1.14181027,1451282.77889072,
2014-09-28,375.549989772063,5004030780.187892,1.07103907,1616493.01180865,
2014-09-29,373.0645578609,4972191289.913951,1.0668785,1440091.09846022,
2014-09-30,389.264040411455,5189586357.846754,1.1140296,1640655.87033377,
2014-10-01,382.909365867914,5106350946.469296,1.09708972,1673380.56721074,
2014-10-02,372.525699006429,4969163059.62108,1.06843242,1588891.9563592,
2014-10-03,357.665713617767,4772249488.664545,1.02941189,1517310.1929175,
2014-10-04,328.826113091759,4388715462.871645,0.9484552,1782063.51566212,
2014-10-05,322.826261542957,4310001696.434204,0.93172895,1621581.34116395,
2014-10-06,326.803532729398,4364416991.047364,0.95087199,1486380.20798555,
2014-10-07,333.570194915254,4455902309.742059,0.97154668,1134681.32837884,
2014-10-08,354.407334307423,4735525159.662999,1.03194969,1323978.43655011,
2014-10-09,361.716424897721,4834526225.15362,1.05462843,1540765.37320104,
2014-10-10,358.890390810053,4798145525.03475,1.04743744,1614160.61732474,
2014-10-11,361.908376972531,4839797028.565469,1.05694518,1646687.77721978,
2014-10-12,377.871243717124,5054666406.091061,1.10393506,1597326.64206677,
2014-10-13,391.994208942139,5245103908.318114,1.14335604,1766805.32533075,
2014-10-14,400.880592054354,5365331639.214268,1.16884486,1632626.00013654,
2014-10-15,394.625879894798,5283109130.09472,1.15308824,1705973.77537002,
2014-10-16,382.321476329632,5119796796.850428,1.11729203,1663592.70462545,
2014-10-17,382.200789596727,5119537452.605556,1.11813531,1444082.42449997,
2014-10-18,391.293177089421,5242933282.983943,1.14449554,1747485.79923333,
2014-10-19,388.684497954413,5209271993.855843,1.13688775,1558757.13188474,
2014-10-20,381.190858562244,5110145458.52303,1.11540138,1494910.40980512,
2014-10-21,385.204633541204,5165426489.17209,1.1273598,1903489.71658992,
2014-10-22,380.778763296318,5107591090.974873,1.11497797,1751380.64131487,
2014-10-23,357.344793103448,4794607576.052941,1.04769288,1551013.17406584,
2014-10-24,357.48843395675,4797955867.12274,1.04955841,1603289.68193289,
2014-10-25,345.811246639392,4642572970.836837,1.01613431,1716185.44470357,
2014-10-26,353.081956165985,4741286825.452372,1.03785791,1123002.29298534,
2014-10-27,350.015711864407,4701503720.872094,1.02988218,1523907.22793904,
2014-10-28,354.653805084746,4765027372.770844,1.04388822,1426312.97463687,
2014-10-29,333.599350087668,4483438417.943993,0.98355448,1740015.08019338,
2014-10-30,344.609382232613,4632873323.3735695,1.01672909,1631334.81998031,
2014-10-31,337.182912624196,4534617815.474207,0.99675714,1834800.23416813,
2014-11-01,324.371315020456,4363609911.359536,0.95963351,1533208.4642665,
2014-11-02,324.248566627703,4363215099.986792,0.95980572,1391560.73540277,
2014-11-03,325.361865575687,4379570738.4608965,0.96404683,1619527.51719384,
2014-11-04,329.657703974284,4438730478.026991,0.97805226,1735453.9909879,
2014-11-05,338.805765341905,4563074937.6711645,1.00559416,1309127.3758616,
2014-11-06,349.689911747516,4711010176.966184,1.03634538,1571746.84605151,
2014-11-07,342.133288135593,4610490609.598312,1.01476248,1571438.07339558,
2014-11-08,345.716332554062,4660097059.218001,1.02534954,1518181.76326086,
2014-11-09,363.610051724138,4902659696.342227,1.07917955,1393115.39929542,
2014-11-10,365.502253945061,4929516028.003077,1.0847227,1533013.04907557,
2014-11-11,367.825466978375,4962035357.503763,1.09194006,1312768.2932778,
2014-11-12,422.591419637639,5702391476.131881,1.25193043,1455935.24664,
2014-11-13,421.914471654004,5694786271.533593,1.24597359,1823971.60231426,
2014-11-14,398.388882817066,5378783673.706376,1.1770509,1748676.7309056,
2014-11-15,377.993840736411,5104746259.077055,1.11736503,1561463.63238695,
2014-11-16,390.205823495032,5271130401.4705515,1.15327838,1701328.2162303,
2014-11-17,387.501031560491,5235987480.485583,1.14624262,1585496.74478053,
2014-11-18,373.864564582116,5053168329.245012,1.10670813,1696963.96160251,
2014-11-19,377.613398012858,5105168798.271772,1.1187722,1401637.63134078,
2014-11-20,356.181265341905,4816644517.467239,1.05691479,1445702.43810439,
2014-11-21,350.748858854471,4744295631.844745,1.04171403,1225667.97767449,
2014-11-22,352.455514611338,4768737135.241565,1.04704666,1720539.5956743,
2014-11-23,367.773242255991,4977292194.704196,1.09252099,1381369.81458253,
2014-11-24,376.994223845704,5103470630.729855,1.11975677,1593014.46073971,
2014-11-25,376.755630040912,5101484016.797386,1.11940193,1371988.81240389,
2014-11-26,367.530208065459,4977825383.829613,1.09262566,1537906.98690018,
2014-11-27,369.530227352425,5006216218.674111,1.09877029,1481376.22009032,
2014-11-28,377.896931911163,5120962491.035964,1.13429879,1502927.50723127,
2014-11-29,376.07633547633,5097767297.32692,1.12906205,1936735.41089118,
2014-11-30,378.690397136178,5134716030.122108,1.13677757,1601182.63187674,
2014-12-01,379.111978959673,5141664430.9294405,1.13825789,1434587.0265017,
2014-12-02,382.946796317943,5195109769.183944,1.1510639,1591199.52639651,
2014-12-03,375.916019286967,5100819421.638344,1.13011906,1182250.10772653,
2014-12-04,368.845568088837,5006226474.334247,1.11229742,1660936.38144759,
2014-12-05,378.428329631794,5137766194.528393,1.1410958,1608673.90086041,
2014-12-06,375.13795119813,5094378923.779156,1.13129289,1574471.78998336,
2014-12-07,376.639793103448,5115960374.406748,1.13597735,1410992.45742544,
2014-12-08,363.215676797195,4935098494.405496,1.10418082,1821805.70265682,
2014-12-09,351.106837814144,4771819224.896033,1.06761307,1475143.01528575,
2014-12-10,347.881393921683,4729226570.972746,1.06041309,1367831.71948377,
2014-12-11,348.593006136762,4740190281.132876,1.06328138,1521941.03052705,
2014-12-12,353.190612507306,4803953827.325695,1.07767689,1426533.92167311,
2014-12-13,349.242945061368,4751534010.866933,1.06591465,1642099.43255656,
2014-12-14,356.07972150789,4845805174.798332,1.08689147,1490845.67497268,
2014-12-15,347.095181472823,4724760193.272132,1.06028962,1607252.20036533,
2014-12-16,328.613320280538,4474354535.571975,1.00469489,1440953.04801868,
2014-12-17,320.297613383986,4362153947.237576,0.98028857,1308619.63642535,
2014-12-18,313.511651179427,4270746563.418479,0.96077271,1217840.34568766,
2014-12-19,318.242888661601,4336286833.337157,0.97619248,1293156.99008536,
2014-12-20,330.065758328463,4498487603.651408,1.01306177,1278678.75492542,
2014-12-21,320.992670075979,4375889171.867257,0.98778637,1363448.95268664,
2014-12-22,331.842584453536,4525159717.147102,1.0214974,1717274.500176,
2014-12-23,336.084128579778,4584259699.74186,1.03954357,1382703.23911297,
2014-12-24,323.032297779077,4407465522.818559,0.99961153,1427548.03301166,
2014-12-25,318.996144360023,4353656119.759833,0.98749454,1394962.02044135,
2014-12-26,329.210341905319,4494310382.821802,1.01929944,1333687.82891679,
2014-12-27,315.968443892461,4314735454.879333,0.97876537,1391843.04167568,
2014-12-28,317.010480420807,4330304447.531449,0.98276009,1561020.13669653,
2014-12-29,313.065531560491,4277700745.441647,0.97130504,1703669.81497197,
2014-12-30,310.442004091175,4243056052.430002,0.9677018,1673863.09268083,
2014-12-31,320.662287258913,4383963251.003962,1.00093553,1434545.8061867,
2015-01-01,314.77647194623,4304793251.431401,0.98274685,1519572.47532184,
2015-01-02,315.942731735827,4322045951.447801,0.98668726,1475784.13022053,
2015-01-03,285.647309760374,3908766304.1326065,0.89443575,1586907.13151435,
2015-01-04,263.334574810053,3604573636.942969,0.826303,1632202.97088049,
2015-01-05,275.003851548802,3765377426.617279,0.86470946,1202039.03548908,
2015-01-06,287.549521040327,3938289680.31584,0.90423431,1361861.14103894,
2015-01-07,297.535565166569,4076100312.4413447,0.93577843,1052470.30059465,
2015-01-08,284.342391876096,3896404868.3487225,0.89651769,1383767.09375183,
2015-01-09,292.501114552893,4009229351.460768,0.9241025,1085523.88835297,
2015-01-10,276.230532144944,3787228266.2153807,0.87375367,1335502.20243442,
2015-01-11,268.755515488019,3685784301.822352,0.85069708,1225262.60743366,
2015-01-12,268.617232028054,3684841437.010711,0.85146752,1092944.81968145,
2015-01-13,224.108117767388,3074985194.613979,0.71350593,1026145.43398932,
2015-01-14,175.637640561075,2410558958.4408317,0.56357972,930527.16360222,
2015-01-15,212.341011396844,2915100171.7199264,0.68179854,729864.29221988,
2015-01-16,207.595204850964,2850669282.952461,0.66753485,954891.941835932,
2015-01-17,199.824836645237,2744657033.111001,0.64325099,762548.336457896,
2015-01-18,211.132518410286,2900779183.5213685,0.68000493,887192.302591338,
2015-01-19,216.894694915254,2980727352.88857,0.69895138,904302.554752611,
2015-01-20,211.919853886616,2912984570.7310276,0.68366065,672812.407056865,
2015-01-21,227.904210403273,3133549519.9997854,0.73912676,925107.460673729,
2015-01-22,233.647382817066,3213303339.613718,0.75789177,907343.516960094,
2015-01-23,233.132852425482,3206949823.142976,0.75661441,855770.678613185,
2015-01-24,249.08212390415,3427130852.439085,0.8081469,785746.001809909,
2015-01-25,254.51794126242,3502717848.299988,0.8258294,857586.694546591,
2015-01-26,273.952244886032,3771045735.620317,0.89147229,1002878.96603735,
2015-01-27,264.753804500292,3645412286.1436415,0.86202293,1300992.04050749,
2015-01-28,235.735840444185,3246828576.082658,0.76846781,1611057.54290654,
2015-01-29,233.957373465809,3223292682.5566597,0.76357085,1207954.74876182,
2015-01-30,228.896189947399,3154353108.9552026,0.74804548,1124241.55980927,
2015-01-31,217.332156049094,2995894384.4903913,0.71163625,1195032.17185529,
2015-02-01,227.111301285798,3131578635.5801654,0.74387279,1082639.78816864,
2015-02-02,240.092419929866,3311526270.04594,0.78676033,1007399.40785408,
2015-02-03,227.775695791935,3142368394.764543,0.74694335,913622.283780247,
2015-02-04,226.781134132087,3129548986.7294297,0.7443882,1055456.89427536,
2015-02-05,217.011151081239,2995587161.00508,0.71333929,1085648.70840532,
2015-02-06,222.724969316189,3075445350.4680867,0.73237364,1180053.9936833,
2015-02-07,228.647127410871,3158128949.8673954,0.75214553,1098079.80134983,
2015-02-08,224.035988895383,3095178117.774655,0.73731062,862815.305500741,
2015-02-09,220.768493863238,3050924501.1420665,0.72729218,1084298.90857245,
2015-02-10,220.888154295734,3053373353.5953703,0.72810409,937991.725462956,
2015-02-11,219.495859731151,3034994445.0602465,0.72439005,973022.676337063,
2015-02-12,222.583227936879,3078346024.6955247,0.73482642,700112.57856552,
2015-02-13,236.555363822326,3272445345.4126353,0.78098836,871174.467760856,
2015-02-14,257.627695791935,3564985013.1081376,0.85038033,1034325.15626839,
2015-02-15,234.445803039158,3245020574.0223036,0.7743708,1098201.7798575,
2015-02-16,235.086126826417,3254806162.1429524,0.77684571,1063594.97488124,
2015-02-17,243.905794272355,3377824460.2731304,0.80607357,1076991.66602969,
2015-02-18,235.995232320281,3269257239.8383574,0.78023417,1187677.75371608,
2015-02-19,241.872253945061,3351675770.863012,0.80139075,1155178.61658049,
2015-02-20,245.530775277615,3403342533.2467337,0.81236962,1090408.64549142,
2015-02-21,245.596002630041,3405118526.015143,0.81269734,961956.919245941,
2015-02-22,236.690668322618,3282542113.112833,0.78366869,1027780.71451474,
2015-02-23,239.066017825833,3316333307.7699175,0.79211394,1030310.14904036,
2015-02-24,239.869262127411,3328249523.0395985,0.79522354,833758.262454456,
2015-02-25,238.236111046172,3306536107.913704,0.79086428,1173922.80517658,
2015-02-26,237.044402396259,3290885014.3304043,0.78721981,1039087.66750926,
2015-02-27,255.116774400935,3542753013.796759,0.8470053,1068531.12624588,
2015-02-28,254.948448568089,3541320575.334996,0.84675657,1138555.66311946,
2015-03-01,260.651330800701,3621447826.4223385,0.86514949,979660.080977565,
2015-03-02,276.322613676213,3840273594.0355306,0.91679724,1277153.04012241,
2015-03-03,282.705900935126,3930103866.720896,0.9391453,1356751.04799536,
2015-03-04,273.447536528346,3802353560.404225,0.90841341,1150222.61728387,
2015-03-05,276.268809175921,3842495720.100343,0.91835146,1112274.88396849,
2015-03-06,273.31811484512,3802467147.671228,0.90850025,1069815.36294775,
2015-03-07,276.403357393337,3846357193.5067153,0.91980286,1093338.37354889,
2015-03-08,275.338033898305,3832606247.309387,0.91749265,1263093.90388293,
2015-03-09,290.130059029807,4039550376.798644,0.96777239,1228704.25963725,
2015-03-10,292.320383109293,4071157601.590487,0.9731036,1339461.47266863,
2015-03-11,296.693329339568,4133202066.976224,0.98702529,1368494.2516486,
2015-03-12,295.800344827586,4121730744.3014336,0.98143882,1094308.30761627,
2015-03-13,285.911026300409,3984974925.7116528,0.95005909,1124821.81863606,
2015-03-14,283.608306253653,3953808857.432272,0.94250473,1051243.33341914,
2015-03-15,287.270142022209,4005885829.3209662,0.95476771,1111367.7239335,
2015-03-16,291.392118059614,4064377990.968419,0.96883474,1044154.1050261,
2015-03-17,285.248396551724,3979597299.529015,0.94842564,1118080.70032732,
2015-03-18,257.286160140269,3590470758.148221,0.85686576,1320674.89785264,
2015-03-19,262.092947983635,3658447942.870213,0.87346947,1038892.10203537,
2015-03-20,262.966492109877,3671535473.048781,0.87674824,945367.378745339,
2015-03-21,261.18429748685,3647638460.674516,0.87101347,1202959.83423877,
2015-03-22,268.899415838691,3756340581.685765,0.89689624,978614.418954976,
2015-03-23,266.777992986558,3727672828.325737,0.89015559,1149817.6092931,
2015-03-24,246.835082992402,3450079309.845664,0.8245462,1247262.44601875,
2015-03-25,246.719136762127,3449457911.189756,0.82488492,1106539.1759772,
2015-03-26,249.532993571011,3489722601.0325127,0.834809,1128027.22590663,
2015-03-27,247.378898305085,3460655091.7098737,0.82811622,1268664.29226788,
2015-03-28,253.23161396844,3543467384.045613,0.84785463,1005981.65833757,
2015-03-29,242.967614260666,3400772692.2460265,0.81383575,1110135.86666338,
2015-03-30,248.336934541204,3476807669.77845,0.83226724,973393.48077274,
2015-03-31,244.712485680888,3426981735.4601855,0.82051756,1083199.55999248,
2015-04-01,247.185819403857,3462434297.988554,0.83080879,942541.77656054,
2015-04-02,253.630070426651,3553754159.7478676,0.85233643,1199712.09749658,
2015-04-03,254.83316364699,3571541519.377944,0.85676268,1067896.69834402,
2015-04-04,253.945848626534,3560076951.5634046,0.85381712,1205590.6290449,
2015-04-05,261.112136177674,3661507536.656768,0.87790912,1082160.05929545,
2015-04-06,256.367386908241,3595780709.6418576,0.86213123,942391.439865455,
2015-04-07,254.831898012858,3575212472.863145,0.85722526,1229555.75469383,
2015-04-08,245.825210403273,3449619643.6193047,0.82735719,1013831.8772282,
2015-04-09,243.860636177674,3422861974.0229797,0.82153081,905334.768100351,
2015-04-10,235.871900642899,3311627278.6861534,0.7967323,1125051.63652566,
2015-04-11,237.40906779661,3334039944.6794286,0.80216867,948286.14929616,
2015-04-12,237.141042372881,3331034797.1198006,0.80176151,830709.719453486,
2015-04-13,225.505635885447,3168475905.582176,0.76357046,1080582.91452837,
2015-04-14,219.757236703682,3088526389.955216,0.74489185,901375.649856275,
2015-04-15,223.313907948568,3139193896.7531385,0.75926768,717156.84964451,
2015-04-16,228.493815312683,3212797788.7174425,0.77719921,927077.299737437,
2015-04-17,222.785060198714,3133230098.8648686,0.75827898,754220.2607667,
2015-04-18,223.398044126242,3142666455.438616,0.76055574,916061.356961556,
2015-04-19,223.284135300994,3141873440.651929,0.76035314,1081326.8690184,
2015-04-20,224.894903565167,3165404711.9527783,0.76631946,983941.699833826,
2015-04-21,234.939356516657,3307679429.760625,0.80085177,996289.362301728,
2015-04-22,233.822418760958,3292842739.3319163,0.79730639,1041849.93641138,
2015-04-23,235.933293687902,3323336266.505856,0.80445024,844835.494701797,
2015-04-24,231.458592343659,3261023526.381876,0.78956794,818037.569884457,
2015-04-25,226.445992986558,3191323707.420489,0.77276772,1138632.77753551,
2015-04-26,220.503406779661,3108368118.7985716,0.75294572,840330.369719244,
2015-04-27,227.325990356517,3205322554.4344916,0.77665961,953399.459954905,
2015-04-28,225.549368790181,3181134712.780328,0.77087913,997245.566561662,
2015-04-29,225.66928842782,3183542552.1176934,0.77154151,741391.64271784,
2015-04-30,236.327976037405,3334697580.252962,0.80792304,872918.642666443,
2015-05-01,232.746582700175,3285023618.0932474,0.7959527,1029919.5580613,
2015-05-02,235.540077147867,3325317068.7980733,0.80559481,1002482.24492307,
2015-05-03,240.464248977206,3395683374.166686,0.8223728,944154.636483757,
2015-05-04,238.976661309176,3375441331.3939366,0.81741779,901989.777103338,
2015-05-05,236.02338340152,3334636256.3268895,0.80768013,980916.53417919,
2015-05-06,229.481219300429,3243129510.315094,0.78562752,1095042.63966171,
2015-05-07,237.130687317358,3352071042.0165324,0.81202047,879719.261384585,
2015-05-08,244.383472822911,3455512600.4369807,0.83681725,1071486.17039957,
2015-05-09,242.705950029223,3432575633.3014,0.83113721,921816.71766574,
2015-05-10,240.731483927528,3405427237.132972,0.82457424,966831.312930865,
2015-05-11,242.24983722969,3427862999.982543,0.83050336,1068466.31559159,
2015-05-12,242.209092051432,3428194735.1290326,0.83069449,1064598.06412984,
2015-05-13,236.550265926359,3349058503.970869,0.81161902,1209740.0246009,
2015-05-14,236.948916715371,3355614821.1943264,0.81336253,1112652.15389852,
2015-05-15,237.484502337814,3364072414.3400226,0.81536167,1100858.35891009,
2015-05-16,235.812134424313,3341160767.43048,0.80981981,893513.609002344,
2015-05-17,236.963682933957,3358489778.3415008,0.81389832,1144998.33057769,
2015-05-18,232.88384961543,3301504622.314656,0.80026593,970848.767929774,
2015-05-19,231.974446814728,3289366286.089859,0.79745588,818617.777220403,
2015-05-20,234.190306253653,3321635813.1214366,0.80520035,969954.100248016,
2015-05-21,235.553821741672,3341887992.1334968,0.81004487,992600.295782172,
2015-05-22,240.323203682057,3410382068.5042577,0.82662537,908597.137475951,
2015-05-23,238.963281706604,3391752764.837056,0.8221977,791439.177905592,
2015-05-24,240.711758328463,3417448566.3367686,0.82826864,954369.712057463,
2015-05-25,237.003543249562,3365637492.525991,0.81597835,932241.661014417,
2015-05-26,236.796261250731,3363546390.9779067,0.8155281,1029440.19202808,
2015-05-27,237.203596434833,3370150691.107788,0.81731823,899539.373532816,
2015-05-28,236.956881940386,3367427368.8120537,0.81693429,803899.965142772,
2015-05-29,236.646526592636,3363927954.359101,0.81601049,1128074.46801485,
2015-05-30,232.788770017534,3309881465.931194,0.80519424,888252.169613421,
2015-05-31,229.45054792519,3263266290.1144304,0.79414393,926865.371505693,
2015-06-01,223.282701928697,3176283463.5879455,0.77376466,792896.662782127,
2015-06-02,225.320800993571,3206121170.177127,0.78141163,920829.233457179,
2015-06-03,225.213063413209,3205387663.46291,0.781559,860046.112515177,
2015-06-04,223.54007685564,3182364543.572413,0.77606861,945238.915123538,
2015-06-05,224.731071887785,3200095126.8254943,0.78040202,839491.369756514,
2015-06-06,225.160513150205,3207212190.7237835,0.78204257,1262209.26648019,
2015-06-07,223.411685856225,3183133902.5672565,0.77660755,942417.318145213,
2015-06-08,228.774291350088,3260437385.480899,0.79532581,1021051.37608598,
2015-06-09,229.370529514904,3269800705.300981,0.79751177,954812.701541047,
2015-06-10,228.588487434249,3259618059.6787004,0.79522298,1086411.51054592,
2015-06-11,229.584411747516,3274594553.39029,0.79912895,875567.013509312,
2015-06-12,229.811218510228,3278645359.7715898,0.79991673,943621.951601325,
2015-06-13,233.015344535359,3325283867.7453513,0.81144066,1135309.32280931,
2015-06-14,232.507108708358,3318891280.937176,0.80992401,1011033.83300274,
2015-06-15,236.7909628872,3380893025.566776,0.8248878,1026526.56898407,
2015-06-16,251.432676797195,3590688627.318475,0.87513216,866651.63510904,
2015-06-17,247.969317650497,3542208169.255785,0.86325931,1156640.63090393,
2015-06-18,249.012479544126,3558080744.5076447,0.86709753,1133271.14912139,
2015-06-19,244.803484219755,3498839053.211169,0.85251691,1043809.14232646,
2015-06-20,245.582513150205,3510795978.6962175,0.85520736,893986.621257645,
2015-06-21,244.300260081824,3493222489.168514,0.85070324,835797.23668661,
2015-06-22,247.017892460549,3533026458.364837,0.86017515,1122575.84082726,
2015-06-23,244.184763296318,3493359666.627246,0.85051054,1016657.5535392,
2015-06-24,240.451545295149,3440889209.155896,0.8379559,1077185.36594486,
2015-06-25,242.347857685564,3468946578.9566417,0.8448489,1073298.21734134,
2015-06-26,242.967997369959,3478758632.332473,0.84717268,1094024.9937944,
2015-06-27,251.529326709527,3602148913.9906864,0.87686139,860747.558580137,
2015-06-28,249.058285797779,3567639092.8363156,0.86825845,1065646.02936789,
2015-06-29,256.65022238457,3677288176.3647776,0.89447788,999244.94041141,
2015-06-30,263.854356864991,3781465593.629716,0.91895089,987310.631191298,
2015-07-01,258.042647574518,3699045163.581754,0.89877462,930878.951249757,
2015-07-02,254.747113383986,3652784408.5741506,0.88759905,1128069.41887236,
2015-07-03,256.087042833431,3673028226.0687375,0.89360593,1209697.87933563,
2015-07-04,260.50923962595,3737445242.301517,0.90895603,1054905.78005882,
2015-07-05,271.302458211572,3893255324.658752,0.94652746,1099548.27244529,
2015-07-06,269.137940093513,3863411819.863917,0.93879668,1414820.45148119,
2015-07-07,266.469919053185,3826005679.665925,0.92913382,1060705.92909097,
2015-07-08,270.576142898889,3886052381.875888,0.94328042,1177488.42525327,
2015-07-09,269.680304792519,3874082916.7972,0.94097662,950484.103208261,
2015-07-10,285.558780829924,4103284006.154959,0.99548676,1249167.49904509,
2015-07-11,293.917453828171,4224479904.060616,1.02415822,1179775.00376404,
2015-07-12,311.481879894798,4477984910.629349,1.08367916,1187913.99337887,
2015-07-13,292.649223845704,4208322109.0537567,1.0183322,1315092.08234471,
2015-07-14,287.740951490357,4138776579.4098334,1.00130096,1103504.05169445,
2015-07-15,285.922885447107,4113719736.5051913,0.9949258,1152154.50300595,
2015-07-16,278.532749269433,4008327127.831101,0.96964467,1036399.52668594,
2015-07-17,280.064724722385,4031402817.2637777,0.97483547,1208780.75198532,
2015-07-18,277.354635300994,3993425473.3327727,0.96571539,1138075.97890539,
2015-07-19,275.281989479836,3964629041.592124,0.95860718,1140279.14952982,
2015-07-20,279.114393045003,4020912112.082604,0.97272012,1168610.80751842,
2015-07-21,276.652412624196,3986323280.294136,0.96438518,1047201.4931061,
2015-07-22,277.764369082408,4003415009.135876,0.96830559,1253888.34703836,
2015-07-23,276.811628579778,3990652010.721179,0.96492102,1119705.21422306,
2015-07-24,289.305976329632,4171998964.94545,1.00796633,1438918.92921829,
2015-07-25,289.507639976622,4176021703.291408,1.00828547,1408342.78252167,
2015-07-26,293.314842781999,4231994880.1714096,1.02127006,1277746.10415977,
2015-07-27,294.426761835184,4249134571.165748,1.02492676,1306713.90985256,
2015-07-28,295.410125268849,4264330758.2668986,1.02815783,1066597.43299379,
2015-07-29,289.85583635301,4185254440.491251,1.00910193,1320651.5092379,
2015-07-30,288.236260666277,4162834833.189751,1.00375693,1054979.16522922,
2015-07-31,284.597324371712,4111354069.840921,0.99098704,1288534.21587347,
2015-08-01,281.66884628872,4070140113.2944407,0.98089158,1239800.28815435,
2015-08-02,282.423006428989,4082103941.822639,0.98353023,1333895.56796352,
2015-08-03,282.185052308591,4079772161.4761286,0.98277599,1172220.41228981,
2015-08-04,285.286617475161,4125583913.0988026,0.99397021,1093225.2819871,
2015-08-05,282.338886908241,4083894998.741782,0.98382413,1158064.00473945,
2015-08-06,278.99574868498,4036535536.3477015,0.97232925,1043204.44745325,
2015-08-07,279.488715078901,4044625067.23579,0.97419688,1053294.04266762,
2015-08-08,261.450275569842,3784633860.88136,0.91166096,1298511.35996027,
2015-08-09,266.342020455874,3856390022.6339407,0.93317694,1001685.38411781,
2015-08-10,264.928825248393,3837034320.2133784,0.92856137,1180678.54211654,
2015-08-11,271.421736119229,3932172125.4444513,0.95127646,1356613.92965816,
2015-08-12,268.143868497954,3885529278.640121,0.93998135,915176.452666715,
2015-08-13,264.691627995324,3836477451.006509,0.92822959,1030157.05446934,
2015-08-14,266.355941554646,3861545807.9419894,0.93435614,1104647.2114158,
2015-08-15,261.936836645237,3798376129.588276,0.91933993,1036340.21339359,
2015-08-16,258.930817389831,3755678810.5701265,0.90950511,1011681.12760508,
2015-08-17,258.009398305085,3743262212.3181906,0.90668516,1165560.25589488,
2015-08-18,217.885883116937,3161908681.4787455,0.76798027,962805.135865087,
2015-08-19,227.218251899474,3298223973.136621,0.80186184,994149.265002381,
2015-08-20,235.523883109293,3419668945.8115654,0.83203851,990706.284017562,
2015-08-21,232.80061783986,3381089030.1706786,0.82326318,1094121.52693361,
2015-08-22,230.639173290473,3350608229.0454893,0.81611734,1114688.756514,
2015-08-23,228.673073933372,3322811795.558806,0.8092317,883287.12071523,
2015-08-24,211.955917592051,3080718804.641924,0.75213176,947272.889596924,
2015-08-25,222.655039450614,3236978949.7615495,0.79407506,833857.327483683,
2015-08-26,226.116700175336,3288215003.8125396,0.80814493,1111421.56469882,
2015-08-27,224.939877264757,3271871929.03352,0.80418084,894643.416716403,
2015-08-28,232.17080829924,3377949385.754657,0.82998858,996417.489798501,
2015-08-29,229.826200175336,3344756014.504504,0.82198826,1104913.11274019,
2015-08-30,229.019572472238,3333875650.378945,0.81927215,1026749.70435154,
2015-08-31,230.689466101695,3359090020.869341,0.82540167,1166315.14883878,
2015-09-01,227.955570426651,3320159149.4715314,0.81598508,996219.655070932,
2015-09-02,229.502180709527,3343603441.5586166,0.82188383,1028141.3362183,
2015-09-03,227.107121566335,3309538909.865801,0.81397546,946813.724187596,
2015-09-04,231.177563413209,3369757378.780903,0.82872426,983178.575379109,
2015-09-05,235.903006136762,3439504689.6556134,0.8456626,1004753.90667431,
2015-09-06,240.805472238457,3511850352.6229343,0.86322379,1066585.28110236,
2015-09-07,240.6336157218,3510258445.208255,0.86259401,980256.737882261,
2015-09-08,244.174952659264,3562748121.604004,0.87516289,884157.909211509,
2015-09-09,238.722463179427,3484080201.8657794,0.85581756,1075638.06749423,
2015-09-10,238.750477206312,3485509618.4324985,0.85661875,1395881.10717179,
2015-09-11,240.845008116891,3517038528.374584,0.86421443,1048514.72308529,
2015-09-12,236.351832176505,3452222524.8582377,0.84831164,925443.559872146,
2015-09-13,230.548837317358,3368332625.2484193,0.82782905,962877.92093509,
2015-09-14,230.948793980129,3375053610.9508767,0.82963832,985208.4662242,
2015-09-15,230.398590005845,3367934600.819471,0.82794791,1017982.81185978,
2015-09-16,229.043285797779,3348936055.7358813,0.82333716,878460.558930335,
2015-09-17,233.202697837522,3410592059.075548,0.83834106,965862.199522043,
2015-09-18,233.175130917592,3411045811.1699696,0.83835706,1045660.47046356,
2015-09-19,232.241568088837,3398114768.435108,0.83518355,778412.490972329,
2015-09-20,231.362323787259,3385990191.2382693,0.83222368,845718.999559717,
2015-09-21,226.773447983635,3319580294.937164,0.81585049,824073.058883626,
2015-09-22,230.626304792519,3376884819.9776177,0.82986426,1007970.00409128,
2015-09-23,230.132437755698,3370562525.320915,0.82892525,1043257.70621495,
2015-09-24,234.319868497954,3432712535.04904,0.84398148,923866.457266453,
2015-09-25,235.538221800117,3451526735.2461615,0.8484784,1145777.71973395,
2015-09-26,234.591814436002,3438520409.0167646,0.84518839,1220066.01825703,
2015-09-27,233.243309760374,3419623585.4358406,0.84044962,1029150.16396941,
2015-09-28,240.017265341905,3519795870.993324,0.86502832,1047573.37815367,
2015-09-29,237.336233781414,3481511596.1079073,0.85547192,1259186.30740058,
2015-09-30,236.739848042081,3473639084.697917,0.85345406,979289.075701089,
2015-10-01,238.229813851549,3496388477.7137675,0.85908051,1034425.38573053,
2015-10-02,237.937007305669,3492911974.530072,0.85804128,874869.524902395,
2015-10-03,239.735897720631,3520188703.531519,0.86449878,1015435.61556746,
2015-10-04,239.516924897721,3517889543.982753,0.86381713,991818.86960847,
2015-10-05,240.961213833431,3540024122.1673555,0.86904243,1004466.6374232,
2015-10-06,246.940498246639,3628743989.808128,0.89045639,1006233.85631681,
2015-10-07,243.734486849795,3582442674.919352,0.87953074,971432.158899048,
2015-10-08,243.029632963179,3572933240.2314487,0.87738611,946915.535039047,
2015-10-09,244.448887492694,3594568617.940213,0.88249178,835694.014570838,
2015-10-10,245.955924313267,3617713095.821152,0.88802862,1120907.08993729,
2015-10-11,248.528165400351,3656454767.730005,0.89733993,1027072.83493905,
2015-10-12,246.093637346581,3621510561.5686746,0.88965466,971477.171299094,
2015-10-13,250.471300701344,3686790059.116854,0.9052258,919373.613058023,
2015-10-14,253.142325540619,3727067912.782575,0.91550869,1141735.68737837,
2015-10-15,254.693015002922,3750956017.1938376,0.92101163,1129159.01952563,
2015-10-16,262.737363237873,3870373892.991488,0.94954679,1060255.17248348,
2015-10-17,271.930938924605,4006728659.130051,0.98206419,951378.593521099,
2015-10-18,263.481677381648,3883189309.168762,0.9516082,1073284.22200386,
2015-10-19,264.362728229106,3897264719.6751375,0.95474467,1395310.92602596,
2015-10-20,270.832211864407,3993505229.4949102,0.97727168,934359.939853749,
2015-10-21,268.040217708942,3953301351.767409,0.96713256,1125150.56626729,
2015-10-22,275.414956458212,4063089753.5678487,0.99332361,1209253.90418724,
2015-10-23,278.612778026885,4111303804.2497926,1.00428416,1142674.31870422,
2015-10-24,283.61114289889,4186089446.822674,1.02166516,1156609.25258102,
2015-10-25,286.04969345412,4223190800.807259,1.02981363,1623113.25054467,
2015-10-26,286.703382817066,4234017247.3148584,1.03170839,1281251.67191498,
2015-10-27,295.562913793104,4365940428.668873,1.06222316,1240340.23588394,
2015-10-28,304.442097019287,4498158206.714291,1.09230955,1153912.62821789,
2015-10-29,314.879462302747,4653559847.774605,1.12707436,1311407.22303599,
2015-10-30,328.492321157218,4856146703.114094,1.17145113,1476152.78568562,
2015-10-31,314.119508182349,4644825841.449939,1.11900853,1383227.73410354,
2015-11-01,329.854227644652,4878753858.828892,1.17301764,1321878.78362379,
2015-11-02,364.616627995324,5394306532.212256,1.29040009,1460207.56295512,
2015-11-03,400.923105201637,5932994875.238465,1.40849617,1978231.68590037,
2015-11-04,405.481681472823,6002025460.71014,1.41400867,2315974.32092308,
2015-11-05,384.341222969024,5690502775.900624,1.33554498,1575194.38098216,
2015-11-06,372.975417884278,5523574280.013332,1.29585462,1531783.25646441,
2015-11-07,386.504550847458,5725402504.349122,1.33922357,1667996.68330699,
2015-11-08,372.400129748685,5517763769.283168,1.29084893,1423351.77150956,
2015-11-09,380.495644360023,5639130421.822669,1.31634235,1699610.87170301,
2015-11-10,337.830502337814,5008045357.344873,1.1732578,1480727.45371108,
2015-11-11,308.922185856225,4580802011.521221,1.07637834,1471948.26870717,
2015-11-12,337.522988603156,5006262858.419689,1.17484219,1465230.86176169,
2015-11-13,337.278958211572,5003992427.356481,1.17320189,1399090.31794522,
2015-11-14,333.047117475161,4942389627.191106,1.15846495,1447180.70221628,
2015-11-15,319.928021624781,4748983122.682492,1.113692,1489093.69428171,
2015-11-16,331.132725014611,4916736893.133871,1.15257372,1662037.49136641,
2015-11-17,335.849786090006,4988027970.297106,1.16708912,1431505.22736011,
2015-11-18,335.744504967855,4987748561.890448,1.16637111,1644297.3427566,
2015-11-19,326.232145528931,4847544173.718769,1.13381269,1320320.74037509,
2015-11-20,321.940475452951,4785117550.713641,1.11922908,1620293.09565213,
2015-11-21,325.905231151373,4845464834.222479,1.13292142,1519596.75177502,
2015-11-22,323.716966101695,4814322324.530699,1.12503742,1422722.58576834,
2015-11-23,323.012556341321,4805162610.897629,1.12274649,1472916.59424886,
2015-11-24,319.961356527177,4761020548.937011,1.11232756,1358434.78067513,
2015-11-25,328.960457334892,4896144197.877515,1.14323112,1220893.92037157,
2015-11-26,356.255292518995,5303959481.157864,1.23571942,1614914.77309775,
2015-11-27,359.268824371712,5350019771.763849,1.24471977,1237283.51634607,
2015-11-28,356.567322618352,5311163382.550138,1.23492724,1632985.21338423,
2015-11-29,371.707612507306,5538066564.959828,1.28597204,1432976.02050953,
2015-11-30,377.389839859731,5624254420.349992,1.30285581,1768320.58084553,
2015-12-01,362.532375803624,5404346669.314776,1.25175777,1762207.66761779,
2015-12-02,359.22240414962,5356450093.194915,1.2400996,1605725.83636865,
2015-12-03,361.210068088837,5387370915.290927,1.24663471,1519899.93769986,
2015-12-04,363.241631794272,5419060652.718329,1.25296246,1443054.33768336,
2015-12-05,389.362958796026,5810458035.515081,1.34032565,2268019.3071972,
2015-12-06,393.319129748685,5871059363.246267,1.35140208,1668698.59313865,
2015-12-07,395.346588252484,5902776056.222066,1.35604281,1548118.40387926,
2015-12-08,413.798660432496,6180087600.810438,1.41573376,2011322.09818367,
2015-12-09,417.632671244886,6239102652.200718,1.4230962,1928283.58427873,
2015-12-10,415.729924313267,6212922055.645881,1.4147374,2394933.75130075,
2015-12-11,453.86148012858,6784598775.116788,1.53766856,1804649.21755335,
2015-12-12,435.85572238457,6517202920.100931,1.47529212,1867996.46203759,
2015-12-13,434.403466393922,6497029960.698693,1.46917519,1708678.21946461,
2015-12-14,442.991689655173,6627636825.546274,1.49347951,2388698.33163941,
2015-12-15,464.617871712449,6953313624.780674,1.5607304,2285879.63538638,
2015-12-16,454.142492402104,6798393278.415105,1.52430436,2022863.29446252,
2015-12-17,456.240134611338,6831562359.3120575,1.52913908,1875537.44081037,
2015-12-18,463.175769725307,6937370780.101776,1.54887254,2034155.34189937,
2015-12-19,461.399907948568,6912583208.0521345,1.5407991,2184464.32719886,
2015-12-20,442.15399006429,6626069348.6912365,1.47646827,1982086.17501883,
2015-12-21,437.640129456458,6560055357.080812,1.46115451,1776647.77870964,
2015-12-22,435.268379018118,6526135996.725024,1.45244997,1818652.9814179,
2015-12-23,442.665727060199,6638784570.330636,1.47498552,1990561.11738404,
2015-12-24,455.878713033314,6838516283.210734,1.51648924,1768771.21282915,
2015-12-25,455.718825832846,6837963518.749962,1.51327284,1907156.27856526,
2015-12-26,418.221531560491,6277112534.646038,1.39046843,2206898.75650771,
2015-12-27,422.705894506137,6346584979.952393,1.40524438,2453742.10126722,
2015-12-28,421.052879602572,6323355781.128885,1.39984175,1773620.49239852,
2015-12-29,431.340021332554,6479562252.391901,1.43330598,1936191.76775738,
2015-12-30,426.043646990064,6401757885.322323,1.41549314,1932066.48256296,
2015-12-31,429.677153419053,6457880528.943902,1.42597532,1603061.39578171,
2016-01-01,434.678006428989,6534508443.28958,1.44202141,1554768.75755142,
2016-01-02,434.439877264757,6532503495.42071,1.44085731,1671419.65771845,
2016-01-03,430.136180011689,6469349717.041512,1.42578556,1720316.24243469,
2016-01-04,433.44897106955,6521136233.407531,1.4358758,2076921.46623175,
2016-01-05,432.669502630041,6511107544.721244,1.43257229,1819807.57014198,
2016-01-06,430.677869666862,6482654224.852928,1.42542709,1702648.04376976,
2016-01-07,459.208940093513,6913797513.641059,1.51365061,1851106.2358306,
2016-01-08,454.134423728814,6839360304.45274,1.49531085,2195603.80444425,
2016-01-09,449.845216247808,6776462099.883678,1.48063286,1781625.14493402,
2016-01-10,448.580216247808,6759368695.870575,1.47362064,1962534.29120554,
2016-01-11,449.033059029807,6768100684.947386,1.4731839,2152938.81762614,
2016-01-12,441.768157218001,6660477159.68141,1.44857001,1983181.23212657,
2016-01-13,432.310645236704,6519487114.256076,1.41794151,1729484.4874725,
2016-01-14,429.823224722385,6483404579.346747,1.4098903,1487692.37910672,
2016-01-15,367.823199883109,5549325125.136024,1.21085056,1269376.69776952,
2016-01-16,388.071204558738,5856183131.288612,1.2771992,1330605.24420353,
2016-01-17,382.482086499123,5773284492.586803,1.25902054,1525313.77287368,
2016-01-18,384.865166569258,5810919867.290267,1.26741248,1668226.93407003,
2016-01-19,378.161725014611,5710964765.319071,1.24584593,1307603.42428136,
2016-01-20,420.622924168323,6353808388.678534,1.3822596,1619573.12254121,
2016-01-21,409.298459672706,6184146146.488751,1.34524409,1506011.15416668,
2016-01-22,381.046459380479,5758959432.442596,1.25973209,1806867.98377984,
2016-01-23,386.370602571596,5841155071.388704,1.27705234,1812144.66066603,
2016-01-24,403.446926651081,6101039864.555417,1.33208711,1839837.02678914,
2016-01-25,391.986097311514,5929313467.64766,1.29373682,1709654.30005389,
2016-01-26,391.142935125657,5918124084.74964,1.29079002,1707435.98861896,
2016-01-27,394.62753037405,5972376363.826889,1.3020216,1647804.54807091,
2016-01-28,378.900995616599,5735750655.041093,1.25165178,1461337.71102289,
2016-01-29,378.99999482291,5738850566.134647,1.2534027,1750044.21085572,
2016-01-30,377.262779076564,5714309199.15575,1.24726247,1949050.86713421,
2016-01-31,366.341687609585,5550547731.526968,1.21190019,1789231.66455001,
2016-02-01,371.22343509059,5626006658.768317,1.23041296,1613765.19778435,
2016-02-02,372.927631209819,5653512455.507252,1.236387,1926651.73845393,
2016-02-03,368.098206604325,5581946530.078866,1.22129665,1939358.51591312,
2016-02-04,389.723081239042,5911509153.57617,1.29128531,1768733.96009392,
2016-02-05,384.398413983051,5832548684.676824,1.27387646,1995379.17486341,
2016-02-06,374.631555523086,5686227481.1046095,1.24218056,2006181.99318944,
2016-02-07,375.153917592051,5695806667.05346,1.24380766,1802661.61108245,
2016-02-08,370.814350327294,5631292826.371553,1.23006764,1464134.16736285,
2016-02-09,373.5116128609,5673897678.079752,1.23955252,1753222.98567767,
2016-02-10,379.082611630625,5760079210.546447,1.25743769,1609224.84661884,
2016-02-11,377.639165108124,5739959017.329744,1.25239109,1934251.63630816,
2016-02-12,382.294456458212,5812351827.981777,1.26735993,1699237.6600938,
2016-02-13,389.598432472238,5924919898.905758,1.29090383,1784279.9863397,
2016-02-14,406.150669491525,6178327890.993508,1.34395157,1752957.85194894,
2016-02-15,399.26761864699,6075140750.17184,1.32080872,1552280.09414739,
2016-02-16,407.035309468147,6194735961.69609,1.34439265,1487411.48818647,
2016-02-17,415.324113383986,6322493985.025067,1.36891644,1622217.09511937,
2016-02-18,421.289662981882,6415087710.934137,1.387065,1897401.34945604,
2016-02-19,419.626528541204,6391283874.672161,1.37990407,1602889.46259119,
2016-02-20,440.195760081823,6706222232.214417,1.44479793,1805928.39735308,
2016-02-21,438.718612681473,6685122328.61557,1.43896168,1426735.74026685,
2016-02-22,437.535295094097,6668480303.687458,1.43388713,1478179.5581374,
2016-02-23,420.032592609585,6403149531.074921,1.37701655,1519269.64747097,
2016-02-24,423.995112507306,6464806599.100708,1.38888584,1283176.88337384,
2016-02-25,424.090870251315,6467910003.96579,1.38869889,1682349.25056426,
2016-02-26,431.762241963764,6586419073.123424,1.4125491,1586359.0966024,
2016-02-27,432.947845996493,6606096233.134229,1.41577688,1648617.78551953,
2016-02-28,433.102262711864,6609903279.443054,1.41489813,1607228.49144493,
2016-02-29,437.775872589129,6682686401.79238,1.42718873,1478331.67942042,
2016-03-01,432.807867153711,6608375018.645714,1.40836687,1666885.76819113,
2016-03-02,423.079789392168,6461501370.36902,1.37665947,1732093.70686982,
2016-03-03,419.268821332554,6404713255.250994,1.36370699,1509986.8712148,
2016-03-04,407.990154295734,6234002294.222064,1.32762119,1646394.13086879,
2016-03-05,397.314453945061,6072369805.449488,1.29300875,1560093.31900579,
2016-03-06,403.705187463472,6171536521.165921,1.31351951,1506590.24991306,
2016-03-07,413.22936616014,6318508877.335182,1.34309201,1395555.07369046,
2016-03-08,411.425953243717,6292517671.840536,1.33712484,1624142.06222708,
2016-03-09,412.540703506721,6311299791.606736,1.3411659,1833517.33163624,
2016-03-10,416.340928696669,6371051280.018887,1.35270133,1663384.8986263,
2016-03-11,419.511934248977,6421253596.186825,1.36229072,1698526.22555897,
2016-03-12,410.264163296318,6281179669.503447,1.33231582,1523923.19793845,
2016-03-13,411.805882466394,6306152777.311628,1.33700014,1408430.95627883,
2016-03-14,415.026957276446,6357055522.544012,1.34667706,1591449.5456802,
2016-03-15,415.266400292227,6362394569.02727,1.34702813,1733877.6950389,
2016-03-16,417.024118468732,6390909675.880863,1.3520056,1660327.56166116,
2016-03-17,418.605363822326,6416617901.827912,1.35638731,1535746.08174758,
2016-03-18,408.901587405026,6269263237.3789425,1.32505057,1421213.43305208,
2016-03-19,409.124429865576,6274070872.375975,1.32598423,1397614.32979625,
2016-03-20,412.056953828171,6320546194.189722,1.33522284,1573282.93989296,
2016-03-21,411.601774050263,6314994502.682408,1.33302131,1440493.04973998,
2016-03-22,416.581653828171,6392939591.120112,1.34807127,1575608.81685465,
2016-03-23,417.378299532437,6406719798.529788,1.35020487,1633014.90774603,
2016-03-24,413.560239918177,6349632756.706358,1.33729801,1648883.85586512,
2016-03-25,416.373243834015,6394342216.905633,1.34555077,1529331.78758435,
2016-03-26,416.823096668615,6402845061.447639,1.34628144,1627195.0051157,
2016-03-27,425.454959848042,6536939368.003687,1.37287033,1494367.76722401,
2016-03-28,422.917446814728,6499748928.59248,1.36375683,1843050.64211507,
2016-03-29,415.863828755114,6392975294.163781,1.3408893,1685402.33992106,
2016-03-30,412.777697779076,6347049897.950738,1.3308193,1535014.08389477,
2016-03-31,415.956811221508,6397222798.802538,1.34039332,1368870.75063678,
2016-04-01,417.20066025716,6417948412.488325,1.3439179,1653575.35497218,
2016-04-02,419.763056691993,6458825358.773215,1.35165651,1775950.81331598,
2016-04-03,420.073578901227,6465094574.320611,1.35223224,1527746.7022819,
2016-04-04,419.540727878434,6458634885.3608465,1.35014818,1864182.28252061,
2016-04-05,422.50136440678,6505849704.095044,1.35890201,1675042.62859603,
2016-04-06,421.907191233197,6498356367.018341,1.35566372,1703077.74932614,
2016-04-07,421.467220046756,6493044381.489624,1.35117853,1524704.23553882,
2016-04-08,418.643460549386,6451049192.286448,1.34214463,1535340.2633668,
2016-04-09,418.758635359439,6454519940.740526,1.34233375,1744821.9160503,
2016-04-10,421.954488544711,6505604052.689057,1.35084023,1849714.70662907,
2016-04-11,423.273044009351,6527552278.210826,1.35449753,1760063.14577406,
2016-04-12,427.427664582116,6593204703.353853,1.36654458,1617822.82632772,
2016-04-13,424.87251811806,6555532751.537464,1.35807492,1760973.81845251,
2016-04-14,425.8565949737,6572462489.19252,1.36084658,1759740.83015229,
2016-04-15,430.724418760959,6649086869.042888,1.37555561,1635538.84372571,
2016-04-16,432.216313033314,6673608366.480628,1.37971516,1502139.35296911,
2016-04-17,429.339968731736,6630892248.942279,1.37038391,1710232.83511893,
2016-04-18,429.656933664524,6637226928.474709,1.37101446,1478746.25211548,
2016-04-19,437.568726183518,6761087094.176054,1.39507656,1696206.85354848,
2016-04-20,442.661653302163,6841606366.10558,1.41003606,1832539.79336054,
2016-04-21,452.164702805377,6990188725.321296,1.43844551,1700340.26831736,
2016-04-22,448.134421332554,6929485128.461931,1.42445756,1780084.41598157,
2016-04-23,453.914722969024,7020499800.864844,1.44126699,1632732.39419212,
2016-04-24,463.382871420222,7168468660.943906,1.46984701,1524430.62208016,
2016-04-25,465.31600666277,7199851372.969952,1.47288881,1511285.52745621,
2016-04-26,469.60876452367,7268046143.045657,1.48393742,1989524.25548891,
2016-04-27,445.741113091759,6900088525.33498,1.40953828,1604017.73514968,
2016-04-28,451.060061776739,6983948370.74168,1.4252343,1546945.81020272,
2016-04-29,457.009965225015,7077878361.232827,1.44285983,1870335.26271789,
2016-04-30,449.900484511981,6969413402.910671,1.42025882,1670773.98764185,
2016-05-01,455.010731151374,7050339456.944335,1.43481218,1871929.73891462,
2016-05-02,444.933061192285,6895933470.962788,1.40306525,1812582.09284387,
2016-05-03,451.628850379895,7001415141.708148,1.42352585,1703857.25537367,
2016-05-04,448.367967562829,6952734960.438557,1.41279571,2071544.22122565,
2016-05-05,449.336072472238,6969488309.274677,1.41534562,1777313.43296302,
2016-05-06,461.693862361192,7163035351.4550295,1.45231269,1922038.9319142,
2016-05-07,461.361842489772,7159614274.278417,1.45028008,1740688.07438266,
2016-05-08,461.378872296902,7161816341.515871,1.44965118,1989166.5650913,
2016-05-09,463.462231677382,7196136872.095887,1.45525025,2007975.36233487,
2016-05-10,451.079668322618,7005655676.3158245,1.41626148,1822228.2693226,
2016-05-11,453.896305260082,7050909678.588457,1.42414735,1525267.31928856,
2016-05-12,455.607255932203,7079071139.960049,1.42876187,1677295.06474701,
2016-05-13,457.241902688486,7106207246.516813,1.43336991,1841534.81442935,
2016-05-14,458.119524839275,7121496007.328157,1.43505829,1732518.8218621,
2016-05-15,460.85772063121,7165662908.812253,1.44303466,1630707.25784764,
2016-05-16,455.224077323203,7079672667.303527,1.42545539,1636434.02969314,
2016-05-17,453.545777030976,7055170387.460004,1.41546718,1623754.46176097,
2016-05-18,454.486184102864,7071537380.293865,1.41776705,1922740.52136182,
2016-05-19,437.724187142022,6812043751.092737,1.36583656,1415299.1043766,
2016-05-20,442.396799240211,6886408789.57811,1.37946798,1660231.90590849,
2016-05-21,444.078207188778,6914147190.23459,1.38433791,1622037.95339863,
2016-05-22,440.558668848627,6861375740.907588,1.37324466,2084432.9315678,
2016-05-23,444.205057276447,6920164469.127532,1.38378129,2024580.43243308,
2016-05-24,445.674454938632,6944693717.897456,1.38792754,1700948.82194883,
2016-05-25,450.54952717709,7022213615.431255,1.40185071,1612802.54919923,
2016-05-26,454.43372238457,7084285953.359266,1.41287581,1544642.46973921,
2016-05-27,471.820117299825,7356966578.282625,1.46115986,1754891.30091071,
2016-05-28,530.910597895967,8280114126.298482,1.63473944,1698374.90534981,
2016-05-29,527.54971244886,8229636296.690348,1.61944736,2057252.27903373,
2016-05-30,533.493149035652,8324272914.340074,1.63256643,2018224.67513172,
2016-05-31,530.943692811221,8286178638.20888,1.62098355,1778686.46398968,
2016-06-01,537.613678842782,8392195818.183091,1.63749336,2013539.9424602,
2016-06-02,538.771243191116,8412124257.999834,1.63594156,1975979.77430595,
2016-06-03,570.175988252484,8904487503.587486,1.72607424,2039808.39737328,
2016-06-04,574.26620163647,8970073160.085773,1.73508921,1744238.04390032,
2016-06-05,575.137638047925,8986129385.043505,1.73449123,2522539.86191635,
2016-06-06,585.857149035652,9156104252.492289,1.76124697,2559529.57997022,
2016-06-07,578.469240677966,9042666517.593811,1.73648602,2112246.9920755,
2016-06-08,583.097585330216,9117116235.319576,1.74643017,2145380.92356513,
2016-06-09,577.101699707773,9025747144.127893,1.7262705,2457044.36954684,
2016-06-10,579.814993571011,9070269813.759335,1.73124783,2173991.83633509,
2016-06-11,605.44955698422,9473642440.131313,1.80308386,2349957.48801954,
2016-06-12,670.39237434249,10492268215.951578,1.97978904,2439077.77485954,
2016-06-13,704.321778141438,11026130042.038464,2.05438766,2856721.9388474,
2016-06-14,684.948319403857,10725099628.490984,1.99146107,2450970.35291901,
2016-06-15,695.001468439509,10885155466.59626,2.00817303,2663305.40030289,
2016-06-16,767.420031268264,12022238062.35232,2.18424554,2869711.66643136,
2016-06-17,750.014633927528,11752362635.055412,2.12593041,2906753.58159383,
2016-06-18,758.28878012858,11885009701.516665,2.14155867,3023654.81312615,
2016-06-19,766.767132670952,12021287774.883976,2.15941186,3437265.72513248,
2016-06-20,722.497452367037,11330195008.740025,2.03279428,3373515.51632661,
2016-06-21,669.604204675628,10503218109.07042,1.88290437,2775119.94524628,
2016-06-22,594.832974634716,9332296532.04475,1.68209991,2188906.86421333,
2016-06-23,627.677855639977,9849794643.999235,1.77191858,2108466.94761902,
2016-06-24,664.126985680889,10423912097.768911,1.86988311,2182850.42645951,
2016-06-25,668.872684102864,10501107906.2762,1.87909186,2763256.93758464,
2016-06-26,630.4342421391,9899936557.105762,1.7731205,2371668.56970925,
2016-06-27,652.244807714787,10244832743.90781,1.83085813,2391834.81733159,
2016-06-28,647.218768381064,10168283272.072151,1.81560781,2439741.46224226,
2016-06-29,638.586345645821,10034992396.695734,1.79144978,2683107.4031348,
2016-06-30,674.284814728229,10598500491.258728,1.88463722,2633620.98633594,
2016-07-01,677.512385739334,10651857252.193722,1.89054098,2764288.96679377,
2016-07-02,702.739316773817,11051093046.011345,1.95662702,2670572.17736555,
2016-07-03,662.55008591467,10421638625.09864,1.84470645,2740471.37629679,
2016-07-04,679.842453360608,10696206813.055763,1.89000024,2700421.99441035,
2016-07-05,668.165981297487,10514918763.339394,1.85502138,2605017.70598256,
2016-07-06,677.651333138515,10666561393.12622,1.87853142,2396656.07126144,
2016-07-07,640.053236119229,10076941251.763096,1.77579285,2261647.9229562,
2016-07-08,665.051708357685,10472925788.882471,1.8419359,2475149.39324244,
2016-07-09,651.941914026885,10268475401.444052,1.80354226,2183467.64173552,
2016-07-10,649.959340970193,10238516109.738413,1.79645545,1302059.98664871,
2016-07-11,650.272594681473,10244613016.313946,1.79504742,1228801.46825101,
2016-07-12,670.023127995324,10556967222.729477,1.84676287,1208033.63462136,
2016-07-13,658.333613383986,10373847348.583372,1.81377039,1122089.40705959,
2016-07-14,660.905960198714,10415546557.614561,1.81967435,1195721.66045832,
2016-07-15,666.758671127995,10508907502.596016,1.83455167,1173602.64682308,
2016-07-16,665.275622150789,10486838495.0723,1.82935184,1368206.70391263,
2016-07-17,681.089601987142,10737385138.648762,1.86895135,1302807.64960481,
2016-07-18,675.118579193454,10644500867.369738,1.8515086,1315012.07276704,
2016-07-19,674.660360315605,10638355650.543604,1.8472273,1116148.16735075,
2016-07-20,667.305364874343,10523629888.561647,1.82663887,1316402.11844625,
2016-07-21,666.851739333723,10517584702.33698,1.82456417,1161033.13308396,
2016-07-22,650.562911630625,10261726367.225912,1.7803472,1107969.92834577,
2016-07-23,657.377942957335,10370300477.421618,1.79860084,1125668.79916968,
2016-07-24,661.393979836353,10434679618.262651,1.80565737,1067915.61424964,
2016-07-25,655.119577849211,10336762400.055084,1.78771375,1153071.35165051,
2016-07-26,654.626339158387,10330035449.859348,1.78522608,1097353.61936999,
2016-07-27,656.275146873174,10357103755.973545,1.78796338,1144988.34874322,
2016-07-28,656.196453360608,10356977376.581444,1.78683669,1162120.40106215,
2016-07-29,657.557567504383,10379668577.633736,1.78935642,1303077.23490882,
2016-07-30,655.361730157803,10345981727.035852,1.78228347,1051981.06383704,
2016-07-31,624.804487142022,9864787253.922888,1.7008979,1268565.34183433,
2016-08-01,606.50924792519,9577091014.48737,1.6531908,1263152.05726083,
2016-08-02,526.981148334307,8322316113.469051,1.44664432,1192809.47297064,
2016-08-03,570.347040911748,9008352671.231228,1.56457026,1188501.68506983,
2016-08-04,583.542158036236,9217879119.553005,1.59778327,1121450.88469978,
2016-08-05,581.279805669199,9183369996.809528,1.59141223,1242755.64397669,
2016-08-06,590.795402980713,9334928404.954647,1.61723105,1222113.38649704,
2016-08-07,594.73232402104,9398234418.06228,1.62732927,1141124.52928231,
2016-08-08,591.629283869083,9350293260.929688,1.6187062,1155198.82591718,
2016-08-09,587.932138223261,9292773715.756552,1.6089797,966415.459013121,
2016-08-10,589.968758328463,9326077816.293648,1.61532499,1156905.9662556,
2016-08-11,589.585884687317,9321130919.560732,1.61439329,1158024.44083935,
2016-08-12,587.19164956166,9284372607.850191,1.60770275,1132020.0574617,
2016-08-13,585.363581648159,9256660815.734985,1.60245343,1246207.63593223,
2016-08-14,571.387062536528,9036807001.991344,1.56450982,1221143.85479657,
2016-08-15,566.564441320865,8961568521.575514,1.55189891,1075738.8686402,
2016-08-16,578.414924137931,9149988259.004847,1.58343489,1025918.18680799,
2016-08-17,573.663744418469,9075711005.320467,1.5706748,937466.832930533,
2016-08-18,573.263191992987,9070477552.814447,1.56943471,1175744.73944837,
2016-08-19,573.958457919345,9082583293.068104,1.57097556,1176985.7122929,
2016-08-20,581.797070134424,9207752339.003368,1.58942926,1153764.11771597,
2016-08-21,580.79219257744,9193032110.329985,1.5862522,1226001.05087731,
2016-08-22,584.971897720631,9260345625.444841,1.5971444,1187049.47846855,
2016-08-23,582.627747399182,9224307340.651608,1.5907111,1216079.79066823,
2016-08-24,578.701831677382,9163250800.424288,1.58033884,1166209.72683511,
2016-08-25,576.033436586791,9121935090.289913,1.5702844,999130.047657512,
2016-08-26,578.874653419053,9167883099.984455,1.57746065,1031828.28690519,
2016-08-27,570.200993746347,9031541039.337103,1.55410904,1074187.61363033,
2016-08-28,575.105232554062,9110313074.36318,1.56720759,1110157.40925665,
2016-08-29,573.429267562829,9084831917.791384,1.56317394,1163538.90681157,
2016-08-30,575.695698421976,9121919126.58093,1.56851349,1276013.34389926,
2016-08-31,572.272758328463,9068641074.086544,1.55808288,996156.215479853,
2016-09-01,572.221702045587,9068833387.900324,1.55789624,1035320.33588952,
2016-09-02,576.846767387493,9143236775.518871,1.57001279,1168675.05010076,
2016-09-03,600.374406779661,9517104239.60243,1.63244029,954626.193137187,
2016-09-04,610.538913325541,9679597555.774256,1.65865731,1380345.26421974,
2016-09-05,607.526964172998,9632908725.560476,1.64951295,1113759.73722878,
2016-09-06,612.995458270017,9720658910.828499,1.66267259,1069697.01779606,
2016-09-07,615.659819111631,9764079129.161001,1.6686166,1227879.9212051,
2016-09-08,630.550172004676,10001368208.783413,1.70667998,1169617.72190821,
2016-09-09,622.977884044418,9882367390.11141,1.68507108,1157646.00172084,
2016-09-10,624.752640444185,9911731006.304823,1.68900378,1270465.14445106,
2016-09-11,608.246675920514,9651109982.561745,1.64409449,1361698.80676195,
2016-09-12,607.70737270602,9643791009.051008,1.64235516,1370352.4124918,
2016-09-13,608.694296317943,9660708066.158016,1.64324029,1290425.53589363,
2016-09-14,609.41308766803,9673304501.951101,1.64445893,1220655.05340674,
2016-09-15,607.070262594974,9637285101.667816,1.63757095,1218166.34954387,
2016-09-16,607.806438047925,9650028004.855152,1.63843679,1121897.37515543,
2016-09-17,607.381449678551,9644518084.405657,1.63684292,1266257.82710608,
2016-09-18,611.533460315605,9711555637.111002,1.64735892,1130889.27081297,
2016-09-19,608.871306312098,9670291120.059471,1.63980889,1050392.16564215,
2016-09-20,608.371748626534,9663505284.913973,1.63608322,1186651.77858515,
2016-09-21,596.945756633548,9483251078.469328,1.60558003,1270877.51763904,
2016-09-22,595.564716540035,9462361163.235504,1.60186568,1130268.14869535,
2016-09-23,602.378784921099,9571647456.79608,1.61963842,1066390.24163683,
2016-09-24,602.687359731151,9577801209.224775,1.62065676,1328177.02590705,
2016-09-25,600.610054880187,9546177957.713375,1.61373559,1430506.21156199,
2016-09-26,606.778810637055,9645385465.780867,1.62933517,1203421.87947542,
2016-09-27,605.151613734658,9620782718.725668,1.62414841,1300095.42739402,
2016-09-28,604.686494389246,9614506858.021822,1.62251024,1169060.70236937,
2016-09-29,605.202561952075,9623794124.67896,1.62353046,1121004.32180228,
2016-09-30,608.865840736412,9683127491.422848,1.63296882,1115142.13838442,
2016-10-01,615.408478842782,9788386393.685143,1.64973693,1254664.0524631,
2016-10-02,611.748578316774,9731252012.098734,1.63963562,1131200.930422,
2016-10-03,612.590347399182,9745798527.484585,1.64023485,1206848.12820648,
2016-10-04,610.007881355932,9705918424.722736,1.63178451,1244767.25236389,
2016-10-05,612.147780946815,9741244516.854696,1.63673816,1316947.96851393,
2016-10-06,611.76086277031,9736318570.131832,1.63502177,1335294.42831591,
2016-10-07,617.905705143191,9835219693.765524,1.65057413,1140029.908164,
2016-10-08,619.301001753361,9858736936.210272,1.65345115,1341669.22650482,
2016-10-09,617.101041320865,9824949668.744743,1.6471487,1292901.5453841,
2016-10-10,618.0852,9841576625.082909,1.64905635,994860.923783746,
2016-10-11,642.981387258913,10239107980.151459,1.71172286,1145287.98184433,
2016-10-12,636.59793220339,10138601014.062204,1.69165254,1236297.9955292,
2016-10-13,635.444095324372,10121241460.47686,1.68770306,1124610.24223968,
2016-10-14,639.586090298071,10188301722.13972,1.69764855,1140527.31006577,
2016-10-15,637.283759322034,10152757865.185707,1.6909697,1173084.48254233,
2016-10-16,642.913042548217,10243484390.882189,1.70485941,1089308.27431962,
2016-10-17,639.137536469901,10184328193.370346,1.69213973,1040267.86487848,
2016-10-18,635.576508591467,10128816473.604576,1.6808924,1280096.20431063,
2016-10-19,629.640708036236,10035204855.12808,1.66452177,1025580.94892297,
2016-10-20,628.598901110462,10019653453.962454,1.66126571,1105524.36919576,
2016-10-21,630.90620338983,10057724428.070345,1.66533193,1337225.23260072,
2016-10-22,654.508630976037,10435206532.324495,1.72581278,1234167.03593925,
2016-10-23,651.961956750438,10395776975.87273,1.71807394,1238346.54510843,
2016-10-24,650.027167153711,10366087956.430365,1.71141678,1212723.46130469,
2016-10-25,655.792505084746,10459168168.475748,1.72432365,1198651.51325496,
2016-10-26,675.109869316189,10768423416.412828,1.77111563,1225525.90699722,
2016-10-27,686.523327060199,10951865394.589493,1.79615707,1472099.83342669,
2016-10-28,690.390654938632,11014871259.5123,1.80415758,1374557.9766865,
2016-10-29,715.445469316189,11415942030.433352,1.8651885,1385240.01796821,
2016-10-30,699.333410987726,11160320004.186415,1.8226058,1557511.31311322,
2016-10-31,698.897727995325,11154651376.833721,1.81838639,1356064.41434344,
2016-11-01,730.578480011689,11661602264.255903,1.89570499,1361972.77932251,
2016-11-02,740.367055523086,11819079821.412252,1.91748494,1264758.56416812,
2016-11-03,689.939206954997,11015395929.736336,1.78730294,1465722.49495801,
2016-11-04,705.432016656926,11263773111.01154,1.82526343,1069025.79055043,
2016-11-05,706.819325569842,11287223328.458754,1.82779984,1338541.70057247,
2016-11-06,715.896879777908,11433552272.118605,1.84962453,1398507.93276922,
2016-11-07,706.181216773816,11279672698.354595,1.82330887,1383893.2973044,
2016-11-08,711.835846580947,11371496573.29223,1.83441017,1552167.96521807,
2016-11-09,721.50150993571,11527230203.520596,1.85565551,1411825.60284686,
2016-11-10,713.407615604909,11399414446.916431,1.83311387,1561547.59528767,
2016-11-11,715.703310637055,11437555198.370045,1.83712016,1544865.43788623,
2016-11-12,703.847551139685,11249568032.42736,1.80622068,1553329.97702898,
2016-11-13,703.626435300994,11247282883.500923,1.80498214,1293790.37331889,
2016-11-14,705.643584161309,11281043609.419767,1.80858594,1565494.16935848,
2016-11-15,712.3471528346,11389601875.225286,1.82341234,1446536.15839886,
2016-11-16,742.050117592051,11866103842.554716,1.89261677,1610431.45475799,
2016-11-17,735.318080537697,11759913460.291101,1.87204522,1569383.41259187,
2016-11-18,749.57872729398,11989370149.714296,1.90458043,1459383.09526013,
2016-11-19,751.213819403858,12016856543.594193,1.90689799,1383144.3251755,
2016-11-20,730.350813617767,11684288236.45678,1.85356329,1238419.33684534,
2016-11-21,736.506983927528,11784055475.63626,1.86694042,1397668.69518897,
2016-11-22,747.997677966102,11969158598.505112,1.89259128,1316852.60132128,
2016-11-23,741.240317942724,11862392064.881804,1.86965336,1465121.43453299,
2016-11-24,737.35497597896,11801706386.8468,1.85483303,1627500.36901964,
2016-11-25,739.685200175336,11840408101.462505,1.85929274,1529894.90367721,
2016-11-26,734.652925891292,11761259693.54383,1.84525241,1474013.03718897,
2016-11-27,727.741115838691,11651916569.23644,1.82681448,1373271.48889146,
2016-11-28,730.082483752192,11690901052.292336,1.83082068,1597296.21486173,
2016-11-29,731.646435710111,11717307499.7525,1.83343351,1434742.80343235,
2016-11-30,742.20445131502,11887711385.812412,1.85741761,1403948.03317051,
2016-12-01,753.674910111046,12072806440.73908,1.88258493,1463645.44942327,
2016-12-02,772.302382729398,12372572705.253073,1.92399804,1466287.62234334,
2016-12-03,766.110468147283,12275023057.786867,1.89395129,1739298.91235309,
2016-12-04,766.380139099942,12280761670.188232,1.89327742,1483715.011258,
2016-12-05,752.670726241964,12062506991.02084,1.85781173,1552837.33794235,
2016-12-06,759.117325774401,12167245303.916405,1.87197007,1505792.02940228,
2016-12-07,764.987650087668,12262999582.421831,1.88398255,1755763.96567812,
2016-12-08,767.659224634717,12307332318.112368,1.88724567,1739442.31525962,
2016-12-09,771.902321098773,12376661439.725788,1.89591358,1391454.01813442,
2016-12-10,775.474561309176,12435218177.923054,1.90150182,1343110.88425076,
2016-12-11,770.496150496786,12357187290.605831,1.8880226,1927032.75663099,
2016-12-12,778.506599064874,12487176640.979973,1.90486371,1582652.84350321,
2016-12-13,778.930694564582,12495712215.83464,1.90337593,1827022.88954622,
2016-12-14,776.963961484512,12465511590.935017,1.89626794,1423000.53395811,
2016-12-15,776.176781998831,12454114363.406492,1.89136263,1311989.79252931,
2016-12-16,782.230215897136,12552544959.285791,1.90373524,1370894.32487847,
2016-12-17,789.60293220339,12672277134.408592,1.91920336,1482780.18654429,
2016-12-18,790.632966526008,12690201567.15475,1.91892195,1552267.90632871,
2016-12-19,790.279031677382,12686012321.608078,1.91635095,1655157.98436667,
2016-12-20,799.777520748101,12839867132.724691,1.93543766,1446090.60333747,
2016-12-21,828.4836792519,13302370984.354397,1.99546268,1773147.30675459,
2016-12-22,858.50143395675,13786050913.580723,2.05790608,1862227.14911738,
2016-12-23,915.562438340152,14704091702.548553,2.17751843,1799933.61503585,
2016-12-24,891.155272063121,14313634478.374195,2.11635351,1621324.26453935,
2016-12-25,896.003279310345,14393350625.226147,2.12388831,1979342.87428383,
2016-12-26,903.201246639392,14510581584.572615,2.13574409,1683253.41220312,
2016-12-27,925.950810461719,14877875393.000628,2.18144466,2034777.5281031,
2016-12-28,979.960973991818,15747701991.642693,2.2923126,2109464.64662514,
2016-12-29,973.462559438925,15645099508.184328,2.26582772,1966088.79433389,
2016-12-30,961.182658153127,15449628184.761189,2.23030531,1988622.5339292,
2016-12-31,968.970597019287,15576600691.453478,2.2443903,1895472.30273961,
2017-01-01,997.257357977791,16033266654.243565,2.30193946,1970085.32495516,
2017-01-02,1017.07788609001,16353949884.182625,2.33524167,2138666.02144959,
2017-01-03,1032.60905318527,16605797782.606098,2.35770988,2245225.0916189,
2017-01-04,1134.49644535359,18246459272.867046,2.55770131,2332472.03537403,
2017-01-05,1000.49812893045,16093073534.635252,2.23704042,2009800.81508544,
2017-01-06,892.463955639977,14357133340.006493,2.00164999,1998357.99063241,
2017-01-07,903.453283635301,14535477925.199154,2.0252978,1591509.29207556,
2017-01-08,912.484997077732,14682692156.102636,2.04304794,1990960.48636603,
2017-01-09,903.508666803039,14539791012.752333,2.02053011,1630568.17954383,
2017-01-10,906.498947399182,14589725358.595043,2.02492109,1939796.80987879,
2017-01-11,788.314655990649,12689105756.601105,1.76845775,1724412.85485079,
2017-01-12,807.109833547633,12993377591.840828,1.81077416,1782924.4669254,
2017-01-13,826.746927410871,13311058415.800941,1.85366729,1590739.0391092,
2017-01-14,820.045157276447,13204919504.573051,1.83889611,1922419.87738231,
2017-01-15,824.547065166569,13279133499.8852,1.84823542,1759094.94140748,
2017-01-16,830.838035067212,13382203212.485786,1.86155157,1890860.27174246,
2017-01-17,906.026828112215,14595049001.0455,2.0228738,1911475.33973285,
2017-01-18,881.259815371128,14197733304.64966,1.96641888,1743249.94841247,
2017-01-19,902.263869959088,14538086246.3695,2.01003826,2054585.92331712,
2017-01-20,895.174516189363,14425971057.595243,1.99263298,2264569.90227644,
2017-01-21,924.46825949737,14900138988.935028,2.05421871,2201839.33023417,
2017-01-22,922.467077381648,14869891254.85207,2.04635127,2075068.61317516,
2017-01-23,919.115744126242,14817454247.528803,2.03609568,1683925.09571495,
2017-01-24,887.743193804792,14313337496.115463,1.96451725,1810841.27035711,
2017-01-25,895.690033255406,14443134884.829,1.97868447,1783698.25711042,
2017-01-26,916.6674685564,14783175189.419712,2.02100235,1864867.30879591,
2017-01-27,920.454463471654,14846204348.199217,2.02710253,2050038.68072294,
2017-01-28,922.774948568089,14885385214.56434,2.03067894,1879276.99660809,
2017-01-29,915.63202314436,14772073272.831842,2.00928142,2072803.25974792,
2017-01-30,920.313260783168,14849253173.216362,2.01726706,1795537.90492621,
2017-01-31,968.499105669199,15628487117.564535,2.11732767,1941511.11537906,
2017-02-01,987.532590414962,15937996943.63664,2.1532295,2481667.38481435,
2017-02-02,1007.7043659848,16265531107.613728,2.19051199,2186504.05543344,
2017-02-03,1015.30203945061,16390057474.0206,2.19895326,2050478.54314309,
2017-02-04,1033.78597299825,16690305095.27906,2.23392412,1975355.92149189,
2017-02-05,1014.56787574518,16382048518.65076,2.18915215,2203638.3140676,
2017-02-06,1023.3174811806,16524925787.739786,2.20253705,1757705.55725816,
2017-02-07,1053.62445902981,17016323283.702478,2.25911131,2175238.10451828,
2017-02-08,1052.36764535359,16997945969.919443,2.25075614,2085023.01932909,
2017-02-09,982.751939450614,15875582287.611933,2.10032332,2395178.56798342,
2017-02-10,996.650153126827,16101928309.85864,2.12395089,1972446.17663961,
2017-02-11,1011.37532220923,16341586121.800924,2.15345527,1853403.10750002,
2017-02-12,1006.29646487434,16261284050.169222,2.14002159,1849457.27798897,
2017-02-13,999.953184979545,16160816994.287222,2.12270941,2178384.19906273,
2017-02-14,1012.2134635301,16361100689.364063,2.14502476,2357500.75735773,
2017-02-15,1013.90384050263,16390185070.059237,2.14664641,1906440.00391577,
2017-02-16,1036.80686475745,16762379131.786457,2.19057597,2102990.20200481,
2017-02-17,1058.66992033898,17117844192.41546,2.22822443,2146125.84434262,
2017-02-18,1060.66880488019,17152166565.907309,2.22851853,2210588.07426995,
2017-02-19,1058.78640035067,17123499507.408472,2.22135058,2008419.45710556,
2017-02-20,1088.68842922268,17609111950.315468,2.27876692,2148454.96743745,
2017-02-21,1128.85529316189,18260742628.966568,2.35331243,2107035.34411835,
2017-02-22,1129.70179064874,18276384592.409332,2.3431243,2152117.27459859,
2017-02-23,1188.86178550555,19235707719.64847,2.45151251,2411188.06820923,
2017-02-24,1185.48889158387,19183549945.144566,2.42731203,2699193.33772453,
2017-02-25,1151.60473687902,18637641423.162117,2.35507801,2897863.03706052,
2017-02-26,1181.71086586791,19127510160.83912,2.41199874,2837916.15793509,
2017-02-27,1194.15245014611,19331042677.896885,2.42985611,2365572.16922033,
2017-02-28,1188.39994073641,19240193375.175747,2.41245373,2548889.19696578,
2017-03-01,1228.45965061368,19890971249.3226,2.48115883,2448421.99923073,
2017-03-02,1262.93146738749,20451610466.858883,2.53571034,2775953.23922825,
2017-03-03,1289.36319111631,20882073159.372288,2.57132568,2741612.92575066,
2017-03-04,1268.94066440678,20553410845.384094,2.52422599,2424004.59063409,
2017-03-05,1276.27368293396,20674531088.990692,2.53213829,2599170.73441836,
2017-03-06,1282.25465663355,20773693697.968292,2.53275359,2635445.79832531,
2017-03-07,1234.47646206897,20002004351.6064,2.43376828,2870767.75288175,
2017-03-08,1152.13938924606,18669956332.442135,2.27006537,2442222.93782909,
2017-03-09,1193.45552659264,19341675646.442978,2.34691879,2451454.02995886,
2017-03-10,1098.53014903565,17805414528.15307,2.16260738,2659880.94752163,
2017-03-11,1176.822921391,19076606822.569366,2.31121876,2432383.77414662,
2017-03-12,1231.74835663355,19969348981.246487,2.41252703,2573064.17280145,
2017-03-13,1239.39629631794,20095585303.999306,2.41079093,2616524.97282541,
2017-03-14,1246.53656487434,20213788443.920753,2.41809563,2813129.1106143,
2017-03-15,1258.65138147282,20412475944.79974,2.43048179,2585616.41375917,
2017-03-16,1178.02075037989,19107082612.795197,2.27079494,2731477.73133023,
2017-03-17,1072.08253816482,17390865796.40901,2.07020764,2500138.20176983,
2017-03-18,962.569056165985,15616273829.918287,1.86260387,2307093.25713339,
2017-03-19,1020.22025353594,16553684315.83904,1.97134108,2330150.15719242,
2017-03-20,1037.7563458796,16839982096.979826,2.00477708,2014133.75075982,
2017-03-21,1111.81826358854,18043780427.831245,2.1395375,2221575.56090287,
2017-03-22,1037.30257013442,16836521393.38604,1.99485875,2425381.94528102,
2017-03-23,1028.17285628288,16690238569.83455,1.97800188,2160694.82563264,
2017-03-24,935.063496201052,15180859744.88836,1.8009221,2405463.76315141,
2017-03-25,968.543329281122,15726018757.78432,1.86294639,1714220.76165261,
2017-03-26,962.95805458796,15637330055.06979,1.85054884,2211048.92844111,
2017-03-27,1042.91919777908,16937527769.78212,1.99869446,1843886.29357483,
2017-03-28,1045.16293161894,16975992129.243467,1.9993941,2264423.9847332,
2017-03-29,1039.68861578025,16888869366.91315,1.98727297,2063813.43903711,
2017-03-30,1037.98766142607,16863366665.068584,1.98163667,2413075.13239019,
2017-03-31,1081.74353109293,17576059202.679317,2.0572416,2209101.93465589,
2017-04-01,1089.52477182934,17704285729.007774,2.06862352,2025106.75893696,
2017-04-02,1105.56295575687,17967082465.00594,2.09581972,2378690.40697005,
2017-04-03,1144.6647710111,18605064800.69792,2.16252803,2916926.0233745,
2017-04-04,1141.92191870251,18562267490.401096,2.15325451,2045569.04519407,
2017-04-05,1135.81164377557,18465243241.90318,2.13735782,2673677.81014339,
2017-04-06,1194.59645938048,19423121348.041008,2.23959041,2432718.25899512,
2017-04-07,1191.73145108124,19378952008.55673,2.22647362,2835523.66877157,
2017-04-08,1184.41772033898,19262050478.651863,2.21001181,2302445.27107197,
2017-04-09,1213.63413980129,19739605878.41969,2.2586269,2639028.47971234,
2017-04-10,1211.64987621274,19709558488.61372,2.24975256,2501424.10992396,
2017-04-11,1229.78493290473,20007123392.30514,2.27711178,2847416.31547419,
2017-04-12,1216.11436785506,19786878325.78153,2.24625621,2459161.23770251,
2017-04-13,1172.5583396844,19080058200.158035,2.16504122,2152057.9103319,
2017-04-14,1174.33323354763,19110979963.02554,2.16522828,2375849.27766758,
2017-04-15,1175.56218901227,19133184038.460777,2.1659084,2472770.08792718,
2017-04-16,1173.6913798948,19104877159.588463,2.16125164,2422454.87110332,
2017-04-17,1191.90120146113,19403345355.15461,2.18766073,2405342.14992486,
2017-04-18,1202.13145803624,19572080902.339783,2.20166725,2573482.22738259,
2017-04-19,1209.56090888369,19695202985.71139,2.21134437,2444733.65965674,
2017-04-20,1235.80307451783,20124634252.102486,2.25276621,2424413.35644996,
2017-04-21,1247.33607025132,20315048993.11093,2.26940479,2938953.71533901,
2017-04-22,1243.55039257744,20255646547.650738,2.26016436,2504139.26343094,
2017-04-23,1250.00148322618,20363116159.66656,2.26874872,3003304.22483801,
2017-04-24,1257.23944225599,20482974661.27888,2.27570599,2166919.0113154,
2017-04-25,1279.86471741672,20853953927.83039,2.3093693,2730056.14610532,
2017-04-26,1296.48545745178,21127249693.500248,2.33216845,2834899.00327354,
2017-04-27,1345.8899556692,21934807898.820465,2.4099622,2802873.46151354,
2017-04-28,1347.98515552309,21971246252.161324,2.40107994,2599659.64724063,
2017-04-29,1357.71525341905,22132776325.499317,2.41223986,3282240.04874294,
2017-04-30,1381.9563722969,22530551030.482906,2.44637619,2841932.31112448,
2017-05-01,1436.9414880187,23429688179.586037,2.52560356,3028192.09419664,
2017-05-02,1463.81906846873,23870824853.134235,2.55708418,3252918.8674867,
2017-05-03,1519.40894447691,24779848415.598637,2.6373993,2801412.84630984,
2017-05-04,1539.8300515488,25116127312.487247,2.64748386,3837374.260237,
2017-05-05,1529.85044301578,24955817064.958466,2.61101197,2992751.47780483,
2017-05-06,1573.28550961426,25667659227.980717,2.6710611,3736751.78381375,
2017-05-07,1526.26777171245,24903765677.164852,2.58516798,3798375.63516212,
2017-05-08,1685.08649631794,27498966293.864212,2.82026827,4358595.02512714,
2017-05-09,1719.22801355932,28059453523.554146,2.8500152,3851908.9605326,
2017-05-10,1782.499,29095394454.856815,2.92992045,3872761.35724353,
2017-05-11,1835.48754821742,29963413902.87035,2.98180004,3603539.08867485,
2017-05-12,1704.66164108708,27831028039.32937,2.75847679,4010123.29189492,
2017-05-13,1779.84025669199,29061941147.52248,2.86505128,3887658.1693149,
2017-05-14,1794.59355055523,29306517727.096066,2.87984317,4502606.74509519,
2017-05-15,1736.88284611338,28367766910.84825,2.77569902,4329595.85547557,
2017-05-16,1757.02694856809,28699671041.169434,2.7951762,3642086.24030577,
2017-05-17,1808.74606469901,29547967093.675896,2.85141326,4421399.76340616,
2017-05-18,1894.24726455289,30948090757.21813,2.96696988,4037060.37897186,
2017-05-19,1967.54554769141,32149666891.412994,3.05210147,4815456.24257254,
2017-05-20,2048.11767799532,33470438622.968807,3.14988555,4886339.56454024,
2017-05-21,2045.22249316189,33426883468.059193,3.12275546,4467333.32139705,
2017-05-22,2078.94350002922,33981809835.20976,3.12461059,4964459.57266732,
2017-05-23,2257.28836382233,36901723759.69028,3.32739524,5849528.14907328,
2017-05-24,2415.00722665108,39484730821.89759,3.49513899,5777645.70954402,
2017-05-25,2319.60137866745,37929596573.30843,3.29706174,6652086.79657236,
2017-05-26,2279.4185836353,37276895994.59224,3.20703848,5857614.17179412,
2017-05-27,2044.30049982466,33436141687.877632,2.87538901,5550225.48785938,
2017-05-28,2225.7008666277,36407677792.7975,3.1100624,5637036.09336445,
2017-05-29,2284.71579748685,37377347497.670235,3.1715195,5363911.6870551,
2017-05-30,2167.26447790766,35460724159.68088,2.99605054,6715480.58337219,
2017-05-31,2299.43261025716,37627969488.060074,3.14282004,5896299.59870206,
2017-06-01,2399.88763194039,39276917594.281715,3.24185226,6453340.2971392,
2017-06-02,2479.4238943308,40583144831.74178,3.32189022,5582333.53083948,
2017-06-03,2549.55195151958,41737117944.718185,3.38499502,7556602.02583455,
2017-06-04,2524.99383354763,41340173928.83185,3.33016911,6277178.51580928,
2017-06-05,2685.31891671537,43970582994.85076,3.49837338,6653843.25890711,
2017-06-06,2871.34167735243,47022020458.4229,3.68734337,6998125.22728295,
2017-06-07,2706.76000885447,44332360489.91149,3.45563714,7719493.89799982,
2017-06-08,2802.56354681473,45907248109.300095,3.54000799,7029707.6002043,
2017-06-09,2804.87226691993,45950360176.69234,3.50908106,6703956.91372409,
2017-06-10,2916.3278597896,47781403186.46232,3.60375711,6249243.42805614,
2017-06-11,2974.21455920514,48735252518.52324,3.64019441,6463254.63954548,
2017-06-12,2665.43326995909,43680483639.39294,3.22800548,6495311.58752569,
2017-06-13,2707.13782402104,44368699238.2953,3.24114582,6081318.61351558,
2017-06-14,2443.82445137347,40057395197.53061,2.919798,5950179.96751802,
2017-06-15,2409.886764173,39505722189.92489,2.87371971,5519035.46403947,
2017-06-16,2476.35909538282,40599996749.85816,2.93413098,5412747.31911236,
2017-06-17,2652.75536335476,43496828049.15483,3.1272984,5553872.73489071,
2017-06-18,2508.21420742256,41131354738.00786,2.93677553,5352903.24473236,
2017-06-19,2589.64221338399,42471552960.98545,3.00723619,5967196.34476597,
2017-06-20,2733.22655628288,44831129769.80735,3.14552423,5831891.72450183,
2017-06-21,2639.26131420222,43294504868.198524,3.02520974,6054325.83660712,
2017-06-22,2686.64751431911,44076497262.989105,3.0574306,5940316.94676479,
2017-06-23,2685.87047101111,44069121017.06024,3.04158628,6351539.58948352,
2017-06-24,2562.18914874342,42044463424.73149,2.89910643,5726988.95952891,
2017-06-25,2497.72894137931,40990507139.005905,2.82389576,4568837.75041699,
2017-06-26,2426.36505119813,39823653207.12729,2.74177101,5353248.87332519,
2017-06-27,2530.34553600234,41534416501.00473,2.84709982,4795574.54295835,
2017-06-28,2562.79226420222,42072043566.39922,2.86973355,6013686.13596844,
2017-06-29,2540.44303161894,41708958365.0119,2.83338619,4992120.70897841,
2017-06-30,2452.71206428989,40273314034.13822,2.7235698,5808462.21420621,
2017-07-01,2412.3662131502,39615784095.91945,2.67604439,5723792.55869157,
2017-07-02,2518.8721873758,41370740410.53078,2.78455696,6234521.40998292,
2017-07-03,2551.92743173583,41919072872.96772,2.8067694,6150160.47587895,
2017-07-04,2599.74474991233,42709513005.995995,2.84851858,5722827.44966135,
2017-07-05,2608.10489117475,42851713916.28033,2.84213614,5452524.49486299,
2017-07-06,2603.19547369959,42775671822.782265,2.82784137,5302487.88461233,
2017-07-07,2495.78092220923,41015254601.14702,2.70091753,5325202.36289879,
2017-07-08,2553.4941581239,41968971042.30141,2.7563821,6009727.18023164,
2017-07-09,2506.17321355932,41195531944.8772,2.70314378,4856461.58253827,
2017-07-10,2319.36689736996,38130591475.43225,2.50667922,6632606.65260221,
2017-07-11,2319.16744061952,38132327588.87333,2.5040635,5605340.88589458,
2017-07-12,2374.88626645237,39053724810.42559,2.5607933,5756410.92076747,
2017-07-13,2343.73834824664,38546113667.852844,2.52324473,5143505.4391091,
2017-07-14,2214.82523728814,36429802297.10901,2.38547763,4517081.23146398,
2017-07-15,1989.63319023963,32728965772.94473,2.15162881,4159161.40474086,
2017-07-16,1910.74954161309,31435242737.082474,2.0725336,4283016.91517419,
2017-07-17,2215.74629614261,36457083232.49529,2.38704005,4205460.83287287,
2017-07-18,2303.7611458796,37909999048.264824,2.47286929,5318674.73797644,
2017-07-19,2257.06523588545,37145789011.848526,2.41800668,4764906.23361071,
2017-07-20,2823.89792635885,46480191038.47075,2.98008325,5545614.34077037,
2017-07-21,2666.1397182934,43888688549.801476,2.80324324,6018796.60358341,
2017-07-22,2829.75405496786,46587687276.15164,2.956705,6110647.80474536,
2017-07-23,2753.24386493279,45333980388.0446,2.86830102,6298100.87074725,
2017-07-24,2755.1595242256,45371653214.67217,2.8571688,6819394.90780593,
2017-07-25,2558.69299894798,42140998437.24074,2.63175728,5561050.82150866,
2017-07-26,2522.32464628872,41546656038.320885,2.58755545,5002271.53846552,
2017-07-27,2665.14754649328,43904304358.92006,2.70895213,5771434.9816966,
2017-07-28,2793.83348486265,46029450421.36552,2.77596935,5722925.45554355,
2017-07-29,2706.4507654588,44595098883.190994,2.65045335,5834980.15888111,
2017-07-30,2749.3845277031,45307584907.52152,2.63429117,5356955.02068304,
2017-07-31,2862.61129088252,47178656876.35905,2.66440296,5611505.18567494,
2017-08-01,2727.38918199883,44955142942.65385,2.51234417,5340232.19381795,
2017-08-02,2690.14567197545,44346375082.621735,2.45667542,5580585.36103613,
2017-08-03,2789.74631244886,45993078912.94644,2.51633659,5137047.94922252,
2017-08-04,2860.27284324956,47162212561.12497,2.52690325,6640166.26029489,
2017-08-05,3237.42336329632,53388101324.1568,2.8058202,7486508.3617512,
2017-08-06,3230.11670894214,53273260549.71801,2.74360243,5937807.54411719,
2017-08-07,3392.56241864407,55958912892.13333,2.8173808,6910134.93728859,
2017-08-08,3425.67661659848,56512140518.27584,2.79701154,7561715.6925808,
2017-08-09,3347.21543161894,55223568848.81756,2.70304955,6474128.57297675,
2017-08-10,3437.03215546464,56711154619.92564,2.74911842,6425354.78193725,
2017-08-11,3660.52053728813,60405309923.45366,2.89608699,7518972.01439316,
2017-08-12,3871.08240619521,63886499823.27326,3.02040239,7177458.75281039,
2017-08-13,4063.80105271771,67074554585.02456,3.12865374,8678087.32745057,
2017-08-14,4304.60393120982,71056091038.33064,3.25544228,7951134.22504383,
2017-08-15,4160.0305458796,68677522428.055084,3.11536106,9519693.7153427,
2017-08-16,4364.67857463472,72063128584.82993,3.22936466,8485087.62084421,
2017-08-17,4308.51686142607,71145509600.32071,3.14349195,11714248.9006644,
2017-08-18,4108.50716218586,67850449314.961075,2.97541172,9384491.83962616,
2017-08-19,4160.33245686733,68714177176.763336,2.97749577,8768479.01278978,
2017-08-20,4085.8103943308,67489972146.05418,2.88932289,7630711.0097859,
2017-08-21,3992.62603524255,65956479620.76852,2.8086644,6995369.37030488,
2017-08-22,4074.33046125073,67310734591.7686,2.84203031,5699902.8638271,
2017-08-23,4146.9153452367,68518128669.483826,2.86484514,10516192.9367837,
2017-08-24,4325.81642799532,71479514205.14307,2.96780825,7293876.044236,
2017-08-25,4353.13177255991,71936367041.94254,2.96751747,7365237.84019435,
2017-08-26,4341.97871677382,71757759427.22719,2.94348577,7490392.364138,
2017-08-27,4344.90344476914,71814513227.30908,2.93116239,9978452.55324677,
2017-08-28,4379.76392068966,72397765180.80206,2.93365297,8575624.62760921,
2017-08-29,4600.45683097604,76054400821.41922,3.03875355,10414805.8736964,
2017-08-30,4586.63273670368,75835493879.91663,3.00669499,11654892.529929,
2017-08-31,4740.35621770894,78386820017.26776,3.06677185,11477924.6362609,
2017-09-01,4918.16624488603,81337794501.09879,3.14249768,12687490.9230696,
2017-09-02,4595.02001782583,76002945696.54666,2.91990917,11028567.4852437,
2017-09-03,4625.296314436,76512627999.71164,2.92473488,9941124.52617333,
2017-09-04,4374.75349649328,72377665590.72794,2.75162247,11230260.0600448,
2017-09-05,4454.05253769725,73700588640.79817,2.78742564,12122198.042234,
2017-09-06,4607.51652980713,76249266221.94202,2.86204183,10596679.5576122,
2017-09-07,4635.11187580362,76716135705.65283,2.84583752,11388138.0706551,
2017-09-08,4345.45765634132,71931549470.84589,2.66619471,11151766.5641362,
2017-09-09,4335.593449737,71777423501.31229,2.65540041,9960595.28251571,
2017-09-10,4261.84352104033,70563816637.50467,2.59879339,7986083.41753111,
2017-09-11,4212.54757334892,69756780446.13072,2.56454296,9856433.08844799,
2017-09-12,4164.31943424898,68967943043.72736,2.53102364,10615411.2036899,
2017-09-13,3887.11858679135,64386275390.193726,2.36797159,10157696.5552383,
2017-09-14,3247.4687390415,53798171461.1383,1.99521056,8831890.22231134,
2017-09-15,3699.22294389246,61290338938.43886,2.26320938,8179314.31459802,
2017-09-16,3711.23435067212,61497189146.616455,2.26588756,8409604.1044016,
2017-09-17,3711.85620397428,61515659680.62612,2.26478555,8420246.46027889,
2017-09-18,4080.42844301578,67630392416.65344,2.47915064,6915897.47097349,
2017-09-19,3925.73619023963,65074126213.73996,2.38109715,8616020.84684647,
2017-09-20,3895.777078609,64583212982.20698,2.3596557,6356831.37323994,
2017-09-21,3617.24346580947,59973710710.164856,2.19309389,8852045.82866589,
2017-09-22,3619.2137182934,60012665778.89842,2.19168978,6725660.40718536,
2017-09-23,3775.60059409702,62613658233.71458,2.28253357,8189263.43790887,
2017-09-24,3676.89694418469,60983444860.30875,2.22242941,6998744.17063086,
2017-09-25,3918.73807130333,65000641700.097,2.34287282,6662197.50759276,
2017-09-26,3890.09093687902,64532178189.60305,2.32052467,7447375.63477086,
2017-09-27,4207.78748538866,69810133911.94316,2.4968666,7976853.33046631,
2017-09-28,4187.76979631794,69487291906.724,2.47501585,9951711.28319571,
2017-09-29,4155.01011981298,68952490965.8071,2.44954557,9243216.05366442,
2017-09-30,4334.54461250731,71939347197.21225,2.54204123,7783987.87833436,
2017-10-01,4382.08689801286,72735515448.47491,2.56194858,7508761.40733887,
2017-10-02,4386.8757150789,72823227415.16937,2.55136556,9042032.79197735,
2017-10-03,4306.56464202221,71499894904.308,2.49742904,10862816.3669827,
2017-10-04,4216.68482144944,70014724886.32756,2.44055834,7937087.7926728,
2017-10-05,4319.42091583869,71727325779.57729,2.48286744,7562750.52994914,
2017-10-06,4365.91571040327,72508085068.82568,2.50112549,9444311.29584243,
2017-10-07,4438.85593308007,73728225601.55116,2.535902,9178387.06113139,
2017-10-08,4600.73979661017,76427540535.47461,2.61523452,10982026.6986365,
2017-10-09,4777.53465692577,79374073504.64977,2.68982061,10167276.2906667,
2017-10-10,4741.07791496201,78777862489.38414,2.65170924,10589103.2255027,
2017-10-11,4814.96711805962,80013973235.21571,2.68235621,9171956.33224448,
2017-10-12,5393.66898275862,89641017955.68735,2.9735157,10642773.5937714,
2017-10-13,5614.07751461134,93313679743.7032,3.05039678,11205665.7502199,
2017-10-14,5785.73831502046,96177115401.57257,3.12159957,11510644.7555848,
2017-10-15,5689.86505961426,94597270274.9144,3.05072713,14834968.3667177,
2017-10-16,5756.14881180596,95711795297.99507,3.05813234,13619475.7440538,
2017-10-17,5590.41632437171,92967497516.90256,2.95026635,13032444.8256605,
2017-10-18,5583.8704257744,92869180097.05737,2.93164856,11245621.2524095,
2017-10-19,5708.31299094097,94951570768.59526,2.96891932,13803228.0972498,
2017-10-20,6000.88313033314,99831583429.81117,3.09805688,13887260.4956728,
2017-10-21,6030.20789275278,100330967303.17584,3.09579617,12830906.7197494,
2017-10-22,5996.59813880772,99785408420.99619,3.04834116,14386157.8993985,
2017-10-23,5888.25001665693,97995045387.60648,2.93951363,13668326.7206145,
2017-10-24,5517.77535330216,91840948942.27968,2.73999189,13135948.051234,
2017-10-25,5736.01780157802,95486763245.24232,2.83167233,13615215.0956177,
2017-10-26,5900.31772910579,98235119083.13539,2.89701261,14196709.0848065,
2017-10-27,5771.94504617183,96105329948.14418,2.82258819,8529517.93616475,
2017-10-28,5762.38857685564,95952333223.88206,2.81072114,7127115.61427759,
2017-10-29,6174.72884482758,102830297805.96764,2.99284618,13129615.2522256,
2017-10-30,6119.25638398597,101917736242.45706,2.94639905,12873410.4360565,
2017-10-31,6428.51463705435,107079598512.55585,3.07051562,12195846.9847584,
2017-11-01,6726.41183459965,112054780764.54353,3.17194342,14990408.2326317,
2017-11-02,7043.77793892461,117354965529.10275,3.26783421,15012708.8262624,
2017-11-03,7198.63211075394,119945667659.34982,3.2996631,12745769.1613126,
2017-11-04,7420.498078609,123654520197.9404,3.37458714,14231239.1618025,
2017-11-05,7371.13902980713,122844997029.94199,3.31955857,15064674.2892577,
2017-11-06,6985.26384395091,116425740138.29243,3.12842422,13802573.4124617,
2017-11-07,7118.20254383402,118655354623.07423,3.16064437,15916555.6435329,
2017-11-08,7451.21278667446,124219809813.65057,3.2777098,15423711.1757483,
2017-11-09,7117.73804967855,118674036439.62051,3.10220792,16678466.0012752,
2017-11-10,6620.56733635301,110394640690.22104,2.86889448,12713071.4989362,
2017-11-11,6346.72144915254,105834744552.69437,2.7353594,8785091.45149512,
2017-11-12,5829.09782758621,97208941680.88066,2.4696982,9479344.92774956,
2017-11-13,6519.44517212157,108732927225.10004,2.72664306,16209519.4612957,
2017-11-14,6592.37439713618,109959806768.1318,2.74071229,14792712.3267353,
2017-11-15,7257.37321215664,121065675321.61652,2.97614814,17885007.8421946,
2017-11-16,7833.7044333723,130694771894.75266,3.15562228,17978355.3482826,
2017-11-17,7729.03327001753,128964609345.18112,3.06551771,19741865.1639389,
2017-11-18,7796.15424108708,130097825616.5086,3.06748215,15573684.4202293,
2017-11-19,8018.32068848626,133821250649.36336,3.12664738,17836891.9126454,
2017-11-20,8269.87425745178,138037628210.81372,3.18401839,20867770.6104635,
2017-11-21,8091.99808357686,135086085017.39084,3.07693153,20674487.3514705,
2017-11-22,8249.59733021625,137732274883.20007,3.11368282,17481272.6055298,
2017-11-23,8071.66982144945,134777502599.12508,3.0255203,18447902.2439344,
2017-11-24,8232.42233313851,137477016397.63205,3.04932356,17352431.9783599,
2017-11-25,8760.1654421391,146307124232.52383,3.19796528,18139440.136098,
2017-11-26,9319.90331472823,155673360858.2542,3.34857257,19771137.9101486,
2017-11-27,9730.72857948568,162556185991.12653,3.43189779,22731345.2947229,
2017-11-28,9932.19418001169,165941127001.25797,3.42405668,21683705.0389404,
2017-11-29,9800.02755172414,163754159022.23352,3.31618599,26294380.2040648,
2017-11-30,9996.71497194623,167061587627.63055,3.33958212,23742417.1937056,
2017-12-01,10808.9583325541,180660238728.77386,3.55287307,25856448.1705625,
2017-12-02,10934.8599856809,182786557318.004,3.54526509,24108052.6110006,
2017-12-03,11213.9426554646,187476359551.2513,3.59996863,27678238.9264086,
2017-12-04,11562.1285669199,193323542670.46704,3.65371219,28891001.9578248,
2017-12-05,11736.7540672122,196269467099.288,3.65310274,29210388.2872577,
2017-12-06,13992.1323372297,234018218656.51974,4.21096815,33116592.8460115,
2017-12-07,17032.2933763881,284897231093.6847,4.7166582,34256501.8456203,
2017-12-08,16298.4873386908,272654723142.06207,4.34686442,41311081.4101853,
2017-12-09,15050.0219541204,251802084162.0313,3.96460494,42165253.3814881,
2017-12-10,15474.9995432496,258944112666.20456,4.00840979,38120250.2377464,
2017-12-11,16873.4977849211,282381336274.56067,4.25607302,44253709.9617747,
2017-12-12,17433.9307381648,291794289206.2871,4.23927385,42937956.7643401,
2017-12-13,16515.15257218,276454960254.16785,3.93575963,50475052.9011524,
2017-12-14,16602.8928033314,277962079725.58185,3.8994793,49974171.3334026,
2017-12-15,17702.0021721216,296400529142.7866,4.07868942,48342967.7609509,
2017-12-16,19640.5138834015,328900754243.0536,4.43076633,49815223.7422835,
2017-12-17,19250.467650789,322413542662.8784,4.25193445,55498368.9347384,
2017-12-18,18982.0250242548,317960756085.2173,4.12995773,54532107.9700656,
2017-12-19,17653.3260894214,295735113689.0879,3.80550806,44228748.1746236,
2017-12-20,16453.6272603741,275665281880.29724,3.49226172,44203326.9660163,
2017-12-21,15633.8336504968,261956195240.43542,3.30154348,46165232.3021406,
2017-12-22,14305.7183436587,239730379597.7389,3.01016272,48973790.4176209,
2017-12-23,14910.8581049094,249897014242.522,3.11960008,41645027.4925059,
2017-12-24,14026.3468661601,235099787897.10956,2.92511724,38398460.7292659,
2017-12-25,14080.9422600818,236038639186.12543,2.92950297,33837650.8285438,
2017-12-26,15727.1454792519,263661836527.3321,3.23788307,38650262.934002,
2017-12-27,15389.0005739334,258022926528.27567,3.13118795,43901419.4766467,
2017-12-28,14289.4522095266,239613730881.71964,2.90015736,37806663.7832782,
2017-12-29,14571.7460821157,244377450683.45328,2.94080172,41872625.551997,
2017-12-30,12948.7158828171,217181833260.6143,2.60242905,34517255.3487837,
2017-12-31,13921.4806414378,233525857337.39896,2.78726716,34803527.1470655,
2018-01-01,13464.6536116306,225889069046.3097,2.69423548,32858099.4405417,
2018-01-02,14754.322204851,247556665257.40192,2.92544313,39946758.985841,
2018-01-03,15010.2861595558,251880836192.9645,2.96026687,41037010.8705439,
2018-01-04,15070.3007986558,252919562391.94128,2.94402195,42724771.8663199,
2018-01-05,16997.2274079486,285288877071.04974,3.26196426,39205380.0155258,
2018-01-06,17103.589279661,287110018646.3004,3.24692954,46563789.9760972,
2018-01-07,16231.6949994155,272506803029.99527,3.04278121,44912742.3337695,
2018-01-08,14937.4150894214,250808700833.85272,2.80152545,42902516.8338494,
2018-01-09,14378.5862174167,241455084711.06042,2.69017079,43234479.1223377,
2018-01-10,14669.0882656341,246363832772.1497,2.73334467,39636974.2597653,
2018-01-11,13186.7549427236,221500211810.2112,2.45400706,43029257.7252294,
2018-01-12,13789.4436639392,231654360390.86487,2.55762013,38771602.2774424,
2018-01-13,14231.2250645821,239102527884.8661,2.63127775,34057401.8694134,
2018-01-14,13681.0654611338,229885659812.64545,2.52606465,33285730.8286788,
2018-01-15,13591.6961966686,228409454744.7129,2.50804935,33038806.9201573,
2018-01-16,11431.0401052016,192122189325.59836,2.12079726,31344417.4170149,
2018-01-17,11159.6085905903,187583518961.77057,2.07376393,31114647.1407057,
2018-01-18,11246.0397302747,189060672392.10684,2.09352287,32739932.5047795,
2018-01-19,11440.2555616598,192349290678.46,2.129939,30328455.6576096,
2018-01-20,12768.4045856224,214708366096.53857,2.37080852,33422916.9660763,
2018-01-21,11422.3942589129,192101096596.448,2.12617327,31881234.2280697,
2018-01-22,10737.3505774401,180602489964.58987,2.00268788,27049040.6377818,
2018-01-23,10849.3918793103,182511031584.1949,2.02766184,26654950.1831213,
2018-01-24,11225.8961747516,188869372701.11728,2.09753554,27243321.4419195,
2018-01-25,11130.4649473992,187285778784.17792,2.08000559,24802466.4469755,
2018-01-26,11035.5546098773,185710159814.6685,2.05791562,23885798.1844209,
2018-01-27,11320.9701852718,190535450013.2633,2.10883443,23938854.8917502,
2018-01-28,11615.95871128,195523140191.2316,2.15410037,25365404.7629694,
2018-01-29,11132.5543138515,187406934303.97116,2.06552658,22393670.4573925,
2018-01-30,9959.54671537113,167681155315.02603,1.85916763,24473743.4213841,
2018-01-31,10050.0957971946,169220358167.21472,1.87794381,16505765.2319171,
2018-02-01,9039.86507510228,152228490124.35712,1.69691999,21564268.9326553,30.0
2018-02-02,8786.0773798948,147973235767.0758,1.66151934,20349765.9537948,15.0
2018-02-03,9132.10032232613,153818916042.48285,1.72878243,19143008.6973898,40.0
2018-02-04,8250.52689596727,138988261291.4844,1.56184746,20590452.2721636,24.0
2018-02-05,6849.54255932203,115403138216.84258,1.30831891,19165215.2614707,11.0
2018-02-06,7738.64395967271,130399428701.57735,1.48101152,15587109.3084814,8.0
2018-02-07,7624.59538953828,128491100334.80914,1.46484643,15016975.9975587,36.0
2018-02-08,8218.58085184103,138514511804.0463,1.58085047,14093910.2289136,30.0
2018-02-09,8660.45346785505,145976369437.04575,1.6660923,14654771.0556346,44.0
2018-02-10,8530.29280479252,143797692836.22003,1.64139497,17003760.4952525,54.0
2018-02-11,8096.72848129749,136504252153.84456,1.55971533,16243960.9275333,31.0
2018-02-12,8907.67017913501,150194552558.189,1.71364615,18718332.5740756,42.0
2018-02-13,8523.96693191116,143742306059.16235,1.64241903,18275325.065837,35.0
2018-02-14,9467.3010327294,159671225545.3051,1.81957973,20752674.9936762,55.0
2018-02-15,10106.7330835769,170472147641.71094,1.93482187,16956455.4438234,71.0
2018-02-16,10189.3164833431,171885093746.77612,1.9474862,20250868.4877061,67.0
2018-02-17,11085.5984143776,187025253743.34525,2.11360732,20350444.8424035,74.0
2018-02-18,10452.0919772063,176358525105.06192,1.99108492,23072914.4326253,63.0
2018-02-19,11139.3557305669,187977308411.4333,2.11485368,23360784.6795428,67.0
2018-02-20,11245.9323179427,189795615789.4421,2.12780635,20908106.0649931,74.0
2018-02-21,10458.8650888369,176534515366.0406,1.97827013,23304639.0999643,54.0
2018-02-22,9878.15894272355,166751211511.9077,1.84607258,19598925.7553184,44.0
2018-02-23,10159.0656125073,171511934697.35416,1.89577059,19432244.5627423,39.0
2018-02-24,9686.60177995325,163553050808.41214,1.8093287,18950033.89873,31.0
2018-02-25,9603.22747749854,162165847541.78302,1.7940982,21134989.7819502,33.0
2018-02-26,10312.3657130333,174158955811.75238,1.92409125,18189790.7038972,37.0
2018-02-27,10654.1072948568,179951719258.24908,1.98459986,21628887.7869834,44.0
2018-02-28,10307.0249663939,174109343264.6258,1.91774992,21634661.2243493,41.0
2018-03-01,10923.6308617767,184547764147.89908,2.0275908,23098876.8038155,38.0
2018-03-02,11014.0584672706,186096958181.24496,2.0411051,22178930.8207862,47.0
2018-03-03,11425.6805654588,193077560983.3316,2.11464502,26214536.4268542,56.0
2018-03-04,11462.5831975453,193722368144.78168,2.11715719,21193664.6514841,44.0
2018-03-05,11540.6623205728,195063431904.73633,2.124487,21974887.3290891,55.0
2018-03-06,10677.0352308591,180486990776.89664,1.96727059,21958387.1614346,59.0
2018-03-07,9903.0850490941,167423398664.39648,1.82720774,21157511.2468039,37.0
2018-03-08,9330.47545295149,157761648490.23196,1.72480924,20427544.5522535,39.0
2018-03-09,9278.13918439509,156893668418.03284,1.72471755,16855150.3795833,37.0
2018-03-10,8786.56042314436,148596430306.95575,1.6363096,16539689.0997224,39.0
2018-03-11,9513.53539976622,160909070237.8204,1.76958222,18210037.1103318,40.0
2018-03-12,9147.89018059615,154743067340.39536,1.70331347,19331971.3140078,41.0
2018-03-13,9160.54293278784,154975189713.20355,1.70702426,18857575.5936039,41.0
2018-03-14,8222.12723904149,139114167417.36237,1.53691592,16628207.7251464,40.0
2018-03-15,8268.58912244302,139915162067.51663,1.54749227,14891789.5575998,32.0
2018-03-16,8376.90449824664,141764332492.75833,1.56958433,16433524.3290414,33.0
2018-03-17,7881.66192051432,133397905025.33792,1.47896206,15253956.5768365,31.0
2018-03-18,8189.01671917008,138615372062.48877,1.5372127,14858429.9832526,29.0
2018-03-19,8537.0156233197,144522485138.70352,1.60262445,16605902.4023534,29.0
2018-03-20,8895.54717913501,150606160131.377,1.66984764,14186967.874644,37.0
2018-03-21,8879.5942565751,150352940228.21164,1.66685407,17547837.7941897,36.0
2018-03-22,8710.66493512566,147508129826.53867,1.6366036,15970290.9102052,36.0
2018-03-23,8771.74632349503,148557077215.33743,1.64830412,14416156.914284,28.0
2018-03-24,8610.9885163647,145851296752.91354,1.61787156,17932503.4804805,32.0
2018-03-25,8440.61092255991,142979716786.71213,1.58785272,14782031.2754538,30.0
2018-03-26,8171.18435447107,138431086788.2358,1.54056226,15836955.2390767,31.0
2018-03-27,7837.26531940386,132788930471.83072,1.47972397,15343941.6498773,24.0
2018-03-28,7933.64272969024,134435267323.91833,1.49995286,13721935.6203732,24.0
2018-03-29,7108.5708132671,120467962091.47443,1.34902071,14889676.7701514,18.0
2018-03-30,6832.14906633548,115797316246.97136,1.30076662,14139824.0095985,12.0
2018-03-31,6922.2812969024,117336032805.59007,1.31875342,11496221.1522506,16.0
2018-04-01,6804.52487931035,115353783450.55528,1.29804435,13925230.1575455,16.0
2018-04-02,7033.25960958504,119245126357.49667,1.34269917,13937108.1865593,11.0
2018-04-03,7420.80051548802,125830793446.85999,1.41752889,15280200.9895155,22.0
2018-04-04,6780.54360140269,114986737237.44656,1.29795987,13317444.6543738,22.0
2018-04-05,6798.42261659848,115303192510.12206,1.30312944,13335649.4596023,17.0
2018-04-06,6610.49234979544,112127244520.25304,1.26963243,11856536.2728565,19.0
2018-04-07,6886.46947194623,116823866081.93163,1.32349168,15810472.7254065,20.0
2018-04-08,7009.99610432496,118933511741.82196,1.34758367,14381384.2556293,17.0
2018-04-09,6736.89282378726,114312345807.45052,1.29733763,12870549.029244,21.0
2018-04-10,6816.71861542957,115680812980.71298,1.3143587,14212196.9640589,18.0
2018-04-11,6944.78585710111,117868111083.23616,1.33919481,14153735.4143258,20.0
2018-04-12,7904.33027527762,134168881347.63574,1.52215846,14467514.3872462,18.0
2018-04-13,7919.06469462303,134435317905.14256,1.52369622,16743292.6560078,23.0
2018-04-14,8006.41794330801,135931951716.9185,1.54037773,13886865.8879943,
2018-04-15,8342.27110140269,141651021555.82565,1.60406337,17099064.2208301,
2018-04-16,8046.98213354763,136651223943.0264,1.54777167,14466032.4235628,
2018-04-17,7887.73795791935,133962964001.42488,1.51791712,16690427.1207468,26.0
2018-04-18,8162.83486177674,138651452568.16132,1.57002305,16302064.2693652,24.0
2018-04-19,8272.96731589714,140540536590.6476,1.58612722,18490345.7646953,25.0
2018-04-20,8839.5011320865,150179907414.557,1.69131108,14670398.2209767,26.0
2018-04-21,8863.54082904734,150605949404.9334,1.69378446,18417858.1100073,32.0
2018-04-22,8800.95908708358,149560185920.2249,1.68092587,18212921.6189653,31.0
2018-04-23,8930.78463354763,151783472514.18256,1.70339486,17276582.7361094,28.0
2018-04-24,9652.21378872005,164063731529.18613,1.83531084,19313819.5456429,29.0
2018-04-25,8855.50893658679,150535337359.1005,1.68455575,15079053.7777244,64.0
2018-04-26,9264.72742694331,157507996556.20877,1.75708104,16228099.344968,47.0
2018-04-27,8981.33079018118,152705962191.95163,1.70402847,16863598.9093141,55.0
2018-04-28,9341.82468468732,158850242092.3754,1.77091583,15653776.3788926,54.0
2018-04-29,9396.99762974869,159806972877.08243,1.78054751,19062958.9541718,61.0
2018-04-30,9228.7264836353,156963205214.3546,1.74740041,18355130.6040407,59.0
2018-05-01,9072.16875745178,154318371549.32773,1.71724649,18261853.150436,56.0
2018-05-02,9204.12764056108,156579110734.17545,1.7386519,16550285.1275183,52.0
2018-05-03,9750.70014640561,165895717059.14395,1.83904816,18065019.7593026,55.0
2018-05-04,9696.64290999416,164992728890.04605,1.82662477,17306276.9658842,56.0
2018-05-05,9795.92577206312,166701785625.45367,1.84393794,20833828.1418501,63.0
2018-05-06,9595.08681940386,163300448150.24045,1.80577797,16838802.1726855,67.0
2018-05-07,9339.5108471654,158968267897.19147,1.75762436,18103183.2869905,56.0
2018-05-08,9212.36963471654,156820197635.0747,1.73387152,16408115.8781141,62.0
2018-05-09,9293.04227352425,158212056793.02222,1.74723256,19367520.3701015,53.0
2018-05-10,9037.53050905903,153879420906.82715,1.69887071,19067802.4806501,63.0
2018-05-11,8419.75858737581,143374163246.1666,1.58493865,14126392.4253011,41.0
2018-05-12,8485.77526680304,144515816886.5841,1.5974431,18033347.7293567,44.0
2018-05-13,8695.83309380479,148109264820.5454,1.63680889,15995382.6618611,40.0
2018-05-14,8671.07417475161,147701872957.36383,1.62361239,14739381.0305533,40.0
2018-05-15,8488.463421391,144606798197.35785,1.58958164,16103188.3153369,40.0
2018-05-16,8327.75620134424,141887673799.42416,1.56132079,19398271.8614679,32.0
2018-05-17,8050.51623933372,137177363863.56128,1.50426871,14350337.7490409,31.0
2018-05-18,8233.08645528931,140303513702.62396,1.5392871,15763512.3289478,37.0
2018-05-19,8229.48293571011,140257946353.72653,1.53821787,16144063.7583699,31.0
2018-05-20,8511.44883021625,145078909990.97888,1.59036292,15235623.0821206,32.0
2018-05-21,8398.62312653419,143172261405.31305,1.56883389,17282837.0820059,41.0
2018-05-22,8007.52653214495,136520308521.8328,1.49717102,15794378.6165236,30.0
2018-05-23,7520.86767913501,128238492182.17764,1.40810171,15983293.2896781,26.0
2018-05-24,7575.62448597312,129185693215.82208,1.41826534,13875883.1127304,27.0
2018-05-25,7425.37567445938,126639864443.70409,1.39150485,16707898.3872744,25.0
2018-05-26,7326.30318644068,124965017826.20564,1.37360478,15506006.4825006,23.0
2018-05-27,7338.19304441847,125182866858.52309,1.37644815,15313094.104962,19.0
2018-05-28,7110.82388164816,121318022843.95651,1.33597351,14547701.9131361,22.0
2018-05-29,7453.63372501461,127179664640.76596,1.40088628,12836137.4531791,16.0
2018-05-30,7374.6690490941,125848348159.24548,1.38664652,16513656.6717777,38.0
2018-05-31,7478.74186703682,127640237772.8688,1.40689168,16302254.4158229,25.0
2018-06-01,7519.83573728814,128357193539.52248,1.41524122,15642337.9880188,24.0
2018-06-02,7637.44825306838,130379250198.58945,1.43730299,14536335.5297674,27.0
2018-06-03,7702.15793308007,131499605436.82011,1.44919617,16165187.1658882,40.0
2018-06-04,7486.65319959088,127837400289.08179,1.40952829,17479742.989664,41.0
2018-06-05,7611.14985271771,129979876541.47829,1.43371987,16505061.8327038,26.0
2018-06-06,7650.77580713033,130670649498.86604,1.44133056,14329592.5450201,42.0
2018-06-07,7665.9478962595,130943482538.13354,1.44450247,13918250.6520602,38.0
2018-06-08,7622.60233021625,130216857183.81618,1.43712165,14114417.177542,40.0
2018-06-09,7556.17169783752,129095529856.95097,1.42518183,13978762.823424,39.0
2018-06-10,6744.73580099357,115243033476.81741,1.27551954,11638700.4682901,24.0
2018-06-11,6849.45268731736,117044251204.78851,1.29750932,11987207.9874201,15.0
2018-06-12,6526.69968001169,111540839588.55779,1.23858038,12573789.8257324,19.0
2018-06-13,6306.51316803039,107789140440.19202,1.20092906,11932624.9425915,19.0
2018-06-14,6629.77012419638,113326836396.87164,1.2632478,12563621.7041841,17.0
2018-06-15,6399.67404646406,109405898594.1402,1.22097074,13178785.7305518,26.0
2018-06-16,6495.31530917592,111054415629.10925,1.23955794,13504867.2356099,22.0
2018-06-17,6450.69397282291,110304156582.06772,1.23172728,13246220.7271786,23.0
2018-06-18,6703.81258971362,114646121395.04424,1.28056779,13469448.2687865,27.0
2018-06-19,6732.50880917592,115149917753.77612,1.28664559,13569989.109128,32.0
2018-06-20,6753.20682583285,115517012013.59647,1.29123078,14482144.8535347,34.0
2018-06-21,6720.37323436587,114969657640.7098,1.28466547,14808109.3756117,37.0
2018-06-22,6059.5758591467,103676418199.36588,1.16113556,12460024.7147648,28.0
2018-06-23,6174.22577936879,105650371448.31767,1.18384639,13084984.3584379,17.0
2018-06-24,6146.48719491526,105188860295.9924,1.17963703,13455402.0964478,15.0
2018-06-25,6243.53544097019,106861963419.53412,1.19907224,12514807.2617257,16.0
2018-06-26,6096.12876621859,104350132616.99202,1.17183193,11522845.2247558,21.0
2018-06-27,6139.18968322618,105096510904.95116,1.19000509,9410792.753692,18.0
2018-06-28,5858.63577819988,100305218848.83812,1.13776355,12428430.3582216,20.0
2018-06-29,6220.9137150789,106519491432.55956,1.20834141,11427014.5125669,16.0
2018-06-30,6375.5412314436,109178385108.65688,1.23851505,11359646.682706,22.0
2018-07-01,6361.40253886616,108947955192.75983,1.23860628,11937510.4443779,27.0
2018-07-02,6608.367157218,113189218473.44632,1.28633397,11654033.0293607,27.0
2018-07-03,6498.3078591467,111313526945.09879,1.26579418,9914650.33867422,31.0
2018-07-04,6579.33337638808,112712483433.1309,1.28137705,11310340.4852283,33.0
2018-07-05,6535.29840268849,111969299124.09875,1.27324533,11406742.2965554,37.0
2018-07-06,6598.45909585038,113064628503.00925,1.28661278,13385359.5510441,34.0
2018-07-07,6737.85608036236,115466335325.79546,1.31378163,13246362.8842491,34.0
2018-07-08,6704.91998012858,114915153080.64851,1.30865599,13573744.7619332,38.0
2018-07-09,6664.02409351257,114225570190.21756,1.30098801,11538923.6101558,39.0
2018-07-10,6309.08400409118,108153424172.72511,1.2330456,12706743.0565668,37.0
2018-07-11,6377.97651139684,109345176286.2498,1.24746562,11007393.2006476,29.0
2018-07-12,6159.46667621274,105609860436.27876,1.20621817,11243498.5172732,33.0
2018-07-13,6208.98557188779,106470007126.7994,1.21722522,11580161.27454,29.0
2018-07-14,6255.11247866744,107271377986.80742,1.22667095,10454811.3292918,29.0
2018-07-15,6347.60427381648,108868108961.55276,1.24480827,10753180.2948952,32.0
2018-07-16,6710.80743746347,115107492547.93408,1.31568081,9907260.87328925,36.0
2018-07-17,7320.59482787843,125581453880.80434,1.43309368,14162648.5568392,39.0
2018-07-18,7376.03833927528,126548604827.35182,1.44339934,17110731.1022447,42.0
2018-07-19,7467.0342980713,128125757556.50095,1.46018625,16004613.1001464,44.0
2018-07-20,7327.25668293396,125741438718.3174,1.43265396,14466795.3986963,47.0
2018-07-21,7410.56562039743,127183775645.90376,1.44833778,12868685.0037298,43.0
2018-07-22,7399.48374693162,127010416903.03185,1.44583406,17426428.2747925,46.0
2018-07-23,7716.15862741087,132462078575.71777,1.50619599,16326406.797981,44.0
2018-07-24,8397.61652162478,144177249065.09137,1.63581402,16222402.2983168,49.0
2018-07-25,8202.72039538282,140849259157.1186,1.59635249,18521932.1199499,54.0
2018-07-26,7913.93077819989,135906762897.2909,1.5404035,17302326.280585,53.0
2018-07-27,8173.7746113384,140386151038.54663,1.58953743,17336563.9502542,47.0
2018-07-28,8190.36005669199,140685854280.0243,1.59195773,15379062.9397877,54.0
2018-07-29,8229.60583869083,141377467178.6177,1.59809411,17783188.6373367,54.0
2018-07-30,8171.83951928697,140398779908.78973,1.5863148,13844660.4345173,53.0
2018-07-31,7725.13303594389,132738197932.6344,1.50002457,14743282.0602165,48.0
2018-08-01,7596.6980119813,130545588661.3127,1.47548838,14364964.4006987,39.0
2018-08-02,7542.69466189363,129631992555.46358,1.46550321,14896249.0194185,39.0
2018-08-03,7411.34425014611,127389926459.22607,1.44098379,15553038.2159899,36.0
2018-08-04,7002.2086528346,120372902126.71085,1.36290424,16086605.4056142,31.0
2018-08-05,7031.58775102279,120892012705.72456,1.36894032,14248433.3225004,23.0
2018-08-06,6929.99089421391,119156635794.61504,1.35040999,11561668.3213017,25.0
2018-08-07,6722.57843278784,115603003795.4852,1.31126727,13496173.2906021,25.0
2018-08-08,6267.3886735827,107787755829.10542,1.22457474,12946324.4208638,23.0
2018-08-09,6558.09690794857,112799626411.74744,1.28263103,12039937.0283364,19.0
2018-08-10,6135.75185856224,105548767057.1032,1.20148237,14364533.2889265,21.0
2018-08-11,6313.74931180596,108624141324.542,1.23709272,13368973.044828,18.0
2018-08-12,6314.69165575687,108652588482.88425,1.237715,12290113.44632,18.0
2018-08-13,6265.84804383402,107823918261.57452,1.22859486,12178415.4735653,21.0
2018-08-14,6184.82908562244,106440242655.57443,1.21462636,10463532.7086275,16.0
2018-08-15,6270.21479865576,107922340390.84853,1.23272558,13104013.770886,18.0
2018-08-16,6290.7504552893,108288222390.63744,1.23701888,12659503.8533433,21.0
2018-08-17,6563.07828872005,112988510838.94415,1.28997856,12438186.3901863,19.0
2018-08-18,6399.28744681473,110181522339.75005,1.25820087,13176949.401446,24.0
2018-08-19,6490.71612711865,111767485648.88388,1.27574994,11859087.978662,27.0
2018-08-20,6272.95272881356,108029450488.81544,1.23354388,12603282.3247694,26.0
2018-08-21,6473.07603945061,111487842735.81213,1.27272294,11982908.8447179,19.0
2018-08-22,6365.00983167738,109639314166.21878,1.25162869,13754538.29512,21.0
2018-08-23,6516.40902542373,112259350133.79967,1.28108729,12091834.7282683,18.0
2018-08-24,6697.73187872589,115395254895.615,1.31632801,12238689.2251961,19.0
2018-08-25,6745.43893921683,116228582999.49832,1.32478942,11462792.4453193,22.0
2018-08-26,6689.86933313852,115285547056.62408,1.31333891,14782108.510734,19.0
2018-08-27,6839.15895236704,117874048946.57243,1.34163355,16066331.7938682,18.0
2018-08-28,7092.97380829924,122262155771.84335,1.38993223,13671393.3547545,19.0
2018-08-29,7033.42806808884,121247981675.3254,1.37670606,12427793.5368428,19.0
2018-08-30,6966.96374371713,120115626733.47554,1.36359134,13524159.9511415,22.0
2018-08-31,7025.14078024547,121132253239.88936,1.37493819,13715513.6566594,17.0
2018-09-01,7192.35254734074,124029007769.28424,1.40711254,13547550.913617,21.0
2018-09-02,7286.66779105786,125668549341.9008,1.42507788,13150417.7856014,18.0
2018-09-03,7257.47021391,125178060647.4216,1.41924297,13221829.9042709,19.0
2018-09-04,7358.81147895967,126937601872.3862,1.43842941,11701743.2339903,26.0
2018-09-05,6790.89732846289,117152434088.97412,1.32907873,11985554.4900887,17.0
2018-09-06,6488.07593687902,111940508598.91376,1.27139307,12250781.5532615,14.0
2018-09-07,6408.65362244301,110582390617.65784,1.25683206,12582725.3198711,17.0
2018-09-08,6187.79050233781,106782962630.32613,1.21428401,12048687.1478142,18.0
2018-09-09,6249.24631034483,107856240949.9079,1.22689803,13080457.3585849,13.0
2018-09-10,6295.3886025716,108663237923.10112,1.23657997,10889256.6129215,15.0
2018-09-11,6278.42463968439,108381492630.1318,1.23448848,11243962.7129766,18.0
2018-09-12,6327.53636323787,109242573049.2828,1.24485106,13463775.4691272,14.0
2018-09-13,6490.91231648159,112075206592.99396,1.27856168,12034014.0992328,20.0
2018-09-14,6494.69547895967,112151244738.97958,1.27941999,11020990.7438311,23.0
2018-09-15,6524.16566744594,112671557069.80212,1.28532707,11500218.9046532,24.0
2018-09-16,6497.40470134424,112220687641.74638,1.28016559,11508923.5203562,28.0
2018-09-17,6258.59487492694,108106617083.93317,1.23381568,10885340.8378286,25.0
2018-09-18,6340.34779018118,109530014226.91257,1.25024052,11443545.954193,21.0
2018-09-19,6383.95187580362,110295726992.9487,1.25910583,13390617.4929546,24.0
2018-09-20,6498.60711104617,112289138730.93648,1.28206545,12451118.6507425,24.0
2018-09-21,6741.14289888954,116492037710.81636,1.3314931,12165754.7145117,31.0
2018-09-22,6705.47605113969,115888679519.1303,1.32462421,13446563.414452,35.0
2018-09-23,6703.13684950321,115860820198.54163,1.32411544,12664817.2593975,38.0
2018-09-24,6576.5450032145,113684901515.99104,1.29944603,12554837.9484404,43.0
2018-09-25,6416.44402162478,110930883871.08711,1.26947306,14010771.0450735,37.0
2018-09-26,6463.25040356517,111751327298.9028,1.27892467,11668565.4156512,37.0
2018-09-27,6677.90048860316,115474621398.57552,1.3210537,11811663.0811172,42.0
2018-09-28,6623.12615984804,114540210219.80827,1.31014502,13204326.5707306,42.0
2018-09-29,6584.49914757452,113884705996.97227,1.30289231,12553831.9780196,37.0
2018-09-30,6604.485028346,114243836027.3371,1.3069717,13520452.4014684,34.0
2018-10-01,6561.81383226184,113518672787.24203,1.29942083,13302756.841859,35.0
2018-10-02,6508.72093863238,112611317628.39714,1.28953035,11376483.8858544,33.0
2018-10-03,6464.45684365868,111857194576.8611,1.2814305,12003041.5148518,36.0
2018-10-04,6545.28566773816,113268081862.64056,1.29764795,12562461.6316862,29.0
2018-10-05,6585.14957977791,113968639381.96735,1.30556584,10781240.5783847,37.0
2018-10-06,6550.47831589714,113378821806.62975,1.298913,10527206.7148305,34.0
2018-10-07,6564.56826008182,113634349430.01115,1.30175802,12012909.058277,29.0
2018-10-08,6604.68527410871,114339930572.22964,1.30960738,11390596.3257734,26.0
2018-10-09,6590.42862215079,114103829682.04836,1.30696334,10819341.6623845,31.0
2018-10-10,6529.10243600234,113053807013.22675,1.29493068,11849538.474848,28.0
2018-10-11,6159.25164260666,106661946180.8367,1.22741162,12798532.0061516,19.0
2018-10-12,6191.67722326125,107233687733.84276,1.23438108,10340801.3185147,13.0
2018-10-13,6197.68569637639,107348671929.78308,1.23595286,11153382.1683486,15.0
2018-10-14,6182.87934424313,107101025152.54628,1.23348719,8943885.14525063,18.0
2018-10-15,6442.71541408533,111615002027.09384,1.28526524,13207214.2058592,20.0
2018-10-16,6461.93715926359,111958908236.79819,1.28989252,10986126.9450593,24.0
2018-10-17,6442.73070017534,111637252664.80186,1.28666145,11388324.9367584,23.0
2018-10-18,6396.47981209819,110846868324.40938,1.27802221,11365265.4685435,26.0
2018-10-19,6383.07784015196,110625950760.12843,1.2749913,11605843.6408558,24.0
2018-10-20,6408.25274634717,111073715079.62976,1.28642152,11688690.9616224,21.0
2018-10-21,6415.34050292227,111207633040.76584,1.28793139,11177638.2230549,21.0
2018-10-22,6408.03363559322,111093386674.06094,1.28689576,12520199.9094473,27.0
2018-10-23,6395.98766686149,110896863051.59772,1.28492912,12421483.0739698,24.0
2018-10-24,6413.80364114553,111214824905.23264,1.2887609,9185666.64055766,23.0
2018-10-25,6402.3248591467,111026747755.47588,1.28694965,11078368.7086216,25.0
2018-10-26,6404.10855230859,111069127245.88118,1.28863398,11721332.382434,29.0
2018-10-27,6409.40532758621,111171887419.07825,1.28980748,11140721.6138833,33.0
2018-10-28,6406.63325306838,111135017069.51332,1.28937475,11312884.7907702,35.0
2018-10-29,6263.0417346581,108655584101.0086,1.26107732,11701707.396594,34.0
2018-10-30,6272.16772822911,108825982078.54932,1.26329155,12343537.160952,31.0
2018-10-31,6306.31693132671,109431340954.17642,1.27073654,12904937.9077428,32.0
2018-11-01,6342.97750058445,110079709390.04428,1.27883905,12416572.2474633,29.0
2018-11-02,6348.16858270018,110181145790.36432,1.27995054,11791348.731355,36.0
2018-11-03,6332.43413296318,109920796924.69072,1.276901,12840788.9076941,36.0
2018-11-04,6420.42200029223,111457995144.99348,1.29459494,9959012.66897705,41.0
2018-11-05,6402.94683898305,111166153093.6582,1.29123581,11736833.1320736,42.0
2018-11-06,6441.14521887785,111839648400.00746,1.2989943,10388473.3176845,42.0
2018-11-07,6500.86980508475,112887229255.93488,1.31084446,10876602.4539338,48.0
2018-11-08,6406.75293746347,111262585491.11491,1.29195817,9902899.04333268,51.0
2018-11-09,6331.37876709527,109963654429.73752,1.2768824,10262802.9310726,47.0
2018-11-10,6353.11273407364,110351534110.30348,1.28133653,10836466.3614449,52.0
2018-11-11,6335.41420397428,110055678439.95064,1.27781403,11660743.772251,54.0
2018-11-12,6320.65605376972,109810368310.32216,1.27501457,11404614.5659448,52.0
2018-11-13,6267.9379912332,108903885882.58542,1.26499475,9557212.46284918,56.0
2018-11-14,5574.25834891876,96860778728.29768,1.12750028,10486098.1233794,49.0
2018-11-15,5538.56060783168,96249271453.67232,1.12835655,8932985.47548184,28.0
2018-11-16,5496.01623115137,95518590232.07166,1.12138354,8908268.51787117,23.0
2018-11-17,5501.09234044418,95616781735.51736,1.12295891,10338423.7285062,24.0
2018-11-18,5555.3763383986,96568855949.37881,1.13432294,8599720.95927254,26.0
2018-11-19,4792.20002367037,83310144258.67805,0.98256686,8462806.97951401,28.0
2018-11-20,4317.53067007598,75065364647.62799,0.89259762,7923554.71569229,21.0
2018-11-21,4549.32200993571,79101301550.27286,0.94205218,6049615.52431331,15.0
2018-11-22,4303.61554850964,74835645350.61563,0.89310508,6996199.90465438,14.0
2018-11-23,4289.89285330216,74603724123.31761,0.89181194,6900149.06328676,12.0
2018-11-24,3806.31692489772,66200862128.508286,0.79317203,7770115.71803217,15.0
2018-11-25,3946.85087434249,68651345825.21346,0.82453777,6188075.90968278,9.0
2018-11-26,3700.28599269433,64367741558.115166,0.77562836,5473562.85458386,17.0
2018-11-27,3776.55590531853,65700666907.91088,0.7940544,6208586.79845478,11.0
2018-11-28,4208.47526914085,73220966864.75833,0.88549955,6083835.51046033,14.0
2018-11-29,4239.03948831093,73758300790.55371,0.89130855,5723625.76989976,18.0
2018-11-30,3973.33405230859,69140104360.47708,0.8373706,5401820.88924666,19.0
2018-12-01,4148.07372559906,72187184141.7987,0.8734641,6537919.26876445,13.0
2018-12-02,4098.74676388077,71334608466.96637,0.86368527,5968275.42689432,15.0
2018-12-03,3843.9766659848,66906066119.82159,0.80763958,5738092.55036062,17.0
2018-12-04,3892.95164699006,67765212056.51536,0.81335924,7036398.75283324,12.0
2018-12-05,3709.52085827002,64578231888.36319,0.78473772,6291958.87095126,19.0
2018-12-06,3511.96898158971,61145021210.22174,0.74841821,6343227.25560129,13.0
2018-12-07,3372.99569257744,58730237821.20627,0.72100902,4960658.03065221,11.0
2018-12-08,3407.95119462303,59344289381.60886,0.72908961,5447972.13209918,11.0
2018-12-09,3540.43957597896,61657037841.08643,0.75773343,5614631.98059117,14.0
2018-12-10,3413.59258416131,59453278421.08123,0.73200608,5539420.91983261,19.0
2018-12-11,3352.56420017534,58395608029.68063,0.7222971,5337996.89872892,15.0
2018-12-12,3423.01291788428,59627831863.25954,0.73845418,5160390.73972739,14.0
2018-12-13,3260.34158240795,56799486057.97928,0.7044642,5827864.07679684,14.0
2018-12-14,3198.94747369959,55735757119.7476,0.69277432,5982323.51585555,10.0
2018-12-15,3185.07404383402,55499970403.61605,0.69048064,6057975.8545267,11.0
2018-12-16,3195.41455523086,55684747402.30576,0.69338644,4666604.25778655,13.0
2018-12-17,3499.15648188194,60984890679.218605,0.75972613,6740883.10593796,17.0
2018-12-18,3659.52737931035,63785762864.419914,0.79650093,5692744.16182017,23.0
2018-12-19,3697.72530333139,64458441787.68284,0.80573894,7089582.70129913,21.0
2018-12-20,4067.73770777323,70915331739.35384,0.88611656,6721946.32294331,27.0
2018-12-21,3839.08510841613,66935811078.209946,0.8376707,7076086.73385245,35.0
2018-12-22,3964.94611630625,69138915729.3505,0.86519497,8594155.30261391,28.0
2018-12-23,3942.66699590883,68759096491.792,0.86090691,8916949.29743681,31.0
2018-12-24,4040.04578959673,70465033648.76178,0.88260111,8231393.77197834,25.0
2018-12-25,3761.58401081239,65615679049.55474,0.82260882,7569827.66594972,33.0
2018-12-26,3807.65745353594,66426839657.05422,0.83308567,7478293.74229318,26.0
2018-12-27,3585.46053594389,62558281192.88986,0.78552581,8145258.25043105,29.0
2018-12-28,3881.05488486265,67723844318.077255,0.85252346,7898836.22197374,21.0
2018-12-29,3823.13832612507,66719803689.59481,0.84031284,6745781.21785835,24.0
2018-12-30,3825.4074628872,66767819607.35678,0.8415034,8578278.95546906,23.0
2018-12-31,3687.19994009351,64362719883.80751,0.81213582,7453243.5205335,26.0
2019-01-01,3808.11783167738,66480521038.57991,0.8391035,7012103.64869832,24.0
2019-01-02,3898.1974880187,68060451677.63375,0.85907301,7474829.0609802,30.0
2019-01-03,3784.38863471654,66080741974.71757,0.83487141,7679486.80141432,33.0
2019-01-04,3827.52459438925,66841085193.63053,0.8447265,7115351.21898818,48.0
2019-01-05,3798.61395499708,66343950645.25524,0.83856669,8052390.56037927,36.0
2019-01-06,4045.99377498539,70671645673.5018,0.89346662,7171471.57828049,31.0
2019-01-07,4001.01827819988,69893107437.67668,0.8841578,7286414.81783128,39.0
2019-01-08,3992.6227893045,69754882486.37996,0.88278743,8944897.01275319,39.0
2019-01-09,4004.25903565167,69966387406.09065,0.88542141,8518054.36444044,42.0
2019-01-10,3627.90345002922,63397403557.83663,0.80976747,7609635.02307813,37.0
2019-01-11,3624.16142109877,63338716516.620476,0.80976244,6809814.94266555,19.0
2019-01-12,3617.02207831677,63220183068.5522,0.80855945,6407919.17001489,22.0
2019-01-13,3508.6701081239,61332359877.66519,0.784834,6266417.92080623,21.0
2019-01-14,3666.94519374635,64105874435.58107,0.82050798,6736884.25294018,16.0
2019-01-15,3581.29301548802,62614404280.62736,0.80090242,6183026.05905401,27.0
2019-01-16,3606.98657568673,63069620481.69099,0.80691139,6073704.51253915,24.0
2019-01-17,3640.12913062536,63654910176.69185,0.81482992,5891153.31180589,28.0
2019-01-18,3609.42673611923,63124243900.56257,0.80838072,6307175.11619796,29.0
2019-01-19,3687.30196113384,64492311837.13122,0.82616434,6354782.86391987,31.0
2019-01-20,3538.31372296903,61893394902.55213,0.79319975,7150096.95018807,35.0
2019-01-21,3535.623393045,61852964024.41034,0.79297133,6879083.71968765,30.0
2019-01-22,3577.30834979544,62588022843.13821,0.80398567,5844342.94107825,27.0
2019-01-23,3551.89382115722,62149856463.492096,0.79874618,6683461.53319797,33.0
2019-01-24,3567.58893366452,62431708688.39277,0.80256605,7364947.5714072,37.0
2019-01-25,3561.35049795441,62328681312.47295,0.80172488,6309969.92281265,35.0
2019-01-26,3557.03991525424,62259909455.55577,0.8011809,6857448.82582505,41.0
2019-01-27,3537.61413062536,61925952432.71354,0.79718191,6393436.19789755,39.0
2019-01-28,3435.05251402689,60136836871.77253,0.77522856,6318406.83135573,35.0
2019-01-29,3395.82376329632,59456263677.06554,0.76708054,6364552.33446091,21.0
2019-01-30,3437.89586616014,60198733501.02517,0.77747695,5884537.24604336,22.0
2019-01-31,3410.13161601403,59719179106.520485,0.77173662,6731427.32322348,17.0
2019-02-01,3445.04989129164,60337481687.79334,0.78014383,6857975.37196296,23.0
2019-02-02,3461.93511747516,60639445325.19441,0.78422167,6325531.02417506,22.0
2019-02-03,3413.02161630625,59788561219.22763,0.77343528,6044025.21308595,19.0
2019-02-04,3411.38796171829,59766211643.222046,0.77384742,6411524.44993395,27.0
2019-02-05,3426.46501139684,60036651913.46877,0.77765737,6422102.20494889,21.0
2019-02-06,3367.50636499123,59010514041.86034,0.76510945,6985845.57387517,14.0
2019-02-07,3358.87359906487,58866543276.55742,0.76378864,7375022.02374828,18.0
2019-02-08,3612.47961922852,63318521615.34845,0.8216013,7184754.2731582,37.0
2019-02-09,3621.26812098188,63479353867.535934,0.82367897,6845104.34819661,42.0
2019-02-10,3642.0223591467,63849540740.750984,0.8284814,6454979.70124316,40.0
2019-02-11,3590.6184836353,62954869798.228264,0.81717159,6693602.40799548,46.0
2019-02-12,3587.90246580947,62912990081.10083,0.81707553,6031364.55755759,38.0
2019-02-13,3576.08537258913,62712619511.97009,0.81622357,6976103.87653069,48.0
2019-02-14,3561.91638340152,62470420539.833725,0.81324408,6566282.2719383,48.0
2019-02-15,3565.00692372881,62530283212.96329,0.81432592,5762323.41641078,43.0
2019-02-16,3584.73600263004,62883052978.740906,0.81951471,6898485.34101117,43.0
2019-02-17,3622.7574289889,63557220976.43588,0.82849268,7185045.4307252,38.0
2019-02-18,3866.12921712449,67834397006.09799,0.88420768,7556019.10851886,63.0
2019-02-19,3895.43521098773,68356190719.64763,0.89133025,7748245.9382798,65.0
2019-02-20,3931.61382904734,68997433564.01924,0.89885411,6596656.21482153,59.0
2019-02-21,3892.26179427236,68312619006.28702,0.89047082,6051778.48558182,59.0
2019-02-22,3948.30051052016,69304143089.32072,0.90331002,8096363.88186099,61.0
2019-02-23,4110.15112127411,72152438351.19626,0.94072884,7190247.7828969,63.0
2019-02-24,3754.18378988895,65909970410.02792,0.8599356,7119748.03220931,69.0
2019-02-25,3822.01869666861,67107739353.24882,0.87606044,6913971.36597182,47.0
2019-02-26,3796.17506838106,66661611759.654594,0.87035678,7878415.30725483,40.0
2019-02-27,3799.3819924021,66724622413.066475,0.8713884,6801908.84662639,39.0
2019-02-28,3792.94772296902,66618735760.469955,0.87032071,7350871.43467336,39.0
2019-03-01,3810.63269257744,66937068309.41024,0.87459349,7830758.1178926,42.0
2019-03-02,3809.64339099942,66925976280.739586,0.87461492,6565214.95545392,41.0
2019-03-03,3782.38187025132,66453961889.55256,0.86848471,7016670.61795451,44.0
2019-03-04,3698.16185505552,64980604713.95638,0.85007558,6497311.76435429,36.0
2019-03-05,3840.1280490941,67482252731.446045,0.88264283,7114388.35176686,35.0
2019-03-06,3851.99842548218,67697013071.833755,0.88556451,6388631.33749861,42.0
2019-03-07,3855.92316832262,67772832796.48942,0.88659022,7588198.87987363,56.0
2019-03-08,3839.23355289304,67486497838.10968,0.88315552,7193574.07638771,54.0
2019-03-09,3910.36116656926,68743532749.41933,0.89955742,7087594.99280831,55.0
2019-03-10,3903.9119509059,68636793205.242,0.89825462,6690849.40826923,55.0
2019-03-11,3851.56892168323,67723358556.261765,0.88665284,6977449.87654973,56.0
2019-03-12,3858.91482378726,67859421694.25656,0.88880804,7088005.70444551,56.0
2019-03-13,3851.95746639392,67743576013.3802,0.88736975,6637474.19377045,54.0
2019-03-14,3853.78326504968,67783152660.22259,0.88808394,7600598.59424684,55.0
2019-03-15,3901.91420689655,68637177203.57874,0.89930632,7723228.79179382,55.0
2019-03-16,3989.79607685564,70191204954.5506,0.92006352,8496146.10726474,54.0
2019-03-17,3967.14349444769,69799925361.87352,0.91484274,7297849.33901329,58.0
2019-03-18,3969.44014582116,69848322303.81924,0.91560369,8269486.75644039,56.0
2019-03-19,3996.16790356517,70327329421.23788,0.92168535,8830120.09324167,56.0
2019-03-20,4030.65527586207,70942373769.17288,0.92967286,8742662.15328318,55.0
2019-03-21,3976.27385008767,69992329935.54057,0.91748018,7388901.05848648,62.0
2019-03-22,3983.88764582116,70134369289.92285,0.9194745,8113657.07200504,56.0
2019-03-23,3981.77603302163,70104412361.26125,0.91913227,7382484.15111263,50.0
2019-03-24,3970.6669880187,69916267990.3455,0.91670464,7499624.0874357,44.0
2019-03-25,3908.23883869082,68824251372.20996,0.90273487,7512795.86116405,46.0
2019-03-26,3917.76340210403,68998541590.7157,0.90526912,6780907.83753621,43.0
2019-03-27,4027.00791788428,70930025424.35388,0.93039612,7721974.78508324,44.0
2019-03-28,4010.93746201052,70654287127.73622,0.92674903,7609348.21050804,49.0
2019-03-29,4089.46104003507,72045026127.67442,0.94438915,7807462.60003831,50.0
2019-03-30,4091.89103834015,72094945657.34747,0.944965,7321449.75025686,57.0
2019-03-31,4094.31781472823,72144816858.77142,0.94641855,7280099.53845046,56.0
2019-04-01,4138.41780771479,72928925679.54512,0.95655086,7260086.68771618,62.0
2019-04-02,4903.71946206897,86425014362.75935,1.12892016,9796335.10708989,60.0
2019-04-03,4960.22760274693,87429739701.33237,1.14051964,9794906.73422098,71.0
2019-04-04,4911.26970245471,86575394892.77437,1.12838804,9872137.44577406,61.0
2019-04-05,5033.22548369375,88735160417.78859,1.15614507,10526385.5093253,59.0
2019-04-06,5044.35684593805,88940169566.48195,1.15841744,9151289.67996446,65.0
2019-04-07,5189.11195558153,91501582075.61006,1.19121228,9465714.63768817,69.0
2019-04-08,5283.42302483928,93174379314.25348,1.21179209,10509444.218827,65.0
2019-04-09,5195.57790882525,91633783207.72186,1.19099798,9214713.9963386,64.0
2019-04-10,5311.74160327294,93692375038.22397,1.21651316,10332304.7364178,62.0
2019-04-11,5050.66600859147,89097245091.85478,1.15695368,10673185.0684278,65.0
2019-04-12,5082.86143202805,89674788551.88477,1.16368455,10032844.6937624,42.0
2019-04-13,5074.79069257744,89540963596.17763,1.16156591,8912797.68267318,62.0
2019-04-14,5156.80404061952,90995893159.3787,1.18135304,8025830.56805046,51.0
2019-04-15,5042.89773845704,88995066459.08098,1.15555322,9812670.32039005,60.0
2019-04-16,5205.96295745178,91882212812.36642,1.19224124,9626718.55527819,50.0
2019-04-17,5226.35221519579,92251086788.76868,1.1961381,9679415.78377375,61.0
2019-04-18,5278.5023395675,93181427266.90536,1.20765693,10319254.1749627,64.0
2019-04-19,5289.95121911163,93393585300.0213,1.20719787,10531918.6568264,61.0
2019-04-20,5313.97326212741,93826393814.37328,1.21246475,9275897.46327422,62.0
2019-04-21,5295.73382817066,93515072337.74179,1.20835451,11248346.3029415,62.0
2019-04-22,5383.79997533606,95079212191.436,1.22794551,9411111.8267204,61.0
2019-04-23,5544.86271186441,97931659198.88657,1.2632969,8538019.90240713,68.0
2019-04-24,5431.94791963764,95948460473.5421,1.238908,12202481.9130956,65.0
2019-04-25,5127.67316738749,90582999173.14824,1.17030753,10225360.6553522,58.0
2019-04-26,5150.16466066628,90990043973.08871,1.17673094,10183521.9482851,41.0
2019-04-27,5181.80776364699,91557969329.14915,1.18413668,9112041.03117378,42.0
2019-04-28,5148.66961542957,90982937914.71863,1.17650667,10771720.9485933,40.0
2019-04-29,5148.80049327878,90995741358.43207,1.17708337,11244134.7806778,42.0
2019-04-30,5266.61820251315,93087172974.79411,1.20333737,9672352.74232865,42.0
2019-05-01,5315.17532904734,93956778572.9972,1.21799733,11945018.6431959,51.0
2019-05-02,5393.12937638808,95347182688.02168,1.23567987,12941749.3453502,50.0
2019-05-03,5658.43038836938,100048291063.75714,1.2951638,11122649.2294458,63.0
2019-05-04,5774.71242869667,102113834632.84572,1.32099457,10035261.3673471,66.0
2019-05-05,5728.35170222092,101303278127.08575,1.30956777,9591032.60781153,67.0
2019-05-06,5691.68837405026,100665647010.0726,1.29939268,11100910.0764288,57.0
2019-05-07,5825.744893045,103045876595.76418,1.32870246,10026818.2871987,69.0
2019-05-08,5931.8005949737,104933062109.9294,1.35126305,11731703.7301483,63.0
2019-05-09,6150.14044476914,108807007514.73366,1.39928506,12149462.758915,69.0
2019-05-10,6357.46349357101,112484857374.906,1.44472955,10770042.575463,71.0
2019-05-11,7325.08286031561,129617193425.32507,1.6543368,11877938.2790655,76.0
2019-05-12,6942.62317451783,122863288682.21555,1.56569495,15580744.7153727,75.0
2019-05-13,7798.90573600234,138033162705.40247,1.74753483,16443665.5226962,78.0
2019-05-14,7955.5576823495,140820867693.55133,1.77133721,16211651.6224218,78.0
2019-05-15,8215.2068383986,145432203252.08707,1.81667469,16983774.4918891,77.0
2019-05-16,7862.07160233782,139195067372.16577,1.72799889,16642489.0435273,75.0
2019-05-17,7326.92068188194,129734247988.1042,1.61073752,15398528.2663666,65.0
2019-05-18,7277.98756341321,128881732029.37624,1.59950822,14984659.8529589,67.0
2019-05-19,8219.74278696669,145575486043.34,1.80201739,17128952.0847312,70.0
2019-05-20,7981.13937895967,141365770225.30295,1.74723194,17411194.2865449,73.0
2019-05-21,7983.80847738165,141428315610.9645,1.74497388,16828129.8548241,68.0
2019-05-22,7667.90211484512,135848233112.80898,1.67542929,18104557.6470407,69.0
2019-05-23,7897.4712936879,139930988343.83353,1.72268374,16469421.0512328,65.0
2019-05-24,7987.10036762127,141534352370.68,1.73899884,16833084.3068115,64.0
2019-05-25,8061.59176072472,142868475004.5568,1.75307893,15115205.1345969,69.0
2019-05-26,8731.52495587376,154759118458.68457,1.89396436,17530637.7421003,67.0
2019-05-27,8816.78670835769,156288718134.0543,1.90714924,20943626.1747347,70.0
2019-05-28,8719.12584833431,154575429830.0962,1.88105961,20098452.3035233,71.0
2019-05-29,8655.48850613676,153466072521.39337,1.84071984,20660475.7496612,71.0
2019-05-30,8271.62196317942,146676472971.8471,1.75787076,18924858.1213242,73.0
2019-05-31,8556.222185564,151735657705.73096,1.81476063,13928405.3729962,61.0
2019-06-01,8554.80732963179,151726713913.3333,1.81246057,17500366.3831521,62.0
2019-06-02,8744.35374547049,155102798137.0,1.8504971,15462127.8066285,63.0
2019-06-03,8173.40127054354,144987698066.72675,1.72701182,14378777.9286266,66.0
2019-06-04,7649.93933196961,135716749976.05272,1.62636908,17028462.3207378,42.0
2019-06-05,7798.54446639392,138368734753.60568,1.65612566,16774166.520507,27.0
2019-06-06,7776.71332612507,137996648982.4002,1.651342,16576546.9153716,34.0
2019-06-07,8023.950093045,142399676820.06097,1.70183629,16904713.8524406,27.0
2019-06-08,7939.80515488019,140918677619.86273,1.6835165,12882272.7216123,62.0
2019-06-09,7634.06575073057,135506326143.57268,1.61842434,15040475.2089595,62.0
2019-06-10,7993.30253857393,141898544054.91287,1.69111483,16318423.0157517,46.0
2019-06-11,7922.48362711864,140655515443.27985,1.67511723,14984664.3562564,61.0
2019-06-12,8146.75612507306,144650582356.85977,1.72008481,14041153.3883298,60.0
2019-06-13,8232.77734137931,146193480447.33228,1.73649236,16311181.085572,63.0
2019-06-14,8698.00481502046,154473128274.7469,1.82901577,18846894.0773128,67.0
2019-06-15,8850.58481601403,157199041113.7754,1.85878621,16609185.0992313,75.0
2019-06-16,9019.51700672121,160214175079.2246,1.88896018,15480924.6966563,80.0
2019-06-17,9340.57218877849,165932624581.00214,1.9511578,16680372.7946155,84.0
2019-06-18,9047.13274447691,160738189334.14664,1.88755922,19759220.101567,83.0
2019-06-19,9285.05567656341,164985850921.2929,1.93150882,21219685.8900861,82.0
2019-06-20,9546.71977819988,169652535888.81815,1.98086596,17906834.4189632,81.0
2019-06-21,10083.4863136762,179208052894.24255,2.08422475,17538287.9154746,84.0
2019-06-22,10685.2952327878,189922492509.6476,2.19688103,20226178.7284416,83.0
2019-06-23,10794.4276963764,191886656298.9596,2.2136737,25447586.8029726,84.0
2019-06-24,11004.2069094681,195640133811.35153,2.24706654,25683149.7809107,80.0
2019-06-25,11726.2638308007,208498744036.43344,2.37982686,22012700.0893407,87.0
2019-06-26,12863.4606849795,228745194861.05643,2.57176389,28602342.1291297,95.0
2019-06-27,11109.7978418469,197580309100.8578,2.21524309,23684931.4245074,92.0
2019-06-28,12358.2079582116,219807626215.0128,2.44168454,25937334.7871369,62.0
2019-06-29,11944.3515473407,212472603036.35617,2.35329242,27405858.844721,74.0
2019-06-30,10842.6167109877,192894947241.4694,2.13021037,23170049.1634577,78.0
2019-07-01,10569.5517282291,188055893488.6259,2.07558255,20510124.4180096,65.0
2019-07-02,10766.0833162186,191573891684.422,2.11000412,21634656.1809865,63.0
2019-07-03,11952.0248935126,212702475873.98233,2.33157806,25660429.8291376,79.0
2019-07-04,11177.0103787551,198933374582.88208,2.17425127,25608368.4262575,76.0
2019-07-05,10998.3991004676,195780355764.33008,2.13840364,27132379.4818537,67.0
2019-07-06,11208.225600526,199540374640.74243,2.17712562,26335706.9788643,72.0
2019-07-07,11456.1836039158,203976688321.28055,2.22256119,22174981.6766463,67.0
2019-07-08,12319.6228758036,219377585918.44864,2.37905472,27968213.8393009,74.0
2019-07-09,12579.107616014,224022488886.53967,2.41917807,25335914.8683845,84.0
2019-07-10,12106.7829313267,215630337157.472,2.31328701,21508972.6758214,83.0
2019-07-11,11294.678028346,201184389109.26904,2.15704038,19960968.6079638,62.0
2019-07-12,11813.3237158971,210446887987.89197,2.24857787,24773188.3315347,33.0
2019-07-13,11346.837148159,202156723717.6547,2.15890911,20609810.0301931,65.0
2019-07-14,10283.0757891292,183223251318.8303,1.95875859,20182908.1297771,61.0
2019-07-15,10926.3802741087,194705554172.6408,2.07837284,19638311.2811761,16.0
2019-07-16,9471.14086475745,168792705558.27164,1.80452153,22149573.0409782,34.0
2019-07-17,9674.88246113384,172439830467.31998,1.84011447,16501101.4444106,19.0
2019-07-18,10679.8906896552,190368702559.67532,2.02312657,15933222.4948449,40.0
2019-07-19,10532.2027291058,187751704487.22815,1.9920017,16208139.7509873,42.0
2019-07-20,10862.6485479252,193666411427.284,2.0519756,24399901.5665187,34.0
2019-07-21,10589.7064907656,188819945031.7756,1.99813946,20103997.7422695,42.0
2019-07-22,10318.5609251899,184005658485.4817,1.94697902,21529384.3624169,42.0
2019-07-23,9866.64894038574,175964578119.57816,1.86302934,18769327.203324,40.0
2019-07-24,9792.78753652835,174664328143.39987,1.84274782,17345757.0026475,20.0
2019-07-25,9897.18678603156,176544952190.2055,1.86177246,19605754.2098214,42.0
2019-07-26,9836.69678813559,175486349266.7898,1.84937883,20745948.0011575,24.0
2019-07-27,9446.67205207481,168546269397.19492,1.7764295,18834366.1429315,47.0
2019-07-28,9529.78879193454,170050073655.0765,1.79184692,20994348.8070565,16.0
2019-07-29,9504.15891595558,169612691475.5826,1.75506806,20887751.4846716,19.0
2019-07-30,9589.10920601987,171145748173.16083,1.76975529,17750997.0400789,22.0
2019-07-31,10059.0040189947,179553898940.3706,1.85482085,21676009.1554116,31.0
2019-08-01,10400.3070143776,185664640930.41312,1.91516898,18606541.3941747,57.0
2019-08-02,10529.6944544126,187996689088.01648,1.93668955,22617508.8714294,61.0
2019-08-03,10810.4216686148,193032157623.26468,1.98633631,23901417.8952569,61.0
2019-08-04,10986.5089291058,196199326743.02444,2.0166431,23105969.697715,62.0
2019-08-05,11790.0239375804,210569737010.31192,2.15209305,22256372.3249701,64.0
2019-08-06,11423.4970017534,204046558538.0738,2.07763358,24239820.6588186,66.0
2019-08-07,11967.2735473407,213782385228.5158,2.16935722,23489547.2769286,45.0
2019-08-08,11938.2346108708,213284826434.711,2.15713659,22052437.2260143,61.0
2019-08-09,11858.3410984804,211879263223.90833,2.13982687,22823177.0107999,60.0
2019-08-10,11303.7305618936,201991078712.93958,2.03923311,22285954.3660375,59.0
2019-08-11,11530.195242256,206059922092.75043,2.07768124,22402406.2328598,45.0
2019-08-12,11384.6962465809,203478588609.6376,2.04944243,19835024.1828409,48.0
2019-08-13,10867.05475827,194248112858.1886,1.95417056,23339417.3415891,45.0
2019-08-14,10024.3795917008,179204378646.9086,1.8019476,20751478.0270537,11.0
2019-08-15,10310.0858696669,184332141843.5172,1.85280853,20403806.3045699,13.0
2019-08-16,10373.3219028054,185481788307.1992,1.86332594,20175209.2411482,31.0
2019-08-17,10207.1555616598,182526956765.83365,1.83353888,16818757.380567,20.0
2019-08-18,10331.3099760374,184763389454.2763,1.85527013,16497323.400871,14.0
2019-08-19,10884.6297744009,194681043998.75848,1.95283046,22512416.2143436,30.0
2019-08-20,10771.3923793688,192676295263.2017,1.92992501,21381940.8221323,39.0
2019-08-21,10096.8302238457,180627040560.038,1.80967076,18133519.9255694,11.0
2019-08-22,10119.7145248393,181054264797.7083,1.81392145,18244786.7421254,5.0
2019-08-23,10414.1441725891,186341894023.2376,1.85888092,20303216.6174991,33.0
2019-08-24,10147.0871548802,181583695633.2657,1.81099778,20913191.154222,39.0
2019-08-25,10100.3567783752,180767017751.0464,1.8021966,20023054.2210009,33.0
2019-08-26,10362.6434723553,185478932955.0732,1.8474094,18051599.1536065,41.0
2019-08-27,10168.221571654,182016172175.13647,1.81156248,17790117.8193427,30.0
2019-08-28,9724.79997808299,174097062903.8222,1.73309226,19285143.4357694,32.0
2019-08-29,9482.31173495032,169775503540.7651,1.69107373,20199158.8493224,20.0
2019-08-30,9577.67882349503,171502153433.93356,1.70811556,19625872.0325795,24.0
2019-08-31,9605.02446142607,172011746947.59628,1.71310224,20380765.5464991,20.0
2019-09-01,9762.93655689655,174857169693.80963,1.7403943,17386554.1806439,24.0
2019-09-02,10377.3383845704,185880621503.5059,1.84745992,19567794.8424031,28.0
2019-09-03,10618.7815058445,190227159592.64856,1.88765943,22232234.965443,41.0
2019-09-04,10577.2410839275,189500976756.5565,1.87870879,18375693.837806,43.0
2019-09-05,10580.1846995909,189575535962.12213,1.8773914,22456931.6286019,41.0
2019-09-06,10330.8497312098,185128360457.92685,1.81873604,21464687.5948385,43.0
2019-09-07,10494.5069649328,188080767892.952,1.84632204,20094042.8606613,39.0
2019-09-08,10407.2656573933,186540270101.0337,1.83013043,23644815.6797411,43.0
2019-09-09,10332.4644424313,185218386705.9136,1.81652807,19160369.4909431,41.0
2019-09-10,10085.9519243133,180822381553.5077,1.77328813,23662199.3205437,41.0
2019-09-11,10142.1480603741,181853200818.7927,1.77786135,23997270.4992307,38.0
2019-09-12,10403.3599707773,186557392548.06653,1.82231036,20481339.8621805,39.0
2019-09-13,10345.3387469316,185536329258.67664,1.81108514,19643241.8545153,38.0
2019-09-14,10363.4528963179,185881272898.92343,1.813611,20523303.2794348,39.0
2019-09-15,10306.1696674459,184872765327.6869,1.80307986,19411747.0473599,38.0
2019-09-16,10257.822761543,184026415588.66183,1.79436332,21460937.0914746,38.0
2019-09-17,10195.6111811806,182929195196.49677,1.78283665,19262723.365071,41.0
2019-09-18,10161.3188664524,182336024903.4325,1.77473473,22533478.5270288,38.0
2019-09-19,10268.3926291642,184276366928.3356,1.79282081,19373703.7112655,31.0
2019-09-20,10170.1251161309,182532056233.3181,1.77523927,19539823.5858986,41.0
2019-09-21,9986.4061081239,179255413645.73785,1.74318445,21079948.1168425,37.0
2019-09-22,10047.0134748685,180364159936.0572,1.7535283,21169975.568586,37.0
2019-09-23,9692.74104792519,174018067346.8272,1.69241697,14647183.7982298,41.0
2019-09-24,8613.67124850965,154661954271.248,1.5076985,19220354.7854656,39.0
2019-09-25,8424.15764640561,151275587933.59106,1.47778949,17222704.4025811,15.0
2019-09-26,8091.69529924021,145322739599.22046,1.42454001,18142040.4350672,12.0
2019-09-27,8186.77963927528,147043914260.43405,1.44132571,13731933.7325467,24.0
2019-09-28,8201.97901344243,147333213816.3458,1.44491153,16399123.5708253,32.0
2019-09-29,8064.50806236119,144877514939.0163,1.42120643,14292283.4733979,33.0
2019-09-30,8282.3654541204,148804744751.3131,1.45994759,13436667.5184307,27.0
2019-10-01,8314.55139012273,149397874177.0148,1.46687818,15347785.3282141,38.0
2019-10-02,8362.53073232028,150275449305.661,1.47560342,15983802.9460234,39.0
2019-10-03,8254.33991028638,148346417594.9,1.45721375,15446657.0071901,37.0
2019-10-04,8165.68615125658,146768142907.41504,1.44209083,15198779.2000248,30.0
2019-10-05,8141.63371379311,146351909719.45923,1.43793767,16377861.1718337,31.0
2019-10-06,7854.60981297487,141207071248.86465,1.38789488,15379216.3300375,32.0
2019-10-07,8226.02342928112,147900136388.732,1.45350223,15743886.0120569,27.0
2019-10-08,8190.1151207481,147271106418.69086,1.44711351,17060959.4496355,39.0
2019-10-09,8598.3319207481,154626316412.427,1.5187746,14626389.9733706,37.0
2019-10-10,8578.09037931034,154279677488.72192,1.51523934,17831123.6787614,41.0
2019-10-11,8289.85402893045,149111820478.62405,1.4650268,17060812.1042193,39.0
2019-10-12,8323.7501440678,149735357197.11823,1.47085893,14021139.9221787,38.0
2019-10-13,8291.25065143191,149165443074.74835,1.46532541,15185999.1606783,38.0
2019-10-14,8346.36843658679,150171135374.6009,1.46837588,14628224.1898534,37.0
2019-10-15,8160.71262752776,146846350584.01755,1.43701211,16240085.9584146,39.0
2019-10-16,8003.85592314436,144038130124.39572,1.41022441,14633533.2162171,40.0
2019-10-17,8072.48938229106,145288400109.1214,1.42275851,15858419.0770184,40.0
2019-10-18,7959.33199357101,143267715788.64642,1.40337963,16329289.2152908,40.0
2019-10-19,7948.47733722969,143086440876.4854,1.40147566,14484979.8988221,41.0
2019-10-20,8213.70903927528,147876063651.31284,1.4480022,14984777.0324384,37.0
2019-10-21,8211.65455873758,147855396336.03143,1.44819078,16722180.4358311,37.0
2019-10-22,8029.20537288136,144587259213.96948,1.41660892,17496598.3543647,39.0
2019-10-23,7458.03585680889,134317490459.43152,1.31849373,17079475.3941129,33.0
2019-10-24,7454.37113816482,134263882621.12463,1.32043974,12594197.4342478,20.0
2019-10-25,8656.65517755699,155933669952.472,1.53033296,13909079.2686761,24.0
2019-10-26,9249.64676095851,166631506034.15335,1.63052996,16769057.9170478,53.0
2019-10-27,9558.15604400935,172203011254.27643,1.68313273,13879519.9511491,50.0
2019-10-28,9319.17814167154,167913113181.65033,1.63844571,16254462.7222859,52.0
2019-10-29,9431.20712390415,169947332705.59653,1.65571824,15907595.3936571,54.0
2019-10-30,9182.85506516657,165487489406.25067,1.61181743,15935289.7344978,53.0
2019-10-31,9155.27729877265,165005606900.36697,1.60646394,15460313.802921,50.0
2019-11-01,9251.38129345412,166752723154.50375,1.62077063,15476389.7763189,49.0
2019-11-02,9300.19083752192,167648074937.74777,1.62876338,16052149.3645515,51.0
2019-11-03,9209.63869608416,166031641060.67795,1.61294847,16402669.8082591,56.0
2019-11-04,9418.36013062537,169810017601.1924,1.64848919,15941423.7726535,49.0
2019-11-05,9330.78722296902,168247901531.6903,1.63757092,17451427.0960617,54.0
2019-11-06,9354.93338229106,168698728156.05194,1.64148312,15769410.013443,53.0
2019-11-07,9210.74822238457,166114161586.67303,1.61571232,15970955.4356528,54.0
2019-11-08,8791.33393495032,158564167664.94266,1.54350145,14762408.0373763,42.0
2019-11-09,8810.78456195208,158930846702.9261,1.54712396,16111246.6162539,38.0
2019-11-10,9042.89072320281,163136392079.5165,1.58742033,18896479.028929,39.0
2019-11-11,8713.20792957335,157205264288.935,1.52978275,16881322.7128666,40.0
2019-11-12,8788.95814295734,158586794627.15683,1.5426696,14989182.4021882,39.0
2019-11-13,8766.72943050848,158200496544.86435,1.5361222,15067619.9304147,38.0
2019-11-14,8645.43580362361,156029949234.48392,1.51523438,18779474.737608,41.0
2019-11-15,8465.87788854471,152806067826.95444,1.48420069,17351278.970832,38.0
2019-11-16,8477.69024284044,153034960323.91815,1.48640991,15864379.2041146,41.0
2019-11-17,8505.16122326125,153547224951.40726,1.4912036,16582477.2990228,38.0
2019-11-18,8183.53341350088,147755065062.98563,1.43585132,14963381.5186087,38.0
2019-11-19,8116.82067258913,146565470021.28036,1.42462588,15599060.2593914,32.0
2019-11-20,8076.55466008182,145852722323.80954,1.41836156,14807093.0673851,32.0
2019-11-21,7612.2774880187,137481479122.46744,1.33896278,13715760.945241,30.0
2019-11-22,7277.52427323203,131447679172.18343,1.28344958,12538677.9776505,20.0
2019-11-23,7324.83617855056,132318073497.78998,1.29339001,16178363.034655,23.0
2019-11-24,6943.38065604909,125438714449.2562,1.22636138,11832812.5764915,21.0
2019-11-25,7139.04468597312,128984724285.6019,1.26222308,11205569.8205629,17.0
2019-11-26,7165.43773027469,129472508033.31648,1.26841696,11167150.5679495,21.0
2019-11-27,7526.86381654004,136016204690.15666,1.33297166,12848987.4919461,20.0
2019-11-28,7436.3363817066,134395456014.39629,1.31736129,15917751.9149121,32.0
2019-11-29,7747.73804208066,140036528598.13245,1.37249236,14142605.488628,31.0
2019-11-30,7556.19372121567,136586360852.21767,1.33947241,12281980.5701858,38.0
2019-12-01,7417.72720601987,134096317371.93912,1.31531292,12925726.3722973,25.0
2019-12-02,7318.31252180012,132312381312.93507,1.29871273,13446041.6564058,28.0
2019-12-03,7306.44623331385,132112273441.05779,1.29767248,14637722.1146156,28.0
2019-12-04,7215.02034482759,130474208009.91588,1.28246605,15591131.4044838,24.0
2019-12-05,7404.0867949737,133906647429.96992,1.31656246,13451289.4192284,21.0
2019-12-06,7534.2083559322,136273617300.68172,1.34019312,13603961.7470767,29.0
2019-12-07,7512.06140263004,135887592947.56682,1.33632666,15286888.4929326,32.0
2019-12-08,7528.94026943308,136206847609.76505,1.33937263,13969510.4009207,28.0
2019-12-09,7340.22745908825,132806403797.40012,1.30638835,13970881.9664841,32.0
2019-12-10,7232.09178375219,130863289278.46732,1.28784015,13646564.1053916,26.0
2019-12-11,7200.46444599649,130302879541.04956,1.28292787,12062018.8328855,20.0
2019-12-12,7192.84902425482,130177025517.01804,1.28218893,12076200.2025003,23.0
2019-12-13,7244.90372004676,131132882825.62569,1.29164777,14060284.4659923,22.0
2019-12-14,7071.10709029807,128000507531.31398,1.26106197,13824044.9576452,27.0
2019-12-15,7111.28666995909,128738856951.94688,1.26826677,11126047.8730105,21.0
2019-12-16,6882.39579532437,124608648045.667,1.22841184,14132643.7105247,24.0
2019-12-17,6608.96197983635,119669663001.91632,1.18120445,12121833.9540971,23.0
2019-12-18,7284.6254836353,131916225311.62927,1.30300236,11695182.7772287,15.0
2019-12-19,7146.16763763881,129422936633.541,1.27839546,14591652.0228841,21.0
2019-12-20,7184.21917206312,130126090249.64581,1.28507153,14124384.4575268,23.0
2019-12-21,7140.29801127995,129346265139.51852,1.27731542,15844785.3183124,23.0
2019-12-22,7479.40240789012,135504930440.2474,1.33772206,15337832.9734668,20.0
2019-12-23,7321.7487238457,132661793688.078,1.30974111,13758030.7646397,33.0
2019-12-24,7235.62908381064,131112709026.91895,1.29430833,11525831.9084891,25.0
2019-12-25,7191.17416569258,130318672681.60936,1.28852354,11634910.2863679,22.0
2019-12-26,7194.63975832846,130396495065.20114,1.28945009,15752637.611085,39.0
2019-12-27,7237.15044728229,131180081114.36037,1.29743017,13514433.1871364,38.0
2019-12-28,7306.64330829924,132453312459.40369,1.30991222,13698700.7384132,37.0
2019-12-29,7391.578521391,134007321546.49026,1.32663778,14317659.0176258,37.0
2019-12-30,7229.3971006429,131082017205.2206,1.29751611,15446347.0361434,40.0
2019-12-31,7167.39505464641,129970799112.18243,1.28681852,13152944.2201164,38.0
2020-01-01,7170.63186879018,130045090385.52066,1.28743526,15907075.7858818,37.0
2020-01-02,6946.82526914085,125998424153.41441,1.24755453,12576131.2232563,39.0
2020-01-03,7315.3093603156,132697278148.87724,1.31328518,15705586.471209,38.0
2020-01-04,7343.16419438925,133217976217.07286,1.31850725,15650931.3942571,38.0
2020-01-05,7345.53069181765,133275875181.57004,1.31891454,15404396.6232259,39.0
2020-01-06,7765.7977346581,140914223163.34763,1.39343235,13051403.0811154,41.0
2020-01-07,8136.08684190532,147651200706.58707,1.45871525,17646229.3032322,40.0
2020-01-08,8059.69952887201,146279253219.06857,1.44434936,14890476.7245234,51.0
2020-01-09,7817.13609322034,141892197199.8546,1.40023893,15730239.7133437,44.0
2020-01-10,8129.81791992987,147582961219.60855,1.45520178,15541380.5657432,41.0
2020-01-11,8032.00549503215,145823708888.97903,1.43755242,16893865.3907386,50.0
2020-01-12,8164.54999316189,148245508556.63815,1.46084233,15625350.6674988,45.0
2020-01-13,8121.92566762127,147486087356.75323,1.45276596,14633330.0813923,49.0
2020-01-14,8830.16787346581,160363065666.57037,1.57463765,15748081.3734265,56.0
2020-01-15,8811.44820251315,160039732750.46997,1.56868373,16792710.0748656,54.0
2020-01-16,8718.68699801286,158372266764.6234,1.55078627,17478168.636505,55.0
2020-01-17,8912.54190414962,161911295166.55798,1.58368313,17783148.0200682,54.0
2020-01-18,8928.1807565751,162210132689.5925,1.58583813,14834325.0760483,51.0
2020-01-19,8687.35483664524,157851016737.10883,1.54314165,16961771.1248425,53.0
2020-01-20,8636.2587862069,156938999926.55887,1.53413892,16034934.2929324,48.0
2020-01-21,8730.86756019871,158674938268.75873,1.5503965,16708344.241405,49.0
2020-01-22,8647.90047399182,157183956412.81653,1.53544323,17310387.5912493,52.0
2020-01-23,8366.38461396844,152083761530.03436,1.48547764,17169132.3178694,49.0
2020-01-24,8423.39095815313,153136024721.92358,1.49494018,16478219.0489395,40.0
2020-01-25,8344.77456896552,151723896967.7877,1.4807681,17146239.26569,41.0
2020-01-26,8573.87480958504,155904701538.4813,1.52095733,15373871.852787,42.0
2020-01-27,8901.95928486265,161884843101.65765,1.5779271,14226813.8664812,50.0
2020-01-28,9297.3883176505,169092343462.29312,1.64585254,16242549.0084109,54.0
2020-01-29,9311.94754354179,169375757160.80072,1.64528656,18887556.2843298,57.0
2020-01-30,9508.92096493279,172977064840.9766,1.67702648,18922276.3946485,57.0
2020-01-31,9357.28478240795,170235489635.29547,1.64732688,17040641.8640666,55.0
2020-02-01,9381.88602863822,170700764231.1812,1.650978,17858163.3183205,57.0
2020-02-02,9339.38706312098,169944201721.52515,1.64356756,16944231.593907,57.0
2020-02-03,9279.81252051432,168877320922.92273,1.6319591,17467129.7546416,59.0
2020-02-04,9161.62719772063,166741659168.92722,1.61069803,15415016.36326,56.0
2020-02-05,9628.13677586207,175251271661.8097,1.69086813,19130672.8183499,53.0
2020-02-06,9739.2804364699,177290742754.4812,1.70571675,17105098.5956135,61.0
2020-02-07,9800.27939982466,178418176338.2741,1.7097118,17296713.6149433,56.0
2020-02-08,9911.29340841613,180456453565.47943,1.72664271,17511947.9489374,56.0
2020-02-09,10151.0832026885,184841757420.96796,1.76640757,19747647.2563808,56.0
2020-02-10,9872.36187305669,179781557317.70132,1.71346985,15671545.1161284,57.0
2020-02-11,10272.2225558738,187082260809.49307,1.7792319,19051941.2100874,52.0
2020-02-12,10360.1352229106,188701754427.22528,1.79208365,18763378.4859796,61.0
2020-02-13,10235.4973226184,186449612688.87488,1.76851563,18474198.4419548,65.0
2020-02-14,10361.6156901812,188764467553.96008,1.7883096,17892676.3265022,63.0
2020-02-15,9911.72432700175,180586089679.5512,1.71075719,18294966.9414571,64.0
2020-02-16,9952.04661157218,181338404100.27716,1.71695434,17801511.08347,59.0
2020-02-17,9683.0796277031,176456501278.73737,1.67061779,19823862.1987849,49.0
2020-02-18,10195.3037904734,185809970500.2769,1.75425426,19007001.5279857,53.0
2020-02-19,9636.00229865576,175633653604.36676,1.65794069,18406770.3412521,50.0
2020-02-20,9614.03012244302,175248312859.8305,1.65435215,15368284.8740307,44.0
2020-02-21,9701.79750268849,176866847060.14252,1.66881312,18886942.6943443,44.0
2020-02-22,9675.24905756868,176400759691.95303,1.66379813,18051502.9659413,43.0
2020-02-23,9972.84242308591,181844233521.0456,1.71384131,17684305.8236258,46.0
2020-02-24,9648.00788310929,175938223869.06973,1.65765413,17377835.2213733,46.0
2020-02-25,9344.28714009351,170416481768.15714,1.60369037,17822599.4317669,44.0
2020-02-26,8798.88894856809,160484737731.94965,1.51151916,15629013.6810431,41.0
2020-02-27,8779.02948188194,160138648318.09406,1.50901158,16401715.3340557,39.0
2020-02-28,8750.59344599649,159637227806.11615,1.50435395,17412081.0567263,40.0
2020-02-29,8582.09029964933,156578133370.52316,1.47581569,15277906.3501235,38.0
2020-03-01,8541.77389392169,155861469107.4843,1.46928146,19058740.702697,39.0
2020-03-02,8906.21475645821,162527997441.39096,1.53109223,16697791.7547892,38.0
2020-03-03,8768.81061420222,160037302982.88947,1.50704354,17037037.2303219,38.0
2020-03-04,8756.36957218001,159828523652.16946,1.50859699,18948989.9695022,40.0
2020-03-05,9062.61580274693,165436849061.72723,1.56090164,18562608.9764852,41.0
2020-03-06,9147.08505897136,166996546604.07248,1.57478419,18084440.7557398,39.0
2020-03-07,8898.30695675044,162472116275.45233,1.53210003,18200369.580492,38.0
2020-03-08,8109.61454114553,148087581459.68747,1.39731984,17385259.2570763,33.0
2020-03-09,7896.38531987142,144208663316.8568,1.36296685,15003719.0413104,17.0
2020-03-10,7909.92787545295,144469037207.9867,1.3667676,13309094.5286119,16.0
2020-03-11,7939.34133477499,145018062262.11853,1.37532279,11906436.352487,17.0
2020-03-12,4959.31341437756,90594963612.14102,0.87746909,13544827.8769228,14.0
2020-03-13,5627.69238836938,102813464913.33212,1.00230839,8634486.98165652,10.0
2020-03-14,5145.17250642899,94006442635.74617,0.91943052,8986521.2261113,8.0
2020-03-15,5358.61066335476,97914100475.66948,0.9586443,8103100.66412195,12.0
2020-03-16,5012.92738778492,91605131343.43858,0.9005596,7889846.94060429,9.0
2020-03-17,5416.7547106955,98992911188.38045,0.97465625,8477516.57450476,8.0
2020-03-18,5392.48783594389,98556166961.53716,0.97098752,6941254.71929466,11.0
2020-03-19,6203.5516320865,113387926283.63892,1.11612479,7981376.24196957,12.0
2020-03-20,6174.14947603741,112858928752.33304,1.11275432,9446456.6579134,9.0
2020-03-21,6175.83102220924,112899238722.37125,1.11317824,9873966.12841585,9.0
2020-03-22,5830.56097960257,106596676162.61998,1.05120625,9996191.20726949,11.0
2020-03-23,6486.40865733489,118596229879.9552,1.16908967,8912695.38775182,10.0
2020-03-24,6775.05761893629,123885010000.73076,1.21902362,11290318.1081887,12.0
2020-03-25,6689.96901285798,122336819602.86874,1.20405859,8111093.56505244,13.0
2020-03-26,6754.46033606078,123529655865.11256,1.21539093,13691118.2118555,14.0
2020-03-27,6490.79541502046,118720168235.13582,1.168733,13411241.2554212,12.0
2020-03-28,6231.81989023963,113993881635.10356,1.12273873,10989618.9333618,8.0
2020-03-29,5904.85758679135,108024157456.33168,1.06488351,11822813.2911171,12.0
2020-03-30,6436.90570017534,117769335877.16364,1.16111925,11637863.3799015,10.0
2020-03-31,6432.3832421391,117699377550.73596,1.16086021,13165642.8313156,12.0
2020-04-01,6643.11000870836,121567948718.78664,1.20232747,12386579.1867395,12.0
2020-04-02,6792.74222209234,124319187619.56122,1.2293196,13018917.4093132,14.0
2020-04-03,6751.90255178258,123582890115.26344,1.22207588,11436511.5514712,14.0
2020-04-04,6859.98916867329,125574707299.76088,1.24154011,13560678.0014824,12.0
2020-04-05,6790.81247264758,124323256506.53989,1.22896481,14957634.8766792,12.0
2020-04-06,7298.17374517826,133623484237.36052,1.31870276,11485342.6768563,12.0
2020-04-07,7187.59333664524,131613942980.88837,1.29919781,15735459.9608062,20.0
2020-04-08,7372.19476399766,135007499015.4844,1.33180003,13302461.4215237,21.0
2020-04-09,7299.57918790181,133691736771.83572,1.3184332,14241012.6272215,22.0
2020-04-10,6859.82267475161,125651576499.1472,1.24393645,14368680.593185,15.0
2020-04-11,6883.18222895967,126093134474.85796,1.24828502,13917060.6896329,15.0
2020-04-12,6978.66628661601,127855655280.20236,1.26554137,13349664.7131069,10.0
2020-04-13,6863.57553319696,125761756556.48576,1.24500204,14683700.7327373,11.0
2020-04-14,6875.53850344828,125995393496.61522,1.24727346,14587959.1353395,15.0
2020-04-15,6625.47577510228,121426948476.36131,1.20252464,14558871.7374524,18.0
2020-04-16,7127.79228223261,130646764661.29407,1.29329091,13495677.8347836,13.0
2020-04-17,7081.39519842197,129807584723.91763,1.28483033,11584618.6908067,15.0
2020-04-18,7262.79234360023,133147082134.64836,1.31739282,14261973.7785588,18.0
2020-04-19,7150.2442154588,131097348953.0472,1.29699559,13731416.2140145,16.0
2020-04-20,6853.27341478667,125666280331.4737,1.24397211,14513595.7291591,15.0
2020-04-21,6870.42369865576,125993555759.75612,1.2473842,13280755.4956055,17.0
2020-04-22,7123.65691992987,130649148893.33508,1.29301523,11597010.0622321,19.0
2020-04-23,7488.60516528346,137355657612.58064,1.35798226,13203833.9171429,19.0
2020-04-24,7506.44331648159,137696355773.91336,1.3603772,14000287.8021753,20.0
2020-04-25,7537.73820911748,138283235766.52548,1.36573263,13029925.9247904,24.0
2020-04-26,7684.06852168322,140980890871.95996,1.39182404,13360910.3301689,21.0
2020-04-27,7777.49151858562,142708646056.54214,1.40592618,13997087.9010893,28.0
2020-04-28,7769.89969842197,142584301338.06653,1.40416612,15084394.0350117,26.0
2020-04-29,8761.83716954997,160803082691.93655,1.57124906,15737371.4387275,26.0
2020-04-30,8652.4109912332,158809421388.64795,1.54783671,16397343.7651328,44.0
2020-05-01,8855.53525827002,162553244139.45322,1.58149669,17578400.0138616,40.0
2020-05-02,8977.28170537697,164804644177.09622,1.60183196,17019209.5407702,40.0
2020-05-03,8896.7956383986,163345766860.5667,1.58639791,19630255.3423323,45.0
2020-05-04,8881.95430450029,163090820830.57187,1.58241067,17898623.6303281,44.0
2020-05-05,8985.8795993571,165016848605.14212,1.59959352,18282730.7640675,40.0
2020-05-06,9266.8130730567,170193754397.31735,1.64574813,20611754.9554308,42.0
2020-05-07,9993.75317685564,183563057935.82147,1.76246608,18246780.7005844,49.0
2020-05-08,9859.32360461718,181110769243.21515,1.73504927,18271845.620501,55.0
2020-05-09,9577.33892238457,175947135264.4346,1.68527866,17375844.0015605,56.0
2020-05-10,8715.03329322034,160124072157.514,1.53444392,19252835.575272,48.0
2020-05-11,8591.65288433665,157872468635.6263,1.51427708,17168436.3390022,40.0
2020-05-12,8817.25068112215,162025896130.1576,1.55398556,8950520.33366681,39.0
2020-05-13,9322.99720204559,171326433776.82504,1.64026769,7822621.0542868,41.0
2020-05-14,9801.26948772647,180122509712.8674,1.72149026,8245134.85128987,40.0
2020-05-15,9326.87585891292,171411642923.92416,1.63770129,8969982.47707204,44.0
2020-05-16,9395.4753893045,172679781082.16855,1.64923495,8429266.32745205,41.0
2020-05-17,9682.5324811806,177961786342.58984,1.69855053,7112392.24211133,40.0
2020-05-18,9726.85002209235,178784109758.02524,1.7030904,9800851.10620265,50.0
2020-05-19,9754.20146201052,179293853008.8648,1.70545218,8879553.7575469,50.0
2020-05-20,9515.702550263,174916798054.94452,1.66337697,8810740.96343472,52.0
2020-05-21,9068.80122933957,166709322797.2722,1.58611169,9450405.20057815,49.0
2020-05-22,9161.81503389831,168425526445.20764,1.60231403,7770388.92415917,42.0
2020-05-23,9183.66212507305,168833981124.71753,1.60568496,7843058.63019165,40.0
2020-05-24,8806.23065715956,161901602383.70032,1.54008682,7286826.33878152,43.0
2020-05-25,8909.19258153127,163801506583.1173,1.55903037,7689659.79284451,41.0
2020-05-26,8835.13725336061,162446796724.567,1.54624899,7687822.76814688,39.0
2020-05-27,9169.05743921683,168594311360.4419,1.60359036,9241012.00693874,39.0
2020-05-28,9568.26185300994,175942441112.01053,1.67222784,8457127.38821037,41.0
2020-05-29,9432.41333343074,173451927876.11584,1.64770853,8526743.18954307,48.0
2020-05-30,9691.68049117475,178229021212.69913,1.69215433,9913195.96576446,48.0
2020-05-31,9433.94384663939,173498114784.08786,1.64704955,9542417.4585863,51.0
2020-06-01,10199.1350542373,187579162621.12015,1.77456298,8910754.39107795,50.0
2020-06-02,9512.34653302163,174955641656.20303,1.65555855,8941264.80720643,56.0
2020-06-03,9642.27340035067,177353695666.68335,1.67699652,9081230.36860107,48.0
2020-06-04,9813.36067913501,180509824980.4644,1.70498933,9764314.20040038,54.0
2020-06-05,9641.8916225599,177366559896.12006,1.67491159,11573082.6899895,53.0
2020-06-06,9668.67053857393,177871013185.53003,1.67895972,12477168.3999888,54.0
2020-06-07,9747.58011104617,179332370530.26468,1.69210512,9821022.7645001,54.0
2020-06-08,9769.34236148451,179742635817.0348,1.6929366,10379765.6243221,53.0
2020-06-09,9779.42216566335,179937869950.94925,1.69357425,10182263.0439178,52.0
2020-06-10,9888.44417469316,181953971577.1867,1.71128591,10401186.386667,54.0
2020-06-11,9277.45116931619,170722019602.6722,1.60651966,11473619.1499784,52.0
2020-06-12,9456.16153331385,174020249655.49988,1.63695561,9866334.58133083,38.0
2020-06-13,9461.33379865576,174124777106.15344,1.63756141,9622452.78417518,38.0
2020-06-14,9342.955635301,171956092423.66223,1.61687359,10380781.5378385,40.0
2020-06-15,9441.38321127995,173775784553.95013,1.63326898,8280410.59960841,37.0
2020-06-16,9520.09194827586,175233403355.5358,1.64602728,9617963.21008684,39.0
2020-06-17,9448.69356060783,173927344699.74097,1.63347313,8709273.10823802,38.0
2020-06-18,9389.99076639392,172853988352.52893,1.61930293,7714420.95468918,40.0
2020-06-19,9285.99158293396,170947837087.2992,1.601515,8736099.47769752,39.0
2020-06-20,9357.29246446522,172268442692.22974,1.61343538,8238014.00234774,38.0
2020-06-21,9284.76937182934,170941759573.137,1.6005863,9006615.2058985,37.0
2020-06-22,9684.62018474576,178312062949.33447,1.66795041,8923565.20117743,38.0
2020-06-23,9611.72599824664,176979435527.31827,1.65453862,9964641.89522986,41.0
2020-06-24,9292.94354354179,171117809729.41803,1.60043802,8594577.4593605,50.0
2020-06-25,9247.12143249561,170282202496.18005,1.59283584,8504016.54820617,43.0
2020-06-26,9159.43777206312,168676929867.51587,1.57369557,9950436.65769901,40.0
2020-06-27,9002.16561718293,165788426484.10727,1.5467905,8059992.05896448,43.0
2020-06-28,9108.06567457627,167747274213.1566,1.56486434,8666896.61256926,40.0
2020-06-29,9184.24736627703,169158669350.11176,1.57752462,8562734.80271627,41.0
2020-06-30,9143.96758530099,168425183323.96924,1.56990039,8801310.46204946,44.0
2020-07-01,9241.33961239041,170228061576.57693,1.5861884,10124055.9362646,42.0
2020-07-02,9094.38728679135,167530480365.48853,1.56106575,9907317.70423729,42.0
2020-07-03,9066.69069661017,167029509726.42023,1.5561961,9873738.20676215,41.0
2020-07-04,9126.21955493863,168135124719.26672,1.56620843,9203934.10591,40.0
2020-07-05,9079.61401808884,167285746564.34164,1.55815127,9453537.18129459,38.0
2020-07-06,9338.94259117475,172072688838.19153,1.60183713,9573702.5263014,40.0
2020-07-07,9252.15873261251,170482981402.3037,1.58667765,9827305.84595956,43.0
2020-07-08,9434.56795645821,173853010956.3395,1.61561301,9269106.00709557,44.0
2020-07-09,9231.50234751607,170120535332.4796,1.58050888,10324012.452296,44.0
2020-07-10,9285.22101542957,171119820222.7931,1.58940706,9821730.66445103,41.0
2020-07-11,9237.17100818235,170243300036.21756,1.58104284,9308390.99757443,44.0
2020-07-12,9289.09797691408,171209151295.98776,1.58969582,9012154.57131376,41.0
2020-07-13,9236.62250116891,170250451857.34445,1.58057885,8910800.3628078,43.0
2020-07-14,9260.3569868498,170696262854.64993,1.58381858,9003009.80517444,43.0
2020-07-15,9196.72555897136,169531276215.83417,1.57234112,8552242.70922882,44.0
2020-07-16,9132.59231209818,168356814754.77936,1.56130786,8476261.34494985,43.0
2020-07-17,9156.46870976037,168803722440.9125,1.56536628,7439212.40619956,41.0
2020-07-18,9175.90530859147,169169500525.0169,1.56854068,8257260.54422192,44.0
2020-07-19,9218.84231081239,169968646771.39542,1.57544863,8030628.81677879,41.0
2020-07-20,9167.19056750439,169024417398.20532,1.56656719,8809861.14917053,44.0
2020-07-21,9388.57434979544,173113620548.55356,1.6036542,8215338.73446885,44.0
2020-07-22,9531.2574301578,175753097015.691,1.62670582,9764974.36846801,50.0
2020-07-23,9609.16671537113,177197885133.97803,1.6387837,9402091.57921377,55.0
2020-07-24,9548.1007270602,176081404997.34537,1.62771038,10810915.0426475,53.0
2020-07-25,9702.45279047341,178936500441.52332,1.6530963,9515131.31193061,55.0
2020-07-26,9933.90655423729,183214872171.02325,1.69125357,10587041.6037513,55.0
2020-07-27,11046.5083295149,203745302795.425,1.87222939,11099308.3016979,58.0
2020-07-28,10944.6129789012,201875831190.2685,1.84950049,12037341.111269,76.0
2020-07-29,11115.7712819988,205043166412.04987,1.87484925,12189404.7472878,71.0
2020-07-30,11135.3907261835,205414465076.5148,1.87475515,11301864.6984554,76.0
2020-07-31,11338.1973407949,209166479251.11777,1.90517626,12639960.4220093,75.0
2020-08-01,11797.5821265342,217651287744.11752,1.97908671,11439834.2341845,75.0
2020-08-02,11094.0206841321,204681196754.4121,1.8599879,11205874.8463142,80.0
2020-08-03,11236.0956805377,207313812355.99893,1.87772343,12873862.5784736,75.0
2020-08-04,11202.651909059,206706903819.03012,1.87038652,11438679.0832375,72.0
2020-08-05,11721.4384715956,216288798767.41125,1.95126913,10806917.3916886,75.0
2020-08-06,11769.3091081239,217183602498.0373,1.95155359,13771270.4382111,79.0
2020-08-07,11598.9690585038,214051270852.34103,1.91764781,12898632.9438048,77.0
2020-08-08,11743.0086350088,216719847497.1544,1.93742923,11292366.647165,77.0
2020-08-09,11680.5173661601,215577945675.7649,1.92470744,12105371.3641104,79.0
2020-08-10,11870.3695447107,219092059149.64685,1.95320633,11774383.1865932,78.0
2020-08-11,11392.6440884278,210285619725.4452,1.87194792,12966824.4492047,84.0
2020-08-12,11575.5124736996,213672365984.7056,1.89982911,12684820.6087768,75.0
2020-08-13,11773.4481155465,217336876532.05075,1.92924287,11879252.2971003,75.0
2020-08-14,11774.4082518995,217366890107.603,1.9265623,13709961.9922364,78.0
2020-08-15,11866.9103613092,219086138168.21063,1.93989709,12537672.5372401,79.0
2020-08-16,11899.6427535944,219701746156.3508,1.94366153,12130221.317492,82.0
2020-08-17,12315.7624166569,227394137696.7252,2.00437877,10390360.2175087,83.0
2020-08-18,11992.6959962595,221439640459.05893,1.95013602,12747409.9454137,82.0
2020-08-19,11736.8490645237,216725667041.4704,1.90751141,11920459.626279147,80.0
2020-08-20,11867.5203439509,219149394201.68213,1.92666487,12309250.391919043,75.0
2020-08-21,11524.6989491525,212829910158.46448,1.86965642,12988330.809193192,81.0
2020-08-22,11682.2891503799,215750103401.7776,1.89433444,11060458.286919411,78.0
2020-08-23,11665.6092735243,215453504048.67047,1.89095764,12250514.724347962,76.0
2020-08-24,11771.4080537405,217418476236.22745,1.90603293,11845489.149642441,78.0
2020-08-25,11358.4543202805,209800287564.57504,1.83853818,10414543.565818902,75.0
2020-08-26,11472.0491204559,211908661338.8008,1.8556766,11345447.778234858,76.0
2020-08-27,11314.6737410286,209010787351.93704,1.82960462,10690122.01226198,75.0
2020-08-28,11527.8830322326,212961048996.42532,1.86186629,13003916.081702596,74.0
2020-08-29,11490.7623477499,212285783092.42407,1.85563351,11257775.012961268,79.0
2020-08-30,11698.9758329632,216141703644.11383,1.88762446,9959939.36462156,75.0
2020-08-31,11678.3482268849,215771551563.05804,1.88187726,12191565.474340877,75.0
2020-09-01,11970.364856166,221178432036.76083,1.92471346,12943722.052071035,75.0
2020-09-02,11414.5209336645,210918284052.1679,1.83478767,12071209.204979686,83.0
2020-09-03,10261.4944095266,189620855868.04953,1.65212902,10387319.325323954,79.0
2020-09-04,10471.9664133255,193518977097.63437,1.68560929,10521917.64225536,40.0
2020-09-05,10128.64358609,187183394233.4417,1.63131545,10426131.583986409,41.0
2020-09-06,10253.2998980129,189496729938.0876,1.65140122,10418304.66587639,41.0
2020-09-07,10367.8783543542,191625655656.81183,1.67005527,12203310.681068864,41.0
2020-09-08,10108.6354501461,186843957815.11063,1.62894233,10676168.86571476,41.0
2020-09-09,10223.1114091175,188969405737.1191,1.64757745,10385265.13427389,38.0
2020-09-10,10334.6307302162,191040993379.8496,1.66531058,11342158.755076,38.0
2020-09-11,10387.0207419638,192018408644.76068,1.67381361,9984827.136857176,41.0
2020-09-12,10436.9778322618,192953023670.09015,1.68190081,11755971.409291402,41.0
2020-09-13,10322.5236148451,190847509504.39935,1.66341746,11038733.637861196,38.0
2020-09-14,10662.719912332,197148942307.1638,1.71735678,12485219.771708764,39.0
2020-09-15,10779.3810249562,199316464218.54663,1.7348274,11329376.27027292,47.0
2020-09-16,10968.3205465809,202820681601.6072,1.76292263,11397006.21477204,43.0
2020-09-17,10936.2927505552,202240606289.0171,1.75667708,12881875.598747488,48.0
2020-09-18,10920.1128439509,201952658938.4508,1.75269523,12027086.744657055,49.0
2020-09-19,11073.7795478083,204804828423.61197,1.77573693,10777756.114914745,48.0
2020-09-20,10921.2180998247,201992962103.4836,1.75066035,10041684.798421945,52.0
2020-09-21,10455.3799623027,193386546243.5811,1.67690819,10351909.518035322,48.0
2020-09-22,10519.8391641146,194587288925.38617,1.68568673,9208013.41541779,39.0
2020-09-23,10233.2995687317,189296198403.34613,1.64062817,10252434.95536237,43.0
2020-09-24,10739.0427094097,198660661113.4665,1.72053475,9928235.838903904,39.0
2020-09-25,10683.6305806546,197646881316.5258,1.71066582,12502201.347978113,46.0
2020-09-26,10742.0304202221,198737347444.74127,1.71935636,10759364.728825692,45.0
2020-09-27,10758.8242899474,199058270210.58435,1.72167524,10713359.143363992,47.0
2020-09-28,10727.3750541204,198485049767.5505,1.71621999,9531618.970526235,43.0
2020-09-29,10841.1427444769,200599609229.0116,1.73140353,10337349.261857346,45.0
2020-09-30,10772.351766803,199337235088.72717,1.71995233,11484361.336782591,49.0
2020-10-01,10606.6173325541,196278618504.30948,1.69356781,9416443.242984341,45.0
2020-10-02,10570.1056777908,195611944028.46317,1.68748627,10232863.851096012,41.0
2020-10-03,10555.7054339567,195355412926.41483,1.68506329,10855303.17414383,40.0
2020-10-04,10665.618622443,197400118730.0376,1.70216949,11055916.218426451,42.0
2020-10-05,10772.6355995909,199390223520.62772,1.71835152,10710768.428353487,42.0
2020-10-06,10596.3735493863,196136406784.5261,1.69012311,10054284.607074086,47.0
2020-10-07,10667.1943941555,197457351293.61536,1.70039927,11193916.28524024,43.0
2020-10-08,10902.5293637054,201824607685.06384,1.73638098,12084850.912867788,46.0
2020-10-09,11074.1036797779,205010561255.28888,1.76179817,10965183.362031737,48.0
2020-10-10,11302.8542864407,209255428096.9055,1.79700041,11127194.8560519,53.0
2020-10-11,11378.2625284629,210661427269.15652,1.80770338,10659930.880493835,55.0
2020-10-12,11548.401556692,213822180181.52505,1.83284911,11515021.100733979,52.0
2020-10-13,11434.9687849211,211733795569.96,1.81348383,12872175.626639746,56.0
2020-10-14,11417.10811391,211413713271.8805,1.80880169,11605343.496273927,53.0
2020-10-15,11502.5812390415,213007298065.68048,1.82050458,11814116.192273524,56.0
2020-10-16,11338.9871765634,209988812323.3502,1.7940757,11742282.088889891,52.0
2020-10-17,11362.8022174167,210440997243.65863,1.79732641,11674223.51603316,56.0
2020-10-18,11489.6225650497,212798348506.64096,1.81665683,8982105.736832837,55.0
2020-10-19,11745.8119675628,217552387640.84076,1.85166488,9776921.35454538,55.0
2020-10-20,11929.4572507306,220964546714.08163,1.87699868,11710523.407490088,56.0
2020-10-21,12848.4906177674,237997872158.0872,2.013415,11562043.137415789,61.0
2020-10-22,12997.4993417884,240769151101.22614,2.02018679,13585268.793336762,73.0
2020-10-23,12953.4296969608,239963373092.9489,2.00849858,12640081.09752187,74.0
2020-10-24,13113.8669231444,242947944356.6773,2.02902772,13768787.568247974,73.0
2020-10-25,13041.6410374635,241619421843.6139,2.01568826,10397996.375269836,76.0
2020-10-26,13080.6561698422,242351238993.11288,2.01954164,10435984.482452529,75.0
2020-10-27,13675.5239275278,253381084990.52963,2.10370037,10871089.34394712,61.0
2020-10-28,13290.3288497954,246252469508.29257,2.04049323,11446509.259696554,70.0
2020-10-29,13475.2173007013,249687307271.2864,2.06357066,12458484.387886178,67.0
2020-10-30,13603.2960908825,252069964041.1888,2.0801745,12828892.041338578,74.0
2020-10-31,13807.2336110462,255858690808.36392,2.10747626,13341986.845960088,73.0
2020-11-01,13736.89941128,254566075299.39197,2.09316771,13377441.175498055,72.0
2020-11-02,13595.5647603741,251954997135.1448,2.06586073,10902576.25650482,71.0
2020-11-03,13996.915398597312,259405133239.1944,2.09497527,15826226.373946056,71.0
2020-11-04,14129.148195499703,261869847340.3332,2.10823433,16641138.126188194,74.0
2020-11-05,15606.46683372297,289264831869.5576,2.30749272,20893224.438920554,72.0
2020-11-06,15618.972471361778,289511558679.5521,2.29919169,18889243.164551694,90.0
2020-11-07,14866.356304500296,275574713602.1555,2.18711473,16132958.559332216,88.0
2020-11-08,15500.000707188785,287333823623.85486,2.26976446,15148276.024686076,82.0
2020-11-09,15319.819972530682,284011407032.1132,2.23751677,20216887.388651714,90.0
2020-11-10,15319.27567621274,284015391004.3896,2.23228692,16459647.090100147,90.0
2020-11-11,15731.241105786092,291667576115.5471,2.28563276,16020485.034676496,86.0
2020-11-12,16289.814897720637,302040192101.93146,2.35643005,17804675.564513773,87.0
2020-11-13,16330.06276797195,302800641127.13446,2.35455292,16032046.443972783,89.0
2020-11-14,16102.010016949156,298586257209.3901,2.317866766319,15597257.884330552,90.0
2020-11-15,15986.7549905903,296464022985.17487,2.29883051,15662707.440931926,86.0
2020-11-16,16743.05393980129,310505840495.72095,2.39979607,17711414.833960325,90.0
2020-11-17,17682.16918702513,327939414604.2494,2.51738625,18324639.99735234,86.0
2020-11-18,17804.690023962594,330230533165.07886,2.51023261,21194109.321156435,91.0
2020-11-19,17818.668662185857,330505057657.63434,2.504430386254,16988027.064900875,94.0
2020-11-20,18663.78185312683,346200022367.58093,2.596127396527,20641618.88821196,86.0
2020-11-21,18706.58933541788,347013829881.6223,2.589987418208,20655875.924064286,91.0
2020-11-22,18482.692631735823,342880566989.43976,2.55377715,20906345.739519313,94.0
2020-11-23,18373.2577597896,340867272937.9125,2.52775968,18011288.3905691,90.0
2020-11-24,19150.251048509646,355298609040.9366,2.61774563,17683648.930801246,88.0
2020-11-25,18748.393713033314,347861028434.87366,2.555478063978,20363512.95999495,94.0
2020-11-26,17113.716871420223,317546987940.7591,2.326869284941,18340061.78604947,93.0
2020-11-27,17101.603018059614,317338674284.2633,2.31953985,17988301.561259545,86.0
2020-11-28,17745.377312448858,329301680033.60706,2.40313103,17630656.51384634,87.0
2020-11-29,18190.866880420806,337585701789.79,2.45853128,18023228.15797287,89.0
2020-11-30,19664.407606662764,364945525705.5228,2.63721867,14684437.13730185,88.0
2020-12-01,18820.60778959673,349303591166.3211,2.51290662,21143567.33429405,95.0
2020-12-02,19214.872229047334,356636727016.0429,2.55197705,18291019.906802543,92.0
2020-12-03,19470.31120806546,361396895344.4884,2.57495934,21762338.78996689,92.0
2020-12-04,18732.967090999413,347727590891.8358,2.47230116,19296507.660683624,92.0
2020-12-05,19114.633130917588,354829406548.3851,2.51909742,18632287.72198453,93.0
2020-12-06,19356.3136767972,359332231927.7029,2.54722977,17217876.55490936,95.0
2020-12-07,19182.176832846293,356117524229.7686,2.51748691,19343628.017927807,94.0
2020-12-08,18340.97813769725,340517159295.926,2.40341294,18941288.637713753,95.0
2020-12-09,18574.69673524255,344872497185.5556,2.422360712922,17187411.942549206,86.0
2020-12-10,18294.84695149036,339691449525.13635,2.38235433,16448918.976491643,94.0
2020-12-11,18061.760025716,335379162360.3685,2.34803699,16978667.126258247,89.0
2020-12-12,18813.2837685564,349349325775.85046,2.43833504,16396977.017211141,90.0
2020-12-13,19156.0825055523,355733532179.7954,2.46411643,19661607.518971115,91.0
2020-12-14,19286.7512992402,358177564948.9231,2.474236613553,18516458.628991954,95.0
2020-12-15,19432.5884640561,360902935454.3275,2.48407194,18584575.835623957,91.0
2020-12-16,21370.7203186441,396917110350.8976,2.70395115,19816346.525156554,92.0
2020-12-17,22789.2674160725,423282074598.6717,2.838980097189,22338873.247198086,92.0
2020-12-18,23048.7645610754,428124525372.75903,2.82221791,27241477.875482038,95.0
2020-12-19,23856.7735192285,443156630306.5704,2.906877174893,25884376.309846204,93.0
2020-12-20,23528.5506135593,437081860159.9275,2.850832494921,24027162.60963906,92.0
2020-12-21,22937.4183435418,426120094395.11053,2.76690892,23298120.991149504,92.0
2020-12-22,23756.8887685564,441365046263.01465,2.831513764707,23995220.12075107,88.0
2020-12-23,23307.2709018118,433034297725.00934,2.75180066,26038110.232698534,93.0
2020-12-24,23707.6330440678,440491441936.2526,2.77320466,20751169.501283977,86.0
2020-12-25,24669.1643220339,458379042147.35565,2.87742129,23792132.986943312,94.0
2020-12-26,26478.0681052016,492013050503.56146,3.06732801,23722327.94400382,93.0
2020-12-27,26430.8565971946,491160219103.0907,3.033869719213,27533619.89224247,91.0
2020-12-28,27039.3490199883,502494772100.1416,3.03336124,29968235.311181773,92.0
2020-12-29,27231.2034552893,506086032710.1856,3.00690895,28221057.092363108,91.0
2020-12-30,28844.6136781999,536101921073.2669,3.14848763,33896444.42080255,91.0
2020-12-31,29022.6714126242,539441388030.4845,3.140996404211,33284139.091827303,95.0
2021-01-01,29380.6937327878,546123272590.4994,3.145922773591,29068047.02881674,94.0
2021-01-02,32022.6810578609,595262299159.9148,3.36183826,31908499.940662753,94.0
2021-01-03,33277.8353050848,618626936448.978,3.43360474,35922359.22404933,93.0
2021-01-04,31802.1467136178,591228627330.577,3.2392637,39752808.81415808,94.0
2021-01-05,34013.1741724138,632366860903.1603,3.40781574,35314776.48318403,93.0
2021-01-06,36643.2777223846,681305813105.2504,3.60095708,43004565.11013959,95.0
2021-01-07,39215.6511490356,729174942657.4891,3.742047073313,45226287.01495596,91.0
2021-01-08,40775.4045634132,758214680099.2676,3.78863874,42358095.25666046,93.0
2021-01-09,40370.6823495032,750723981944.456,3.6883279,40693122.11401789,93.0
2021-01-10,38329.3401665693,712801739056.71,3.47615243,43171347.77742759,94.0
2021-01-11,35269.5137177089,655932811964.7596,3.17723254,37697672.105572425,90.0
2021-01-12,33712.4685452952,627006493875.7682,3.024579234512,38534703.86316562,84.0
2021-01-13,37296.5475277615,693700965812.7666,3.31893271605,37493720.35220138,78.0
2021-01-14,39045.518340152,726267001112.6581,3.43968572,42518141.3229426,83.0
2021-01-15,36710.3174248977,682866609536.3408,3.21691863,41733817.69406035,88.0
2021-01-16,36177.2610970193,672984205338.4072,3.16002808,38126679.70239878,84.0
2021-01-17,36069.939466803,671017747596.7164,3.14208979,31937013.5207863,79.0
2021-01-18,36594.2964018118,680805649185.9204,3.16789734,36250411.753908925,79.0
2021-01-19,36250.1461893629,674436786184.2588,3.12779915,38439879.37535342,80.0
2021-01-20,35515.480012858,660799562908.8003,3.05640832,34297105.93950238,78.0
2021-01-21,31022.9510280538,577236765327.8912,2.671999724485,30287474.72314571,75.0
2021-01-22,32986.4357568673,613799933930.6252,2.83570647,31865792.143227555,40.0
2021-01-23,32036.2822723553,596151049200.8364,2.75080418,33751644.506897256,74.0
2021-01-24,32216.1042904734,599525276803.4537,2.763770318383,30284997.15879116,70.0
2021-01-25,32419.7059462303,603342567061.9476,2.777191691556,33137293.923932903,74.0
2021-01-26,32640.6391426067,607487059172.2292,2.79160837,35209827.729441255,71.0
2021-01-27,30358.9347235535,565048354264.0007,2.58416695,30148573.701184303,78.0
2021-01-28,33511.287595149,623751131789.6173,2.83537151,32031715.884661224,55.0
2021-01-29,34166.1494259497,635972641065.8976,2.87127647,39455373.63302356,77.0
2021-01-30,34349.9170952659,639422511060.5605,2.878188037248,33651946.62402073,76.0
2021-01-31,33157.8325745178,617261741250.7816,2.77012967,33412205.26586177,78.0
2021-02-01,33570.2718468732,624964623033.4149,2.798474060738,30096215.73409861,77.0
2021-02-02,35596.1489094097,662713622887.4319,2.95247741,38671645.45825114,76.0
2021-02-03,37578.3732068966,699653042694.9592,3.10161426,39131400.439372316,78.0
2021-02-04,37129.2029376972,691327294031.8641,3.046232040351,43879560.217283756,80.0
2021-02-05,38045.4136084161,708426864829.8851,3.09428668,45671119.753917314,81.0
2021-02-06,39341.727081239,732604037089.1453,3.18428793,45346981.332109064,84.0
2021-02-07,39003.0121817651,726334667736.0048,3.141200247585,41085629.48255814,86.0
2021-02-08,46121.9340724722,858953685019.9965,3.65741696,48670642.79997875,83.0
2021-02-09,46548.1619912332,866933160142.6617,3.61855022,51636507.497528024,95.0
2021-02-10,45078.128350263,839594904533.2678,3.46683384,49429153.26156691,92.0
2021-02-11,47892.8409181765,892058461589.6199,3.64585169,47377470.06192563,93.0
2021-02-12,47525.2091431911,885253081022.2079,3.57975153,53308083.0824142,92.0
2021-02-13,47208.6250270602,879402263106.5962,3.54773666,53952453.191675015,92.0
2021-02-14,48829.8275096435,909647017116.4133,3.65475277,50339561.18150959,95.0
2021-02-15,48110.2417334892,896287524856.9435,3.56148121,51761591.27857075,93.0
2021-02-16,49140.3826578024,915516034419.288,3.6125173,42832906.95827337,95.0
2021-02-17,52224.9391139684,973028220227.9847,3.79432537,51285528.64317585,95.0
2021-02-18,51650.0699485681,962361657680.0498,3.70969063,53678746.908786446,91.0
2021-02-19,55820.5044038574,1040119985987.2585,3.90986635,59244126.437538244,93.0
2021-02-20,55861.8205670953,1040940814716.2908,3.87796973,59691256.6875985,91.0
2021-02-21,57500.7161102864,1071530978098.8726,3.95810037,57635434.78941177,91.0
2021-02-22,53952.1533386324,1005448041778.174,3.68695731,52905473.90020501,94.0
2021-02-23,48560.4890350672,905007959206.9448,3.28933195,48487887.64094238,94.0
2021-02-24,49567.3456890707,923821685553.8049,3.32994398,59746178.57906681,76.0
2021-02-25,47568.131170076,886607289246.5886,3.17682646,57792548.4154015,79.0
2021-02-26,46231.7675784921,861739395614.1508,3.06572143,47395143.797322005,55.0
2021-02-27,45834.5133611923,854379730435.3794,3.04478896,51148405.64582984,56.0
2021-02-28,45359.4641642314,845561698558.5696,3.00886446,40396048.67600178,55.0
2021-03-01,49634.4471092928,925293484700.9192,3.269931,44513744.099418715,38.0
2021-03-02,48304.7054879018,900547396139.7251,3.17061495,50567917.70753806,78.0
2021-03-03,50690.4671835184,945073444270.1715,3.3135168,55147754.83271214,78.0
2021-03-04,48472.7954751607,903765934807.9712,3.161905493951,45722350.32302363,84.0
2021-03-05,48800.8173594389,909927285417.9523,3.17106851,49815984.01444393,77.0
2021-03-06,48970.5244868498,913138122157.5786,3.175929809802,49711918.89213497,77.0
2021-03-07,51086.4681794272,952640081754.0468,3.30549961,49451162.50304934,76.0
2021-03-08,52088.475131502,971375568436.1802,3.35002291,53803631.21964566,81.0
2021-03-09,54739.1352542373,1020854485706.3766,3.49855563203,52888356.46482327,81.0
2021-03-10,56116.040912332,1046585269945.1644,3.56293331,57652864.476403445,68.0
2021-03-11,57847.2549357101,1078920786628.1328,3.63177042,52736912.574518405,73.0
2021-03-12,57334.641534775,1069413682211.764,3.570586382096,60000114.24336446,70.0
2021-03-13,61288.7941276447,1143221861398.156,3.78957634,59410978.32581383,74.0
2021-03-14,59905.6184704851,1117480223465.9624,3.68484058,64756375.034695014,78.0
2021-03-15,56121.121924021,1046936085343.0632,3.43735753,59673362.68696073,76.0
2021-03-16,56500.4460257159,1054064969221.1396,3.44231318,57657199.41954258,71.0
2021-03-17,58683.0659824664,1094833523737.9852,3.55383882,54456146.879519716,71.0
2021-03-18,57731.4798410871,1077134892562.373,3.48651656,64386085.97207126,72.0
2021-03-19,58168.1219222677,1085335421881.5612,3.50341884,61617467.94631133,71.0
2021-03-20,58247.8847066043,1086879746950.0336,3.49731896,61522483.4952451,75.0
2021-03-21,57447.9330198714,1072009014284.5457,3.440164039174,60066262.67738397,73.0
2021-03-22,54453.1373508475,1016175922879.4512,3.25092326,58540676.97897906,70.0
2021-03-23,54563.6119458211,1018292446531.0492,3.23614304,60904323.71943131,66.0
2021-03-24,52595.4113237873,981610902742.6876,3.11041886,56905120.7290735,65.0
2021-03-25,51547.1248953828,962095893978.6096,3.03612207,55913485.57796882,60.0
2021-03-26,54817.8571122151,1023188726799.0096,3.20883079,49554041.05561001,54.0
2021-03-27,56019.8373055523,1045679651161.9392,3.26897077,59212965.29536148,65.0
2021-03-28,55713.0381396844,1040008229552.0004,3.24472988,58772016.35476238,74.0
2021-03-29,57571.2333477498,1074749924159.922,3.33795673,59732041.28817989,72.0
2021-03-30,58684.5483921683,1095587035147.4468,3.38330063,58978791.97986809,72.0
2021-03-31,58792.1948275862,1097654385790.0288,3.375535019449,63698731.011946015,76.0
2021-04-01,58818.9770985973,1098207717359.3289,3.35598363,58722692.65813852,74.0
2021-04-02,59031.5340192285,1102228015142.824,3.35413045,57243512.862984665,74.0
2021-04-03,57282.3896247808,1069615151362.5052,3.25187507,54056516.12378918,73.0
2021-04-04,58202.199391993,1086843565004.3844,3.298301283114,56501558.977773495,74.0
2021-04-05,58755.8525295149,1097239539433.6884,3.32023402,62213130.42119343,71.0
2021-04-06,58084.0664231444,1084746506903.4188,3.22914317,58865753.6739137,75.0
2021-04-07,56266.8346762127,1050864084696.7625,3.12214094,61699929.39559078,72.0
2021-04-08,57963.3445994155,1082597392462.6053,3.2057806,53025106.53857864,73.0
2021-04-09,58051.7625563998,1084303948234.4208,3.203576140634,62936805.508286126,70.0
2021-04-10,59651.5589877265,1114243840831.5618,3.27565104,64092742.42249997,70.0
2021-04-11,59932.9306469901,1119553954624.0093,3.28353702,58799840.659562446,76.0
2021-04-12,59905.9363744594,1119103609635.15,3.26759859,59662203.17826638,74.0
2021-04-13,63445.638314436,1185285134032.0027,3.43453079,61441759.0375718,74.0
2021-04-14,62869.4955873758,1174574736641.0183,3.37622405,63141327.402798735,75.0
2021-04-15,63231.162987142,1181399636375.8345,3.37419883,80172244.97007681,79.0
2021-04-16,61571.1100905903,1150423144089.1687,3.27664917,48356808.52401327,78.0
2021-04-17,60280.8761758036,1126350100665.6367,3.19962738,45028087.58663974,76.0
2021-04-18,56389.5579812975,1053684397565.066,2.959841879616,57721965.5233542,79.0
2021-04-19,55798.1370771479,1042667048311.7,2.92575459,47180246.47068432,74.0
2021-04-20,56474.3737586207,1055348665899.2487,2.95532944,62004693.81146113,73.0
2021-04-21,54025.7995745178,1009625741734.94,2.82653587,49225543.81325493,73.0
2021-04-22,51882.0598106371,969610235958.1946,2.70960708,64293952.906998485,65.0
2021-04-23,50954.9100607832,952325970164.5905,2.65915763,55567384.88797259,55.0
2021-04-24,50279.9484464056,939756772128.2931,2.61911452,53877732.96517578,37.0
2021-04-25,48946.9407428404,914885342157.6128,2.54988868,49453312.869487576,31.0
2021-04-26,53943.3499783752,1008313501251.2382,2.79947785,47389587.56067316,27.0
2021-04-27,55027.0309848042,1028618591575.4897,2.84255929,57182089.25851064,50.0
2021-04-28,54787.3787071888,1024187402746.428,2.82520447,56029341.15713478,59.0
2021-04-29,53567.0811938048,1001416180883.3396,2.75289848,48848197.60179543,52.0
2021-04-30,57741.44441654,1079506639631.2823,2.9509244,59389761.303177826,51.0
2021-05-01,57863.5903927528,1081840491823.9226,2.95232813,56995422.307202466,68.0
2021-05-02,56572.5968410286,1057768979625.265,2.88247785,70637245.5046327,66.0
2021-05-03,57243.0416054939,1070367974740.327,2.90918692,71252796.33298717,61.0
2021-05-04,53724.10892519,1004629436534.239,2.72676307,68034176.30412355,68.0
2021-05-05,57342.0256616014,1072339978638.4128,2.90068009,61161963.09240894,48.0
2021-05-06,56527.3529789597,1057165033263.2084,2.845644398322,66659326.27502956,65.0
2021-05-07,57341.0684549386,1072444644671.5032,2.86911512,71663298.61460015,64.0
2021-05-08,58736.1258950906,1098599047838.2188,2.93389162,67678884.92096624,67.0
2021-05-09,58288.4256303916,1090293033441.2048,2.90472472,71465404.01503558,73.0
2021-05-10,55902.9277399182,1045734857476.9222,2.78208874,71072062.4963203,72.0
2021-05-11,56612.1026487434,1059061727701.456,2.81280636,64607298.400094174,61.0
2021-05-12,50972.355081239,953611860142.777,2.528710162627,64585949.4848341,68.0
2021-05-13,49368.6144739918,923658096009.8989,2.4489477,53650242.51126909,31.0
2021-05-14,49997.3959011105,935464104038.4888,2.47934018,45652932.824427664,26.0
2021-05-15,47047.9633331385,880315632142.708,2.33381396,41386831.59001042,27.0
2021-05-16,46022.5037090006,861166199739.012,2.2838578,41709082.876608536,20.0
2021-05-17,43492.3954833431,813856084507.0173,2.16428882,36875391.36590077,27.0
2021-05-18,42789.8093921683,800735611047.6814,2.13179763,30628667.240716435,21.0
2021-05-19,37642.5200017534,704442601059.3656,1.88892076,36558890.15030742,23.0
2021-05-20,40799.4021475745,763549093519.3398,2.05205637,33135536.43756745,11.0
2021-05-21,37174.3311014027,695732487370.7543,1.87448768,31984319.396481585,19.0
2021-05-22,37643.4197983635,704538961588.9666,1.90162942,31076144.881794974,12.0
2021-05-23,34774.207221917,650864282818.4021,1.75890282,28944158.98421438,14.0
2021-05-24,38630.4091186441,723070720338.2714,1.94867935,32668797.23653627,10.0
2021-05-25,38269.7710747516,716349841273.0485,1.93329011,32577927.94728843,22.0
2021-05-26,39194.8588980129,733695914430.8075,1.97886373,32976616.14112848,22.0
2021-05-27,38510.8570417884,720920116468.6366,1.94636165,30872457.374978814,27.0
2021-05-28,35596.7179510228,666394144397.1613,1.80279078,29892496.4361271,21.0
2021-05-29,34681.8183670368,649291762343.003,1.75819515,27237217.139367037,18.0
2021-05-30,35652.1687703098,667490155247.014,1.80573948,33235125.091146626,10.0
2021-05-31,37312.9748970193,698617127163.4668,1.88939041,33914623.681255355,18.0
2021-06-01,36661.3781184687,686449707666.8109,1.85490761,34238305.81555942,20.0
2021-06-02,37639.4556732905,704802337797.4121,1.905098964141,41033277.7360982,23.0
2021-06-03,39160.1504132086,733313467820.9949,1.9791401,37237145.28549553,24.0
2021-06-04,36884.3735551724,690727440913.3344,1.866853639007,32433139.613245476,27.0
2021-06-05,35409.5672366452,663137983379.5408,1.79378368,31004148.542508267,24.0
2021-06-06,35720.6043546464,668996465742.4116,1.81038933,34551597.29480198,17.0
2021-06-07,33724.9077517826,631647921036.1149,1.71255578,32065211.206185155,15.0
2021-06-08,33475.0489234366,626999384040.2214,1.7042113,31680869.696719125,13.0
2021-06-09,37372.9888953828,700038595389.8632,1.89766024,29082024.72863661,14.0
2021-06-10,36826.0022185856,689820071889.26,1.87120729,28990968.607225362,21.0
2021-06-11,37185.3931268264,696576540388.2317,1.88860664,25753794.507168025,21.0
2021-06-12,35669.1712817066,668203294293.8063,1.81254069,31189778.559382275,28.0
2021-06-13,38925.4194289889,729235864486.0723,1.976225,31382108.55365283,23.0
2021-06-14,40455.5959833431,757936603874.6478,2.04984505,36421303.120417744,28.0
2021-06-15,40254.6514679135,754204861841.724,2.03798688,34465050.9411636,38.0
2021-06-16,38265.5437726476,716966667412.6796,1.937890111061,31780141.800057426,33.0
2021-06-17,38018.6432346581,712371477843.3572,1.927486814795,32585835.143843785,26.0
2021-06-18,35714.3120787259,669221924126.8472,1.812458657444,29858234.31511843,25.0
2021-06-19,35555.9763966686,666277887602.3289,1.805038478086,23856840.00185822,23.0
2021-06-20,35599.9418784337,667125112359.2637,1.807459745287,23743052.0992393,21.0
2021-06-21,31715.1598624196,594347052677.048,1.615498500377,23126700.279965036,23.0
2021-06-22,32394.5555949737,607097459293.3572,1.651499802307,19804046.130290017,10.0
2021-06-23,33610.4968129749,629906295954.398,1.713698226674,23621428.331087295,14.0
2021-06-24,34658.972875979,649578904366.7177,1.766672167447,23766132.38608606,22.0
2021-06-25,31683.5032004676,593834396795.6212,1.630917169218,24364896.164727684,27.0
2021-06-26,31890.6764465225,597735121992.122,1.643033945428,18459502.48536148,20.0
2021-06-27,34506.4911975453,646776516888.432,1.776255857109,13064509.932234002,22.0
2021-06-28,34376.188538983,644353080432.3312,1.769776037417,20581265.559633788,25.0
2021-06-29,35933.7782178843,673569017034.0326,1.849675862855,21860395.240822982,25.0
2021-06-30,35065.4661533606,657312026712.5096,1.805586334557,21597056.01010785,28.0
2021-07-01,33505.0804935126,628082261641.4985,1.727368166727,22482193.59954811,28.0
2021-07-02,33782.9459464641,633310097345.0289,1.746141242195,20787750.55088921,21.0
2021-07-03,34588.2242916423,648433656983.6084,1.787452030946,29286315.156302497,24.0
2021-07-04,35355.6078883694,662845391401.17,1.8265447061,26850966.694825143,27.0
2021-07-05,33911.7538404442,635804056014.2148,1.752492211228,29781454.423735674,29.0
2021-07-06,34123.9815680888,639813352297.7609,1.763785729615,31922406.81313202,20.0
2021-07-07,33931.6186382233,636232696006.573,1.753796589122,27871474.456535358,28.0
2021-07-08,32819.6595312098,615411488299.4403,1.697989573018,29946768.12842675,20.0
2021-07-09,33914.8810742256,635976090720.0261,1.754049012631,28042394.08723746,20.0
2021-07-10,33610.9458386908,630310480192.5748,1.738516988105,34562838.34397255,20.0
2021-07-11,34258.4413898305,642479813682.0225,1.771750243299,27450462.488367923,20.0
2021-07-12,33135.2359117475,621441410376.5197,1.713116506244,27887294.46842595,25.0
2021-07-13,32641.9759610169,612218213636.9441,1.688811469688,28926080.150108404,20.0
2021-07-14,32798.2845189947,615184714795.5363,1.697934967437,35713899.102159716,21.0
2021-07-15,31707.6900368206,594754222803.969,1.643649164372,26360965.372066207,20.0
2021-07-16,31455.7175818819,590057361252.4622,1.63221452573,30312671.303400345,22.0
2021-07-17,31547.9511990064,591815707709.5931,1.630400402935,28583415.04251025,15.0
2021-07-18,31707.7038527177,594841083620.5983,1.639258220118,28985344.268370077,19.0
2021-07-19,30883.4697462303,579411146950.4635,1.597725750094,33665753.26013767,24.0
2021-07-20,29766.6577182934,558481103180.4249,1.540648215719,23622405.807595752,19.0
2021-07-21,32119.6572258328,602657114950.0177,1.661721371109,28599770.53082254,10.0
2021-07-22,32306.9614285798,606202373832.8649,1.670492594499,32359585.956606735,21.0
2021-07-23,33439.5957028638,627483146930.4396,1.732406654257,27972459.84596659,23.0
2021-07-24,34166.914654588,641163936367.4471,1.769606297066,33022007.456692234,22.0
2021-07-25,35119.9374360023,659081599893.7745,1.81848487747,33196893.294046123,27.0
2021-07-26,37444.7825102279,702746127516.1979,1.93010945385,36493145.8849538,26.0
2021-07-27,39126.5402881356,734350141187.4904,2.001791162085,40625844.53592668,32.0
2021-07-28,39939.1940432495,749641699745.6101,2.033833059073,39723886.333062276,50.0
2021-07-29,40086.1643950906,752440356957.7415,2.017407304464,40901817.89725001,50.0
2021-07-30,41789.6670981882,784459439060.8488,2.099162197424,42087445.1906185,53.0
2021-07-31,41793.3137481005,784569163457.408,2.098153113059,41621939.121906385,60.0
2021-08-01,39968.9689544126,750359938437.9124,2.006838470091,40874038.11368588,60.0
2021-08-02,39304.1862835769,737914727506.0829,1.972933571383,35937889.12802676,48.0
2021-08-03,38288.8253975453,718892321501.2462,1.922865034712,41637592.37890438,48.0
2021-08-04,39773.9113489188,746809379233.0635,1.995697932518,33520445.171270356,42.0
2021-08-05,40941.650434249,768776213304.4015,2.052274774394,39935192.170622125,50.0
2021-08-06,42790.3573284629,803532575810.0215,2.140827816615,41573126.86150505,52.0
2021-08-07,44484.9005862069,835399743972.4839,2.222890074166,45850268.790412456,69.0
2021-08-08,43972.3010181181,825816854268.8342,2.195821362505,44179354.81712923,74.0
2021-08-09,46265.6424564582,868930647608.3951,2.303684409546,43228448.21630561,65.0
2021-08-10,45488.7912624196,854387253428.6327,2.261488524708,48233368.67053298,71.0
2021-08-11,45676.3263611923,857951571939.967,2.268172978331,42939210.622138664,70.0
2021-08-12,44405.7483483343,834127847703.9298,2.20343699514,42929376.7834287,70.0
2021-08-13,47717.4853559322,896378630903.7489,2.362590119037,42018438.48174473,70.0
2021-08-14,47124.2050736411,885282092633.6992,2.327809478249,48765927.53500252,76.0
2021-08-15,47074.370710111,884399444211.284,2.323985756424,53211493.46389551,71.0
2021-08-16,45984.7199070719,863974140187.8444,2.268193061802,47962042.2573277,72.0
2021-08-17,44714.0967982466,840149375514.8033,2.204708913004,51238797.93256642,72.0
2021-08-18,44954.3637469316,844701768564.8572,2.213680687968,38733931.86284885,73.0
2021-08-19,46646.8615049679,876549048192.0912,2.293129661764,44064382.99067613,70.0
2021-08-20,49240.8356049094,925342094183.73,2.414499299985,48449546.18566341,70.0
2021-08-21,49070.2409701929,922188388144.0303,2.403261370099,52705962.505506665,78.0
2021-08-22,49363.3160952659,927746814154.6776,2.414996575605,50723143.42981716,76.0
2021-08-23,49590.8763676213,932084698996.0748,2.420040085444,62783444.839141734,79.0
2021-08-24,47925.8622127411,900836074831.8279,2.33794635096,48446097.43704099,79.0
2021-08-25,49002.3166049094,921118598353.728,2.379019545564,48840322.24348587,73.0
2021-08-26,47190.3449929866,887101213688.728,2.287786761638,44344740.93695561,75.0
2021-08-27,49048.4755891292,922075783019.9613,2.375147501066,44045251.69675718,71.0
2021-08-28,48852.4687995324,918434048710.2448,2.363961726236,43653820.949328326,78.0
2021-08-29,48948.3479579193,920284316512.38,2.367277866365,48550300.09798564,72.0
2021-08-30,47125.7685189947,886057523557.1654,2.277961082403,41207632.496016696,73.0
2021-08-31,47219.2443424898,887857550977.5144,2.280110865221,43189750.75463795,73.0
2021-09-01,48688.5375572764,915526177256.0946,2.346384601556,41665458.82355731,71.0
2021-09-02,49369.5862746932,928378409762.7802,2.375035051723,47307177.29767034,74.0
2021-09-03,49860.5341635301,937656640132.1827,2.395390356338,47116728.859512806,74.0
2021-09-04,49919.577563647,938815345552.6576,2.395772281636,49149539.307197995,72.0
2021-09-05,51747.6438565167,973248018531.0367,2.480946695916,52134864.51670021,73.0
2021-09-06,52640.5883740503,990098733766.8179,2.51931377876,57266555.76617543,79.0
2021-09-07,46854.4006028638,881313121254.8044,2.245742480847,50271634.77666399,79.0
2021-09-08,46187.9757306254,868818919447.7211,2.213572688033,41770433.46465715,47.0
2021-09-09,46448.7748290473,873764452663.139,2.222094260363,40368816.125831656,45.0
2021-09-10,44765.2755762712,842133598885.1117,2.142454311237,39761194.02916377,46.0
2021-09-11,45098.5916447691,848445725719.5256,2.157808262825,42455401.022459485,31.0
2021-09-12,46180.6124563998,868844353747.6371,2.208217016174,42869858.34315411,32.0
2021-09-13,44991.5221277031,846517459123.6083,2.151863481078,45344744.03230823,44.0
2021-09-14,47022.6177597896,884781986136.4463,2.245175277381,49469863.80813275,30.0
2021-09-15,48167.1893676213,906361101242.1885,2.293761212961,43026873.39652887,49.0
2021-09-16,47797.3283237873,899442060628.6199,2.273981867172,41447857.65982055,53.0
2021-09-17,47213.7941294565,888504590279.6621,2.244949537952,45000740.70677981,48.0
2021-09-18,48204.0136519579,907185981599.0317,2.290426705637,47817679.60133659,50.0
2021-09-19,47218.4739964933,888685620898.3403,2.242941684172,48131991.96049828,53.0
2021-09-20,42855.5103448276,806615435806.1354,2.040586287582,46493150.405059814,50.0
2021-09-21,40526.4893760958,762810354584.0697,1.933233183973,33328734.036510628,27.0
2021-09-22,43577.5724821742,820275900833.3198,2.075944471859,36087715.34087247,21.0
2021-09-23,44861.2980329047,844486179446.7863,2.135308888042,46022168.07568965,27.0
2021-09-24,42803.307701052,805785377803.3861,2.038939778388,40572791.526409164,33.0
2021-09-25,42735.2658240795,804542930367.9054,2.035666539997,38679199.26482163,28.0
2021-09-26,43131.2941773816,812036112156.6569,2.040529522117,38084247.824875385,27.0
2021-09-27,42496.7852250146,800131333256.0073,2.010425564687,43218816.609998696,26.0
2021-09-28,41223.7862743425,776202415861.9299,1.951689041262,40399023.488103874,25.0
2021-09-29,41453.9470131502,780569792316.1598,1.962665363543,34503900.23399902,24.0
2021-09-30,43781.546015488,824444822183.8048,2.069864321133,46789306.0477054,20.0
2021-10-01,48078.1315543542,905395355940.3254,2.26565626698,40884975.737541296,27.0
2021-10-02,47792.4391943308,900071424943.3763,2.248711046277,56739068.277852364,54.0
2021-10-03,48202.6229177089,907841574218.3805,2.266397740964,45436120.54418755,49.0
2021-10-04,49288.5013106371,928340914897.4003,2.31284262096,47639372.834770404,54.0
2021-10-05,51558.0493319112,971140330173.485,2.411845063946,52076953.33832859,59.0
2021-10-06,55419.800411163,1043925117637.0728,2.572944325306,43942894.697324865,68.0
2021-10-07,53805.1569125658,1013558008447.5764,2.490026710036,49405388.008102894,76.0
2021-10-08,53933.5275908825,1016016649274.3846,2.492000787508,41966394.782137804,74.0
2021-10-09,55010.9224751607,1036364523575.8844,2.538238578635,52134455.4356277,72.0
2021-10-10,54701.2797022209,1030585445349.3352,2.520123658863,55625852.15177321,71.0
2021-10-11,57289.1864570426,1079394515904.9696,2.631558646637,52898159.498963125,71.0
2021-10-12,56196.1812597896,1058848098456.308,2.574418652958,48626582.2756845,78.0
2021-10-13,57348.8928769725,1080628058359.8536,2.620098281333,60196305.44825861,70.0
2021-10-14,57384.0369146698,1081339414302.1724,2.613922367304,51775839.05997654,70.0
2021-10-15,61446.0840073057,1157938398432.8284,2.783786506255,54670343.84247817,71.0
2021-10-16,60932.0632119228,1148302435528.9846,2.755061819188,51917022.70940908,78.0
2021-10-17,61462.2223722969,1158355075187.089,2.775039217832,61555796.558050446,79.0
2021-10-18,61977.0575514319,1168115306326.8193,2.778276503838,58173901.823325954,78.0
2021-10-19,64290.8977574518,1211787792745.6765,2.86843851115,61804734.85684274,75.0
2021-10-20,66061.7965639977,1245228121159.928,2.928317326688,61742492.207179874,82.0
2021-10-21,62373.8856206897,1175770746966.7607,2.756592260011,60807152.14749298,84.0
2021-10-22,60750.9673718293,1145238131036.0593,2.683021944048,63205405.89871215,75.0
2021-10-23,61250.082628872,1154702638464.941,2.702488997272,56004608.352318116,74.0
2021-10-24,60865.4470523086,1147509590176.153,2.679080716831,58596760.65179703,73.0
2021-10-25,63031.6729015196,1188421618593.068,2.761945352578,74417752.58679873,72.0
2021-10-26,60393.9802738165,1138746241356.948,2.643400963823,59364122.89428637,76.0
2021-10-27,58563.3359899766,1104286370829.1567,2.563731148388,59080371.713124186,73.0
2021-10-28,60564.5721122151,1142080144447.0117,2.64447556709,58309865.54726451,66.0
2021-10-29,62230.8055689655,1173567203301.5886,2.709231626512,68395070.2356678,70.0
2021-10-30,61742.9165321449,1164426258908.2048,2.6854484387,60386548.96774499,73.0
2021-10-31,61432.9700628287,1158634265024.8484,2.660031269082,53663037.31103792,74.0
2021-11-01,61092.0950592051,1152261825759.6611,2.639313472843,57638512.187306106,74.0
2021-11-02,63024.7472296902,1188775936157.8303,2.705646798155,62861190.1269139,73.0
2021-11-03,62955.9817630041,1187542227940.6553,2.692667749587,64240988.99089417,76.0
2021-11-04,61393.8899780246,1158131273454.4736,2.624435938698,56277841.55081707,73.0
2021-11-05,61005.840833723,1150870233190.3442,2.601770640962,60649721.91761671,73.0
2021-11-06,61455.0536268849,1159403746542.6316,2.617491647791,59379244.680895254,71.0
2021-11-07,63043.8290590298,1189437680906.6013,2.682304638596,60030049.95190955,73.0
2021-11-08,67541.7555081824,1274356316854.726,2.854649564891,57270493.48673426,75.0
2021-11-09,67095.5856706605,1266001867364.4868,2.82534877502,65840419.26028567,84.0
2021-11-10,64756.0779689071,1221918863231.726,2.721054645529,63548112.515628144,75.0
2021-11-11,64962.9312939801,1225886245880.2876,2.723236415073,65183349.254919946,77.0
2021-11-12,64078.968037405,1209262243095.6287,2.650242500833,57924016.809395894,74.0
2021-11-13,64397.7912063121,1215340475002.5515,2.661045965713,62698179.56412874,72.0
2021-11-14,65032.2256548217,1227377584620.3755,2.684880108371,65428799.071050175,74.0
2021-11-15,63753.5031592636,1203303942753.5193,2.626068388319,63153343.37694485,72.0
2021-11-16,60322.4978530099,1138602607166.9688,2.481173720882,58617039.19308355,71.0
2021-11-17,60154.3083661601,1135484006196.6753,2.470657927214,56531418.51943135,52.0
2021-11-18,56794.1556271186,1072108247663.8365,2.337640428663,53828907.24201124,54.0
2021-11-19,58014.0729888954,1095186409046.4594,2.386216999692,49667132.61160643,34.0
2021-11-20,59749.4738229106,1128001356408.752,2.455017801074,53936028.205529585,43.0
2021-11-21,59032.6241017534,1114516759935.048,2.424879879847,50108593.37844211,49.0
2021-11-22,56383.5658760958,1064553089483.9427,2.319018826324,51325923.632378705,50.0
2021-11-23,57642.2657980713,1088365599085.1918,2.368765838495,48326099.813289404,33.0
2021-11-24,57141.8303784337,1078972757535.9036,2.346842971087,57141084.06903095,42.0
2021-11-25,59008.6554792519,1114270770425.186,2.404923210419,48130860.01937926,32.0
2021-11-26,53800.6178389831,1015970869546.8468,2.198435955413,46589569.53114692,47.0
2021-11-27,54635.8824628872,1031792837559.9305,2.23272965194,49251516.20260195,21.0
2021-11-28,57248.5696963764,1081182893171.7826,2.336711996385,47788162.453428775,27.0
2021-11-29,57920.7107299825,1093928555762.2988,2.35943908323,52131631.55640632,33.0
2021-11-30,57097.0127942724,1078419474710.0887,2.324578694477,48794504.356670626,40.0
2021-12-01,57180.6098439509,1080047374364.1241,2.324286205718,50326073.90682207,34.0
2021-12-02,56582.8937691408,1068812318595.5466,2.300196624281,56025370.80177908,32.0
2021-12-03,53671.6160680888,1013876621204.3636,2.184991514137,60163624.383973464,31.0
2021-12-04,49159.7357983635,928693162456.653,2.009166960477,48318140.19851063,25.0
2021-12-05,49327.0935999416,931905952036.2104,2.016818310956,52043857.44207013,18.0
2021-12-06,50535.4252232612,954788531821.5376,2.067537537544,53085916.57636109,16.0
2021-12-07,50574.4728344828,955574953843.2509,2.064377234197,49684990.70866684,25.0
2021-12-08,50500.6543513735,954233222626.9064,2.06171865801,53150535.42389043,28.0
2021-12-09,47937.8228458212,905856172565.3256,1.960546627964,50546267.60547939,29.0
2021-12-10,47437.2289725307,896442961101.7401,1.941373722658,47537565.141738296,24.0
2021-12-11,49321.7693252484,932102527466.7292,2.016910635367,46068658.14190287,16.0
2021-12-12,50136.5722568673,947544868724.2344,2.049751176277,43658657.58972005,27.0
2021-12-13,46785.3278410286,884250008347.6675,1.915299897932,43671664.546457544,28.0
2021-12-14,48292.6822501461,912783912997.8531,1.974877505476,44651133.47405578,21.0
2021-12-15,48830.6223860316,922994595222.1997,1.995926977652,43208574.52487161,28.0
2021-12-16,47663.4691077148,900967365793.609,1.94871973203,35647706.322254986,29.0
2021-12-17,46334.4837489772,875889128104.2239,1.896526938461,45001267.21451994,23.0
2021-12-18,46904.8736753361,886709082168.6658,1.919525855516,37344542.956068635,24.0
2021-12-19,46876.426924021,886214966718.6547,1.918249189772,44556197.850929074,29.0
2021-12-20,46954.7634783168,887738205495.6809,1.922187343668,42533811.43613241,25.0
2021-12-21,49082.0624666277,928006827611.5642,2.007205377658,48349569.819188565,27.0
2021-12-22,48692.0987391584,920678726099.7028,1.990870317874,45795454.37454408,45.0
2021-12-23,50712.9707682642,958937905483.9762,2.070150565572,47340546.687688515,34.0
2021-12-24,50783.8344210988,960325802399.2275,2.071634649338,49180777.12235141,41.0
2021-12-25,50590.4508976622,956715386644.6605,2.064057745187,47109105.267881535,39.0
2021-12-26,50798.3065859147,960688686557.3997,2.071542317446,42660691.90296564,37.0
2021-12-27,50796.3776735827,960699193954.2045,2.070718360007,47659524.9782583,40.0
2021-12-28,47673.0440452367,901668291917.6448,1.945824586517,43360200.30927323,41.0
2021-12-29,46470.3215751023,878962608918.0773,1.898459995686,43919738.49894784,27.0
2021-12-30,47102.4630037989,890954276503.3245,1.923609297095,35335901.07549222,22.0
2021-12-31,46355.1173302747,876861223766.0674,1.893385603418,44744369.164881885,28.0
2022-01-01,47560.0093816482,899704292195.3873,1.941966039424,50149010.75444461,21.0
2022-01-02,47352.5577565751,895826639879.7357,1.933497096507,48206934.99043735,29.0
2022-01-03,46453.432351841,878857424265.7749,1.897502355497,41960366.0938647,29.0
2022-01-04,45905.9611221508,868541933980.8007,1.876886228678,43285514.636499785,23.0
2022-01-05,43530.9440388662,823647361549.9047,1.782277170897,43723000.844989486,24.0
2022-01-06,43144.9652928112,816383641933.4489,1.768057798633,40297229.196211085,15.0
2022-01-07,41512.7845808299,785536046142.0577,1.704571291459,38347303.45149112,18.0
2022-01-08,41799.8128848627,791005030825.6498,1.71699299406,37777816.26905982,10.0
2022-01-09,41886.4985569842,792682352625.3267,1.72082066082,37068053.16263282,23.0
2022-01-10,41816.9510561075,791403311312.3584,1.718638590786,37634287.25433144,23.0
2022-01-11,42768.1786116306,809447924741.6742,1.758039861455,41815945.08734196,21.0
2022-01-12,43961.0265441262,832062440495.9272,1.805597050184,37614100.691172846,22.0
2022-01-13,42626.8653924605,806858094234.2053,1.752041588022,49600693.77700761,21.0
2022-01-14,43102.6476180596,815906720814.3414,1.771675205411,42691914.993998244,21.0
2022-01-15,43206.6744812975,817920712548.0422,1.775752274618,45035758.865415215,23.0
2022-01-16,43168.8596671537,817252077983.4711,1.774015355513,47466219.95913501,21.0
2022-01-17,42211.270399474,799165933857.8269,1.73630676024,43763608.21850503,22.0
2022-01-18,42431.2319670368,803366428290.746,1.745911520714,36125898.01400663,24.0
2022-01-19,41787.722012858,791227795959.0669,1.721981468557,46790137.070109926,24.0
2022-01-20,40756.1261630625,771738138088.1324,1.681574639726,46535284.65994317,24.0
2022-01-21,36492.2872241379,691030724675.9996,1.514790775018,32978968.483064435,19.0
2022-01-22,34996.390965225,662733218969.3214,1.455165902925,30110451.200228963,13.0
2022-01-23,36271.0502650497,686903645043.7297,1.508378975549,31485076.13631871,11.0
2022-01-24,36659.7252206312,694298766581.2903,1.526343091945,33828656.38463798,13.0
2022-01-25,36952.586773232,699880378324.826,1.538880544803,35087221.533111915,12.0
2022-01-26,36825.8245993571,697509429274.1655,1.534660000135,31353367.591352165,23.0
2022-01-27,37021.9371332554,701254263145.7666,1.543763850705,30227465.24249586,20.0
2022-01-28,37768.8474836353,715438283447.2081,1.576577931046,36132765.51223091,24.0
2022-01-29,38088.2912279953,721524832280.5933,1.592485103381,35684124.95720539,24.0
2022-01-30,37983.5063845704,719574502508.9705,1.589486377439,35525578.69076615,29.0
2022-01-31,38462.6724029807,728686388266.2095,1.609690053329,34119747.246724606,20.0
2022-02-01,38787.9640824079,734886466082.2046,1.61452774476,37673152.98982954,26.0
2022-02-02,36942.3307493279,699953961572.8492,1.539179072383,36860308.934098706,28.0
2022-02-03,37057.6521879018,702173027375.5972,1.544771260316,34674721.34039274,20.0
2022-02-04,41079.9060881356,778420574646.1787,1.709053357873,31845046.91622716,20.0
2022-02-05,41508.5816925774,786574393907.42,1.726159971835,31486890.20937454,33.0
2022-02-06,42358.2251732905,802716166347.2819,1.760874145144,40981670.2961239,37.0
2022-02-07,43888.980119813,831762282836.8923,1.821609827046,37290363.04673385,45.0
2022-02-08,44167.4447945646,837082119037.3419,1.831529736531,43425193.84147107,48.0
2022-02-09,44405.0732042665,841624618494.103,1.840095004198,39687367.621881716,54.0
2022-02-10,43614.3426960842,826677702003.7993,1.806667830508,41628004.65890094,50.0
2022-02-11,42357.3217416715,802889388936.9894,1.754236923972,39575264.28538539,50.0
2022-02-12,42173.4593962595,799453385155.5483,1.745950590083,50024190.99933506,44.0
2022-02-13,42195.5947451782,799914657954.3014,1.746704565079,42217994.28383549,44.0
2022-02-14,42646.1618590883,808496975465.7014,1.765131690456,40840022.9699916,46.0
2022-02-15,44511.9084880187,843916967903.3898,1.839746953131,48533029.988415286,46.0
2022-02-16,44065.7092673875,835500283615.3702,1.820760197081,43917652.26947889,51.0
2022-02-17,40610.024261543,770019212409.19,1.680750155719,42514659.43399647,52.0
2022-02-18,40044.2204856809,759324202407.7102,1.658393382535,34237766.888329044,30.0
2022-02-19,40095.887329398,760341255738.9949,1.660632849962,37609546.79569337,25.0
2022-02-20,38551.6224967855,731091944780.325,1.597672365828,35174070.58003432,27.0
2022-02-21,37098.0360081824,703554688344.6675,1.53935959409,30026576.035308674,25.0
2022-02-22,38202.5940818235,724538639899.3824,1.585255941769,36863634.739900105,20.0
2022-02-23,37308.2687344243,707612117150.8044,1.548559725335,36162771.65050291,25.0
2022-02-24,38283.790402104,726146059494.2439,1.589005849792,30647564.869713258,23.0
2022-02-25,39323.7702158387,745904763136.9403,1.632120546767,33004416.88059454,27.0
2022-02-26,39056.5781523086,740867098958.1196,1.621580052318,33937773.77919107,26.0
2022-02-27,37664.7792828755,714497979063.6003,1.564733720961,33197207.97966266,26.0
2022-02-28,43179.2545140269,819148711995.1912,1.785886675274,38215480.803591736,20.0
2022-03-01,44334.457582408,841108826271.2916,1.831088158538,45022611.375640556,51.0
2022-03-02,43984.584926768,834508464680.0197,1.815856076135,38804384.27420314,52.0
2022-03-03,42492.7744552893,806244025712.1389,1.753487692697,40853667.55342594,39.0
2022-03-04,39106.4052159556,742026135335.5072,1.617160596022,36333926.06318503,33.0
2022-03-05,39383.8848433665,747321460590.9252,1.62862859109,31045143.393329486,22.0
2022-03-06,38399.3426268264,728670905368.0938,1.588284555745,32347699.625522234,22.0
2022-03-07,38146.734273232,723912662220.2532,1.578754463552,35836828.333603054,23.0
2022-03-08,38725.477261543,734931320621.745,1.603838311539,36210238.39567659,21.0
2022-03-09,41989.4028179427,796910249370.7688,1.735654059064,36284340.42352956,22.0
2022-03-10,39482.2584672706,749363333209.5948,1.630630592506,36518474.15193781,28.0
2022-03-11,38825.3644214494,736929136350.2585,1.605299073538,34515891.5467418,22.0
2022-03-12,38951.1300157802,739354221515.7125,1.610487025913,38434246.099250704,22.0
2022-03-13,37808.3174004091,717697507253.0143,1.563583025151,37950813.21329494,21.0
2022-03-14,39649.0453243717,752677094103.7612,1.638923579978,37379620.92665644,23.0
2022-03-15,39356.8139000584,747163714202.8488,1.62739184969,34327601.17776097,21.0
2022-03-16,41101.768579135,780330370069.7833,1.697348146346,39891546.92008823,24.0
2022-03-17,40966.4169324956,777801385657.9899,1.69308040701,41116830.88643309,27.0
2022-03-18,41826.1160710111,794161288273.0386,1.727490580808,36959271.78465093,25.0
2022-03-19,42193.1615362361,801171332567.3827,1.742021306446,40889732.80176486,28.0
2022-03-20,41294.7235129164,784151376119.5593,1.705071792374,40348467.979107276,31.0
2022-03-21,41064.429648159,779817561038.1803,1.695351371558,39709506.7408471,30.0
2022-03-22,42383.169518761,804900030311.0082,1.748109505852,39888938.43880881,26.0
2022-03-23,42734.2000355932,811605189141.3652,1.761428760821,38783180.0235644,31.0
2022-03-24,43974.5935882525,835201966315.3181,1.810651634482,39187876.825965054,40.0
2022-03-25,44347.034279661,842318907291.7148,1.816863848057,43756450.86032028,47.0
2022-03-26,44519.9268641145,845647593448.0334,1.823441620909,45600899.41748507,51.0
2022-03-27,46777.2056265342,888562475595.7218,1.912928867709,37615484.28724999,49.0
2022-03-28,47223.6528860316,897089950913.7915,1.926069685862,47542865.0580031,60.0
2022-03-29,47463.7096770894,901695013250.8093,1.931857269809,45330581.00512871,56.0
2022-03-30,47123.2971478667,895267763638.8374,1.916462997871,40379135.25749871,55.0
2022-03-31,45562.2106665693,865648898574.5215,1.854211355144,41070779.19109971,52.0
2022-04-01,46250.3362878434,878763543516.0741,1.880179566094,40957428.26029431,50.0
2022-04-02,45939.8973489188,872903917445.8976,1.867666383452,40410667.775713935,52.0
2022-04-03,46440.5438538866,882457046122.9755,1.886983002157,40719203.40116903,48.0
2022-04-04,46663.0041770894,886730287350.8207,1.894586551764,46006388.367499836,52.0
2022-04-05,45693.0350619521,868339514523.9437,1.855218925189,43133876.22847358,53.0
2022-04-06,43304.9371990064,822997272031.0201,1.760916830916,42945671.125871725,48.0
2022-04-07,43569.0471697837,828054180680.1997,1.771822948566,38455362.05837601,34.0
2022-04-08,42222.0689772063,802489465551.0809,1.718699748527,37320148.66696341,37.0
2022-04-09,42680.9947355932,811252805066.329,1.737109234767,40940631.083559595,30.0
2022-04-10,42264.4633909994,803372627468.9934,1.720498052487,37708697.08826943,34.0
2022-04-11,39544.0251835184,751695772760.3042,1.612532718343,35801153.7575258,32.0
2022-04-12,40096.3669748685,762233627485.6914,1.633029961572,38608644.81354976,20.0
2022-04-13,41152.7554517826,782351625651.621,1.6754481725,35934245.390805714,25.0
2022-04-14,39916.4963842782,758883634883.5314,1.624100214604,35605625.47699982,28.0
2022-04-15,40527.3319567504,770536726947.4893,1.648615453539,40084844.38845567,22.0
2022-04-16,40439.5881209819,768902341981.3142,1.645198704281,34087053.88136647,28.0
2022-04-17,39704.7839798364,754972012082.3364,1.615563193564,41812904.43432423,28.0
2022-04-18,40818.8786025716,776190301536.566,1.660587322655,33554776.284819625,24.0
2022-04-19,41489.6638011689,788977754146.4867,1.68715900189,32209953.668280132,27.0
2022-04-20,41395.64458346,787231256989.412,1.683056618589,41826936.375276946,27.0
2022-04-21,40457.4959418469,769432984435.9886,1.642192379664,44502886.442155205,27.0
2022-04-22,39737.9735040912,755782416405.1533,1.614479409264,34361884.54129586,26.0
2022-04-23,39582.4548720047,752864909083.6786,1.608260125691,40745768.893821314,24.0
2022-04-24,39511.6456928697,751560334690.4332,1.60550883035,42636545.7644565,24.0
2022-04-25,40473.7483176505,769901695374.375,1.644601591866,40289919.57795723,23.0
2022-04-26,38072.800873758,724263590330.6515,1.549627067302,35239242.8595404,27.0
2022-04-27,39218.5376174752,746100751519.959,1.596095580203,42682531.77661201,21.0
2022-04-28,39747.9894270018,756205933276.4078,1.617507844772,33133353.767992403,24.0
2022-04-29,38609.5059070719,734582468278.2043,1.572635096383,37250318.228731774,23.0
2022-04-30,37714.0949804208,717581783127.7089,1.537292898922,37031311.35450528,20.0
2022-05-01,38459.226979135,731799466487.4058,1.567381909459,40525650.90483759,22.0
2022-05-02,38566.0628877849,733870898707.1201,1.573983130319,39108990.57072583,28.0
2022-05-03,37704.4053153127,717509825232.0969,1.540983434257,36261069.13022227,27.0
2022-05-04,39641.852176505,754415354857.8029,1.618770611892,35874583.44265635,21.0
2022-05-05,36502.0245601403,694697804870.6023,1.493350506698,38641030.35769125,27.0
2022-05-06,36042.9995584453,685993738939.4033,1.476077962977,33183643.797513317,22.0
2022-05-07,35508.7110227937,675856548990.5393,1.454866736249,32602912.26993024,23.0
2022-05-08,34058.9066861484,648294631562.7058,1.397053307677,33974516.54944232,18.0
2022-05-09,30457.9218194039,579781151871.626,1.25746370058,32281111.722359955,11.0
2022-05-10,30990.7351659848,589953144393.2335,1.282199871846,30465538.02318894,10.0
2022-05-11,28796.5568217417,548209905804.9245,1.198898869373,28343738.791651182,12.0
2022-05-12,29030.7070417884,552691998324.409,1.211574517788,24910276.04431027,12.0
2022-05-13,29285.9346718293,557578891036.9143,1.224580870454,29699309.994814295,10.0
2022-05-14,30051.935755114,572189373051.7065,1.254528110725,26686030.01263232,9.0
2022-05-15,31182.6212460549,593741420972.2537,1.301371234936,24578778.358040176,10.0
2022-05-16,29889.6124757452,569152162704.7391,1.248816594441,31772670.37384658,14.0
2022-05-17,30438.1944476914,579626118555.3054,1.272635339124,28397876.911416225,8.0
2022-05-18,28771.2204786675,547906490195.5128,1.204897921252,25306893.23674115,12.0
2022-05-19,30257.8852483928,576240952956.045,1.268265640482,23435982.235559683,13.0
2022-05-20,29224.245998422,556579372166.2573,1.226785298597,24396025.31830604,13.0
2022-05-21,29420.0782857978,560333845441.6517,1.235285942059,25484061.476900727,13.0
2022-05-22,30331.87514173,577723026488.325,1.273331088604,23009314.62947053,14.0
2022-05-23,29088.2515419638,554065152211.9476,1.22293867204,30625921.205748186,10.0
2022-05-24,29643.6837556984,564667107636.2924,1.246431579256,22433703.218245413,12.0
2022-05-25,29577.259880187,563428453326.4861,1.244237310755,27361186.722105965,11.0
2022-05-26,29332.4860467563,558791512891.2731,1.235100855496,26482376.46347083,12.0
2022-05-27,28612.0413103448,545091530563.07745,1.20688817198,25425348.715936277,12.0
2022-05-28,29045.5206344243,553376665776.6837,1.225163407756,27065998.546294734,13.0
2022-05-29,29430.0689800117,560730506231.738,1.241234457517,27414129.737638846,14.0
2022-05-30,31735.9549719462,604695051034.4972,1.337557348648,29800801.818885755,10.0
2022-05-31,31831.4095251315,606542882732.0433,1.340327318645,29372134.95779295,16.0
2022-06-01,29825.9221992987,568353965210.3951,1.258203816602,27036571.0242234,17.0
2022-06-02,30504.2679997078,581304153912.1453,1.289506254729,24078261.13086094,13.0
2022-06-03,29662.6709708942,565292782986.4921,1.255277674265,27375084.123566274,10.0
2022-06-04,29792.4076779077,567791106824.3273,1.261962571345,26568669.47749069,14.0
2022-06-05,29915.4093009936,570162600125.2587,1.26746929363,27875286.504213616,10.0
2022-06-06,31333.6770197545,597222968139.2552,1.32794694055,30106422.182860665,13.0
2022-06-07,31175.0324289889,594230751341.6133,1.322740859864,30734883.340573177,15.0
2022-06-08,30228.464698422,576221747994.024,1.283418736198,34287068.1631562,17.0
2022-06-09,30064.4855289305,573123374270.208,1.278193263932,27926688.309601095,11.0
2022-06-10,29070.4000300994,554199695710.7606,1.237117043464,27700978.416366063,13.0
2022-06-11,28360.7899231444,540698947091.3848,1.208249128114,28151998.793329187,12.0
2022-06-12,26830.2839456458,511541120875.3391,1.144614146671,22570359.738649927,14.0
2022-06-13,22316.2570400351,425496087752.90454,0.962386955567,21082032.12089888,11.0
2022-06-14,22072.8663085915,420875585256.8529,0.958749419408,20795095.681292698,8.0
2022-06-15,22520.7910087668,429439638534.4194,0.982571637347,22563087.3790371,7.0
2022-06-16,20310.1769848042,387301460756.6234,0.89010384052,16428520.670604495,7.0
2022-06-17,20464.9290873174,390266293444.72327,0.900449527228,14401300.628939329,9.0
2022-06-18,19013.8672536528,362613076008.2063,0.839761069586,19163215.151645448,6.0
2022-06-19,20492.2951683226,390825178945.0636,0.905122908176,16242774.013369894,6.0
2022-06-20,20571.6292247224,392355194662.6997,0.909413901996,17360898.517726563,9.0
2022-06-21,20688.4651312098,394602958805.95074,0.916201262025,20006142.935754422,9.0
2022-06-22,20003.1683375219,381548027644.27856,0.887627935977,16701527.504797904,11.0
2022-06-23,21097.1028331385,402434191804.38727,0.936392381423,20024451.814883567,11.0
2022-06-24,21299.0769853887,406304087725.8087,0.946260674502,17574926.41878236,11.0
2022-06-25,21468.3431566335,409553292964.1447,0.953541799671,20329812.478044495,14.0
2022-06-26,21066.6209430158,401907776246.90607,0.93595363596,18725062.505838733,14.0
2022-06-27,20751.0516960842,395905002794.3522,0.92317584654,18196705.11645031,12.0
2022-06-28,20263.2196393922,386616246554.3172,0.902427057507,19472210.904391408,10.0
2022-06-29,20080.9480864991,383157510545.3414,0.895265183982,19294230.33796317,13.0
2022-06-30,19332.9121294565,368905161486.5793,0.865015984997,20986948.239193026,11.0
2022-07-01,19341.8631240795,369092160644.48914,0.866810006703,16732216.51579779,11.0
2022-07-02,19231.8317083577,367009067592.396,0.862322030966,16848775.516847175,14.0
2022-07-03,19276.5146639392,367880445197.9902,0.864908319377,18764021.978929583,11.0
2022-07-04,20226.2984745763,386024563242.2924,0.907445950743,17710446.53341544,14.0
2022-07-05,20193.3427938048,385410487447.10046,0.906388103368,15144619.104130745,19.0
2022-07-06,20560.8438126826,392440938375.94653,0.924592307191,16778177.282876246,18.0
2022-07-07,21651.4191423144,413277788950.33325,0.973646516264,20869123.264439654,18.0
2022-07-08,21813.7871239042,416397212991.7956,0.981374953634,20610085.030495834,20.0
2022-07-09,21585.1321922852,412050561218.7148,0.97256585657,18735674.272919107,24.0
2022-07-10,20831.2733915839,397679652328.1112,0.938937826789,20789681.39197659,24.0
2022-07-11,19971.3294704851,381278236463.9223,0.903257154365,16078738.285628874,22.0
2022-07-12,19339.1534734074,369227439023.51135,0.875464077465,19253095.526382394,16.0
2022-07-13,20155.5278386908,384827697730.7176,0.91248166822,13928315.139691427,15.0
2022-07-14,20552.8990289304,392430598967.8341,0.931267482062,16308882.031267505,18.0
2022-07-15,20831.722700526,397772858736.0078,0.947404727073,18967211.435173098,15.0
2022-07-16,21196.5091428989,404757907016.37714,0.963942951894,19644545.69899658,21.0
2022-07-17,20827.8886085915,397735055796.3284,0.947388315858,17327703.097352717,24.0
2022-07-18,22305.7066428989,425974135852.66394,1.014380417157,18303796.242508292,20.0
2022-07-19,23371.2026601403,446342169170.51056,1.064015965884,19972141.1063353,30.0
2022-07-20,23280.9356680304,444636587982.6189,1.059545792317,19141473.222768992,31.0
2022-07-21,23152.4093112215,442202009885.6991,1.055572042956,20768206.558513064,34.0
2022-07-22,22706.0835554646,433696094122.61554,1.037202359622,19591278.209783014,33.0
2022-07-23,22484.4592317358,429484614219.20026,1.027767986307,21918540.32658128,31.0
2022-07-24,22653.3570260082,432733026887.7572,1.035693112787,22447659.673061103,30.0
2022-07-25,21510.1255874342,410913676124.0288,0.984744106523,20068081.035220552,30.0
2022-07-26,21181.6591967855,404660076563.1692,0.970493939661,21346601.625572704,26.0
2022-07-27,22898.4150683226,437481053400.6272,1.048530886503,22439607.328241665,28.0
2022-07-28,23838.5568838691,455463751078.1736,1.090974652069,21195787.991195064,32.0
2022-07-29,23950.7403798948,457629004159.523,1.096121570662,22164587.54094538,39.0
2022-07-30,23623.4349611338,451394195746.5754,1.08119685014,19669633.42707722,42.0
2022-07-31,23356.1722215079,446309554827.0595,1.06930792552,22797365.361192845,39.0
2022-08-01,23331.4426969608,445856833816.2058,1.068081818605,20057094.21660737,33.0
2022-08-02,23031.4268834015,440145933788.9064,1.054827227962,22887535.789081786,31.0
2022-08-03,22809.7474418469,435930163094.0358,1.044976588452,21334680.69864296,34.0
2022-08-04,22628.3320821157,432481698498.1701,1.037537603272,19247521.080682665,30.0
2022-08-05,23248.9715023378,444365402286.3903,1.065899475533,22040552.556791432,31.0
2022-08-06,22996.2750452952,439558670016.2039,1.054367720796,23640706.63329386,31.0
2022-08-07,23153.6584713618,442589959621.64594,1.061585802404,23450786.345573593,30.0
2022-08-08,23803.6505154296,455036199177.5948,1.091208903728,22072627.08704081,30.0
2022-08-09,23186.2917464641,443255346045.0302,1.064322658536,21500771.45078992,42.0
2022-08-10,23923.0584830508,457362340117.1679,1.097349862382,22048657.032706514,31.0
2022-08-11,23934.4390561075,457600857167.334,1.098103095757,21798985.531577673,41.0
2022-08-12,24396.3088462887,466454794651.84467,1.118913448413,23487535.54544685,42.0
2022-08-13,24426.2225748101,467047962181.5134,1.120303000575,21597981.286947653,46.0
2022-08-14,24314.2021315021,464926257245.774,1.1152866103,20561929.591036644,47.0
2022-08-15,24083.9539748685,460545371976.77686,1.105125221321,22246761.581903826,45.0
2022-08-16,23868.8193530099,456453539165.3713,1.095336349684,22451185.11887194,44.0
2022-08-17,23336.3489310345,446289696753.9324,1.071575714816,19823143.47206977,41.0
2022-08-18,23221.1706028638,444107898934.28455,1.066480347068,21426691.80720861,30.0
2022-08-19,20906.7663141438,399867875573.12634,0.962223516455,24646037.773745745,33.0
2022-08-20,21146.6548021625,404475733709.97614,0.97348633387,19906048.078724258,29.0
2022-08-21,21553.9961717125,412286690747.7928,0.99226378976,19658711.446938902,27.0
2022-08-22,21301.0840581531,407468270214.3305,0.981225385052,20049502.855463784,29.0
2022-08-23,21534.5143521333,411956706082.80927,0.992293505064,23241671.09599258,28.0
2022-08-24,21424.9728232028,409880719562.25726,0.987637310218,19789812.78474593,25.0
2022-08-25,21587.8395844535,413017973174.87195,0.995543286361,21711435.8619223,25.0
2022-08-26,20246.1655733489,387371372434.26,0.934524032452,23607458.78269579,27.0
2022-08-27,20043.9909485681,383521315360.0218,0.925756657439,18417353.539063282,28.0
2022-08-28,19673.5412188778,376452934262.3444,0.908751979889,20531551.535323694,28.0
2022-08-29,20270.960383986,387904432454.7775,0.936300029003,19815545.48503768,24.0
2022-08-30,19825.4632066043,379399486373.23016,0.91691540216,20898311.567606837,27.0
2022-08-31,20024.6716059614,383230005973.0957,0.926540201628,18973801.675528973,23.0
2022-09-01,20105.4626072472,384793516403.9053,0.930819103606,17519322.333246782,20.0
2022-09-02,19948.8567472823,381812359032.21454,0.924346524698,16573004.97125154,25.0
2022-09-03,19803.8332697253,379054868118.2932,0.917781321543,18503841.810108278,21.0
2022-09-04,19961.9118907072,382101528755.6661,0.924996509034,21001414.01336134,20.0
2022-09-05,19797.7967884278,378979046297.1864,0.917682178845,19217857.628245473,23.0
2022-09-06,18846.150537405,360778897291.7864,0.874858544608,17711313.57191243,22.0
2022-09-07,19292.9070745178,369348929285.85046,0.895970446823,17522524.6768538,24.0
2022-09-08,19319.1248512566,369866184453.4085,0.897686434169,15580902.145009369,20.0
2022-09-09,21363.3136152542,409021968745.9125,0.991990113442,19406879.308704853,22.0
2022-09-10,21715.2107980713,415780699701.9083,1.008276774233,21254611.329074144,28.0
2022-09-11,21732.7705686733,416141773128.1593,1.00926214108,25190836.06469254,26.0
2022-09-12,22365.2145601987,428273275469.1733,1.038445934441,21457966.189803272,25.0
2022-09-13,20165.0421607247,386159265218.15247,0.939370352409,18880378.13599022,34.0
2022-09-14,20246.3660424313,387732682893.1633,0.944134275318,16390122.367911555,27.0
2022-09-15,19696.8698661601,377227526664.1952,0.919794265144,18722547.16017402,28.0
2022-09-16,19741.5776168907,378099547048.8818,0.922172305414,16155813.96987422,20.0
2022-09-17,20120.7023459965,385382092113.0908,0.939999035144,22046267.351943973,22.0
2022-09-18,19427.1002626534,372115875618.3138,0.907953496893,19614731.42557514,27.0
2022-09-19,19557.9769582116,374638640658.9953,0.914684111914,15916507.708788954,21.0
2022-09-20,18872.9498667446,361534680159.2485,0.88338246827,18547287.27541817,23.0
2022-09-21,18506.7607481005,354536184092.75415,0.86699153682,17044371.760123417,23.0
2022-09-22,19414.5396449445,371942142414.4877,0.909510592046,15405709.406264087,22.0
2022-09-23,19326.8648199883,370278782421.1002,0.90563544045,16388196.049952148,20.0
2022-09-24,18924.7677872589,362592370354.345,0.886975013788,17641158.57969013,24.0
2022-09-25,18793.1561531268,360088000637.69366,0.881057004179,18123081.63232435,24.0
2022-09-26,19201.1317209234,367923055167.1001,0.900322536822,18586164.0791014,21.0
2022-09-27,19106.7389135009,366129749393.5195,0.896561719809,16499416.47586462,20.0
2022-09-28,19454.937210111,372820281122.77527,0.913487552122,18194817.839215636,20.0
2022-09-29,19540.8664105786,374484430533.8365,0.917870607279,17625877.85463125,22.0
2022-09-30,19435.1946917008,372479848471.2685,0.91356153704,20961626.892611515,21.0
2022-10-01,19311.861629398,370137989320.0386,0.907912672634,22356100.356481753,20.0
2022-10-02,19015.2928050847,364472504804.0564,0.894190083633,19049496.73083795,24.0
2022-10-03,19633.4325859147,376339494804.44653,0.923308111571,18822692.57300482,24.0
2022-10-04,20339.9712811221,389903360703.0178,0.956568501176,20497223.57467133,20.0
2022-10-05,20155.0996987142,386381543342.8885,0.948163366006,22220525.211607706,25.0
2022-10-06,19950.5477957335,382480025164.3247,0.938866609583,20238932.999599468,26.0
2022-10-07,19539.1439216832,374613717471.0005,0.919983246052,21329735.82923857,23.0
2022-10-08,19416.1772291058,372277378268.7386,0.914595870208,21693311.538908795,24.0
2022-10-09,19428.3671323787,372530287709.72656,0.915262738221,19801812.92339956,22.0
2022-10-10,19154.4042346581,367297283273.81213,0.902773565181,20456350.29360484,22.0
2022-10-11,19039.2820683811,365108428419.0329,0.897697758664,19592269.926100034,24.0
2022-10-12,19156.9115645821,367380563663.38525,0.904197086018,16543247.306288254,20.0
2022-10-13,19387.8336806546,371826387064.8481,0.915299590894,17339850.420349475,20.0
2022-10-14,19177.6941031561,367814957908.2474,0.905697877908,19349674.895805754,24.0
2022-10-15,19069.8749272355,365765176790.71967,0.900728724487,18603429.731474027,24.0
2022-10-16,19261.7497878434,369462722255.0901,0.909910910294,17640377.301598247,24.0
2022-10-17,19557.0218106371,375144717145.4124,0.924678135264,18438405.724884216,20.0
2022-10-18,19341.4075543542,371025948757.9377,0.91398573907,17605946.973579727,22.0
2022-10-19,19132.1544254822,367029904902.88257,0.904610705933,18709672.39499181,23.0
2022-10-20,19033.3760239626,365152195991.4868,0.900242542303,17832142.511155218,23.0
2022-10-21,19174.8763487434,367885552007.7864,0.907143363442,18823653.62509549,23.0
2022-10-22,19207.6285078901,368530255223.41754,0.909318069409,16486650.382671941,20.0
2022-10-23,19565.4123243717,375413885984.6,0.926261633178,18817002.899194233,23.0
2022-10-24,19341.460210111,371133215992.5733,0.915784798173,16704131.75423753,22.0
2022-10-25,20094.9611215663,385607075318.5567,0.951195313284,15262936.713037344,20.0
2022-10-26,20797.0308258328,399099408014.4616,0.983939477562,20391787.49715678,33.0
2022-10-27,20280.1751280538,389197949556.16187,0.959624512348,17781054.472137854,32.0
2022-10-28,20604.6138535944,395444746708.6104,0.975004031923,20657842.562491424,30.0
2022-10-29,20803.8999205143,399288048038.69226,0.98443454901,18889102.554937232,34.0
2022-10-30,20616.7033766803,395712590941.6769,0.975832100659,17765496.375039846,34.0
2022-10-31,20490.8581808884,393319300934.3833,0.97009674747,22491183.834946454,31.0
2022-11-01,20483.966530976,393205452198.7317,0.970049689813,19035680.24022811,30.0
2022-11-02,20148.2845537697,386777142187.55225,0.954490976446,15923465.095997136,30.0
2022-11-03,20198.1111860316,387754343675.19775,0.956986021054,21427249.233947724,30.0
2022-11-04,21157.2449275278,406184424138.86646,1.000981821699,17095479.28911212,30.0
2022-11-05,21283.4715999416,408627855628.67584,1.007111287598,20477935.245340105,38.0
2022-11-06,20946.8030359439,402181988995.9385,0.991409279364,18479805.99848374,40.0
2022-11-07,20568.5651183518,394938271820.2412,0.976088727485,19052783.19726433,33.0
2022-11-08,18520.971163647,355641163800.59314,0.880744871078,20378818.583838027,31.0
2022-11-09,15758.2912819988,302606639525.93427,0.753958696179,16756916.904897429,29.0
2022-11-10,17541.5602866745,336866889999.11127,0.839903712816,15963715.774192441,22.0
2022-11-11,16916.8506312098,324884177574.2261,0.811340136624,14900952.885684296,25.0
2022-11-12,16771.2426718293,322105315599.283,0.806378353685,17874099.03663277,21.0
2022-11-13,16320.4983375219,313461563543.2652,0.785273663056,13715309.636890972,22.0
2022-11-14,16629.4784146698,319408809507.6176,0.801361740695,13223056.11507164,24.0
2022-11-15,16855.59378609,323768223563.24036,0.81368542899,16924308.163784713,22.0
2022-11-16,16659.6063345996,320019245464.8845,0.806089820633,16237808.609929381,23.0
2022-11-17,16675.1790204559,320332768078.5876,0.81024033294,15097004.518378556,20.0
2022-11-18,16661.5229576271,320084907697.1221,0.818509642211,15266118.620391032,23.0
2022-11-19,16696.0040581531,320762664379.5779,0.820610369081,15732345.425249888,23.0
2022-11-20,16246.8446992987,312148570627.24646,0.799184425512,15982750.015998334,24.0
2022-11-21,15778.0174047341,303153772188.1876,0.777592696604,13533870.26017263,21.0
2022-11-22,16172.8893445354,310753451298.5008,0.79805211183,12966806.15387219,22.0
2022-11-23,16574.0617299825,318476370818.0587,0.817451445016,15202435.491253067,22.0
2022-11-24,16583.5243445354,318671568719.49097,0.81837142484,13846331.44830637,20.0
2022-11-25,16522.3887767388,317509479778.9209,0.816011276502,13127718.390905542,20.0
2022-11-26,16448.6413077148,316103485950.16534,0.812740435671,11674337.0162286,22.0
2022-11-27,16436.0707688486,315875880963.40686,0.812332752733,14358617.123247962,26.0
2022-11-28,16212.5814161309,311594845649.107,0.802349876662,14875224.88563531,28.0
2022-11-29,16443.0368199883,316037505324.6357,0.814147810046,13816257.51734792,26.0
2022-11-30,17176.8986914085,330157249897.60547,0.850801464317,15034912.97575721,29.0
2022-12-01,16961.2918042081,326029288146.94086,0.840529289057,17271537.924430106,27.0
2022-12-02,17075.1091370544,328230420398.4742,0.84670015577,13741034.339038419,27.0
2022-12-03,16899.5073831093,324868709629.4161,0.838232388894,14299138.04252222,27.0
2022-12-04,17121.7149824664,329155312451.6082,0.84968361727,15184340.833291633,26.0
2022-12-05,16961.3517866745,326087897703.5941,0.84468600446,16039165.975407021,26.0
2022-12-06,17070.5158281707,328201017682.73834,0.850384196971,14725089.485199377,25.0
2022-12-07,16848.2518243717,323945839104.30493,0.839503933452,18475685.995101217,29.0
2022-12-08,17231.4563223261,331331799697.2159,0.858945882155,17938099.11542059,25.0
2022-12-09,17136.1490008767,329515480228.8269,0.854978591377,16800417.04720075,26.0
2022-12-10,17124.2146797195,329302474097.54333,0.854415449082,17384313.195406716,27.0
2022-12-11,17094.3606592636,328744079344.8782,0.853211507586,15911653.689838963,26.0
2022-12-12,17195.5249962011,330704952984.2636,0.858539391858,15426960.975362785,27.0
2022-12-13,17774.9166320865,341866163427.8328,0.887729303381,18300370.852563936,27.0
2022-12-14,17809.7240835769,342552090974.3184,0.890254354657,16824168.350794345,30.0
2022-12-15,17344.0544569258,333610472205.63245,0.86728278142,15628685.822634194,31.0
2022-12-16,16606.1101750438,319429708503.90717,0.830992951979,14457172.527777765,29.0
2022-12-17,16774.3853702513,322681062399.0879,0.839657772493,15352368.055325923,28.0
2022-12-18,16776.1159254822,322729554932.29346,0.839875774864,15369367.34579528,26.0
2022-12-19,16424.1313857393,315972232645.3263,0.823536056851,14497991.473721288,29.0
2022-12-20,16901.8169362946,325176875097.1312,0.847633081501,15203920.126164537,29.0
2022-12-21,16800.5329707773,323243270748.1628,0.843195618816,15330046.709449464,26.0
2022-12-22,16814.2225791935,323520845954.7279,0.844194325117,14445678.738210894,28.0
2022-12-23,16780.5169798363,322886162998.30566,0.842886604017,14192911.730580632,27.0
2022-12-24,16837.612170076,323994138663.88385,0.84590101132,9886179.74795384,29.0
2022-12-25,16824.8389736996,323763179790.4042,0.845706555551,15073742.939776683,29.0
2022-12-26,16879.9382273524,324837072942.0877,0.848591013908,14104102.296292609,28.0
2022-12-27,16698.9112708942,321365396957.0633,0.8399359586,12489766.06688427,27.0
2022-12-28,16536.2942001753,318253243893.2231,0.83299277844,17844731.47947442,28.0
2022-12-29,16630.5931551724,320082752198.536,0.838526883526,14977089.738394096,28.0
2022-12-30,16593.6888287551,319388854075.39685,0.836965256607,16715350.712628447,28.0
2022-12-31,16524.2178024547,318067813339.4093,0.835246001939,16375895.467673866,25.0
2023-01-01,16606.7520432496,319672567829.92584,0.839542831106,16173353.596591791,26.0
2023-01-02,16688.7192729398,321266671119.1712,0.843780085391,16447340.744624749,27.0
2023-01-03,16670.0773836937,320923849121.50653,0.843211245785,16511361.794084923,26.0
2023-01-04,16848.3660391584,324371229130.03345,0.852695347503,15514421.553151188,29.0
2023-01-05,16824.8001826417,323934038866.73096,0.851818124476,17190903.00793761,29.0
2023-01-06,16957.8622738165,326515008906.59827,0.858998530318,19587656.115701865,26.0
2023-01-07,16942.6285891292,326237998585.17,0.858446501208,16669607.643204877,25.0
2023-01-08,17059.2399444769,328499715753.26697,0.864443193289,16331614.696256422,25.0
2023-01-09,17182.3198521333,330886115501.8013,0.870777665108,16568165.610140678,25.0
2023-01-10,17433.9146320865,335749580566.8327,0.883951640903,18671443.668399256,26.0
2023-01-11,17833.7107656341,343465404948.3947,0.904886150128,16247214.47177786,26.0
2023-01-12,18869.7044842198,363435762403.209,0.956915395927,17645261.628721908,30.0
2023-01-13,19868.7247454705,382696914618.5445,1.006737285894,19299222.303412113,31.0
2023-01-14,21010.9227200468,404719555363.718,1.063923229924,22543151.069033355,46.0
2023-01-15,20876.0085561075,402142059538.9224,1.056945343653,21360708.697110046,52.0
2023-01-16,21180.4119485681,408025350489.2305,1.071886746547,19564851.90352845,45.0
2023-01-17,21178.2993962595,408005301935.65857,1.071274656024,20950317.645466994,51.0
2023-01-18,20709.6686040327,398995131352.91315,1.047738862359,19114033.153556455,52.0
2023-01-19,21071.8334152542,405991740732.9317,1.066296173366,19225531.967102878,45.0
2023-01-20,22660.7169421391,436623508826.3357,1.145445917644,18240061.154305376,51.0
2023-01-21,22803.172761543,439387994541.3399,1.152147571819,20109654.849325083,53.0
2023-01-22,22716.2771966686,437735066276.4035,1.147415859687,21838359.94420077,53.0
2023-01-23,22929.0248936295,441857284818.24146,1.157946337765,22867527.707946565,50.0
2023-01-24,22611.1268787259,435749412018.20013,1.14168583391,18918440.50491401,52.0
2023-01-25,23109.0845189947,445371057214.8687,1.166238508234,25676773.61340148,51.0
2023-01-26,23008.6894766219,443458477430.5372,1.161820741319,22624571.705655094,54.0
2023-01-27,23070.4964582116,444671920357.2479,1.165635900125,22429274.151801877,55.0
2023-01-28,23008.8094649328,443507093772.12006,1.162375118008,24442485.75123782,52.0
2023-01-29,23774.9963679135,458299678267.7888,1.200618353218,23801445.138934355,55.0
2023-01-30,22799.427261543,439513744530.55255,1.15137768201,20350898.923218135,61.0
2023-01-31,23130.0519132087,445903953177.8653,1.167609671158,16954037.602669094,51.0
2023-02-01,23727.2026075395,457436212535.37054,1.196241930423,20346134.427086793,56.0
2023-02-02,23505.6048430742,453185335299.5718,1.184795889398,22100256.867046896,60.0
2023-02-03,23445.8131773816,452052047565.4157,1.181415746292,20380037.06304123,60.0
2023-02-04,23355.5243863238,450331066544.2132,1.176437733184,20355870.134656116,58.0
2023-02-05,22957.2251905319,442673043515.76447,1.156408398602,22388253.779740416,58.0
2023-02-06,22745.1650371128,438605028941.3012,1.145679319019,21621117.121486917,56.0
2023-02-07,23266.2692036821,448674357936.5548,1.171652534251,21204357.623230755,54.0
2023-02-08,22937.5799453536,442355589491.7768,1.154986688723,20351657.38350813,58.0
2023-02-09,21818.1989456458,420790203963.9413,1.099040577212,23332309.14710399,55.0
2023-02-10,21620.5667837522,416998493072.5835,1.089446116412,20573391.75123331,48.0
2023-02-11,21864.8626414378,421730481059.5885,1.101770368949,20695417.561901353,49.0
2023-02-12,21772.1373252484,419964034322.39526,1.097210551986,22415712.264169145,50.0
2023-02-13,21798.7157168323,420497959396.1862,1.09866674955,21667418.164248344,48.0
2023-02-14,22222.415043834,428692521757.3896,1.119923157609,21647341.400688175,50.0
2023-02-15,24304.6129827586,468884953214.8082,1.22364317031,23873321.525806885,53.0
2023-02-16,23742.4488354763,458066234824.8328,1.195012046683,28291380.22294443,62.0
2023-02-17,24607.3356054939,474777985910.94104,1.237767811543,25714299.92522733,61.0
2023-02-18,24636.5266127995,475367066196.61975,1.239058645614,26343409.639495973,60.0
2023-02-19,24366.9907606663,470190985337.3357,1.225347760367,25635697.747482333,60.0
2023-02-20,24797.8430359439,478527590358.21405,1.246658143379,24027013.111182638,58.0
2023-02-21,24400.3893898305,470883335720.71594,1.226544841574,26512359.26103933,60.0
2023-02-22,24163.7389812975,466337552716.17426,1.214898364016,21468764.329053212,59.0
2023-02-23,23910.0342104033,461466839224.232,1.20196788302,26565544.355084326,56.0
2023-02-24,23175.8242036821,447316040888.53906,1.165447448567,20417436.704952147,53.0
2023-02-25,23159.8154403857,447022542624.343,1.164771417267,16083980.15403232,52.0
2023-02-26,23542.0964281122,454425911741.45215,1.183865293006,24782400.469027933,51.0
2023-02-27,23504.1894178843,453714768533.1664,1.181751158136,21360913.713135105,50.0
2023-02-28,23145.9491277031,446819268836.4395,1.165088210397,20630776.02077309,53.0
2023-03-01,23610.6590902981,455815311827.3252,1.188892073095,25988722.583811883,50.0
2023-03-02,23470.0254815897,453121431949.6086,1.181929202448,21657536.22815396,51.0
2023-03-03,22350.0962340736,431523107640.1537,1.126016843463,24203335.93106573,50.0
2023-03-04,22334.2852638808,431239053644.6866,1.125231451633,21944599.480469976,50.0
2023-03-05,22419.8171390999,432912254426.8668,1.130220819242,22389334.56458218,47.0
2023-03-06,22414.7033056692,432831999828.83685,1.130223291427,19320752.866531476,48.0
2023-03-07,22174.6484725307,428219361920.7399,1.122035533533,23616222.72450257,49.0
2023-03-08,21701.3846227352,419098099713.9698,1.098460296734,18928979.35012383,50.0
2023-03-09,20349.8141732905,393013679640.0983,1.031092147146,19039458.643895354,44.0
2023-03-10,20240.406694623,390917907908.01056,1.026171253096,17894803.56988819,34.0
2023-03-11,20585.2343290473,397599044509.8048,1.043781214381,21477230.284296937,33.0
2023-03-12,22065.9800359439,426221507105.4308,1.118453254664,21186496.49970484,33.0
2023-03-13,24154.4290946815,466585218228.0785,1.222477139001,23087128.98074996,49.0
2023-03-14,24769.0175691409,478479673367.31464,1.252017069531,23955889.051380202,56.0
2023-03-15,24409.8017518995,471562885492.7352,1.233259096934,23485522.6442761,50.0
2023-03-16,25043.2388468732,483820966773.28314,1.264318230866,21513991.934607737,52.0
2023-03-17,27450.6282933957,530355563505.5659,1.381709504388,25280852.552496247,51.0
2023-03-18,26985.7359915254,521401004462.55426,1.357927080335,28644944.5912276,64.0
2023-03-19,28185.2043319696,544602429934.9583,1.41718434858,26477878.719646867,63.0
2023-03-20,27834.3361090006,537849646186.5744,1.398348824456,27627804.86632807,66.0
2023-03-21,28172.7950558153,544415302326.4737,1.413889214116,26497064.86479075,68.0
2023-03-22,27341.5571297487,528379507078.967,1.371700451034,29225710.419680897,62.0
2023-03-23,28387.8897495617,548632503448.67126,1.421886913625,34269759.33971421,57.0
2023-03-24,27464.1249453536,530807367185.91296,1.375231386162,29533422.016249567,61.0
2023-03-25,27488.954880187,531312174636.28394,1.376280144651,25755315.778535493,64.0
2023-03-26,28049.3916911163,542169657055.9983,1.403671575252,25539403.027980726,64.0
2023-03-27,27154.9963702513,524906913723.9932,1.357098415255,26143030.485642947,64.0
2023-03-28,27283.9634029807,527422700745.3335,1.363066939643,23379336.215017386,59.0
2023-03-29,28389.2917784921,548815740560.0656,1.417071461284,26591193.533266988,57.0
2023-03-30,28021.5583009936,541733941198.0574,1.420441511641,28612052.69058096,60.0
2023-03-31,28514.6813062537,551292496354.6884,1.443820674085,25754269.689730845,63.0
2023-04-01,28494.5638863238,550928486203.3832,1.442211549223,25771404.496490154,61.0
2023-04-02,28161.9980362361,544524713657.5736,1.425206305097,27387521.07343141,63.0
2023-04-03,27850.9799436002,538533843979.47015,1.409099995135,23697637.145516127,63.0
2023-04-04,28113.9585187025,543647331979.0974,1.4219430768,29712370.380244203,62.0
2023-04-05,28190.3116063705,545148282923.0317,1.424960408187,25533999.319590658,62.0
2023-04-06,28049.0744763296,542445068149.4137,1.41726242259,29988656.93568959,63.0
2023-04-07,27936.8042609585,540298652289.0736,1.411891341659,25883474.596045014,64.0
2023-04-08,27964.0512498539,540851301862.0266,1.413111240664,26655771.28270032,61.0
2023-04-09,28357.8072703098,548492793650.62,1.432780320048,25984841.21278582,61.0
2023-04-10,29687.5651846873,574235609982.3527,1.498410626119,22540478.67849652,62.0
2023-04-11,30247.0959193454,585087519181.1974,1.524007596955,30278886.883851,68.0
2023-04-12,29913.0035463472,578654885226.6572,1.506773205338,30739675.958873477,65.0
2023-04-13,30370.82207218,587538152475.136,1.528589539867,27603326.707211237,61.0
2023-04-14,30458.9700414962,589270068912.4236,1.531450017782,27977114.940560613,68.0
2023-04-15,30342.0591084161,587038231196.8175,1.525286478334,31009798.333244104,68.0
2023-04-16,30312.9308533022,586498169368.5076,1.523487449103,23967480.70486132,68.0
2023-04-17,29469.5050727645,570208016248.9177,1.481199761253,29788462.913373288,69.0
2023-04-18,30366.8723813559,587602759964.4852,1.524898878521,31642501.63757007,58.0
2023-04-19,28796.7440952659,557245599384.4084,1.445557031038,26367118.299820937,63.0
2023-04-20,28251.2763790181,546713741184.974,1.418296444501,24467944.962969966,52.0
2023-04-21,27292.0211052016,528175134909.0028,1.370138666353,26017667.261768978,50.0
2023-04-22,27827.5475920514,538564949198.4576,1.396814023725,25972883.28916762,53.0
2023-04-23,27604.6855742256,534277114846.2925,1.385375480736,25740162.140966076,56.0
2023-04-24,27520.1996729982,532666177826.66583,1.381178300296,25151563.91860913,53.0
2023-04-25,28302.6942180012,547833832702.5402,1.420027669157,22252108.61633086,53.0
2023-04-26,28384.2340333139,549435199387.87,1.423548393886,24384973.37872218,56.0
2023-04-27,29465.5514272355,570390261178.377,1.477024680925,25220465.91221518,59.0
2023-04-28,29350.811886616,568196114329.5779,1.470212541775,28310744.88306382,64.0
2023-04-29,29221.5145075979,565718094832.8191,1.463534273428,26352027.404240478,64.0
2023-04-30,29362.0867974868,568466684139.17,1.470402257877,28548026.97705134,60.0
2023-05-01,28114.9531873174,544353449574.5647,1.408272273073,35120914.85198403,63.0
2023-05-02,28690.5809959088,555521717581.1757,1.436592482997,26436400.048662677,55.0
2023-05-03,29045.0427735243,562410583931.3228,1.45181633614,28706505.872158974,64.0
2023-05-04,28855.8574465225,558773645025.0818,1.442232154866,29770202.04218574,64.0
2023-05-05,29552.9695236704,572294716419.607,1.476466635695,25724804.124775995,61.0
2023-05-06,28899.4629602572,559666442122.5637,1.443843173393,32521180.410668414,60.0
2023-05-07,28761.738434249,557024258369.1561,1.429877064919,36809638.64957858,64.0
2023-05-08,27727.2854091175,537013903849.53534,1.378067479397,41744197.067098685,60.0
2023-05-09,27642.4281092928,535396500180.69135,1.374090435543,38255911.8781401,51.0
2023-05-10,27646.004902104,535495151707.0393,1.374436923429,38971069.437675245,52.0
2023-05-11,26986.271065751,522741765621.6745,1.341912915639,31079349.01717088,52.0
2023-05-12,26773.3443591467,518640829707.00287,1.331264514159,27932158.246966116,49.0
2023-05-13,26841.3982913501,519983463986.6365,1.334669775407,27237496.705574512,48.0
2023-05-14,26918.261597896,521501767636.86115,1.338338944895,31630058.255630765,48.0
2023-05-15,27231.6216052016,527597676412.83777,1.352469393563,27603389.649954077,50.0
2023-05-16,27025.7181864407,523634254375.96967,1.341803499909,30101350.309985295,54.0
2023-05-17,27401.0440610754,530933746512.83374,1.360182926857,29549110.27574375,50.0
2023-05-18,26843.2350938048,520149069256.5386,1.332798511609,26859030.9345914,51.0
2023-05-19,26889.503631502,521070836897.92114,1.335285312277,28738962.120203372,48.0
2023-05-20,27100.8582878434,525188703696.1737,1.345668504663,24375940.640033692,48.0
2023-05-21,26777.0977831677,518939805773.35767,1.329584607553,27415847.9731961,52.0
2023-05-22,26858.7370637054,520546146828.68176,1.331796174941,26059060.50144273,49.0
2023-05-23,27226.8558763881,527706821772.363,1.349756710174,28129493.496464286,50.0
2023-05-24,26341.4306446522,510568856611.54913,1.306148991112,25204426.061596133,50.0
2023-05-25,26484.8359234366,513373437575.88806,1.312302574122,27253825.798840698,51.0
2023-05-26,26720.3838071303,517964772439.35925,1.323951129649,28022067.177655425,49.0
2023-05-27,26854.5403702513,520589684799.388,1.330559181986,25895617.414968994,48.0
2023-05-28,28097.5211259497,544713631696.41895,1.391560954233,29018379.77947518,50.0
2023-05-29,27765.0728693746,538296723420.2816,1.374801000798,30580345.092994474,52.0
2023-05-30,27712.4915844535,537303974431.53375,1.371662586882,28992477.242635764,51.0
2023-05-31,27217.6832580362,527734362861.804,1.347122513076,25853003.322265837,51.0
2023-06-01,26825.3713451198,520149803853.8615,1.32755818548,24808640.12866411,52.0
2023-06-02,27255.2279941555,528512754630.3877,1.348499664123,30128726.13526578,50.0
2023-06-03,27079.4084643483,525125397359.78687,1.339845350422,23625499.65267871,53.0
2023-06-04,27158.25456955,526679506782.1844,1.343716524322,26178919.49258366,52.0
2023-06-05,25785.8514842198,500086760503.23615,1.276417765634,24355694.08839815,53.0
2023-06-06,27213.7705187025,527805281358.1224,1.3462357416,27031043.478327114,44.0
2023-06-07,26339.5790292227,510872747611.9035,1.303228127244,25121515.433733575,53.0
2023-06-08,26521.693600526,514430501556.3999,1.312170481703,27695869.968815308,50.0
2023-06-09,26470.6775780245,513468924118.93225,1.309627647538,30334803.515606057,50.0
2023-06-10,25863.2138506721,501710449004.70013,1.279906228962,26188014.77306707,49.0
2023-06-11,25906.8281516657,502582898459.83105,1.282204028842,27237566.629978757,47.0
2023-06-12,25906.7519354179,502606840607.85065,1.282415132209,26511537.377856184,47.0
2023-06-13,25880.8599734074,502128298740.5132,1.281288526881,24857915.761624184,45.0
2023-06-14,25097.5853796026,486950552678.45825,1.242758133707,20934320.22248748,46.0
2023-06-15,25559.1433293396,495929474633.99506,1.265794710232,24289275.439930815,41.0
2023-06-16,26331.8200943892,510947065430.74207,1.303742036635,25815640.766585577,47.0
2023-06-17,26514.1713495032,514508639698.38794,1.312806147734,24576941.293343797,47.0
2023-06-18,26353.962682934,511424654895.8779,1.304485514887,25864498.312777586,49.0
2023-06-19,26778.0634415547,519678514144.5061,1.326002267293,24358877.690667883,47.0
2023-06-20,28305.4204573349,549343799477.71765,1.401058308786,24496915.027535625,49.0
2023-06-21,30099.5153509643,584185860834.0365,1.487688159529,23415578.90437153,59.0
2023-06-22,29952.5112866745,581358382042.0336,1.479224774259,27140370.526518404,65.0
2023-06-23,30638.3537644652,594694065924.9224,1.511461032551,25333271.066190463,65.0
2023-06-24,30549.0162872589,592987890855.0363,1.506266238891,29007262.104907636,62.0
2023-06-25,30467.4403705435,591433552695.0343,1.501725462895,30195817.85050738,64.0
2023-06-26,30255.8861241964,587354472876.4258,1.490477217783,29036935.726409893,55.0
2023-06-27,30667.0762948568,595363699913.8203,1.508993136561,27695094.94705815,59.0
2023-06-28,30104.0432717709,584453424037.3441,1.480047953676,21378015.35699098,62.0
2023-06-29,30460.792978083,591407318592.3457,1.4974352167,28907158.299600467,54.0
2023-06-30,30484.503257744,591897765637.368,1.497404119431,31268571.422430255,56.0
2023-07-01,30581.6889655172,593810178287.0383,1.500071404388,26154914.732571002,59.0
2023-07-02,30594.2164736996,594086124744.982,1.500295120753,33775253.848481484,63.0
2023-07-03,31135.3575993571,604620797716.763,1.525922363387,27990140.909918316,62.0
2023-07-04,30799.9474558738,598134575137.0653,1.509148391226,28640397.54593083,64.0
2023-07-05,30497.8221282876,592297040619.1724,1.494037535141,30309671.13015693,61.0
2023-07-06,29979.7298094681,582261234281.4344,1.470491737414,27125275.64271407,56.0
2023-07-07,30329.8829786674,589095022829.2559,1.487208780434,34013005.20105904,55.0
2023-07-08,30263.6196341321,587841663177.4305,1.483788128844,34114021.652351,58.0
2023-07-09,30163.2210563998,585923377405.3176,1.478660537861,33188679.628863256,55.0
2023-07-10,30394.6555806546,590448269412.5723,1.489525354536,29651100.59188326,56.0
2023-07-11,30616.247094097,594778750901.7263,1.499536522954,26664260.808558695,57.0
2023-07-12,30385.6087852133,590325510735.3842,1.487755265888,28532856.624235082,64.0
2023-07-13,31434.7354704851,610731309494.0143,1.538500113181,23641573.302443318,57.0
2023-07-14,30310.6720204559,588918530172.9481,1.483457241083,27519041.337585144,60.0
2023-07-15,30290.8905958504,588560314529.3848,1.482403144167,27066441.91831429,56.0
2023-07-16,30249.7729658095,587790692134.452,1.480253300626,29842687.815297596,57.0
2023-07-17,30143.7462744009,585756083872.9222,1.475399676867,26196758.55308894,54.0
2023-07-18,29835.7474076563,579801229885.0629,1.45985580542,31319782.33021599,56.0
2023-07-19,29913.0294646406,581330729751.3192,1.463037215762,28328021.50246617,50.0
2023-07-20,29805.6065707189,579266914318.2406,1.457534391178,24707512.102940787,56.0
2023-07-21,29919.6934921099,581505118062.6237,1.463442609814,21607034.364091497,50.0
2023-07-22,29726.0096271186,577765664913.1605,1.453936935337,26432278.228747524,52.0
2023-07-23,30066.5724482759,584412592865.5505,1.470319604139,28310247.069138404,54.0
2023-07-24,29178.3597042665,567175501671.5082,1.427138509577,28407356.750944234,55.0
2023-07-25,29221.2548533022,568034510474.9121,1.42923855151,25712518.25357459,50.0
2023-07-26,29361.5917580362,570788957155.0269,1.436080716187,26926803.941132326,51.0
2023-07-27,29201.6865175336,567705587810.3228,1.429632064392,26347218.51898918,51.0
2023-07-28,29316.3130751023,569959677160.0485,1.440164978549,26233809.358800165,52.0
2023-07-29,29360.376179135,570840562162.5763,1.442211649973,24706378.94273607,52.0
2023-07-30,29262.8367337814,568974872634.1339,1.437384415792,31692642.533020645,52.0
2023-07-31,29219.8201887785,568164226105.1633,1.435482408871,27510234.359162603,50.0
2023-08-01,29499.5875385739,573629784670.5057,1.449024030947,26122899.546493188,53.0
2023-08-02,29143.1519620105,566726820626.5154,1.432048628755,29363951.078214865,53.0
2023-08-03,29192.3448617767,567710991370.1062,1.434367776395,28247538.053915504,52.0
2023-08-04,29057.2532437171,565105804695.3821,1.427652983063,23104041.166844852,54.0
2023-08-05,29053.0956975453,565052912292.7183,1.427408392655,28591503.046726555,50.0
2023-08-06,29048.0433275862,564984423123.5125,1.427044043698,30288540.36209772,49.0
2023-08-07,29164.3585873758,567273367302.8016,1.432710437146,27209670.747621182,49.0
2023-08-08,29779.511383986,579261915351.565,1.46267267691,23875114.96975787,54.0
2023-08-09,29582.9442375804,575468304282.0208,1.452750656477,30918658.40601437,50.0
2023-08-10,29430.1599117475,572519595905.101,1.445222004734,24172398.41337492,53.0
2023-08-11,29399.784739626,571956438561.5012,1.443460117805,28454990.93611478,51.0
2023-08-12,29415.733902104,572297423307.2441,1.444002195989,31294824.65651836,54.0
2023-08-13,29286.1176110462,569800385426.1592,1.437480909277,25585662.894784916,54.0
2023-08-14,29408.9717127411,572222106279.2792,1.443311936754,32337872.752744462,50.0
2023-08-15,29167.59721654,567556759131.4548,1.43140313407,31915144.915740907,53.0
2023-08-16,28754.2924079486,559543774142.6799,1.411251226179,30586968.731064703,52.0
2023-08-17,26660.5627264757,518826863048.6306,1.309597789983,28424682.20544334,50.0
2023-08-18,26037.3658474576,506721783913.45654,1.279955274829,23433019.422335666,37.0
2023-08-19,26093.981808007,507846438071.15137,1.282875825078,23221911.614093296,39.0
2023-08-20,26176.4721642315,509478386019.2887,1.287026193244,27190186.429498125,37.0
2023-08-21,26128.9050160725,508579521674.7416,1.285209423972,27340334.701749604,38.0
2023-08-22,25978.2096914085,505669568328.7056,1.278234400958,24046155.91841951,37.0
2023-08-23,26452.1935882525,514919209015.0047,1.301640510691,23718914.63540224,37.0
2023-08-24,26126.7943331385,508607674820.29224,1.286264498958,23333266.492939506,41.0
2023-08-25,26040.881255114,506957185572.9049,1.282530939849,22467915.225991674,39.0
2023-08-26,26006.1740800701,506303782993.0188,1.280910484603,23075478.398958765,38.0
2023-08-27,26086.3612594974,507883827671.5994,1.284719699038,19271798.243833873,38.0
2023-08-28,26103.2765730567,508232408563.7208,1.285785965076,19666378.699688364,39.0
2023-08-29,27672.2221306254,538807201879.9037,1.3631929159,26890150.788067795,39.0
2023-08-30,27298.997779661,531561630095.86505,1.344866297954,22094413.287385218,49.0
2023-08-31,25954.8665935126,505412286329.01166,1.279294333561,24961857.55441304,52.0
2023-09-01,25802.7885298071,502475261599.45935,1.272142442172,25120794.91081459,40.0
2023-09-02,25868.2960976037,503775509930.82574,1.275429178013,25144099.92728905,39.0
2023-09-03,25962.5475689655,505636660531.69293,1.280178738226,26107291.39871566,40.0
2023-09-04,25799.5256870251,502485734430.55206,1.272295663234,25039640.94070276,40.0
2023-09-05,25782.3622200468,502171430649.91614,1.271797475869,21245406.274935115,40.0
2023-09-06,25754.7902676797,501656133395.8638,1.270666304167,22504229.026187494,42.0
2023-09-07,26210.6045637054,510558478038.27527,1.293153415402,24404908.237159327,41.0
2023-09-08,25904.6982127411,504621236835.8533,1.278230950625,22598608.962329462,46.0
2023-09-09,25894.6205976037,504449363829.6965,1.277871761676,25270696.568339124,41.0
2023-09-10,25831.4647802455,503242767131.7789,1.274805713565,24948509.55641232,40.0
2023-09-11,25135.0393781414,489700142564.4573,1.240998802155,26180834.564799786,40.0
2023-09-12,25859.7018068381,503841361451.7037,1.276849786407,23588981.36153588,30.0
2023-09-13,26226.8667524839,511019169908.62366,1.294929881704,24786596.15628565,41.0
2023-09-14,26556.056943308,517460186589.9245,1.31072461763,27600711.13450581,45.0
2023-09-15,26672.6160818235,519762749395.7533,1.316247721823,32037508.81394793,45.0
2023-09-16,26555.6361031561,517508914919.9982,1.31045230781,26464639.493225966,43.0
2023-09-17,26502.4321189363,516496770733.76605,1.30778359727,25479813.23061756,46.0
2023-09-18,26764.6319064874,521632787593.76227,1.320321096515,27760078.561090413,46.0
2023-09-19,27215.0504848042,530434922294.0389,1.341491282124,25100244.17051251,46.0
2023-09-20,27133.4037235535,528868345382.3211,1.337531751739,26065716.14019558,47.0
2023-09-21,26571.5952919345,517940823891.0621,1.310046276386,24381114.451694295,47.0
2023-09-22,26581.1476116306,518148451376.85046,1.310529519075,22706065.06682296,43.0
2023-09-23,26575.776386616,518069661036.8464,1.310250960634,27666483.922672935,47.0
2023-09-24,26286.6410488019,512457226998.516,1.296058458113,25269067.88255642,44.0
2023-09-25,26288.8095005845,512523325127.045,1.296187807462,24661550.73070846,47.0
2023-09-26,26194.5378880772,510707682977.89667,1.291644411828,23061586.50874123,46.0
2023-09-27,26336.0825973115,513493183428.7344,1.298711354638,26698372.824476056,44.0
2023-09-28,27033.4254415546,527114436863.46533,1.332826815107,25747626.191917732,46.0
2023-09-29,26911.2514739918,524756938047.95734,1.326653306014,25946534.412971754,48.0
2023-09-30,26977.6933126826,526075791386.05505,1.329742814001,23854988.05610223,47.0
2023-10-01,27950.1453594389,545063625648.5012,1.377331393995,24442856.9810465,48.0
2023-10-02,27565.8892954413,537597189376.07947,1.35843524556,28329529.39362417,50.0
2023-10-03,27439.1422393337,535153460226.5144,1.351957092666,28995037.486792862,50.0
2023-10-04,27797.251176505,542160520527.8175,1.369035570095,23240602.983478393,49.0
2023-10-05,27426.3450926359,534950498590.6463,1.350981968888,25110031.20892198,48.0
2023-10-06,27941.9633760959,545035568358.9752,1.37581058469,28870637.172927104,50.0
2023-10-07,27972.7515704266,545666018320.83685,1.376921632645,31014954.909119453,49.0
2023-10-08,27936.3261157218,544981306054.7192,1.375035048808,27314613.070051916,50.0
2023-10-09,27591.3467618352,538278357094.6784,1.357643501831,27541014.339650355,50.0
2023-10-10,27419.7971803039,534959366481.3849,1.349224905545,28707330.94272675,50.0
2023-10-11,26828.1725710111,523443617438.48944,1.320267435058,27666095.64227482,47.0
2023-10-12,26741.3405990649,521777018609.8072,1.316151935393,28303571.441823736,45.0
2023-10-13,26842.4467703098,523772953760.5984,1.321220609655,24087147.492945295,44.0
2023-10-14,26861.9892375804,524178794761.6759,1.321559699731,25258288.02604316,47.0
2023-10-15,27130.3067092344,529442998597.0687,1.334644980263,28431414.424704663,45.0
2023-10-16,28506.7936741671,556330012853.7865,1.401484702482,25518086.84010881,47.0
2023-10-17,28433.2051522501,554922670009.3156,1.397569787083,30742974.361832604,52.0
2023-10-18,28328.0750195792,552896547827.5342,1.392147247637,26281695.00654422,50.0
2023-10-19,28690.358041204,559992553526.0752,1.410163206398,25797505.892024655,52.0
2023-10-20,29704.9853673291,579821427846.1895,1.458847579295,26023036.304821745,53.0
2023-10-21,29922.5464044418,584096126027.6635,1.469157536053,28815660.222291574,63.0
2023-10-22,29984.1593196961,585327499000.0365,1.471860430263,28981484.98366903,53.0
2023-10-23,32954.1690482174,643338061309.7109,1.613500605985,30814659.955034763,53.0
2023-10-24,33880.9566537113,661457680682.435,1.654397557736,28536795.17404676,66.0
2023-10-25,34488.6589210988,673352887607.2732,1.681601781377,32725349.07621698,72.0
2023-10-26,34181.4922521917,667387843568.6382,1.663662918099,33251001.232997146,71.0
2023-10-27,33896.938528346,661864606136.3345,1.648793504518,34005980.050704196,70.0
2023-10-28,34091.5890327294,665699403187.6077,1.65738945553,34772370.76564866,65.0
2023-10-29,34574.3377206312,675155541179.4105,1.679987904494,30266520.889385495,72.0
2023-10-30,34495.1050207481,673641945531.777,1.674700476949,35089903.5789379,68.0
2023-10-31,34636.4264736996,676435313127.4437,1.679986208289,33982514.00176837,66.0
2023-11-01,35431.9794532437,692005135084.2311,1.715331297044,32922837.157770928,66.0
2023-11-02,34882.9173366452,681313058707.277,1.687432786238,33351243.132835437,72.0
2023-11-03,34708.2218804792,677930509621.0774,1.677473281454,30526523.557337712,65.0
2023-11-04,35091.0763062537,685445372905.6,1.695198047921,40679663.2595844,68.0
2023-11-05,35105.0420265926,685753933111.1659,1.69531363252,38240754.28128319,70.0
2023-11-06,35017.7151484512,684075855228.6017,1.690062847822,30426194.06464776,74.0
2023-11-07,35418.4768901227,691934232277.7666,1.707693280842,32192116.297135763,68.0
2023-11-08,35797.8946090006,699379861493.9697,1.724477503,37138019.602830954,66.0
2023-11-09,36675.3264333723,716554937246.1757,1.762200964364,42386514.038143665,69.0
2023-11-10,37367.4943722969,730114337393.7738,1.792853668717,41589897.60578385,70.0
2023-11-11,36979.9312405026,722578816039.1404,1.773581111946,42293293.39069208,70.0
2023-11-12,37053.3410514319,724050510722.7842,1.776498366314,44174930.492356926,73.0
2023-11-13,36543.2680870836,714110932281.1439,1.751221714879,31884004.88571462,72.0
2023-11-14,35590.6835645821,695526681621.9908,1.705402061503,34961118.48011874,69.0
2023-11-15,37840.5534894798,739529498353.9537,1.810152914492,38830543.630601875,60.0
2023-11-16,36160.4044509059,706727280727.5068,1.729237075753,45968659.957687706,70.0
2023-11-17,36569.7120534775,714761166975.2008,1.747806543208,43669781.8707609,63.0
2023-11-18,36577.4249617183,714945979789.7671,1.74769689693,46206459.47486679,69.0
2023-11-19,37442.7285119813,731899071791.294,1.78814575059,46808749.511597805,66.0
2023-11-20,37516.0503708358,733371228930.5375,1.789732455017,45344546.355345115,69.0
2023-11-21,36035.0330862069,704454241190.6842,1.717720966087,41691019.301160336,71.0
2023-11-22,37403.0347168323,731230704479.3485,1.780655097435,38112934.25756094,62.0
2023-11-23,37311.7192156634,729479763214.5287,1.775570834214,42565103.66364608,66.0
2023-11-24,37718.7841630625,737477876623.1957,1.793664605571,43175803.346235916,66.0
2023-11-25,37800.1260932203,739105838366.7302,1.796938311512,41000040.53691879,73.0
2023-11-26,37482.7055260082,732933517212.2942,1.781247130023,37350394.614752516,73.0
2023-11-27,37229.2452197545,728007625505.0597,1.768699884325,33990153.118594855,66.0
2023-11-28,37828.4655911748,739759969555.1896,1.795694998493,37326757.10887134,68.0
2023-11-29,37846.8531227352,740151719383.5668,1.794443185541,34687799.69065694,72.0
2023-11-30,37712.7114789597,737559963657.6083,1.787790724759,34288709.36377425,74.0
2023-12-01,38703.5536820573,756979072757.1498,1.831958430263,44330443.88131468,71.0
2023-12-02,39462.2799272355,771849857306.7882,1.866562636124,33852262.01674702,74.0
2023-12-03,39978.2226104617,781982500933.8688,1.88957149278,46347878.82500001,73.0
2023-12-04,41910.2994815897,819814934315.0968,1.974157660867,46775809.09590795,74.0
2023-12-05,44067.0054763296,862040657424.9015,2.070210110876,46391610.444179684,75.0
2023-12-06,43745.8343907072,855795078786.4973,2.049004981703,50935074.8445154,72.0
2023-12-07,43282.6182261835,846764339890.7688,2.024192806038,38956627.59378403,72.0
2023-12-08,44205.0522089421,864847778236.8765,2.063554127808,43486639.64278974,72.0
2023-12-09,43740.0063927528,855792329926.9049,2.040603828859,49983455.1733174,73.0
2023-12-10,43732.7120900059,855687879830.6742,2.039126541822,44686549.54716012,74.0
2023-12-11,41209.8947904734,806366344749.7966,1.920421604102,47227552.40644524,74.0
2023-12-12,41467.2735698422,811439872900.6285,1.928403638971,42108188.76068561,67.0
2023-12-13,42939.0607583285,840280084906.0906,1.994507456072,47685314.57453177,65.0
2023-12-14,43033.1371560491,842160345950.7255,1.997076014934,53487706.78018544,72.0
2023-12-15,41978.0970195792,821555930265.7354,1.945584187067,61874809.91705933,70.0
2023-12-16,42203.2140450029,826001802531.8429,1.954587603816,63958242.19172744,67.0
2023-12-17,41428.6657855056,810881174245.3148,1.918432937883,64128658.064254284,73.0
2023-12-18,42635.7331911163,834551810875.268,1.970997560336,59706278.14765298,65.0
2023-12-19,42271.863025716,827472216777.7076,1.952266717846,62467181.336199895,73.0
2023-12-20,43605.1555549386,853610950918.3718,2.010355157868,57630882.3453147,74.0
2023-12-21,43870.2382340736,858840219309.1272,2.02055347695,59081092.58587713,70.0
2023-12-22,44009.5016551724,861612765680.0215,2.024349186253,60254531.70180586,74.0
2023-12-23,43768.8067518995,856944238425.8184,2.012046953684,53244333.618783,70.0
2023-12-24,43097.8093258329,843852920767.2596,1.978993772604,56344289.0489318,71.0
2023-12-25,43623.7504029807,854188718516.3186,2.002168071468,45016232.312319785,73.0
2023-12-26,42491.1229079486,832047859801.0199,1.947666354666,44429205.61532214,71.0
2023-12-27,43436.9594269433,850603955311.5321,1.98454282113,46783050.714829125,73.0
2023-12-28,42670.6797180012,835630557952.1046,1.948191066046,42422981.18148732,73.0
2023-12-29,41998.6033442431,822508753451.7498,1.915289168243,49093691.46371118,65.0
2023-12-30,42204.4917744009,826579160024.2511,1.923525954915,49356320.35824165,68.0
2023-12-31,42217.1587913501,826868406538.1709,1.923147103068,56442917.34532426,67.0
2024-01-01,44049.4735534775,862798932438.5515,2.005011405976,50875146.64536134,65.0
2024-01-02,44941.160493571,880301238448.1906,2.041843744783,43517765.64175245,71.0
2024-01-03,42773.6515423729,837886611759.9718,1.941607815328,49942736.51560193,70.0
2024-01-04,44250.7452670953,866868194472.4562,1.991280476371,51742209.323741384,68.0
2024-01-05,44146.3222022209,864860632050.2275,1.983754393826,42917989.38384478,72.0
2024-01-06,43917.9798147282,860425656118.4233,1.972626827535,42219253.582897715,70.0
2024-01-07,43844.195949737,859012443610.0101,1.968589392178,35888603.51598232,71.0
2024-01-08,46981.3242995324,920512392403.762,2.105199604079,40680377.09676569,71.0
2024-01-09,46084.005795149,902974871223.5372,2.061111820714,49538486.491604716,76.0
2024-01-10,46818.1592764465,917398869581.0612,2.090437479903,41930208.961562425,73.0
2024-01-11,46380.8708082992,908880379024.5656,2.06755309096,55090803.641925655,76.0
2024-01-12,42817.4305356517,839096097616.4066,1.910157143573,53989678.34155952,71.0
2024-01-13,42846.9544699006,839717259324.3887,1.911017344621,48673245.39783318,64.0
2024-01-14,41888.1513068381,820960086253.5798,1.868072683047,43605321.901035935,60.0
2024-01-15,42528.9192489772,833548710417.6099,1.895817002527,35351902.51078625,52.0
2024-01-16,43171.4472241379,846175712864.9702,1.915131498731,38834220.32375118,64.0
2024-01-17,42689.304327294,836757824473.3639,1.892920670298,36774948.19774859,60.0
2024-01-18,41261.9076177674,808815882007.2329,1.826405496575,42582217.75309462,63.0
2024-01-19,41606.8535330216,815611837232.0771,1.840326498572,38173782.20108948,51.0
2024-01-20,41668.6904102864,816861256061.064,1.842828285649,40838677.04548536,52.0
2024-01-21,41537.1123562244,814318181968.0931,1.836787376079,40129996.80070496,56.0
2024-01-22,39577.0998603156,775932511818.8115,1.750703117876,44483822.24441322,55.0
2024-01-23,39737.3143617767,779111859291.3501,1.75685238167,41501393.373973474,50.0
2024-01-24,40101.8568980129,786296878249.5127,1.769398537471,39896278.22309834,48.0
2024-01-25,39917.6611461134,782730418148.3042,1.759912897525,48344552.33062511,52.0
2024-01-26,41860.7310458796,820871113388.8333,1.843658004535,41750111.50718081,49.0
2024-01-27,42125.3014155465,826104247111.5658,1.854538165179,47675471.29990798,55.0
2024-01-28,41983.0202744009,823356005467.9299,1.847823938144,45107620.53080758,54.0
2024-01-29,43218.3470821157,847624931690.9917,1.900281404617,43764851.71744079,55.0
2024-01-30,42950.0541277031,842401659509.7396,1.884454643724,41887695.838599674,61.0
2024-01-31,42589.4708059614,835364222162.0884,1.865776569305,37948047.32824909,60.0
2024-02-01,43020.3596548802,843856959361.5793,1.883692689819,43048043.6250182,63.0
2024-02-02,43155.3852030976,846556232629.2255,1.888479126867,53422971.55081713,63.0
2024-02-03,42982.3789979544,843203026562.8829,1.880647419447,48887964.89018517,60.0
2024-02-04,42576.2913050847,835277882869.2004,1.862423695961,45783886.783488914,60.0
2024-02-05,42619.2742738165,836162692896.9808,1.863325630825,45076244.44078093,60.0
2024-02-06,43102.7062632963,845693113581.4182,1.881777313878,47917909.033910885,64.0
2024-02-07,44253.0314731151,868307228059.1835,1.929905898886,47540598.549763575,62.0
2024-02-08,45332.09157218,889519016233.136,1.974244701407,42786545.164145045,66.0
2024-02-09,47176.9665137347,925768615916.4115,2.050894304805,51030599.762858436,72.0
2024-02-10,47792.8972156634,937900623195.3085,2.075743628106,46943037.64336504,74.0
2024-02-11,48200.7986057861,945946661324.0156,2.091679256465,48789312.40784685,71.0
2024-02-12,49989.80371654,981112034988.7357,2.163451148703,57764470.8403383,70.0
2024-02-13,49628.0941528346,974054908900.8115,2.144571750971,44242861.69005214,79.0
2024-02-14,51844.2929193454,1017597474063.2532,2.227481564237,47673442.25853746,74.0
2024-02-15,51939.1472919345,1019510236754.0828,2.227672856945,53715187.405378364,72.0
2024-02-16,52157.3123977206,1023836267564.0166,2.233361065632,47283903.32749274,72.0
2024-02-17,51674.8158521333,1014413414440.1022,2.211108586549,49886963.26454996,76.0
2024-02-18,52148.0645365283,1023743059920.6989,2.229209056718,41074931.24964146,72.0
2024-02-19,51804.8051537113,1017048408416.95,2.207720044105,45808218.64349052,75.0
2024-02-20,52308.0531712449,1026974429999.0883,2.226411177484,47322899.81340297,72.0
2024-02-21,51744.321808007,1015951209301.8634,2.199223255693,46674931.29171306,78.0
2024-02-22,51292.3252574518,1007119959019.4268,2.176256754311,45627275.608025245,74.0
2024-02-23,50789.1431759205,997290498112.2657,2.151044247173,53016307.2479841,76.0
2024-02-24,51578.2349164231,1012829187887.0153,2.182874558495,45831218.69224145,72.0
2024-02-25,51746.4789669784,1016185995310.12,2.188723304731,54200240.79129108,74.0
2024-02-26,54551.8259184687,1071322129159.3308,2.30035580813,46477960.251152866,72.0
2024-02-27,57049.888220339,1120426601291.386,2.39296751458,48126498.31303941,79.0
2024-02-28,62460.740619813,1226750759834.859,2.578804516452,59287809.13205337,82.0
2024-02-29,61394.7818515488,1205865991757.463,2.523625575021,56281732.801982574,80.0
2024-03-01,62524.401817066,1228113241125.587,2.552193764104,63104927.27289995,80.0
2024-03-02,62049.6145637054,1218836653884.7495,2.530515094253,51776059.72787791,80.0
2024-03-03,62991.4422913501,1237397939322.0188,2.564912446775,63058947.8407899,83.0
2024-03-04,68091.8388243717,1337644545844.4673,2.751198902437,58085233.07854189,82.0
2024-03-05,63950.524329924,1256356364718.29,2.565781926711,75940656.31789975,90.0
2024-03-06,66103.7215400351,1298715391395.494,2.612226371577,61907827.1921857,75.0
2024-03-07,67070.3791484512,1317782410417.2563,2.630694305772,78496285.61822377,82.0
2024-03-08,68343.7149552893,1342866381837.3845,2.663773784415,68298914.49705783,81.0
2024-03-09,68502.5053392753,1346056196239.3835,2.664446669894,74825227.26763998,84.0
2024-03-10,68882.2513395675,1353579668685.426,2.673324643842,64382576.39751776,79.0
2024-03-11,72198.0875341905,1418814650993.1611,2.776042557045,78889620.04037066,82.0
2024-03-12,71432.7283018702,1403836996419.445,2.732831670246,65796920.769616775,81.0
2024-03-13,73081.5759053185,1436314177938.6284,2.746836537171,75123785.8016119,81.0
2024-03-14,71505.2729076563,1405397203963.9863,2.676637138189,65996346.708157614,88.0
2024-03-15,69424.9141753361,1364563991872.797,2.593181988006,57055498.61769609,83.0
2024-03-16,65433.6819006429,1286174217035.593,2.443363523614,64039828.152366556,81.0
2024-03-17,68285.0891691993,1342284214005.9248,2.541969044316,63714127.09892728,79.0
2024-03-18,67770.8865245471,1332237494666.7705,2.51875351754,64782009.90499135,77.0
2024-03-19,61969.3075394506,1218251084304.752,2.30649799611,66335356.25590292,79.0
2024-03-20,67848.1076396844,1333885263897.7363,2.517432122856,61496810.484660126,74.0
2024-03-21,65454.7357232612,1286880964052.164,2.425056482588,52650436.9853116,78.0
2024-03-22,63486.4849997078,1248237492815.0354,2.347242779085,57763066.570042595,75.0
2024-03-23,64361.2429047341,1265499269578.2336,2.355130916016,67132158.05324538,73.0
2024-03-24,67289.5658310929,1323148747346.792,2.459089042138,70611540.39952184,74.0
2024-03-25,70042.0204237288,1377329438014.7817,2.531973278125,59244349.82163497,75.0
2024-03-26,70071.0472144945,1377958914921.447,2.529858023857,61065374.79673613,81.0
2024-03-27,69267.8879815897,1362223531385.005,2.497305617703,61355577.38783222,83.0
2024-03-28,70826.8968714202,1392950313815.1062,2.542320039061,69026805.74765356,80.0
2024-03-29,69917.0430070134,1375119172323.9653,2.50681430136,65030139.07199751,79.0
2024-03-30,69663.0119073641,1370190408232.7249,2.495980095994,69911455.80526887,75.0
2024-03-31,71227.4517939801,1401022109461.656,2.54947270434,63236811.094294675,75.0
2024-04-01,69791.6277305669,1372845320592.963,2.483865174687,67281578.10449564,79.0
2024-04-02,65533.7548351841,1289150894904.9507,2.325824861038,63780735.35077506,79.0
2024-04-03,66130.2162393337,1300942909083.0212,2.343574739079,60472741.77505365,71.0
2024-04-04,68438.135024547,1346404337707.1921,2.422340254314,60862190.09987233,70.0
2024-04-05,67904.9094766219,1335976840644.8728,2.401839662162,63802894.67461135,79.0
2024-04-06,69136.0710783168,1360265973337.5532,2.442327543695,67120728.4404542,75.0
2024-04-07,69392.6830108124,1365388593961.6086,2.449775072637,75192006.26475267,78.0
2024-04-08,71712.7972840444,1411110586059.4548,2.52594267686,72584586.6894471,76.0
2024-04-09,69074.5418638223,1359260007106.1987,2.431151797828,67373619.40642908,80.0
2024-04-10,70579.4456767972,1388940357095.897,2.480887886464,71054532.68350925,78.0
2024-04-11,70046.5536057861,1378511306220.9265,2.459930871341,65559919.89630068,76.0
2024-04-12,67098.113691993,1320543247051.6003,2.355699837214,70825577.10394244,79.0
2024-04-13,64551.6482875512,1270492985833.1172,2.266724603585,76211932.38547996,72.0
2024-04-14,65648.8099602572,1292151526364.2095,2.303797513539,67955125.97572012,72.0
2024-04-15,63393.325166277,1247813165529.8499,2.224653591762,70442667.80740799,74.0
2024-04-16,63784.8203340152,1255585004528.3425,2.235583060627,71877767.00329177,65.0
2024-04-17,61324.2184286967,1207201304926.8154,2.150115532828,61150117.08218653,67.0
2024-04-18,63510.14500263,1250290039869.588,2.223657090198,65075293.924565785,57.0
2024-04-19,63762.6310300994,1255319975339.04,2.229521797353,71037817.02949977,66.0
2024-04-20,64907.9928366452,1277895532215.4429,2.268874228093,107755899.72006707,66.0
2024-04-21,64968.192619813,1279109157045.1768,2.270178573833,50811252.45242319,72.0
2024-04-22,66944.5960911748,1318052855171.249,2.336371416788,48173660.1556612,73.0
2024-04-23,66385.3002919345,1307075893683.7517,2.315430605828,65639395.803807706,71.0
2024-04-24,64189.9679064874,1263882566632.7507,2.229186378145,48915600.66247102,72.0
2024-04-25,64515.3874725307,1270318817448.1624,2.239412644798,36409098.09254012,72.0
2024-04-26,63777.4715002922,1255815635501.8833,2.213395882136,32499040.936198883,70.0
2024-04-27,63429.3099649328,1248987882000.5325,2.200293292653,31619688.840946402,67.0
2024-04-28,62978.5770049678,1240140042894.858,2.182739504636,31312027.141232885,65.0
2024-04-29,63908.3888766803,1258475557385.6252,2.213049963714,29423593.585137557,67.0
2024-04-30,60636.3261633548,1194069248252.2043,2.099491659604,30170492.23089294,67.0
2024-05-01,58141.7772799532,1144969805261.1355,2.01516295818,26377886.0344961,54.0
2024-05-02,59170.1088936295,1165247264400.3933,2.050901531028,28934123.907706067,43.0
2024-05-03,62983.6554783752,1240373492062.4695,2.180678249434,26547169.042081006,48.0
2024-05-04,63881.1305429573,1258076134304.8257,2.210725676775,30920333.825437855,67.0
2024-05-05,64067.5959918177,1261776217571.7017,2.216655067084,35681540.38259586,69.0
2024-05-06,63228.1031341321,1245266971187.337,2.186202853853,27451699.523492247,71.0
2024-05-07,62396.999720339,1228922316589.07,2.157205469069,26542339.523751885,68.0
2024-05-08,61079.27442782,1202993674653.4016,2.110540935051,26652066.044506725,64.0
2024-05-09,62998.4903381064,1240822352263.6616,2.175223560734,29938747.98728028,55.0
2024-05-10,60896.6418880772,1199451802640.4268,2.102988744981,30606208.36564269,66.0
2024-05-11,60843.5729240211,1198436760485.3406,2.100448702876,32554247.885671068,53.0
2024-05-12,61431.2746879018,1210038071267.0505,2.119745795365,27399423.294996757,56.0
2024-05-13,62886.9394491526,1238739810860.9,2.168233271084,30355615.83455146,57.0
2024-05-14,61555.5670046756,1212540748352.6196,2.121406641577,27735381.41456481,66.0
2024-05-15,66281.5322542373,1305663490423.4849,2.275705533512,29511955.524139453,64.0
2024-05-16,65269.2603246639,1285751959588.0232,2.238813737175,30728214.692413032,70.0
2024-05-17,66956.4409476914,1319020493592.986,2.293532882786,35324406.77125815,74.0
2024-05-18,66977.6006914085,1319464124823.7952,2.293351817746,28438160.460786633,73.0
2024-05-19,66259.4704260666,1305348788162.1487,2.267741433359,34160984.651538335,72.0
2024-05-20,71202.2025902981,1402758099414.36,2.430732575262,34153349.86327814,70.0
2024-05-21,70217.2546914085,1383383873548.006,2.392177115696,32892686.805258278,76.0
2024-05-22,69074.9141350088,1360911099802.7354,2.350508549105,38917719.969275184,76.0
2024-05-23,67758.7306586791,1335015492496.5051,2.30342600975,39242392.129105315,76.0
2024-05-24,68608.998279661,1351802183524.9346,2.329942400919,36019989.098269254,74.0
2024-05-25,69282.7925976037,1365112585433.804,2.351755247843,35951527.47094528,76.0
2024-05-26,68445.0069532437,1348641220725.702,2.321857258415,38481434.68217408,75.0
2024-05-27,69347.815260374,1366456821776.78,2.349289009693,28585797.2530652,74.0
2024-05-28,68342.8204488603,1346682624470.3232,2.276025405912,29815772.688825298,72.0
2024-05-29,67584.2632402104,1331764329620.136,2.249666771523,32226288.58526037,72.0
2024-05-30,68375.4760260082,1347381651646.683,2.274593932765,28767073.21231229,73.0
2024-05-31,67377.7626122151,1327752245108.245,2.240434640049,36161250.32432566,73.0
2024-06-01,67714.3526399766,1334414955080.0835,2.250811711614,32832191.95954163,72.0
2024-06-02,67805.4855742256,1336240533927.6711,2.252890611825,32078183.185947884,73.0
2024-06-03,68833.3028351841,1356529467104.4695,2.282844084426,36823366.331727035,73.0
2024-06-04,70554.0894330801,1390471342294.432,2.336035028633,32048553.89609153,73.0
2024-06-05,71087.4433158971,1401009939445.891,2.350051564625,31319807.03715118,75.0
2024-06-06,70788.5013755114,1395147734909.9626,2.333807126267,34202196.12308967,78.0
2024-06-07,69338.1573240795,1366594140735.1128,2.283767499815,53491882.961922884,77.0
2024-06-08,69310.1092618352,1366078592262.9685,2.281753656488,48119315.7163209,72.0
2024-06-09,69644.0190894214,1372693139520.2039,2.291783692164,38340669.02081185,75.0
2024-06-10,69465.9362478083,1369213276623.9949,2.284430208974,34813178.82369563,72.0
2024-06-11,67368.263506429,1327892843551.052,2.210797104332,28949556.468733203,74.0
2024-06-12,68213.8346838106,1344590981955.8423,2.236528862009,34256016.743545815,72.0
2024-06-13,66783.4902767388,1316427135683.067,2.189193919128,34852983.52192254,70.0
2024-06-14,65982.1865195792,1300658337179.108,2.162288948988,30591674.79776996,74.0
2024-06-15,66204.904308007,1305076332518.8728,2.168574282271,31162127.595971256,74.0
2024-06-16,66622.5999336645,1313344170121.058,2.181700780897,36292992.32953328,71.0
2024-06-17,66483.8785260082,1310638614936.662,2.17600767278,31186107.538808763,71.0
2024-06-18,65112.1230020456,1283627261670.329,2.131170120016,33485505.869520124,74.0
2024-06-19,64878.7141525424,1279053591186.5366,2.122527340691,30061986.735367663,64.0
2024-06-20,64897.7011542957,1279454884177.93,2.122824344632,30201406.01449225,60.0
2024-06-21,64086.0489228521,1263481239279.2856,2.094841851078,29925254.56328548,63.0
2024-06-22,64258.135506429,1266904515441.6245,2.094393635978,32753923.28446876,53.0
2024-06-23,63345.0218760959,1248923864108.922,2.064629768046,23464996.032867584,55.0
2024-06-24,60258.9554374635,1188106947758.8867,1.965852605759,31298137.189054944,51.0
2024-06-25,61739.6658477498,1217325575193.919,2.013824808421,25133580.118261546,30.0
2024-06-26,60794.4760584454,1198712185856.7195,1.983142815892,24985793.043253995,46.0
2024-06-27,61569.9234275278,1214027045201.079,2.00449611147,26857887.760584537,40.0
2024-06-28,60303.3147364115,1189077674566.551,1.963323618484,27387262.889348183,47.0
2024-06-29,60889.3298430742,1200662758639.697,1.982090071071,30942499.76544558,30.0
2024-06-30,62763.2796861485,1237638479045.0432,2.04224535277,24120051.873250388,47.0
2024-07-01,62835.3997647575,1239088312485.8093,2.04314593286,29429485.801967986,53.0
2024-07-02,62028.6170385739,1223207576249.1216,2.017079157971,30046122.863910675,51.0
2024-07-03,60216.3920859147,1187497690834.3545,1.956495892684,29705029.940610602,50.0
2024-07-04,57418.2420213326,1132341877598.4685,1.867131113244,26605753.728588175,44.0
2024-07-05,56720.9881256575,1118612820894.606,1.84216706331,22301675.55097078,29.0
2024-07-06,58259.221773232,1148978860522.4868,1.891715119434,31130289.064456522,26.0
2024-07-07,56112.5725587376,1106667719773.1875,1.82212870475,26070247.73877693,29.0
2024-07-08,56691.9149061952,1118121839034.7312,1.84231499501,28821766.3890455,28.0
2024-07-09,57981.4320967271,1143582599028.2349,1.882826099963,28449925.860777948,27.0
2024-07-10,57722.0113527177,1138490509268.5652,1.873671456415,25685789.998779457,28.0
2024-07-11,57307.712738457,1130344087896.4204,1.860391707754,26146374.020168208,29.0
2024-07-12,57859.1202819988,1141247236802.8015,1.877696697499,28054420.058989383,25.0
2024-07-13,59329.0372016365,1170269292685.8416,1.924461076714,30099376.59774986,25.0
2024-07-14,61015.0339412624,1203557535228.1936,1.978252221421,32595709.496098205,33.0
2024-07-15,64734.7611697837,1276962300259.14,2.094337235781,30910692.54422916,52.0
2024-07-16,65118.8266583869,1284568316160.6465,2.10249498714,30723152.21640699,65.0
2024-07-17,64201.3707805377,1266501997732.3315,2.0722141993,33282763.029105972,69.0
2024-07-18,63984.3022022209,1262245674295.565,2.063284607936,26595779.884649936,61.0
2024-07-19,66755.7833828171,1316950533921.2432,2.146794861585,31188257.506723937,60.0
2024-07-20,67185.4978112215,1325462534018.3325,2.159544550027,35576298.58516339,74.0
2024-07-21,68056.6201215663,1342684327868.0134,2.186185421436,36593236.63656708,74.0
2024-07-22,67535.1976738749,1332434998137.292,2.167482354881,40503193.649326466,70.0
2024-07-23,65916.4081616014,1300531918961.3372,2.109594621683,36418067.23043895,71.0
2024-07-24,65353.3857784921,1289452069316.2412,2.091076478928,30030873.28241354,69.0
2024-07-25,65722.0611917007,1296759680321.8955,2.101052278672,33681498.18421587,68.0
2024-07-26,67912.2433091759,1340008042854.506,2.167988897972,34769098.691780806,68.0
2024-07-27,68077.3730812391,1343299057385.0393,2.17149524018,33621812.77255944,72.0
2024-07-28,68170.6691309176,1345171498943.8967,2.173689504641,32416704.844024707,71.0
2024-07-29,66867.167277031,1319487462592.1409,2.130351323441,40280474.14703804,74.0
2024-07-30,66186.9146861484,1306095087232.0293,2.10753663783,31830629.065246847,67.0
2024-07-31,64690.6340385739,1276596836711.3477,2.060104597961,29878304.716119498,61.0
2024-08-01,65178.0554891876,1286244065719.2227,2.073446664875,29941720.637247816,52.0
2024-08-02,61506.7698877849,1213817797251.566,1.958129492294,25639623.020384252,57.0
2024-08-03,60688.2444272355,1197690043760.8433,1.931910948089,26794833.618947934,37.0
2024-08-04,58306.2644786675,1150707429146.879,1.85658107668,27703218.71189708,34.0
2024-08-05,54343.6276773816,1072529021264.8894,1.734614783702,26644591.438730378,26.0
2024-08-06,56047.4712866744,1106180699377.314,1.790105908673,24947450.301382836,17.0
2024-08-07,55129.7410376973,1088088938095.4432,1.76102665944,24061710.957340345,29.0
2024-08-08,61908.7896724138,1221911146638.464,1.974027468759,24746427.922946204,20.0
2024-08-09,60720.9407594974,1198490907345.185,1.934847151042,25226758.914557975,48.0
2024-08-10,60871.5550727645,1201488224323.9707,1.937094140148,24917672.54543788,40.0
2024-08-11,58836.1043722969,1161341917394.8513,1.872742222889,31274508.810764223,39.0
2024-08-12,59394.1629538282,1172382636726.98,1.890144044639,25788167.68871333,25.0
2024-08-13,60536.2457846289,1194954421029.1013,1.926417221684,28725350.5092765,31.0
2024-08-14,58840.6466797195,1161508436746.0671,1.87350048326,25374791.768216494,30.0
2024-08-15,57644.1876879018,1137919278895.1729,1.835793831991,30178079.4854486,29.0
2024-08-16,58927.2765087668,1163274113459.3052,1.876508258409,26519144.89827162,27.0
2024-08-17,59414.6743351841,1172923422382.6035,1.891903199321,28078460.501293756,25.0
2024-08-18,58793.2061458212,1160683488749.228,1.871999609436,29963139.508225396,31.0
2024-08-19,59411.5190169492,1172914231316.018,1.891279440638,24384186.539100166,28.0
2024-08-20,59123.3002662186,1167251872460.36,1.882426600371,28878023.561539512,30.0
2024-08-21,61133.0256493279,1206957302716.6252,1.945233846186,28080429.310788065,26.0
2024-08-22,60394.4737749854,1192406173923.517,1.921170694846,36484622.08943517,39.0
2024-08-23,64106.8029152543,1265733883467.168,2.035903975825,32232355.760426287,34.0
2024-08-24,64023.226703682,1264114353900.488,2.032046751517,31977631.277370874,56.0
2024-08-25,64498.0183413209,1273515741882.9749,2.046583028581,27138221.863811824,54.0
2024-08-26,62983.4427729398,1243636765954.651,1.998001382993,27674781.48507304,55.0
2024-08-27,59548.0076215663,1175828958505.758,1.891971799295,28461613.063088853,48.0
2024-08-28,59100.7747548217,1167027678458.6707,1.875827072948,30760746.125384457,30.0
2024-08-29,59339.7909947399,1171771866967.5942,1.883349152914,25532872.340284314,29.0
2024-08-30,59142.9399640561,1167910930786.7915,1.876982694923,26777389.05608681,34.0
2024-08-31,58959.926273232,1164323996819.61,1.87073697854,27970511.075326372,29.0
2024-09-01,57349.0807180012,1132538921721.956,1.820019010688,26315865.6573048,26.0
2024-09-02,59159.0238877849,1168312845795.648,1.877143284457,31261759.40518042,26.0
2024-09-03,57637.7754444769,1138297029175.8743,1.829729699885,27866937.66663015,26.0
2024-09-04,58033.3989704851,1146137641743.4744,1.841861370616,27898460.763741877,27.0
2024-09-05,56112.9529400935,1108236739981.0042,1.781930708989,28611563.22602556,29.0
2024-09-06,53838.9534623028,1063349406183.8052,1.710811543806,25917996.827483136,22.0
2024-09-07,54066.4399248977,1067869086202.0573,1.718206634267,27552792.156600785,23.0
2024-09-08,54859.2584082408,1083556715258.8136,1.743469313486,29124604.180054624,29.0
2024-09-09,57135.7814371712,1128547518526.8225,1.814072811646,26363933.229368545,26.0
2024-09-10,57664.4998214494,1139015466135.6826,1.830850569033,25238263.505764067,33.0
2024-09-11,57409.1950663355,1133991945926.9812,1.822802476165,19599003.467874914,37.0
2024-09-12,58124.6418065459,1148151626487.3196,1.844923692611,28445745.72975443,31.0
2024-09-13,60536.8814503215,1195824511492.5513,1.918166417135,23035281.81937533,32.0
2024-09-14,60007.1702507306,1185386846216.0225,1.901061522523,26924773.978994336,50.0
2024-09-15,59129.9197536528,1168085465734.0293,1.873189573393,28778640.08225594,51.0
2024-09-16,58227.46421654,1150280600030.6746,1.844209085413,23610937.617898855,39.0
2024-09-17,60238.2177255991,1190031170202.8845,1.906555569386,29847118.119728208,33.0
2024-09-18,61306.2337317358,1211156711137.1653,1.938486988135,26402877.29540046,45.0
2024-09-19,62994.6096528346,1244536027989.0344,1.989407371018,24968850.56564683,49.0
2024-09-20,63153.9518270018,1247712645343.231,1.991251479392,29297347.49947946,54.0
2024-09-21,63367.7296078317,1251962918584.1355,1.997224680189,27029898.398331784,54.0
2024-09-22,63571.9521729983,1256024783427.4387,2.00309504051,27131378.855479404,52.0
2024-09-23,63336.0126347165,1251392097859.85,1.993210662996,29543659.11037773,50.0
2024-09-24,64342.7891113384,1271313129462.337,2.02322807255,31290121.05365632,54.0
2024-09-25,63059.6269167154,1245988223233.761,1.980828516174,29194578.328504972,59.0
2024-09-26,65057.7861461134,1285496061106.9304,2.040909822528,27504637.734074116,50.0
2024-09-27,65767.7132542373,1299551877858.9436,2.061133588941,29299201.002719067,61.0
2024-09-28,65770.5276478667,1299634003244.5647,2.059734897491,27651721.876248162,64.0
2024-09-29,65617.7610689655,1296647099791.2417,2.054377793402,32394943.423457727,63.0
2024-09-30,63260.0425482174,1250084222714.1135,1.980655974681,27958492.500597544,61.0
2024-10-01,60858.2487086499,1202652137478.4417,1.906306811115,31840978.55680005,50.0
2024-10-02,60686.0993135593,1199279596723.505,1.901135632078,31329411.523052048,42.0
2024-10-03,60765.2367498539,1200873514750.2053,1.903667765594,30552648.02459745,37.0
2024-10-04,62052.5100496785,1226346035907.7808,1.942653036999,34187225.99461169,41.0
2024-10-05,62030.4538977206,1225939409986.7307,1.941600018448,30081843.746234596,49.0
2024-10-06,62789.8814555815,1240978188262.51,1.964736190677,30594592.733785067,50.0
2024-10-07,62416.508829924,1233629090802.9285,1.952455630153,32782462.893268794,50.0
2024-10-08,62126.3273769725,1227926230938.8872,1.926780183281,33702482.37648855,49.0
2024-10-09,60615.2581917008,1198084020487.346,1.880158282942,25530107.240756985,49.0
2024-10-10,60221.1172869667,1190322842678.6824,1.868650690361,30822864.724527977,39.0
2024-10-11,62462.539962595,1234653841758.9736,1.931911669891,29763151.703211993,32.0
2024-10-12,63202.8806992987,1249315889028.0068,1.953970337674,30990848.915371027,49.0
2024-10-13,62759.431113384,1240577394495.5432,1.939547429605,28664910.99483269,50.0
2024-10-14,66089.7587410871,1306437310355.3203,2.039522213226,29906256.018050965,48.0
2024-10-15,66933.974833723,1323158084525.4727,2.060181206339,33971085.75065951,65.0
2024-10-16,67662.9534038574,1337598426066.1377,2.079852586869,33194077.141254988,73.0
2024-10-17,67337.9075482174,1331205778724.287,2.067823405287,38062121.87630825,71.0
2024-10-18,68390.5375625365,1352044329417.828,2.097751626956,30684181.20402789,73.0
2024-10-19,68357.8982963179,1351436024579.4995,2.095293659588,38837709.34458331,72.0
2024-10-20,69012.3532089421,1364411911597.1309,2.110307256847,38382016.457399584,73.0
2024-10-21,67440.4625058445,1333370812454.5571,2.056928495458,37717977.99061954,72.0
2024-10-22,67425.7553211572,1333109112878.5735,2.0548573040083666,30775801.63184207,70.0
2024-10-23,66647.2866642315,1317749059876.3137,2.030149964645596,33044108.439061753,71.0
2024-10-24,68130.9948369374,1347116211228.2568,2.0735534317639304,34240642.70925134,69.0
2024-10-25,66261.5376861485,1310184157590.396,2.015882390039284,34823376.2580687,72.0
2024-10-26,67023.3399611338,1325277793277.3464,2.038385405545456,31704049.381140314,
2024-10-27,68000.1475008767,1344626789947.3325,2.0672450714484363,36204165.491280206,74.0
2024-10-28,69862.5205470485,1381489809812.0127,2.12079659111609,36537186.23732615,72.0
2024-10-29,72678.7866201052,1437215455136.4832,2.199387577615285,36386425.459195286,72.0
2024-10-30,72450.2843819404,1432735109920.4976,2.1895048875101897,38851883.66008345,77.0
2024-10-31,70367.0819576271,1391573641948.6345,2.1253164193551783,40964324.2741171,77.0
2024-11-01,69483.5830303916,1374134861457.608,2.096717117505966,33910747.10887455,75.0
2024-11-02,69241.6794865576,1369381390768.1792,2.088469515716,32026078.597759437,72.0
2024-11-03,68742.7546227352,1359542591577.401,2.072996077959187,29094437.76393023,74.0
2024-11-04,67779.0969795441,1340516077446.8154,2.0421715913323313,32758541.06532931,70.0
2024-11-05,69538.0241729982,1375333854518.3318,2.0934035678438234,30868848.264778823,70.0
2024-11-06,75696.0366192285,1497164174352.868,2.265383861200003,36479752.335798346,70.0
2024-11-07,75972.2955546464,1502665235112.8457,2.268079148113374,37249666.19414604,77.0
2024-11-08,76507.4474012273,1513284018479.047,2.2784564278185018,34871500.82626299,75.0
2024-11-09,76799.2527469316,1519089160917.0645,2.285490807522989,34682488.73240887,75.0
2024-11-10,80409.2865666277,1590532816418.8228,2.386299165227104,38393587.929907665,78.0
2024-11-11,88859.998448568,1757729564966.6409,2.6147362044216913,36644575.45286638,76.0
2024-11-12,88048.7488877849,1741722501527.2258,2.574402718870185,43018236.75243755,80.0
2024-11-13,90369.3819693162,1787666712260.7617,2.6237625094988872,40470156.6648386,84.0
2024-11-14,87204.2569827586,1725089533526.0042,2.5169171310403327,37903153.606656246,88.0
2024-11-15,91139.0844427236,1802971685081.548,2.6166281818489865,46031461.68156306,80.0
2024-11-16,90567.6957568673,1791712543259.2979,2.5963251574245816,46321229.22102725,86.0
2024-11-17,89732.9704292811,1775241125510.354,2.570045957525609,43237003.20203371,90.0
2024-11-18,90587.6965534775,1792194846112.7312,2.586767436063493,45939880.53391854,83.0
2024-11-19,92254.1385800701,1825214331192.41,2.616096692148944,53066002.6667557,90.0
2024-11-20,94160.0406858562,1862965160745.666,2.6545840511759584,44849182.089420706,83.0
2024-11-21,98545.5688798948,1949777589238.2932,2.7357035205093947,45832910.82179196,82.0
2024-11-22,98938.3495450029,1957593180961.8809,2.7268624607806946,45870965.214776054,94.0
2024-11-23,97707.0484590883,1933272806307.216,2.682475835762373,44288731.70387781,93.0
2024-11-24,97980.2082819988,1938718690784.532,2.684190145202477,41610724.666828625,80.0
2024-11-25,93343.0290745178,1847012865185.4243,2.5509368688261986,52818949.67019584,82.0
2024-11-26,91875.5699593805,1818015620103.3584,2.504171774475637,42134965.081264235,79.0
2024-11-27,95989.0802273524,1899452843747.8716,2.606953545179931,40740155.28153788,75.0
2024-11-28,95737.9402822911,1894525715473.941,2.593738763868712,43708706.498148665,77.0
2024-11-29,97398.9417399182,1927431540403.9873,2.6309948422566616,38539203.27962367,78.0
2024-11-30,96463.6248980129,1908971954209.812,2.6035102735918114,51219912.1666137,84.0
2024-12-01,97469.6044529515,1928927963341.32,2.627590012401485,50454109.55479435,81.0
2024-12-02,95726.4417258913,1894468683534.5496,2.572610271286454,40042377.24841241,80.0
2024-12-03,96010.8774228521,1900144891598.9807,2.5714581344527,48404742.07075664,76.0
2024-12-04,98920.2528255406,1957769580344.108,2.637537468218781,46080118.04099268,78.0
2024-12-05,96949.6644117475,1918815845330.0728,2.5624396365200885,50444083.64163084,84.0
2024-12-06,99953.1056580947,1978302063761.216,2.619701356628037,43413843.2028743,72.0
2024-12-07,99977.7002282291,1978833208148.32,2.6172416537051104,46815725.79079835,75.0
2024-12-08,100798.98356429,1995134647453.3623,2.635830347444721,47090807.27574497,79.0
2024-12-09,97390.1988597311,1927714706540.8667,2.528321562198401,54361566.26139102,78.0
2024-12-10,96835.5017387493,1916781784711.18,2.5042559556430377,48841001.09533548,78.0
2024-12-11,101310.201899766,2005399870980.495,2.607825988676539,46348479.76256849,74.0
2024-12-12,100090.890479544,1981310308332.672,2.5725090268010704,48612048.372051,83.0
2024-12-13,101289.823976914,2005097135868.2256,2.5964143923269845,54813691.99291753,76.0
2024-12-14,101366.87166803,2006672700085.4917,2.5956011229498386,51636670.970229216,83.0
2024-12-15,104551.367141146,2069758175682.208,2.671579602981782,45484688.17443159,80.0
2024-12-16,105855.672229982,2095627894157.28,2.6904870242055368,49902125.28962492,83.0
2024-12-17,106115.910582992,2100824937855.9956,2.6825053486643022,46675781.88376012,87.0
2024-12-18,100469.770656926,1989090947935.3596,2.5337669288940026,48207435.457878195,81.0
2024-12-19,97697.045779661,1934241071545.3303,2.449250681750823,49035041.54318009,75.0
2024-12-20,97617.4422051432,1932711114045.7793,2.438923701718572,48792080.69288845,74.0
2024-12-21,97093.0190832846,1922372144875.56,2.4247953422211608,46576983.07753663,73.0
2024-12-22,95149.1058252484,1883930144105.8357,2.3683246829858304,48657903.29092301,73.0
2024-12-23,94800.7562060199,1877074081164.9585,2.3466031181287983,42142590.40323516,70.0
2024-12-24,98637.7330543542,1953087683978.236,2.432547289582645,40475096.03004776,73.0
2024-12-25,99235.3678869082,1964968046631.85,2.4457574461003446,48438682.85151064,73.0
2024-12-26,95628.3030902981,1893583393961.5796,2.3548963638187823,40408202.34206625,79.0
2024-12-27,94219.9821461134,1865743053845.5872,2.316536046291274,48511207.9152624,74.0
2024-12-28,95123.5811098773,1883678618362.4536,2.3373921900161463,43529291.78230904,72.0
2024-12-29,93457.5783202806,1850733848828.8896,2.2939806186069815,47490818.545648575,73.0
2024-12-30,92523.163085038,1832275661275.792,2.264447243535571,47081028.01040803,65.0
2024-12-31,93389.7326016949,1849474353083.6064,2.2808124449322915,38391995.23616546,64.0
2025-01-01,94455.7965718878,1870627825779.7744,2.3030404933089104,41677508.02058292,66.0
2025-01-02,96851.393682934,1918121414156.2888,2.3578841474857937,50856759.022372745,70.0
2025-01-03,98120.6846759205,1943302993109.42,2.3862905574570155,43774428.96439177,74.0
2025-01-04,98230.0478571011,1945514693256.9517,2.3875160097101222,46859345.575336605,73.0
2025-01-05,98414.8120964348,1949222053431.9248,2.3909658600988406,49028390.2707316,72.0
2025-01-06,102179.560366745,2023829824177.7495,2.477062799747396,42889059.58256392,76.0
2025-01-07,96974.9957857978,1920785694384.26,2.346702783421937,43399566.37768761,78.0
2025-01-08,95039.2809210988,1882482074934.7837,2.2986659046669535,38731743.14653424,70.0
2025-01-09,92346.1691589714,1829182366534.0864,2.233820238836667,45131715.5046244,69.0
2025-01-10,94759.1196358854,1877019861807.2344,2.290082536703305,43118492.83665689,50.0
2025-01-11,94606.5080099357,1874037679375.3152,2.285501707170164,41261535.49680089,69.0
2025-01-12,94353.7752586207,1869082071182.4756,2.278657758123868,51325373.58876659,62.0
2025-01-13,94375.7299102864,1869554727226.954,2.2779845089607442,38030872.878672,61.0
2025-01-14,96569.475726768,1913058643137.184,2.3280580564665416,48024069.39001907,63.0
2025-01-15,100172.405985096,1984476850035.5469,2.4095410827754344,43360626.4550287,70.0
2025-01-16,99977.7298234951,1980660186323.2664,2.3989108291075403,40561226.41225965,75.0
2025-01-17,104296.588034191,2066270034307.7468,2.495913169030756,49088495.97809198,75.0
2025-01-18,104398.156261251,2068324662803.7656,2.4946785705686336,42811968.75008991,77.0
2025-01-19,100954.572281999,2000148081999.3276,2.410672870086662,49783518.321237095,77.0
2025-01-20,102588.998699006,2032578651970.364,2.445056132753733,52231151.07326733,76.0
2025-01-21,105987.888705435,2099964341470.9812,2.5188589005093247,44179305.061924905,76.0
2025-01-22,103791.128861485,2056488045408.3835,2.459018475131256,49976591.427646,84.0
2025-01-23,104184.616743717,2064328780521.9456,2.455447281433525,45141421.668283015,75.0
2025-01-24,104716.12488194,2074905969601.072,2.4651832101972833,46593684.6521943,75.0
2025-01-25,104866.085348919,2077919319246.3328,2.4670204525538764,43120149.290072314,75.0
2025-01-26,102833.369273232,2037685117515.953,2.418361700134125,45984551.185417086,73.0
2025-01-27,101907.44629661,2019387256103.3848,2.3934124984483267,49678699.31219695,71.0
2025-01-28,101138.144066043,2004189620164.2607,2.373287118165897,48495894.35196659,72.0
2025-01-29,103918.795458796,2059342337478.6729,2.436318963363576,50806098.81323439,72.0
2025-01-30,104987.446410871,2080567196550.592,2.457756213004062,48159480.94685502,70.0
2025-01-31,102263.043670953,2026616849789.96,2.3926271926371023,41215377.12005181,76.0
2025-02-01,100610.290439801,1993920956096.3496,2.353296238999732,59813383.882176995,68.0
2025-02-02,97424.7809000584,1930841758541.5393,2.2785882985362735,53478549.88510187,60.0
2025-02-03,101582.408702221,2013289499842.96,2.371727104993572,46785079.346051134,44.0
2025-02-04,97848.1497592051,1939319258389.1665,2.280750094282139,41194953.77868615,72.0
2025-02-05,96559.3327562829,1913818765841.2043,2.246535583279113,44475327.26978206,54.0
2025-02-06,96541.3006811806,1913505112568.9353,2.243314171452448,44757606.39731677,49.0
2025-02-07,96384.1109836353,1910441627490.0967,2.2387599646519223,56217352.926798366,44.0
2025-02-08,96603.318157218,1914834861591.3328,2.2429885869544703,48611951.116211586,44.0
2025-02-09,96309.7532405026,1909058965339.104,2.232532160927027,43517930.313924514,46.0
2025-02-10,97375.2253535944,1930221128141.7024,2.2560105134383015,43320703.27320515,43.0
2025-02-11,95806.2580385739,1899157386552.5637,2.2178405166069126,38861640.370031185,47.0
2025-02-12,97756.4976548802,1937857410916.4807,2.261466528982128,40527088.43881252,46.0
2025-02-13,96534.7406332554,1913685805334.97,2.2326518009087044,48803029.99107258,50.0
2025-02-14,97414.3589821742,1931169458434.916,2.25166232416674,46640110.77105758,48.0
2025-02-15,97583.2431767972,1934566256851.844,2.254483790385446,49782602.46558018,50.0
2025-02-16,96182.2661706604,1906837582148.7031,2.221961475316798,46930841.28289941,54.0
2025-02-17,95790.5109985389,1899111947271.7964,2.212551004856131,41783251.277969725,51.0
2025-02-18,95444.031886616,1892284519009.4756,2.2037234329299973,42231628.83348872,47.0
2025-02-19,96647.9132977791,1916190866477.272,2.2304732158403096,38342134.3854138,44.0
2025-02-20,98392.2197247224,1950814347183.5208,2.269163375900631,40189160.098628856,49.0
2025-02-21,96048.9937247224,1904394119450.7417,2.2145337837142764,40005010.99108212,55.0
2025-02-22,96605.7091057861,1915474255560.6936,2.2259723481715947,42595344.10286018,49.0
2025-02-23,96091.6329774985,1905320016311.215,2.213616967746432,39879359.88534411,50.0
2025-02-24,91869.6543430742,1821643280725.7832,2.1164194813823665,40054809.07939585,49.0
2025-02-25,88769.7356265342,1760217123608.3984,2.045057192561317,42857483.777941674,25.0
2025-02-26,83987.89564173,1665439114292.4233,1.937156888282904,44000914.86033099,21.0
2025-02-27,84625.4191364699,1678120562077.0845,1.951252300853544,40758550.697296485,10.0
2025-02-28,84243.7779114553,1670593691979.4983,1.9428821960052791,40709492.42352019,16.0
2025-03-01,85844.3685628288,1702372786377.574,1.979772195615528,38951051.77210351,20.0
2025-03-02,94328.0094444769,1870648329293.3423,2.1723352788786894,35174001.36934307,26.0
2025-03-03,86315.9305511397,1711798740468.5623,1.9890487557357124,43308113.80620068,33.0
2025-03-04,87323.690650789,1731824260629.478,2.011926611190173,39178869.15203415,15.0
2025-03-05,90619.4090976038,1797223681143.754,2.085499742580572,38822717.06369649,20.0
2025-03-06,90222.0693275862,1789391307662.1536,2.074588033844596,49258687.207736224,25.0
2025-03-07,86553.5921937464,1716672116469.4514,1.990605455895191,39648582.37221587,34.0
2025-03-08,86171.2789362946,1709126347862.4343,1.9817025600012967,37395283.79197848,28.0
2025-03-09,80647.7964108709,1599613333429.7493,1.8553174468191107,42556646.31233789,27.0
2025-03-10,79005.9601291642,1567086259002.0354,1.8183074680565463,39454820.13211145,20.0
2025-03-11,82747.1601917008,1641328790899.5469,1.9029557814450992,35525727.06552882,24.0
2025-03-12,83630.1581101695,1658883454607.8372,1.921883426993698,40530980.77892335,34.0
2025-03-13,81110.2890490941,1608939764835.8203,1.864334615532672,42545126.21943221,45.0
2025-03-14,84105.8335517241,1668398039427.7195,1.932035459333313,37405446.53126042,27.0
2025-03-15,84352.8773018703,1673333414190.8909,1.9374873260847636,35272290.97760472,46.0
2025-03-16,82492.1028287551,1636458050090.93,1.894746119450727,41508726.75968703,30.0
2025-03-17,84013.947518118,1666684786731.2976,1.929602895545638,37039423.93963551,32.0
2025-03-18,82680.8065514319,1640274370270.4656,1.8989060236861497,37114004.517978825,34.0
2025-03-19,86774.23507218,1721523623549.8943,1.9911932421344407,40407764.34030447,32.0
2025-03-20,84124.9712878434,1669001917236.0315,1.9298268037808353,38405639.297976285,49.0
2025-03-21,84069.4081800117,1667937663818.345,1.9281651540140552,38614236.487858675,31.0
2025-03-22,83821.220305377,1663052904959.7424,1.9223588315764384,40336852.4258118,32.0
2025-03-23,85760.8814506137,1701578513423.3577,1.966380986053732,41846260.4654538,30.0
2025-03-24,87322.5718568089,1732605979469.871,2.0008793939408274,42587257.93296199,45.0
2025-03-25,87422.8426084161,1734636202172.6843,2.0026741040033817,42414375.954737216,46.0
2025-03-26,86836.6760955582,1723046786084.8425,1.9885114032158293,42937270.49430426,47.0
2025-03-27,87211.3240169492,1730521029666.2207,1.9967090941768977,40835198.15509742,40.0
2025-03-28,84309.0783550555,1672972784327.986,1.928282346209128,42144592.72836342,44.0
2025-03-29,82497.1792472238,1637055024373.4478,1.8872433668233977,37087849.85340748,26.0
2025-03-30,82216.4666765049,1631519827648.8333,1.8812161854306808,35801263.66273607,32.0
2025-03-31,82461.4496279953,1636419456087.1692,1.887088049301776,39119908.76634413,34.0
2025-04-01,85226.7137936879,1691331138973.1042,1.950076686214192,36330992.43618515,34.0
2025-04-02,82555.631296318,1638367660664.3127,1.8882773504046595,47226883.76620056,44.0
2025-04-03,82931.697399474,1645870317318.1455,1.8941542618128036,40851454.910893194,25.0
2025-04-04,83774.1797375804,1662637424311.7046,1.9126673444102584,47375745.47185206,28.0
2025-04-05,83302.1715756867,1653312332259.2837,1.9016833447333796,43634314.67975655,30.0
2025-04-06,77949.0884926943,1547104104705.474,1.780124063587888,37385270.598243356,34.0
2025-04-07,79421.8044105786,1576370002657.1194,1.8128169226747144,36726339.728355154,23.0
2025-04-08,76351.4295303916,1515465474440.1921,1.7439655745926916,38266546.404310316,24.0
2025-04-09,82720.6034891876,1641918231600.7288,1.887230963523962,33000042.95873312,18.0
2025-04-10,79558.9558252484,1579198604258.992,1.8147281216378452,37420617.70238005,39.0
2025-04-11,83359.8995157802,1654683660675.4377,1.9005276237422863,39052696.81422857,25.0
2025-04-12,85269.2495119813,1692622392211.0483,1.9432833469455524,38212138.6791121,43.0
2025-04-13,83568.9544360023,1658915898888.8325,1.9039218772421993,47355383.40737958,45.0
2025-04-14,84589.0324135009,1679204714073.2632,1.9262023235820704,39919630.5512658,31.0
2025-04-15,83671.3439713618,1661025030688.434,1.907137055165662,39338862.03654765,38.0
2025-04-16,84151.5357562829,1670596611909.0215,1.9172708051026968,39308538.08485719,29.0
2025-04-17,84940.5838538866,1686301597345.8896,1.9396573992306128,40902380.75468962,30.0
2025-04-18,84434.7727463472,1676295756003.2063,1.9277993169752448,36371220.00117252,33.0
2025-04-19,85124.721496201,1690030384115.3113,1.943457271715672,37461821.80553237,32.0
2025-04-20,85101.7461545879,1689606952070.2014,1.9426378432392224,32997150.701480925,37.0
2025-04-21,87360.7198933372,1734490932069.791,1.9927995689339313,34869989.28334006,39.0
2025-04-22,93495.6106890707,1856340531375.4473,2.1282639230663345,43977633.27289226,47.0
2025-04-23,93695.7404772063,1860347455519.507,2.1261098636422497,34345867.712945186,72.0
2025-04-24,93849.8817790766,1863449313964.0083,2.126194044694234,41813843.909226455,63.0
2025-04-25,94771.4128007014,1881789547566.0957,2.1396892285629945,43579177.177242085,60.0
2025-04-26,94694.5111014027,1880301938025.9343,2.1368454882429617,39716472.20651905,65.0
2025-04-27,93812.876534775,1862835334857.3276,2.1163030783471615,40230728.76315034,61.0
2025-04-28,95066.0211867329,1887760823772.7727,2.1414599497479094,42213546.56184839,54.0
2025-04-29,94102.8403024547,1868677522267.0776,2.1164915940420426,43904118.875818565,60.0
2025-04-30,94236.7325143191,1871375202601.8772,2.117664419217392,39639336.21697385,56.0
2025-05-01,96411.7422635885,1914607731457.7063,2.1635056908519745,40939035.12337938,53.0
2025-05-02,96842.1021057861,1923202218396.0427,2.1700257371132774,49317846.31045347,67.0
2025-05-03,95943.61135301,1905408123209.2988,2.1488276411481815,50395338.062251836,65.0
2025-05-04,94377.7899196376,1874352427037.668,2.1136160468529854,43157958.3121203,64.0
2025-05-05,94853.7298594389,1883856515330.3591,2.1198315170018898,52286092.94880676,52.0
2025-05-06,96677.9245029223,1920127894786.8728,2.1566030190508583,41318522.62404085,59.0
2025-05-07,97137.3757086499,1929298928069.2737,2.164177587122982,46395931.94800696,67.0
2025-05-08,103069.539295733,2047172109216.88,2.2908345636251917,50308941.74009139,65.0
2025-05-09,102940.802949445,2044660177958.4976,2.2831068959043845,47753844.10631721,73.0
2025-05-10,104582.821806254,2077323776439.7463,2.317993015404475,48896451.99410062,70.0
2025-05-11,103976.137798948,2065321653739.3252,2.30314847924649,49492536.75833079,70.0
2025-05-12,102920.074689071,2044391264704.0288,2.276547512358493,50187139.68053346,70.0
2025-05-13,104145.711825248,2068779473948.4773,2.2970209363653464,42585530.2522898,70.0
2025-05-14,103572.719642022,2057444005066.128,2.281735209781493,48033095.5708874,73.0
2025-05-15,103716.283947399,2060343191624.3508,2.2793299047250057,48115854.702472426,70.0
2025-05-16,103566.269191116,2057407136238.007,2.272925986368772,46100892.54743447,71.0
2025-05-17,103190.041364991,2049979253875.9912,2.263971398372875,46842170.668077596,74.0
2025-05-18,106015.689848919,2106167418322.2625,2.324070467635384,53324564.265465595,74.0
2025-05-19,105615.828960257,2098270093600.1555,2.3094629533855167,46633142.760079965,74.0
2025-05-20,106893.330247516,2123699654870.788,2.3328187609635207,50269349.19490288,71.0
2025-05-21,109704.855619521,2179606908108.4888,2.387132485847717,49846442.67697942,70.0
2025-05-22,111477.014787843,2214868273238.022,2.419114869272548,52851545.1129847,72.0
2025-05-23,107291.888969901,2131768550759.8008,2.325244185229265,54588322.40563351,78.0
2025-05-24,107917.328289304,2144242874092.1272,2.33752306327879,48275499.67356639,66.0
2025-05-25,108914.876558445,2164114864279.171,2.357588378582445,55807931.7439643,74.0
2025-05-26,109371.985172122,2173249806239.626,2.3615409622706878,52915104.91574241,73.0
2025-05-27,109066.345636762,2167224726480.992,2.3483230152239982,49485358.525541104,74.0
2025-05-28,107895.402399474,2144012560051.728,2.3195657659140596,56299149.74145468,71.0
2025-05-29,105732.957892168,2101094699806.1648,2.269515917375292,53953669.204095624,74.0
2025-05-30,103981.302957919,2066336686466.584,2.2301710388100866,51603272.39586039,60.0
2025-05-31,104708.964150205,2080849592954.8127,2.2453195179282552,52781971.99353161,50.0
2025-06-01,105750.15972443,2101584910256.2336,2.266824485425617,43808675.73054219,56.0
2025-06-02,105899.696926651,2104600694548.8584,2.2631740322455194,44023056.63066118,64.0
2025-06-03,105483.98555114,2096386510265.2192,2.249049850630191,48097470.03912732,64.0
2025-06-04,104782.844900351,2082493313911.7288,2.2306295386760513,41910547.6862086,62.0
2025-06-05,101669.190496785,2020653959614.7,2.164421975716304,44003996.223430805,57.0
2025-06-06,104421.051549094,2075390350486.3376,2.221377259248508,43897190.94928961,45.0
2025-06-07,105685.250402104,2100563796500.3064,2.246857184421021,47398989.35463319,52.0
2025-06-08,105727.739632379,2101458848887.0884,2.2465926766265145,50908063.18071988,62.0
2025-06-09,110198.15871391,2190361714625.06,2.3383291419548384,47302374.792630896,62.0
2025-06-10,110074.119081824,2187954364717.5596,2.331994320703792,58400130.58904057,71.0
2025-06-11,108645.785558153,2159611107259.7517,2.299464902547621,48716612.982634395,72.0
2025-06-12,105998.985830801,2107048260324.6492,2.2419620475504862,50245393.68482558,71.0
2025-06-13,106024.822087376,2107609876004.3635,2.2394272436628913,48859546.300097495,61.0
2025-06-14,105467.108742256,2096573162440.2551,2.227143824699812,50643856.22323849,63.0
2025-06-15,105512.797437756,2097526247642.7568,2.227219971359887,45795101.48493961,60.0
2025-06-16,107243.933345997,2131989041082.9204,2.2587719122318566,49380099.58294062,61.0
2025-06-17,104628.396527469,2080031247224.1309,2.203207202646305,39628952.11119688,68.0
2025-06-18,104813.367028638,2083754349621.352,2.20581725377894,47261638.10736218,52.0
2025-06-19,104709.720767095,2081735354703.7273,2.202308074044105,42106155.08953161,57.0
2025-06-20,103274.958839567,2053259566502.6687,2.1712340906871987,50034488.67835489,54.0
2025-06-21,101548.196381648,2018973708893.9512,2.1341088047568837,46573282.15737069,49.0
2025-06-22,100899.234151958,2006104828133.744,2.119915228385861,34173347.374878295,42.0
2025-06-23,105496.947495324,2097553036699.808,2.2134869832042123,34611323.91322129,47.0
2025-06-24,105964.065136762,2106879290466.0903,2.220349702793955,39244053.8123115,65.0
2025-06-25,107305.065199591,2133590293279.7937,2.2450664068043222,48334581.60969528,66.0
2025-06-26,107012.822824079,2127832022275.34,2.234143825279254,53545026.820175804,74.0
2025-06-27,107090.95905114,2129424160829.714,2.2307257878946083,38960959.605642885,65.0
2025-06-28,107357.617171245,2134775105838.6936,2.2355962704995864,49716381.355829924,65.0
2025-06-29,108360.901696376,2154782355944.3953,2.2551487868683586,57849729.577137694,68.0
2025-06-30,107153.101135885,2130813507683.6455,2.224449219216365,49333586.62119861,66.0
2025-07-01,105566.356597896,2099304201259.4517,2.190371437932748,45807660.2879142,64.0
2025-07-02,108927.13451841,2166189082105.556,2.2572933277993874,52803407.75673417,63.0
2025-07-03,109632.159126826,2180261348919.5588,2.268221095554169,52184667.003364585,73.0
2025-07-04,108081.395758621,2149474927394.7644,2.215345083660493,54347747.508406095,73.0
2025-07-05,108244.788813852,2152777523697.9248,2.218074557692169,53453223.3439726,67.0
2025-07-06,109180.005545587,2171431748655.0771,2.2363339967768048,54687593.79042116,66.0
2025-07-07,108249.401004091,2152974456003.6628,2.2137003448829926,52453309.478894114,73.0
2025-07-08,108956.631703098,2167088930706.0295,2.2241472452865456,49375267.19171441,65.0
2025-07-09,111416.806720047,2216077592572.9414,2.268230580456622,56605834.9159897,66.0
2025-07-10,115873.903783752,2304791065533.212,2.354601798397052,60482809.52680318,71.0
2025-07-11,117618.605087084,2339549198318.03,2.38212290459618,55661378.165088564,71.0
2025-07-12,117382.372540912,2334904957865.9663,2.37341147249211,56609152.581327505,79.0
2025-07-13,118899.737107832,2365138434871.7783,2.4017092198498973,53264048.43253949,74.0
2025-07-14,119871.096197838,2384514902802.1846,2.4125084332311304,56958970.224478096,74.0
2025-07-15,117710.89100789,2341603724126.479,2.364195114922196,62994556.22886511,73.0
2025-07-16,118730.187791642,2361929035400.302,2.3688751245334454,49061620.40880899,70.0
2025-07-17,119501.663770894,2377326986317.6006,2.374985804949236,51923875.82709622,74.0
2025-07-18,117958.511213033,2346681095678.7046,2.340384009446915,55577251.70091847,73.0
2025-07-19,117908.52473232,2345738980388.479,2.336414214135971,55140355.74943248,74.0
2025-07-20,117305.680953828,2333800285213.4375,2.3233701383205516,55345444.39756341,72.0
2025-07-21,117432.435634717,2336377120095.0483,2.3218439654227243,55845562.11065112,71.0
2025-07-22,120068.00578872,2388869390105.647,2.3670956161477066,56703249.71929671,72.0
2025-07-23,118650.587165693,2360720381637.463,2.334400354595592,52375243.840705484,74.0
2025-07-24,118377.081936879,2355332989715.154,2.3257901969225423,55738019.27735036,71.0
2025-07-25,117520.17335038,2338341954061.0576,2.304027155259395,61024159.251095384,70.0
2025-07-26,117983.204598773,2347611467186.5117,2.3118305041157874,57613130.504926935,72.0
2025-07-27,119438.164235535,2376613162340.8374,2.338853962335245,52743508.35291669,73.0
2025-07-28,118022.637320281,2348500100757.2607,2.3084821087206895,57401899.31434401,75.0
2025-07-29,117871.370895383,2345531346596.1094,2.3014237166265827,44261671.20515351,73.0
2025-07-30,117732.643660725,2342821207080.475,2.2955727612124828,52500144.0726225,74.0
2025-07-31,115848.339985096,2305380250657.825,2.2576734658479,57319369.463227905,72.0
2025-08-01,113282.144336061,2254366450229.6616,2.2070884136924738,56353797.87732009,65.0
2025-08-02,112545.673659264,2239761344385.4526,2.192314956363128,52630766.709140696,55.0
2025-08-03,114263.693947691,2274006858315.076,2.2240971442941064,58460508.735578604,53.0
2025-08-04,115199.933659264,2292700894182.6006,2.2406311051894656,63216750.855126135,64.0
2025-08-05,114111.36101841,2271085409335.2217,2.2178999959543493,49657668.28134079,60.0
2025-08-06,115034.678748977,2289513376946.048,2.2349723954934775,52223364.3962656,54.0
2025-08-07,117444.913924313,2337542919612.134,2.2781308995532936,59669628.45612645,62.0
2025-08-08,116740.687720923,2323576464429.9355,2.2621480824612368,50684514.53970229,74.0
2025-08-09,116511.655739375,2319060106526.333,2.2569920501462186,43614181.876055986,67.0
2025-08-10,119189.198160275,2372404472102.317,2.307419605120224,51005043.20194832,69.0
2025-08-11,118742.043048644,2363558608736.02,2.296376996154095,55915983.724809095,70.0
2025-08-12,120154.32493507,2391721499773.6064,2.3206476200119286,53843540.11236853,68.0
2025-08-13,123442.67982225,2457237741182.5483,2.379739102823155,60045859.57365181,73.0
2025-08-14,118510.27128083,2359113701739.5273,2.282416006210002,61609577.20507048,75.0
2025-08-15,117311.209947715,2335293822741.0723,2.2576928997517896,51476198.521993086,60.0
2025-08-16,117462.42684623,2338359865805.9937,2.2532741501991906,56291249.48949163,56.0
2025-08-17,117601.952231888,2341193300487.992,2.2553050008051305,57118058.45187763,64.0
2025-08-18,116312.914397989,2315587399840.938,2.2296562377042366,57700190.9822444,60.0
2025-08-19,112886.10147543,2247412798253.2153,2.1624059611427886,49935656.50295718,56.0
2025-08-20,114277.320860316,2275160487370.771,2.187593393945847,51965866.520033605,44.0
2025-08-21,112347.102298302,2236783852817.808,2.1500922222394157,55379284.1129266,50.0
2025-08-22,116800.977035073,2325511927795.841,2.2309603181709265,53263914.816695295,50.0
2025-08-23,115280.444723834,2295292829364.366,2.201272176719621,55282142.914973006,60.0
2025-08-24,113516.122474401,2260221423070.1265,2.167328504514984,61885477.45943765,53.0
2025-08-25,110089.533314144,2192043056874.992,2.101608862718138,51120833.63289729,47.0
2025-08-26,111895.295495307,2228050864513.084,2.1348985660008872,56297907.75003928,48.0
2025-08-27,111252.307236061,2215299879192.93,2.1218251202374474,54198229.94353496,51.0
2025-08-28,112481.152904109,2239825028488.768,2.142789122023943,57745298.994550705,48.0
2025-08-29,108473.330441642,2160073624922.7144,2.0585239707912053,58475677.66527168,50.0
2025-08-30,108746.150824851,2165560101759.112,2.063022252855391,54713066.34255501,39.0
2025-08-31,108316.44689481,2157047700591.8171,2.054653984489101,46665914.96970029,48.0
2025-09-01,108992.324614863,2170562178247.028,2.066472278033613,58509888.881842114,46.0
2025-09-02,111140.947159836,2213408214876.661,2.106133166120609,61013436.12510861,49.0
2025-09-03,111780.743587376,2226197825443.4536,2.117352868701102,49232179.806125626,55.0
2025-09-04,110900.633412981,2208718286409.0063,2.0988399671512,50416444.85079042,51.0
2025-09-05,110711.229484804,2204995555466.3296,2.0909910896315393,54223984.82193413,48.0
2025-09-06,110243.650741672,2195731190133.2996,2.081547548704114,51557818.35938023,48.0
2025-09-07,111307.784421087,2216979188518.479,2.1007955085878978,53775093.15064921,44.0
2025-09-08,112112.311575102,2233059460443.798,2.114485395928852,59163170.858251974,51.0
2025-09-09,111486.396779836,2220650635482.848,2.1019000165432096,59621353.915624365,48.0
2025-09-10,113930.748423437,2269399173047.3105,2.145924375428194,61107717.83874749,49.0
2025-09-11,115445.812932648,2299632025705.393,2.171828406012249,55434703.508697584,54.0
2025-09-12,116149.174031958,2313686238824.68,2.1834524058125826,45996051.3087754,57.0
2025-09-13,115965.627551268,2310081098621.0854,2.178678922337634,56615798.65069372,52.0
2025-09-14,115395.933423437,2298787740172.204,2.1673601179200923,58590040.977576114,55.0
2025-09-15,115420.931814144,2299344522409.3853,2.1656665085615017,60079253.51947369,53.0
2025-09-16,116798.874620164,2326853447391.8335,2.1888797241350617,59237319.60654769,52.0
2025-09-17,116575.777628866,2322455565668.094,2.1818070259413114,58799712.10291436,53.0
2025-09-18,117014.426762174,2331252233409.7495,2.188425256780357,60565164.56275341,52.0
2025-09-19,115612.372541695,2303380117357.975,2.1584515968726663,65203654.13159877,53.0
2025-09-20,115753.165960549,2306240531509.2837,2.1600824520314994,56549857.186625816,48.0
2025-09-21,115320.858829047,2297685720787.1865,2.151199242305393,59677110.55222099,49.0
2025-09-22,112727.70773813,2246071879030.526,2.1030843290113816,54197851.96025491,45.0
2025-09-23,112052.393282022,2232666827933.7944,2.0884207525288683,51049596.047497146,43.0
2025-09-24,113324.623592192,2258070460054.1226,2.1098438050041244,55101523.83746149,44.0
2025-09-25,109166.347974874,2175262082033.5327,2.0312424703115273,50173577.36223641,44.0
2025-09-26,109669.102166861,2185325262398.9807,2.0392977420667635,49131500.76535409,28.0
2025-09-27,109644.73069287,2184892732482.258,2.0384097258593883,57571424.46552212,33.0
2025-09-28,112170.00778609,2235271817040.964,2.0843982136269275,57694137.5158762,37.0
2025-09-29,114341.141435418,2278587184195.728,2.122720877587773,52005476.55065172,50.0
2025-09-30,113971.742796902,2271283160078.364,2.1128072133352527,59806339.233965605,50.0
2025-10-01,118393.270386324,2359453334064.128,2.186155026712077,58814143.62506912,49.0
2025-10-02,120558.594007013,2402657193347.1167,2.221772196583208,52703238.64085598,64.0
2025-10-03,122348.127640269,2438366592566.05,2.249202943238196,45203497.90500219,63.0
2025-10-04,122379.744317651,2439047951286.792,2.247639041410611,54672826.381599,71.0
2025-10-05,123523.768313852,2461906048933.3916,2.266766621760195,61639031.92476243,74.0
2025-10-06,124824.453666861,2487877501840.4595,2.287145426879909,48326772.4491213,71.0
2025-10-07,121587.699236704,2423418149849.9497,2.219347428097428,54530174.102237426,70.0
2025-10-08,123390.353094682,2459404708298.7583,2.248606081441407,58604481.531066805,60.0
2025-10-09,121603.33278609,2423831591781.397,2.2125534313089372,46140046.75896492,70.0
2025-10-10,113754.852328171,2267440411130.1865,2.070562788244427,50087834.21199739,64.0
2025-10-11,110940.113648159,2211386055650.5806,2.0194789962614186,53304513.956858695,27.0
2025-10-12,115152.917045003,2295412681254.4014,2.0951257451651712,52631008.27803633,24.0
2025-10-13,115332.252929573,2299042274620.2715,2.09746317757528,55772581.81280702,38.0
2025-10-14,113327.079410286,2259130837540.7417,2.056829337301677,62702029.02424291,38.0
2025-10-15,110862.872485389,2210057728189.6875,2.005891025806165,56483930.76401499,34.0
2025-10-16,108135.049605786,2155730124531.7383,1.9578568178170297,53836990.62783982,28.0
2025-10-17,106625.668651373,2125692786495.2764,1.92928303157762,55014779.838728644,22.0
2025-10-18,107143.913935126,2136079787337.2744,1.9381495183779995,55526576.457383774,23.0
2025-10-19,108706.663763881,2167282843823.2815,1.965929731213064,47138834.98135011,29.0
2025-10-20,110640.249515488,2205884225808.899,2.000241242040893,57476921.76238207,29.0
2025-10-21,108700.382071888,2167259172744.412,1.9642552693241937,53878170.125397824,34.0
2025-10-22,107667.630188486,2146719730211.525,1.9422693938130509,54748141.490670696,25.0
2025-10-23,110060.936797195,2194487262066.2368,1.9838505829202957,48853931.9317649,27.0
2025-10-24,111024.94314699,2213770533718.3887,2.0002399703642184,67896489.5775563,30.0
2025-10-25,111614.535857686,2225582464720.749,2.010123020095332,58063431.451331414,37.0
2025-10-26,114557.100460549,2284309527542.6543,2.061141989497095,52688113.772418,40.0
2025-10-27,114087.773805085,2275003395344.211,2.0506486983041583,55381422.5990335,51.0
2025-10-28,112980.685846289,2252984353654.214,2.0269852854220023,59559818.98605979,50.0
2025-10-29,110206.347983051,2197702746667.2085,1.9748570714184717,46366755.927553706,51.0
2025-10-30,108019.723841905,2154151737669.5393,1.9325248327320044,59014847.657342404,34.0
2025-10-31,109554.239627703,2184801299729.3164,1.9596274069163768,49097139.10761869,29.0
2025-11-01,110005.295855348,2193843993697.2568,1.9663440701835695,48497027.14215949,33.0
2025-11-02,110389.168627119,2201553067373.5864,1.97277646963442,57248581.06084638,37.0
2025-11-03,106495.802789889,2123952747606.4512,1.9020882532144816,50213843.6104412,42.0
2025-11-04,101349.73723232,2021361084102.212,1.8116855886218344,44261372.2975437,21.0
2025-11-05,103915.88479135,2072586206255.736,1.857055734420492,48614915.985910416,23.0
2025-11-06,101241.573677966,2019291779031.2812,1.8097201631689652,47273620.26287099,27.0
2025-11-07,103428.471746932,2062955975009.2607,1.8428465053331913,46148651.64133788,24.0
2025-11-08,102335.021439217,2041184690228.7856,1.8227583856026048,38668844.67289409,20.0
2025-11-09,104685.54544097,2088114606816.7805,1.8641651761462623,45526140.89176192,22.0
2025-11-10,106082.478156926,2116024994695.191,1.8875443600732529,48089956.88308448,29.0
2025-11-11,102974.405611631,2054077570641.4849,1.8318881974218433,52980490.17789942,26.0
2025-11-12,101682.126652835,2028344694814.6987,1.8085099031300793,46339949.39854222,24.0
2025-11-13,100035.310145237,1995541058582.6365,1.7800126434105843,48630916.473970026,15.0
2025-11-14,94503.2576025716,1885228171827.7969,1.6842606972655323,46392333.27877709,16.0
2025-11-15,95541.3158389831,1905978900419.696,1.7025099652616345,44397206.72613286,10.0
2025-11-16,94182.3130996493,1878914593268.8345,1.6785525812642024,51839181.95550078,10.0
2025-11-17,91911.4713471654,1833647459773.58,1.6392867114437717,37623941.963384494,14.0
2025-11-18,92836.4419111631,1852139344559.262,1.654516965238705,39760940.62876144,11.0
2025-11-19,91320.4811332554,1821934169118.56,1.628739580213074,41686318.65990569,15.0
2025-11-20,86911.2980590298,1734002173123.256,1.5515619978194948,37391178.738754086,11.0
2025-11-21,84948.0463205727,1694872634959.5803,1.5202473672522108,41307351.470361225,14.0
2025-11-22,84775.0015452952,1691457951396.948,1.5063202250156789,38587770.65295698,11.0
2025-11-23,86872.4546630625,1733345556623.2832,1.5408129016405956,39803642.23436507,13.0
2025-11-24,88377.6024421391,1763416908269.0105,1.5674035927405892,40374787.099114954,19.0
2025-11-25,87434.550610754,1744631418276.294,1.5507097680723907,32874235.57422186,20.0
2025-11-26,90449.2770675044,1804832328647.0903,1.6019179596137352,48827581.66636605,15.0
2025-11-27,91336.2000452952,1822570878701.4705,1.6180110246025807,45073841.77706884,22.0
2025-11-28,90990.1266104617,1815707797825.4543,1.6124043653578792,43668909.077361286,25.0
2025-11-29,90842.0738243717,1812792296530.67,1.609812435967487,40823502.876211286,28.0
2025-11-30,90607.7021513735,1808162595802.9397,1.605936798624271,50114996.21209714,28.0
2025-12-01,86504.6368156049,1726317990661.397,1.533958697259218,37889948.704963274,24.0
2025-12-02,91528.0245809468,1826602868895.496,1.6233866164835693,37209087.675037675,23.0
2025-12-03,93609.0938658679,1868172884023.0813,1.6594397707736588,40366905.180626564,28.0
2025-12-04,92205.5929544126,1840201008281.7024,1.6346860768202705,38650213.12878416,26.0
2025-12-05,89279.8344634717,1781843133868.4385,1.5845510954223283,35290934.7860603,28.0
2025-12-06,89169.5570610754,1779687642907.6233,1.5825974776524672,47551994.39825927,23.0
2025-12-07,90067.847399474,1797661174713.309,1.5985004613781386,46180600.132956564,20.0
2025-12-08,90673.1444436003,1809784214638.723,1.6096177386431436,42346198.7392924,20.0
2025-12-09,92808.8518477498,1852449129111.15,1.6469894512126808,38202403.79200807,22.0
2025-12-10,92102.9300917592,1838403661519.9917,1.6325770870501284,46194650.58886004,26.0
2025-12-11,92623.7198708358,1848845102345.1628,1.6416453987249755,45569903.27880048,29.0
2025-12-12,90331.6083091759,1803133614920.046,1.6020026597826391,45186891.408350185,29.0
2025-12-13,90245.267264173,1801450466366.0388,1.6004071227927794,41126223.45601717,23.0
2025-12-14,88096.3826142607,1758590278128.858,1.5625992937931457,36576336.1609944,21.0
2025-12-15,86352.5802565751,1723816451955.622,1.5334507834438562,38200148.6397923,16.0
2025-12-16,87752.4290336061,1751801294180.2544,1.5583000660090016,42372123.497608654,11.0
2025-12-17,86059.5522241379,1718043516230.173,1.529104503632707,39521708.66966769,16.0
2025-12-18,85434.1928673291,1705597646267.562,1.5183951212093736,39870185.26024819,17.0
2025-12-19,88168.0738325541,1760216458448.1536,1.5669393446155329,41624840.89061918,16.0
2025-12-20,88292.4536373466,1762740177172.656,1.5699331395911071,40764665.21079847,20.0
2025-12-21,88533.4309830508,1767589418993.3655,1.5740329131051052,38282066.66061573,20.0
2025-12-22,88474.4622331969,1766450526025.6116,1.5730377244463174,40642087.56592057,25.0
2025-12-23,87365.9937872589,1744358815963.042,1.5534926720508595,40027962.17182731,24.0
2025-12-24,87625.6707895967,1749587093886.608,1.5586263806194096,45269766.079836465,24.0
2025-12-25,87231.3047685564,1741750562100.1096,1.5515779428765888,40816647.87350074,23.0
2025-12-26,87334.8077808299,1743859786142.6816,1.5547999122682277,45337497.94168463,20.0
2025-12-27,87695.4159076564,1751097507772.871,1.561130488616242,37966099.35216447,23.0
2025-12-28,87747.6491548802,1752183001305.312,1.5623713813655935,44392018.14136716,24.0
2025-12-29,87133.5103991818,1739961546064.017,1.55184373281198,44333071.48601913,24.0
2025-12-30,88428.4922735243,1765853811641.8127,1.575194732866138,32980772.1386752,23.0
2025-12-31,87516.9780376972,1747687897836.068,1.5599368640000817,39763257.030322805,21.0
2026-01-01,88684.2178474576,1771039175878.2832,1.5805666838787138,45043745.663201086,20.0
2026-01-02,89940.1801671537,1796161433804.1494,1.6028335346054856,43248637.866295256,28.0
2026-01-03,90598.1301832262,1809344989019.2932,1.6144428345714437,46119804.59737659,29.0
2026-01-04,91359.7636823495,1824597050829.0288,1.6278233718322608,42701072.629889734,25.0
2026-01-05,93948.5821794272,1876338549946.975,1.6729656061920013,39260031.2528147,26.0
2026-01-06,93574.2871122151,1868901153485.2168,1.6656981847227377,39870766.30093992,44.0
2026-01-07,91208.9562606663,1821701767682.828,1.6234736025512655,43059881.472027756,42.0
2026-01-08,91096.9161554647,1819501586202.215,1.6216948371778772,38242426.304593824,28.0
2026-01-09,90539.6032288136,1808410412088.4424,1.6124074298017157,43360680.846190974,27.0
2026-01-10,90406.1424114553,1805790474483.829,1.6100132123879032,47192741.628271244,25.0
2026-01-11,90717.2063153127,1812038313400.7888,1.61585640170226,34774842.27136028,29.0
2026-01-12,91141.1498489188,1820546852328.6196,1.6235117369511671,41898399.34618774,27.0
2026-01-13,95304.4982942724,1903750053001.0747,1.6956457102183624,39887018.4843792,26.0
2026-01-14,97043.9927258913,1938534838165.8552,1.725258285011508,38606951.33265132,48.0
2026-01-15,95546.1397381648,1908655476071.2117,1.698251329285832,43945622.19613658,61.0
2026-01-16,95489.1299602572,1907555425812.8315,1.6967501163466352,39642363.47762159,49.0
2026-01-17,95106.980462595,1899965633236.0608,1.6895599397740113,47584024.47027049,50.0
2026-01-18,94261.3294313267,1883113182009.9023,1.6743922801666509,44190394.54358933,49.0
2026-01-19,92526.2419643483,1848493706242.704,1.6436868798008475,47264334.37584556,44.0
2026-01-20,88236.5631922852,1762830971003.2908,1.5689223614895769,38654976.78246953,32.0
2026-01-21,89599.361874927,1790095954678.73,1.5933664347912715,49726716.484967105,24.0
2026-01-22,89395.700735827,1786072008022.8867,1.5900557424434003,46464034.7438881,20.0
2026-01-23,89439.7718909994,1786991652933.4917,1.597227656500748,42235350.854145795,24.0
2026-01-24,89185.0386990064,1781929439365.0884,1.5927055312322624,28729263.387003347,25.0
2026-01-25,86445.6705926359,1727225660175.7205,1.5441681672754624,33814304.70026576,25.0
2026-01-26,88337.4545511397,1765058635213.3357,1.5779781705662028,38079554.19167753,20.0
2026-01-27,89260.3805397429,1783533524074.6565,1.594258404220792,35583755.74561265,29.0
2026-01-28,89177.7892507306,1781913902166.2068,1.5929682871962685,33247869.895025924,29.0
2026-01-29,84520.3973106371,1688885620362.0884,1.5108463744510503,37218185.03085007,26.0
2026-01-30,84017.0340292227,1678861815455.3127,1.502794123367734,34377746.2435277,16.0
2026-01-31,78702.38550263,1572696333598.1348,1.409206961565977,39614296.16231698,20.0
2026-02-01,76911.0523772648,1536929030863.132,1.3779375282101733,31663403.11907942,14.0
2026-02-02,78716.6018088837,1573038715100.2737,1.411272421681785,29869870.07014526,14.0
2026-02-03,75684.7660277616,1512483032783.9028,1.3597906397012431,32668904.952233184,17.0
2026-02-04,73095.1914646406,1460765456261.426,1.315930750700471,35594652.764567286,14.0
2026-02-05,63494.6884456458,1268930112062.0479,1.1497951473288677,28340233.43093726,12.0
2026-02-06,70647.6982188778,1411913758763.4766,1.2794885803917828,31304063.408903655,9.0
2026-02-07,69166.2594424313,1382342675702.2588,1.2542864998384384,37922804.35860754,6.0
2026-02-08,70522.5892393337,1409487469971.3481,1.278752679408799,39307842.46530021,7.0
2026-02-09,70244.1017773232,1403957309313.7195,1.274890122985872,37701555.88624861,14.0
2026-02-10,68688.793113384,1372902520801.7815,1.2481033012418763,31805766.029373445,9.0
2026-02-11,66989.7165920514,1338975460058.4707,1.2182387788490885,33745569.9783912,11.0
2026-02-12,66221.5443115137,1323658033255.9888,1.205655751536307,39717969.33809671,5.0
2026-02-13,68860.8411633548,1376445661511.0212,1.2543817127922632,33812197.60598131,9.0
2026-02-14,69798.0791253653,1395216132521.9568,1.271428434942344,38825294.198482804,9.0
2026-02-15,68629.9599760374,1371908475474.9832,1.2503520156434709,44747462.56810828,8.0
2026-02-16,68747.4380286383,1374294450427.176,1.2529918805039757,41514137.47269212,12.0
2026-02-17,67471.0508465809,1348813644678.0337,1.230359595565078,35705019.17228733,10.0
2026-02-18,66380.7069611339,1327048320483.3745,1.21146371466258,33192878.56735473,8.0
2026-02-19,66932.3522118644,1338109780371.2932,1.221844787848528,35453245.47632441,9.0
2026-02-20,67977.3092612507,1359029636304.5437,1.2419474106076231,29583415.862321332,7.0
2026-02-21,68020.6677612507,1359921772015.4436,1.2427727388908913,25941681.428243037,8.0
2026-02-22,67550.0240768556,1350546919039.245,1.234286313377275,38334798.13538485,9.0
2026-02-23,64689.9123308007,1293393807330.4714,1.1831842972470235,31768274.212035805,5.0
2026-02-24,64123.7510780245,1282107185703.1086,1.1743319937937022,34308088.5723721,8.0
2026-02-25,68038.5221794272,1360413320036.062,1.2461229941727416,33163205.0955439,11.0
2026-02-26,67519.2645292227,1350060432211.2349,1.2368113915864163,31242254.39746657,11.0
2026-02-27,65864.1358170661,1316994842741.9297,1.2073254705520615,32978961.78356569,13.0
2026-02-28,66965.6353091759,1339049943507.6392,1.2275612619982268,31741956.231636845,11.0
2026-03-01,65733.5212597896,1314443104307.3923,1.2052481747995247,32892105.20807477,14.0
2026-03-02,68922.6242974869,1378243428525.1035,1.263760682233652,28805700.41345509,10.0
2026-03-03,68431.1740306838,1368444569419.4512,1.2548907532524818,29470007.97002152,14.0
2026-03-04,72667.4630575687,1453188795466.4492,1.3324599332646212,30908354.53628888,10.0
2026-03-05,70987.427176505,1419628612459.7888,1.3020998734899651,43517075.97550223,22.0
2026-03-06,68226.7053927528,1364449969372.4175,1.252787494903745,35189110.133946575,18.0
2026-03-07,67315.5529135009,1346255811100.9575,1.236301300128931,29409810.833845343,12.0
2026-03-08,66202.6978731736,1324027346015.6562,1.2160004257646573,29952835.179625377,12.0
2026-03-09,68528.5384699007,1370572775964.7288,1.258828872642114,30248754.74657433,8.0
2026-03-10,69891.8238576856,1397868664486.2625,1.2838921987216931,30958077.256941024,13.0
2026-03-11,70298.5753530099,1406034417657.6719,1.2926305604960422,31500855.46140721,15.0
2026-03-12,70538.1074623027,1410853709874.8342,1.297352966463531,28394948.61118444,18.0
2026-03-13,70930.0132793688,1418719155332.7737,1.30454126489792,28672340.40423705,15.0
2026-03-14,71136.2179199299,1422872048261.8135,1.3085611269402389,31104411.579486884,16.0
2026-03-15,72712.1461957919,1454422288833.392,1.3372863065162932,28551032.51716158,15.0
2026-03-16,74723.9575534775,1494692667729.386,1.3736647820354706,31213760.461403914,23.0
2026-03-17,74086.013609585,1481961368873.2727,1.3620392217241302,30667607.216510493,28.0
2026-03-18,71253.9579275278,1425341989865.8489,1.3108271207032423,32271586.44477335,26.0
2026-03-19,69948.9048267095,1399265405056.8447,1.2873233530441244,30093044.244407844,23.0
2026-03-20,70510.4196797194,1410527534715.3772,1.2979134579553593,31876728.371480852,11.0
2026-03-21,69707.285009059,1394491267456.11,1.2832286394689276,31080134.511768695,12.0
2026-03-22,68018.1534815897,1360734697384.814,1.2516621596693465,35362303.26767577,10.0
2026-03-23,70726.2110461718,1414946007675.064,1.3014094083299217,35403134.78180417,8.0
2026-03-24,70610.0187121566,1412649050098.1938,1.3002777489726736,29425134.82461507,11.0
2026-03-25,71281.2973921683,1426112970560.1992,1.31291879231233,34532744.55173951,14.0
2026-03-26,68722.9718366452,1374964415213.678,1.2664072256679189,36135408.58812936,10.0
2026-03-27,66214.1715134424,1324801425739.3977,1.221391534843414,32572797.449150614,13.0
2026-03-28,66351.0725251315,1327576595348.7966,1.2242821302425808,37549561.72943241,12.0
2026-03-29,65966.7523939217,1319916662240.1953,1.2173465160210977,31332097.968298074,9.0
2026-03-30,66651.2320037989,1333640616117.639,1.2307677885365405,31652198.95194288,8.0
2026-03-31,68214.8680388662,1364956778916.2126,1.2594615926249517,29208989.5260379,11.0
2026-04-01,68116.8167933957,1363029290305.2297,1.2578004357870882,36946073.87653185,8.0
2026-04-02,66908.3179918177,1338877338009.6384,1.2361570581529682,32944128.014213223,12.0
2026-04-03,66891.7422279369,1338573239437.8928,1.2360952901456137,28565511.275230702,9.0
2026-04-04,67295.1309137931,1346670701697.7043,1.2435879583030514,26981692.957717586,11.0
2026-04-05,68921.8060911748,1379257017077.334,1.2731860065048008,36446472.64345209,12.0
2026-04-06,68742.9133085915,1375704527882.7625,1.270093812424762,27896636.584679753,13.0
2026-04-07,72057.1243614845,1442060623269.7576,1.330703341528385,30230835.12217497,11.0
2026-04-08,71085.0583702513,1422639794430.0034,1.3129220338742065,36394654.17361098,17.0
2026-04-09,71788.6797825833,1436753818394.9255,1.325828946125455,34088594.566414475,14.0
2026-04-10,72945.0707241379,1459925921077.7124,1.3468426562660187,30288293.046783395,16.0
2026-04-11,73119.1091168907,1463437238442.9136,1.3497406830177825,30023283.722729884,15.0
2026-04-12,70685.3697019287,1414761571255.0276,1.3049673347970956,36106957.76146776,16.0
2026-04-13,74632.7455856224,1493802476369.446,1.3770482398402828,35058588.5729043,12.0
2026-04-14,74173.5083603156,1484648684480.5735,1.3687529040183417,43519231.83055178,21.0
2026-04-15,74761.964654588,1496456364036.2837,1.3796263886883915,30137463.294372242,23.0
2026-04-16,75095.7442159556,1503173059357.58,1.3856258612153995,37530771.07909433,23.0
2026-04-17,77114.481438048,1543615604845.24,1.4223235153878984,35162805.095583595,21.0
2026-04-18,75792.0637510228,1517180750333.2896,1.3980047368399022,37175673.682350546,26.0
2026-04-19,73905.2041016949,1479446701514.392,1.3634656752952106,39687112.333298646,27.0
2026-04-20,75814.1453237873,1517691004761.6135,1.3987305546501194,30691964.37339555,29.0
2026-04-21,76107.4432977791,1523594519498.5874,1.4040391749892125,34607957.17180722,33.0
2026-04-22,78317.7422720631,1567874544724.6377,1.4451816880881303,32710248.88055914,32.0
2026-04-23,78233.6837492694,1566221325283.5027,1.4435180102987248,30181396.125552695,46.0
2026-04-24,77444.269277031,1550453479308.5884,1.4313054086958685,36956995.36926147,39.0
2026-04-25,77624.7114821742,1554099937821.2412,1.4345741475645932,35540028.23006317,31.0
2026-04-26,78538.7733573933,1572436652794.8867,1.4512399107371685,37907580.20176736,33.0
2026-04-27,77256.297159848,1546793319768.878,1.4274966444382788,37153466.59126739,47.0
2026-04-28,76295.531117183,1527590404144.0068,1.4098968122284417,35894449.053407766,33.0
2026-04-29,75795.0098530099,1517599040135.2427,1.4012950588480768,31123986.725846674,26.0
2026-04-30,76299.6161285798,1527735856798.6956,1.4109087161770764,38381140.996294245,29.0
2026-05-01,78132.6437852133,1564476874719.7117,1.4441109410626063,41497268.04635047,26.0
2026-05-02,78712.5387317358,1576121764068.9802,1.4546787719928145,33978259.8014594,39.0
2026-05-03,78649.1732893045,1574890307386.7893,1.4532128991393036,37957825.09103924,47.0
2026-05-04,79826.107817066,1598494701633.0889,1.4734139625232838,37802927.14645988,40.0
2026-05-05,80936.7548252484,1620773025572.6155,1.49326488273632,41226137.29796431,50.0
2026-05-06,81364.6201285798,1629376956264.482,1.5007289347155643,37170254.10973385,46.0
2026-05-07,79988.9987343659,1601864780211.2744,1.4754077327071486,36549027.8608138,47.0
2026-05-08,80179.6922957335,1605720454154.296,1.4788069377076725,40423314.1434815,38.0
2026-05-09,80663.6296519579,1615455141384.5083,1.4875564619691928,44584005.24631609,38.0
2026-05-10,82256.781137931,1647399835510.1553,1.5165762999799848,39621267.16479055,47.0
2026-05-11,81714.7420499708,1636586267659.3313,1.5062797314103844,45135542.948139064,48.0
2026-05-12,80525.563024547,1612803060535.8352,1.4843434176790684,36600096.52934795,49.0
2026-05-13,79291.9110017534,1588129352111.7424,1.4616979219598496,38562664.84282158,42.0
2026-05-14,81175.8271116306,1625900414724.604,1.496291810555883,39577345.88310893,34.0
2026-05-15,79063.4145756868,1583625954865.0425,1.4576482075977495,37584497.72878831,43.0
2026-05-16,78164.4952711864,1565657646957.8728,1.4411207320741923,39142248.12923508,31.0
2026-05-17,77497.697113384,1552335390540.52,1.4288785719516937,40697281.89198457,27.0
2026-05-18,76975.9111998831,1541917315110.889,1.419569255459985,36727998.61930419,28.0
2026-05-19,76807.460956166,1538577143495.5376,1.4170368263075273,36712345.59041001,25.0
2026-05-20,77408.1722089421,1550647126229.1887,1.4282474320399443,40285580.87419021,27.0
2026-05-21,77595.3861717446,1554428208011.9185,1.4318398636638516,32977144.973637983,29.0
2026-05-22,75567.5430431093,1513842315397.03,1.3951977957217805,38731739.16575614,28.0
2026-05-23,76619.8666090415,1534962749402.782,1.4145646606056597,40896180.634492286,28.0
2026-05-24,76950.9896316365,1541627798460.404,1.4206921481906591,33551122.24949937,25.0
2026-05-25,77244.5722896786,1547549230891.9795,1.425980680386381,41619889.269138455,30.0
2026-05-26,75816.0412797019,1518962391243.4812,1.4000760710265765,34580370.49577967,34.0
2026-05-27,74268.7756418995,1487995661586.5725,1.3720698989749525,34203807.850598074,25.0
2026-05-28,73500.5305338925,1472640865932.4536,1.359302863594602,39320840.567629226,22.0
2026-05-29,73322.8951406751,1469113880052.4087,1.3570300412340588,32937653.994468622,23.0
2026-05-30,73731.4811337376,1477333118477.007,1.3648020345772152,34800660.64053763,23.0
2026-05-31,73599.5607413209,1474722993333.1416,1.3623994613070085,40416020.03192868,28.0
2026-06-01,71328.7312172998,1429252208777.4937,1.321374781897173,32156339.769274358,29.0
2026-06-02,66540.6926785798,1333334574845.5205,1.23601499491039,24522467.930324204,23.0
2026-06-03,64232.5802701052,1287106568324.686,1.1956320534404263,24432298.93709044,11.0
2026-06-04,63639.2504696786,1275245535217.7324,1.1858932878748485,31994424.504998155,12.0
2026-06-05,60907.6055536879,1220532716918.295,1.1367970410942183,26347747.612574305,12.0
2026-06-06,60771.611314325,1217830685900.8335,1.1346458274405713,23769580.873137023,12.0
2026-06-07,63158.25397737,1265680824489.3381,1.178976675309288,23214514.58494519,12.0
2026-06-08,63109.6166975745,1264731188110.3975,1.1785132598364798,26166733.692821153,8.0
2026-06-09,61640.4602024664,1235312840780.629,1.1517566167396358,27149338.9211155,10.0
2026-06-10,61435.0773408358,1231221031281.3015,1.148835844703938,24484223.559984963,9.0
2026-06-11,63475.3191592987,1272136317475.4224,1.1875449707608752,27490584.13183997,12.0
2026-06-12,63475.6376139684,1272171858771.6943,1.1877855212466688,31436770.76781264,12.0
2026-06-13,64423.5445433314,1291194670976.3716,1.205481911068106,25757659.401464887,13.0
2026-06-14,65615.3266107481,1315110636985.601,1.2276315476665296,30279244.594365463,18.0
2026-06-15,66222.5866309585,1327312830793.6953,1.2393546167038156,32087056.179462083,20.0
2026-06-16,65638.1446884863,1315631970870.5012,1.2287326760856152,37804194.329022676,23.0
2026-06-17,64400.725126242,1290856056678.525,1.2059072762898515,28337336.97282871,22.0
2026-06-18,62835.2224827586,1259509328523.998,1.1772253837760067,39027824.014946744,15.0
2026-06-19,63307.2784012274,1269001391949.4155,1.186374409712872,33453833.895754717,14.0
2026-06-20,64220.5363933372,1287338856151.9697,1.2034610271445665,31830352.606492512,23.0
2026-06-21,63365.4368950906,1270224412296.2715,1.186796520860484,28231237.7138422,23.0
2026-06-22,63923.5748693746,1281444016484.4536,1.197421605598321,33983075.16364371,20.0
2026-06-23,62593.34893045,1254811480199.2996,1.1731976651833003,37380880.69218837,23.0
2026-06-24,60908.1877729398,1221058486497.9429,1.1423253250449799,30898733.96285523,17.0
2026-06-25,59863.4211537113,1200145302830.9937,1.12407957629493,35737200.07342634,12.0
2026-06-26,59961.5113755114,1202140865082.822,1.1270469384410169,31793868.264358897,13.0
2026-06-27,59955.5660201637,1202053146049.6602,1.127011418515148,33755336.59745445,15.0
2026-06-28,59516.6736531268,1193277756338.61,1.1189318202539256,28065491.578357432,18.0
2026-06-29,60175.460563121,1206509590693.4893,1.1322838457186375,25522718.155180145,12.0
2026-06-30,58525.0753614845,1173446848343.18,1.1027805682008869,32232725.90283712,15.0
2026-07-01,60065.5999105786,1204361709793.5176,1.1321108720363224,27517549.948183976,11.0
2026-07-02,61438.1894114553,1231908341575.8325,1.1581855624958048,28684439.449678544,19.0
2026-07-03,62564.6141320865,1254524011767.2737,1.1792987088316838,30994529.89855728,21.0
2026-07-04,63090.4092688486,1265097436323.0315,1.1891572189350943,31958505.356244735,22.0
2026-07-05,63619.8810414962,1275739924003.0469,1.1990647636450065,28045767.693441838,23.0
2026-07-06,64063.0612583285,1284650033900.0369,1.2073954618124445,23545058.25300224,24.0
2026-07-07,63458.1205143191,1272546981565.5403,1.196288648174336,33810153.914468095,27.0
2026-07-08,62214.0424511981,1247624924474.5913,1.1731707452338487,28233489.36954278,20.0
2026-07-09,63189.3864307423,1267208913265.61,1.1916595724436172,25466423.823367156,22.0
2026-07-10,64118.6200949737,1285869945086.505,1.2097400850398004,26596939.859383278,23.0
2026-07-11,63892.7086899474,1281367147363.528,1.2054984500945254,32463101.492726527,26.0
2026-07-12,63752.2716569258,1278579373662.1953,1.2028364345302107,30154867.50322592,26.0
2026-07-13,62126.5323722969,1246003008738.0476,1.174318418220534,32537380.48095552,28.0
2026-07-14,64934.4426034483,1302349402108.099,1.2276267731645216,33685178.291484736,22.0
2026-07-15,64765.0553211572,1298980442301.2866,1.2245682153726964,29659602.47794904,25.0
2026-07-16,63780.1417434249,1279250334168.872,1.2064208959075768,24983209.692606576,25.0
2026-07-17,63915.9181496201,1281998993789.7827,1.2091270996686685,27410697.114453245,27.0
2026-07-18,64777.6617481005,1299317093110.1172,1.225397192666522,44367075.9966361,25.0
2026-07-19,64653.0497457627,1296850949302.7231,1.2229930312358035,35924593.96592124,28.0
2026-07-20,65181.9241548802,1307489179295.059,1.2327473883123754,32579946.41959805,29.0
2026-07-21,66403.0964649328,1332013403971.4944,1.2553791423473124,29987302.615410216,25.0
2026-07-22,65983.1860485096,1323613920578.0469,1.2476042702123693,25171109.330574844,33.0
2026-07-23,65094.4103909994,1305812050750.5315,1.230958318826041,28366911.134696368,31.0
2026-07-24,64100.1140327294,1285897036312.139,1.2125716215451372,36335889.21904726,28.0
2026-07-25,64331.3274596727,1290563096381.0725,1.2164163415587756,29034668.784975085,27.0
2026-07-26,65328.7891218585,1310603172319.879,1.2352156606776297,30448318.097199228,26.0
2026-07-27,63718.2437025132,1278320455504.5225,1.2052013444237608,34806779.22227191,30.0
2026-07-28,63728.4501987142,1278550511268.8916,1.205490199335648,26608818.300387148,29.0
2026-07-29,63904.6444991233,1282113962604.0825,1.2088544364298526,30874144.40498185,29.0
2026-07-30,64827.5701659848,1300661544884.788,1.2262799635545538,33453364.501118597,28.0
2026-07-31,62875.1789333723,1261520784545.8691,1.189970381191086,34788365.97404295,25.0
2026-08-01,62751.8791487434,1259079071351.0227,1.1887286460199475,34078404.99428179,27.0
2026-08-02,63445.6829658095,1273028382171.4187,1.201895276659115,30282190.96696429,27.0
