date,mvrv_zscore_raw,mvrv_zscore,mvrv_zscore_sell,ma_200w_raw,ma_200w,ma_200w_sell,monthly_rsi_raw,monthly_rsi,monthly_rsi_sell,eth_btc_ratio_raw,eth_btc_ratio,eth_btc_ratio_sell,mayer_multiple_raw,mayer_multiple,mayer_multiple_sell,fear_greed_raw,fear_greed,fear_greed_sell
2015-08-08,7.677075048267458,0,100,,50,0,,50,0,-1.6456968406423647,100,0,,50,0,,50,0
2015-08-09,6.123243131792303,0,100,,50,0,,50,0,-1.6493267681705388,100,0,,50,0,,50,0
2015-08-10,5.679875013987553,0,100,,50,0,,50,0,-1.6482918733798113,100,0,,50,0,,50,0
2015-08-11,4.320365024718242,0,100,,50,0,,50,0,-1.6862726606723752,100,0,,50,0,,50,0
2015-08-12,5.815336710278248,0,100,,50,0,,50,0,-1.6364969639913782,100,0,,50,0,,50,0
2015-08-13,8.199878597648018,0,100,,50,0,,50,0,-1.5367093883156506,100,0,,50,0,,50,0
2015-08-14,7.075354101179609,0,100,,50,0,,50,0,-1.553135942706705,100,0,,50,0,,50,0
2015-08-15,5.327173590063921,0,100,,50,0,,50,0,-1.5503478331405938,100,0,,50,0,,50,0
2015-08-16,4.236682201222698,0,100,,50,0,,50,0,-1.5883807391615372,100,0,,50,0,,50,0
2015-08-17,4.281464800174281,0,100,,50,0,,50,0,-1.6269738219967869,100,0,,50,0,,50,0
2015-08-18,3.141725205736172,50,100,,50,0,,50,0,-1.6290669369231274,100,0,,50,0,,50,0
2015-08-19,3.7097711433653346,0,100,,50,0,,50,0,-1.6083385874521594,100,0,,50,0,,50,0
2015-08-20,4.5833102202585785,0,100,,50,0,,50,0,-1.5651038273732811,100,0,,50,0,,50,0
2015-08-21,4.219781990122385,0,100,,50,0,,50,0,-1.5777417249787042,100,0,,50,0,,50,0
2015-08-22,3.9919509324814957,0,100,,50,0,,50,0,-1.5819516119711539,100,0,,50,0,,50,0
2015-08-23,3.7361800176339637,0,100,,50,0,,50,0,-1.5891196949389474,100,0,,50,0,,50,0
2015-08-24,3.3001097844263314,50,100,,50,0,,50,0,-1.591815268843611,100,0,,50,0,,50,0
2015-08-25,3.370607421987989,50,100,,50,0,,50,0,-1.5974903209307267,100,0,,50,0,,50,0
2015-08-26,2.9946955966177855,50,0,,50,0,,50,0,-1.6186200260647858,100,0,,50,0,,50,0
2015-08-27,2.82474419040251,50,0,,50,0,,50,0,-1.625779404942178,100,0,,50,0,,50,0
2015-08-28,3.3970383813026572,50,100,,50,0,,50,0,-1.6031505030306978,100,0,,50,0,,50,0
2015-08-29,2.9196008240750166,50,0,,50,0,,50,0,-1.6224344147377059,100,0,,50,0,,50,0
2015-08-30,3.4122395426091408,50,100,,50,0,,50,0,-1.5951450284842594,100,0,,50,0,,50,0
2015-08-31,3.352031899934286,50,100,,50,0,,50,0,-1.5994596930922202,100,0,,50,0,,50,0
2015-09-01,3.4319935654425073,50,100,,50,0,,50,0,-1.586430519298588,100,0,,50,0,,50,0
2015-09-02,3.252838035406713,50,100,,50,0,,50,0,-1.5978657783213335,100,0,,50,0,,50,0
2015-09-03,2.9668271454297335,50,0,,50,0,,50,0,-1.6094427695512186,100,0,,50,0,,50,0
2015-09-04,2.9476852504753865,50,0,,50,0,,50,0,-1.6135610340890565,100,0,,50,0,,50,0
2015-09-05,3.4009825603555184,50,100,,50,0,,50,0,-1.594561451218519,100,0,,50,0,,50,0
2015-09-06,3.294896473215326,50,100,,50,0,,50,0,-1.6037159967219117,100,0,,50,0,,50,0
2015-09-07,3.053153542045337,50,100,,50,0,,50,0,-1.6150673832892855,100,0,,50,0,,50,0
2015-09-08,2.9868854319784988,50,0,,50,0,,50,0,-1.620514768965795,100,0,,50,0,,50,0
2015-09-09,2.605699449545021,50,0,,50,0,,50,0,-1.6250747498751643,100,0,,50,0,,50,0
2015-09-10,2.5209317886046914,50,0,,50,0,,50,0,-1.6294831163683685,100,0,,50,0,,50,0
2015-09-11,1.5955929253079582,50,0,,50,0,,50,0,-1.6774683950325155,100,0,,50,0,,50,0
2015-09-12,2.348985079446809,50,0,,50,0,,50,0,-1.634474719507939,100,0,,50,0,,50,0
2015-09-13,1.41971952252758,50,0,,50,0,,50,0,-1.6779326621666326,100,0,,50,0,,50,0
2015-09-14,1.6714073223656942,50,0,,50,0,,50,0,-1.665273668837891,100,0,,50,0,,50,0
2015-09-15,2.051233971938174,50,0,,50,0,,50,0,-1.6657829375180744,100,0,,50,0,,50,0
2015-09-16,1.989058865193098,50,0,,50,0,,50,0,-1.6673004496484929,100,0,,50,0,,50,0
2015-09-17,1.7444354893094172,50,0,,50,0,,50,0,-1.681766727800238,100,0,,50,0,,50,0
2015-09-18,1.6506711523835167,50,0,,50,0,,50,0,-1.6859470873769267,100,0,,50,0,,50,0
2015-09-19,1.759891145456099,50,0,,50,0,,50,0,-1.6794869113880357,100,0,,50,0,,50,0
2015-09-20,1.9765440517097281,50,0,,50,0,,50,0,-1.6681678312538024,100,0,,50,0,,50,0
2015-09-21,1.96827323642217,50,0,,50,0,,50,0,-1.6646232066671733,100,0,,50,0,,50,0
2015-09-22,1.4283049549725562,50,0,,50,0,,50,0,-1.692867446239845,100,0,,50,0,,50,0
2015-09-23,1.8374776348936275,50,0,,50,0,,50,0,-1.6730621744988259,100,0,,50,0,,50,0
2015-09-24,1.3926236517293173,50,0,,50,0,,50,0,-1.6963198465980631,100,0,,50,0,,50,0
2015-09-25,0.8857131354329482,50,0,,50,0,,50,0,-1.7185927500732632,100,0,,50,0,,50,0
2015-09-26,1.2420393665931255,50,0,,50,0,,50,0,-1.7019382634045883,100,0,,50,0,,50,0
2015-09-27,0.9445782760502212,50,0,,50,0,,50,0,-1.7139610260263443,100,0,,50,0,,50,0
2015-09-28,0.533271460592137,50,0,,50,0,,50,0,-1.7349363667217765,100,0,,50,0,,50,0
2015-09-29,0.8428027006493332,50,0,,50,0,,50,0,-1.7196647875398199,100,0,,50,0,,50,0
2015-09-30,0.9666002539507341,50,0,,50,0,0.0,100,0,-1.713530086514212,100,0,,50,0,,50,0
2015-10-01,0.7210204680935791,50,0,,50,0,0.0,100,0,-1.7249923120981219,100,0,,50,0,,50,0
2015-10-02,0.7572530705905933,50,0,,50,0,0.0,100,0,-1.7230464187807948,100,0,,50,0,,50,0
2015-10-03,0.817852283543503,50,0,,50,0,0.0,100,0,-1.7212673191206456,100,0,,50,0,,50,0
2015-10-04,0.7610057712606751,50,0,,50,0,0.0,100,0,-1.7337513315230073,100,0,,50,0,,50,0
2015-10-05,0.7523024887377324,50,0,,50,0,0.0,100,0,-1.734724478443359,100,0,,50,0,,50,0
2015-10-06,0.9414986697006041,50,0,,50,0,0.0,100,0,-1.7297915520813947,100,0,,50,0,,50,0
2015-10-07,0.7122776840023313,50,0,,50,0,0.0,100,0,-1.737333035736256,100,0,,50,0,,50,0
2015-10-08,0.8534026786238318,50,0,,50,0,0.0,100,0,-1.7310369606257285,100,0,,50,0,,50,0
2015-10-09,0.8526936659562597,50,0,,50,0,0.0,100,0,-1.731443753686912,100,0,,50,0,,50,0
2015-10-10,0.8489954543662255,50,0,,50,0,0.0,100,0,-1.7321293493532701,100,0,,50,0,,50,0
2015-10-11,0.6831143117997233,50,0,,50,0,0.0,100,0,-1.7394972095841006,100,0,,50,0,,50,0
2015-10-12,0.8098713646325008,50,0,,50,0,0.0,100,0,-1.7330998675927227,100,0,,50,0,,50,0
2015-10-13,0.6736354858386915,50,0,,50,0,0.0,100,0,-1.7399023235466562,100,0,,50,0,,50,0
2015-10-14,0.12056434640762509,50,0,,50,0,0.0,100,0,-1.7611348160508196,100,0,,50,0,,50,0
2015-10-15,0.6224802830293056,50,0,,50,0,0.0,100,0,-1.748680141310928,100,0,,50,0,,50,0
2015-10-16,0.4447967678249782,50,0,,50,0,0.0,100,0,-1.757291950167803,100,0,,50,0,,50,0
2015-10-17,0.43097626643643266,50,0,,50,0,0.0,100,0,-1.7605192728171903,100,0,,50,0,,50,0
2015-10-18,0.34683520407611645,50,0,,50,0,0.0,100,0,-1.7608036421373965,100,0,,50,0,,50,0
2015-10-19,0.29616585505256393,50,0,,50,0,0.0,100,0,-1.7619778801116492,100,0,,50,0,,50,0
2015-10-20,-0.008097429670354414,50,0,,50,0,0.0,100,0,-1.7733728177900425,100,0,,50,0,,50,0
2015-10-21,-0.11647906957172904,50,0,,50,0,0.0,100,0,-1.7758626660213124,100,0,,50,0,,50,0
2015-10-22,0.45121286992088444,50,0,,50,0,0.0,100,0,-1.7579406096398686,100,0,,50,0,,50,0
2015-10-23,0.5190519985318154,50,0,,50,0,0.0,100,0,-1.7560264726675319,100,0,,50,0,,50,0
2015-10-24,0.47707277058411185,50,0,,50,0,0.0,100,0,-1.7589089324477123,100,0,,50,0,,50,0
2015-10-25,0.7834192333041183,50,0,,50,0,0.0,100,0,-1.7493462475777484,100,0,,50,0,,50,0
2015-10-26,1.1004409733248608,50,0,,50,0,0.0,100,0,-1.7381225720986153,100,0,,50,0,,50,0
2015-10-27,1.5456614442188379,50,0,,50,0,0.0,100,0,-1.722412115213342,100,0,,50,0,,50,0
2015-10-28,2.1704769754642417,50,0,,50,0,0.0,100,0,-1.7033080868601531,100,0,,50,0,,50,0
2015-10-29,2.3468177474326373,50,0,,50,0,0.0,100,0,-1.682047446340893,100,0,,50,0,,50,0
2015-10-30,2.070296054085735,50,0,,50,0,0.0,100,0,-1.6964305150489856,100,0,,50,0,,50,0
2015-10-31,1.24893174424897,50,0,,50,0,2.2288383055477965,100,0,-1.7214207251283717,100,0,,50,0,,50,0
2015-11-01,1.6053485551065518,50,0,,50,0,2.2288383055477965,100,0,-1.714095935289924,100,0,,50,0,,50,0
2015-11-02,1.6097848069012686,50,0,,50,0,2.2288383055477965,100,0,-1.7266774863694256,100,0,,50,0,,50,0
2015-11-03,1.8095745746123675,50,0,,50,0,2.2288383055477965,100,0,-1.730844467683564,100,0,,50,0,,50,0
2015-11-04,0.9098952961322607,50,0,,50,0,2.2288383055477965,100,0,-1.7584846238912748,100,0,,50,0,,50,0
2015-11-05,1.180772916508248,50,0,,50,0,2.2288383055477965,100,0,-1.7451478431798566,100,0,,50,0,,50,0
2015-11-06,1.6394844736188847,50,0,,50,0,2.2288383055477965,100,0,-1.7325416146412518,100,0,,50,0,,50,0
2015-11-07,1.4833902623553858,50,0,,50,0,2.2288383055477965,100,0,-1.7417456265201527,100,0,,50,0,,50,0
2015-11-08,1.8140607847795587,50,0,,50,0,2.2288383055477965,100,0,-1.7277050614147986,100,0,,50,0,,50,0
2015-11-09,1.7143065768100896,50,0,,50,0,2.2288383055477965,100,0,-1.7303916028441675,100,0,,50,0,,50,0
2015-11-10,1.3461272221964626,50,0,,50,0,2.2288383055477965,100,0,-1.7283750198441654,100,0,,50,0,,50,0
2015-11-11,0.7834371149560594,50,0,,50,0,2.2288383055477965,100,0,-1.7387861780419147,100,0,,50,0,,50,0
2015-11-12,1.6956701399960166,50,0,,50,0,2.2288383055477965,100,0,-1.7310661492122892,100,0,,50,0,,50,0
2015-11-13,1.7825460098007464,50,0,,50,0,2.2288383055477965,100,0,-1.728433490952601,100,0,,50,0,,50,0
2015-11-14,1.6972744066983434,50,0,,50,0,2.2288383055477965,100,0,-1.7295573323453415,100,0,,50,0,,50,0
2015-11-15,1.8135516228289121,50,0,,50,0,2.2288383055477965,100,0,-1.720853774937658,100,0,,50,0,,50,0
2015-11-16,1.8756011962428754,50,0,,50,0,2.2288383055477965,100,0,-1.724422554190648,100,0,,50,0,,50,0
2015-11-17,2.176302156148892,50,0,,50,0,2.2288383055477965,100,0,-1.7152126909615053,100,0,,50,0,,50,0
2015-11-18,2.1630305250035984,50,0,,50,0,2.2288383055477965,100,0,-1.7154971323097432,100,0,,50,0,,50,0
2015-11-19,1.9432962380167778,50,0,,50,0,2.2288383055477965,100,0,-1.7192607741989647,100,0,,50,0,,50,0
2015-11-20,1.8598793825600763,50,0,,50,0,2.2288383055477965,100,0,-1.7202818661031176,100,0,,50,0,,50,0
2015-11-21,2.014079120658243,50,0,,50,0,2.2288383055477965,100,0,-1.716493759694434,100,0,,50,0,,50,0
2015-11-22,2.04766577270575,50,0,,50,0,2.2288383055477965,100,0,-1.714306118764592,100,0,,50,0,,50,0
2015-11-23,1.7943280200950316,50,0,,50,0,2.2288383055477965,100,0,-1.7206902848957988,100,0,,50,0,,50,0
2015-11-24,1.7445061028848572,50,0,,50,0,2.2288383055477965,100,0,-1.7208645462897794,100,0,,50,0,,50,0
2015-11-25,1.5842198156788692,50,0,,50,0,2.2288383055477965,100,0,-1.729452866536244,100,0,,50,0,,50,0
2015-11-26,1.4576523118020726,50,0,,50,0,2.2288383055477965,100,0,-1.739527965933784,100,0,,50,0,,50,0
2015-11-27,1.583669946268168,50,0,,50,0,2.2288383055477965,100,0,-1.737861645928152,100,0,,50,0,,50,0
2015-11-28,1.6873745522465213,50,0,,50,0,2.2288383055477965,100,0,-1.7337344889103128,100,0,,50,0,,50,0
2015-11-29,1.5458163840816108,50,0,,50,0,2.2288383055477965,100,0,-1.7425497100909402,100,0,,50,0,,50,0
2015-11-30,1.588893559240118,50,0,,50,0,2.2259972034516267,100,0,-1.7429261950608306,100,0,,50,0,,50,0
2015-12-01,1.52343923660685,50,0,,50,0,2.2259972034516267,100,0,-1.7407955282565437,100,0,,50,0,,50,0
2015-12-02,1.3466857568007344,50,0,,50,0,2.2259972034516267,100,0,-1.7450404048555943,100,0,,50,0,,50,0
2015-12-03,1.3785709644979376,50,0,,50,0,2.2259972034516267,100,0,-1.7443891721096152,100,0,,50,0,,50,0
2015-12-04,1.4157224909620445,50,0,,50,0,2.2259972034516267,100,0,-1.743757103500052,100,0,,50,0,,50,0
2015-12-05,1.5286237097780195,50,0,,50,0,2.2259972034516267,100,0,-1.7471275413679557,100,0,,50,0,,50,0
2015-12-06,1.3510148737270298,50,0,,50,0,2.2259972034516267,100,0,-1.7530153438994063,100,0,,50,0,,50,0
2015-12-07,1.2066108010335366,50,0,,50,0,2.2259972034516267,100,0,-1.7572957476815578,100,0,,50,0,,50,0
2015-12-08,1.224804175991855,50,0,,50,0,2.2259972034516267,100,0,-1.7606469040457966,100,0,,50,0,,50,0
2015-12-09,1.264451502155644,50,0,,50,0,2.2259972034516267,100,0,-1.760323391532786,100,0,,50,0,,50,0
2015-12-10,1.416599277626008,50,0,,50,0,2.2259972034516267,100,0,-1.7559421726709843,100,0,,50,0,,50,0
2015-12-11,1.6215609255530066,50,0,,50,0,2.2259972034516267,100,0,-1.7579658438109307,100,0,,50,0,,50,0
2015-12-12,1.844493099643035,50,0,,50,0,2.2259972034516267,100,0,-1.7484915247363004,100,0,,50,0,,50,0
2015-12-13,1.6880395670922645,50,0,,50,0,2.2259972034516267,100,0,-1.7521454768201705,100,0,,50,0,,50,0
2015-12-14,1.907471778195861,50,0,,50,0,2.2259972034516267,100,0,-1.747103183161915,100,0,,50,0,,50,0
2015-12-15,1.9148190354466037,50,0,,50,0,2.2259972034516267,100,0,-1.7506556628448797,100,0,,50,0,,50,0
2015-12-16,1.3063407533518174,50,0,,50,0,2.2259972034516267,100,0,-1.7611192446683013,100,0,,50,0,,50,0
2015-12-17,1.5549671213516807,50,0,,50,0,2.2259972034516267,100,0,-1.7546167621371258,100,0,,50,0,,50,0
2015-12-18,1.4078411442554926,50,0,,50,0,2.2259972034516267,100,0,-1.75966402904463,100,0,,50,0,,50,0
2015-12-19,1.379800629541826,50,0,,50,0,2.2259972034516267,100,0,-1.7599466577274832,100,0,,50,0,,50,0
2015-12-20,1.611437137003321,50,0,,50,0,2.2259972034516267,100,0,-1.7498425434615301,100,0,,50,0,,50,0
2015-12-21,1.4272103670316256,50,0,,50,0,2.2259972034516267,100,0,-1.7537979344664592,100,0,,50,0,,50,0
2015-12-22,1.3189057147049381,50,0,,50,0,2.2259972034516267,100,0,-1.7562779463229332,100,0,,50,0,,50,0
2015-12-23,1.2872543466449688,50,0,,50,0,2.2259972034516267,100,0,-1.7586150731178605,100,0,,50,0,,50,0
2015-12-24,1.2817171845911497,50,0,,50,0,2.2259972034516267,100,0,-1.761158443357021,100,0,,50,0,,50,0
2015-12-25,1.2659634492310412,50,0,,50,0,2.2259972034516267,100,0,-1.761514669512448,100,0,,50,0,,50,0
2015-12-26,1.2169635711994082,50,0,,50,0,2.2259972034516267,100,0,-1.755509402227151,100,0,,50,0,,50,0
2015-12-27,1.2722466276021136,50,0,,50,0,2.2259972034516267,100,0,-1.7548183411911145,100,0,,50,0,,50,0
2015-12-28,1.1823907064251928,50,0,,50,0,2.2259972034516267,100,0,-1.7571793551455803,100,0,,50,0,,50,0
2015-12-29,1.241667452350586,50,0,,50,0,2.2259972034516267,100,0,-1.7574816966982876,100,0,,50,0,,50,0
2015-12-30,1.3747208966826043,50,0,,50,0,2.2259972034516267,100,0,-1.7527236920781808,100,0,,50,0,,50,0
2015-12-31,1.548891149637205,50,0,,50,0,3.2050811904360472,100,0,-1.7482461232486417,100,0,,50,0,,50,0
2016-01-01,1.4465209834687385,50,0,,50,0,3.2050811904360472,100,0,-1.752160474757748,100,0,,50,0,,50,0
2016-01-02,1.5506325779125134,50,0,,50,0,3.2050811904360472,100,0,-1.7491746024047885,100,0,,50,0,,50,0
2016-01-03,1.5706143420162673,50,0,,50,0,3.2050811904360472,100,0,-1.7475243994089875,100,0,,50,0,,50,0
2016-01-04,1.5435589719537595,50,0,,50,0,3.2050811904360472,100,0,-1.7489583460251439,100,0,,50,0,,50,0
2016-01-05,1.5180425264877861,50,0,,50,0,3.2050811904360472,100,0,-1.7495248005214454,100,0,,50,0,,50,0
2016-01-06,1.5527977220945106,50,0,,50,0,3.2050811904360472,100,0,-1.7483510914260634,100,0,,50,0,,50,0
2016-01-07,1.5188544361756322,50,0,,50,0,3.2050811904360472,100,0,-1.7551952629165308,100,0,,50,0,,50,0
2016-01-08,1.674306596217701,50,0,,50,0,3.2050811904360472,100,0,-1.7499384815087733,100,0,,50,0,,50,0
2016-01-09,1.617991399839659,50,0,,50,0,3.2050811904360472,100,0,-1.750492421711765,100,0,,50,0,,50,0
2016-01-10,1.7199069448186022,50,0,,50,0,3.2050811904360472,100,0,-1.7473421384372978,100,0,,50,0,,50,0
2016-01-11,1.956441922382359,50,0,,50,0,3.2050811904360472,100,0,-1.7406391730900619,100,0,,50,0,,50,0
2016-01-12,2.257971967320138,50,0,,50,0,3.2050811904360472,100,0,-1.728565062522339,100,0,,50,0,,50,0
2016-01-13,2.127197382762085,50,0,,50,0,3.2050811904360472,100,0,-1.7300405174295481,100,0,,50,0,,50,0
2016-01-14,2.216150728418631,50,0,,50,0,3.2050811904360472,100,0,-1.72653057272924,100,0,,50,0,,50,0
2016-01-15,2.572918057553714,50,0,,50,0,3.2050811904360472,100,0,-1.6922115668012618,100,0,,50,0,,50,0
2016-01-16,2.302789330408154,50,0,,50,0,3.2050811904360472,100,0,-1.7088738587975714,100,0,,50,0,,50,0
2016-01-17,2.2652656485231577,50,0,,50,0,3.2050811904360472,100,0,-1.6957467012909646,100,0,,50,0,,50,0
2016-01-18,2.537029530426854,50,0,,50,0,3.2050811904360472,100,0,-1.6792838230669007,100,0,,50,0,,50,0
2016-01-19,2.2130508803146496,50,0,,50,0,3.2050811904360472,100,0,-1.68926552588823,100,0,,50,0,,50,0
2016-01-20,2.4828937766615513,50,0,,50,0,3.2050811904360472,100,0,-1.6942152819867176,100,0,,50,0,,50,0
2016-01-21,2.579186472364369,50,0,,50,0,3.2050811904360472,100,0,-1.685953869560702,100,0,,50,0,,50,0
2016-01-22,2.6067739335477857,50,0,,50,0,3.2050811904360472,100,0,-1.6715649363865013,100,0,,50,0,,50,0
2016-01-23,3.8853362168524166,0,100,,50,0,3.2050811904360472,100,0,-1.6190704570295738,100,0,,50,0,,50,0
2016-01-24,3.9662671781488057,0,100,,50,0,3.2050811904360472,100,0,-1.6190491830488882,100,0,,50,0,,50,0
2016-01-25,4.896513245649472,0,100,,50,0,3.2050811904360472,100,0,-1.5649977140391491,100,0,,50,0,,50,0
2016-01-26,4.392034082752292,0,100,,50,0,3.2050811904360472,100,0,-1.5812564125709982,100,0,,50,0,,50,0
2016-01-27,4.401511857864799,0,100,,50,0,3.2050811904360472,100,0,-1.5813093285564932,100,0,,50,0,,50,0
2016-01-28,4.6657780216814775,0,100,,50,0,3.2050811904360472,100,0,-1.5539385392267833,100,0,,50,0,,50,0
2016-01-29,4.463602397144192,0,100,,50,0,3.2050811904360472,100,0,-1.5606968860920893,100,0,,50,0,,50,0
2016-01-30,4.226599602489767,0,100,,50,0,3.2050811904360472,100,0,-1.5647560703727672,100,0,,50,0,,50,0
2016-01-31,3.7793824849452333,0,100,,50,0,19.51754008724066,100,0,-1.579724675409931,100,0,,50,0,,50,0
2016-02-01,2.847342136656586,50,0,,50,0,19.51754008724066,100,0,-1.5919229524842475,100,0,,50,0,,50,0
2016-02-02,3.3708747509618058,50,100,,50,0,19.51754008724066,100,0,-1.5608410345877202,100,0,,50,0,,50,0
2016-02-03,3.476328055020013,50,100,,50,0,19.51754008724066,100,0,-1.547370168396666,100,0,,50,0,,50,0
2016-02-04,3.476980700861813,50,100,,50,0,19.51754008724066,100,0,-1.5615751152542978,100,0,,50,0,,50,0
2016-02-05,3.1808685725108625,50,100,,50,0,19.51754008724066,100,0,-1.5560545732730782,100,0,,50,0,,50,0
2016-02-06,3.1495074109138983,50,100,,50,0,19.51754008724066,100,0,-1.5503454331441517,100,0,,50,0,,50,0
2016-02-07,3.463181629892357,50,100,,50,0,19.51754008724066,100,0,-1.5106884196430046,100,0,,50,0,,50,0
2016-02-08,3.8667026569515173,0,100,,50,0,19.51754008724066,100,0,-1.4736182327300047,100,0,,50,0,,50,0
2016-02-09,4.855484432670544,0,100,,50,0,19.51754008724066,100,0,-1.3944682256044212,100,0,,50,0,,50,0
2016-02-10,4.758732137167981,0,100,,50,0,19.51754008724066,100,0,-1.3460623858812029,100,0,,50,0,,50,0
2016-02-11,6.440522501971793,0,100,,50,0,19.51754008724066,100,0,-1.1737757295966857,100,0,,50,0,,50,0
2016-02-12,5.553424498837473,0,100,,50,0,19.51754008724066,100,0,-1.2271576452558857,100,0,,50,0,,50,0
2016-02-13,5.197475263892209,0,100,,50,0,19.51754008724066,100,0,-1.2665194612068233,100,0,,50,0,,50,0
2016-02-14,3.8351094128738685,0,100,,50,0,19.51754008724066,100,0,-1.2967007811825488,100,0,,50,0,,50,0
2016-02-15,3.7715525436812563,0,100,,50,0,19.51754008724066,100,0,-1.2876176663898578,100,0,,50,0,,50,0
2016-02-16,2.780573581513747,50,0,,50,0,19.51754008724066,100,0,-1.3924116524949963,100,0,,50,0,,50,0
2016-02-17,2.2768985761431666,50,0,,50,0,19.51754008724066,100,0,-1.4482110498532954,100,0,,50,0,,50,0
2016-02-18,2.8343606258391727,50,0,,50,0,19.51754008724066,100,0,-1.3969914834933914,100,0,,50,0,,50,0
2016-02-19,3.012602761782897,50,100,,50,0,19.51754008724066,100,0,-1.372768377529213,100,0,,50,0,,50,0
2016-02-20,2.769219369931074,50,0,,50,0,19.51754008724066,100,0,-1.4177599608165736,100,0,,50,0,,50,0
2016-02-21,3.039665367195901,50,100,,50,0,19.51754008724066,100,0,-1.389439355479907,100,0,,50,0,,50,0
2016-02-22,4.014429064776757,0,100,,50,0,19.51754008724066,100,0,-1.2928177017845541,100,0,,50,0,,50,0
2016-02-23,4.0007809542273,0,100,4.057906771666868,0,100,19.51754008724066,100,0,-1.268214025377685,100,0,4.057906771666868,0,100,,50,0
2016-02-24,4.5997294011400545,0,100,4.432135619143562,0,100,19.51754008724066,100,0,-1.2101802122908254,100,0,4.4288827940285636,0,100,,50,0
2016-02-25,4.377119458552491,0,100,4.247218412307705,0,100,19.51754008724066,100,0,-1.2267729251417634,100,0,4.24040519683098,0,100,,50,0
2016-02-26,3.4669146400728743,50,100,4.04761822136835,0,100,19.51754008724066,100,0,-1.2573477137728064,100,0,4.037121496200384,0,100,,50,0
2016-02-27,3.699163947267365,0,100,4.277227968887176,0,100,19.51754008724066,100,0,-1.21566893783039,100,0,4.2582986671145315,0,100,,50,0
2016-02-28,3.82211007208559,0,100,4.332757945963618,0,100,19.51754008724066,100,0,-1.197190696271256,100,0,4.309461601434026,0,100,,50,0
2016-02-29,3.4712892363451466,50,100,4.157333137144161,0,100,48.86098782033059,50,0,-1.2203760916838393,100,0,4.138620565039407,0,100,,50,0
2016-03-01,3.825921930359492,0,100,4.848240539738464,0,100,48.86098782033059,50,0,-1.0945187413830346,100,0,4.82788678545326,0,100,,50,0
2016-03-02,3.6119849335038605,0,100,5.371628622470043,0,100,48.86098782033059,50,0,-0.9762929628650201,50,0,5.348911857847113,0,100,,50,0
2016-03-03,3.8683129703396153,0,100,5.721808732475467,0,100,48.86098782033059,50,0,-0.889727115763079,50,0,5.6914457350786885,0,100,,50,0
2016-03-04,3.7092136423825623,0,100,6.002176464185514,0,100,48.86098782033059,50,0,-0.7901396012278008,50,0,5.958173375650567,0,100,,50,0
2016-03-05,3.815519029550895,0,100,6.303406428621425,0,100,48.86098782033059,50,0,-0.6781374678210053,50,0,6.239247020666773,0,100,,50,0
2016-03-06,3.823095974725849,0,100,6.279119092445748,0,100,48.86098782033059,50,0,-0.6716871944976482,50,0,6.19940817868871,0,100,,50,0
2016-03-07,3.0301526039956364,50,100,5.307293022844162,0,100,48.86098782033059,50,0,-0.8557849828955671,50,0,5.231156662679673,0,100,,50,0
2016-03-08,2.865753622978321,50,0,5.360985546994023,0,100,48.86098782033059,50,0,-0.8204795443864122,50,0,5.273192657188449,0,100,,50,0
2016-03-09,3.7391187069191507,0,100,6.321190209156829,0,100,48.86098782033059,50,0,-0.6098641507715062,50,0,6.201920649251877,0,100,,50,0
2016-03-10,3.395430014568383,50,100,5.838309902940459,0,100,48.86098782033059,50,0,-0.6885005043195758,50,0,5.712874428411222,0,100,,50,0
2016-03-11,3.3136399587626966,50,100,5.689685723520625,0,100,48.86098782033059,50,0,-0.7016173417675435,50,0,5.550640109060005,0,100,,50,0
2016-03-12,4.1483328178353265,0,100,6.6190233573739325,0,100,48.86098782033059,50,0,-0.44909024361799266,50,0,6.436011167459391,0,100,,50,0
2016-03-13,4.313997485605787,0,100,6.950371601004568,0,100,48.86098782033059,50,0,-0.3438463738804997,50,0,6.733183054026647,0,100,,50,0
2016-03-14,2.876405764384493,50,0,5.835362152171187,0,100,48.86098782033059,50,0,-0.5659686036790587,50,0,5.632869096355853,0,100,,50,0
2016-03-15,2.9034085920207766,50,0,6.040176653630239,0,100,48.86098782033059,50,0,-0.49091296937983053,50,0,5.811118776553247,0,100,,50,0
2016-03-16,2.7980071929888686,50,0,5.756344335939383,0,100,48.86098782033059,50,0,-0.5316671713965417,50,0,5.518194012987436,0,100,,50,0
2016-03-17,2.413098915584419,50,0,4.919109580076025,0,100,48.86098782033059,50,0,-0.706610356752265,50,0,4.700987120073982,0,100,,50,0
2016-03-18,2.3645543305962837,50,0,4.747084252848383,0,100,48.86098782033059,50,0,-0.7011375185284846,50,0,4.522355485563596,0,100,,50,0
2016-03-19,2.2081160611896555,50,0,4.52399271067034,0,100,48.86098782033059,50,0,-0.7380196439785194,50,0,4.2968216039710905,0,100,,50,0
2016-03-20,1.9776995199569778,50,0,4.345927337577046,0,100,48.86098782033059,50,0,-0.7731675972611073,50,0,4.114814100822835,0,100,,50,0
2016-03-21,2.5641910878714085,50,0,4.935027015432205,0,100,48.86098782033059,50,0,-0.6052021234941464,50,0,4.656214065479701,0,100,,50,0
2016-03-22,2.311632306876752,50,0,4.634941773606559,0,100,48.86098782033059,50,0,-0.6756930377913527,50,0,4.357983721124865,0,100,,50,0
2016-03-23,2.5221984228442116,50,0,5.000756356561562,0,100,48.86098782033059,50,0,-0.563483087412532,50,0,4.686101748045175,0,100,,50,0
2016-03-24,2.0335109808972454,50,0,4.434419251017434,0,100,48.86098782033059,50,0,-0.6805097118417814,50,0,4.141787173524913,0,100,,50,0
2016-03-25,1.8323800376094896,50,0,4.172864312063014,0,100,48.86098782033059,50,0,-0.741286409433053,50,0,3.8844422871471864,0,100,,50,0
2016-03-26,1.9525629648461156,50,0,4.247789289709868,0,100,48.86098782033059,50,0,-0.7067291697820182,50,0,3.940629890115235,0,100,,50,0
2016-03-27,1.6841811441698107,50,0,3.958933255796427,0,100,48.86098782033059,50,0,-0.7921047178548577,50,0,3.6599611132062555,0,100,,50,0
2016-03-28,2.1248436543375067,50,0,4.378726810364553,0,100,48.86098782033059,50,0,-0.6564479585212853,50,0,4.0332083030164325,0,100,,50,0
2016-03-29,2.076677305910083,50,0,4.328342063507159,0,100,48.86098782033059,50,0,-0.6329899532150193,50,0,3.9704086444778626,0,100,,50,0
2016-03-30,2.0396274016664013,50,0,4.331702188946447,0,100,48.86098782033059,50,0,-0.6054440114154739,50,0,3.9585646642674024,0,100,,50,0
2016-03-31,1.9767080357606208,50,0,4.09981305438905,0,100,65.55059033670422,50,0,-0.665192045857424,50,0,3.7312008140761277,0,100,,50,0
2016-04-01,2.0585287556707925,50,0,4.1359220552119895,0,100,65.55059033670422,50,0,-0.642469488039463,50,0,3.748903585551667,0,100,,50,0
2016-04-02,2.049774687878175,50,0,4.079130572927822,0,100,65.55059033670422,50,0,-0.650759833546383,50,0,3.682552991037985,0,100,,50,0
2016-04-03,2.0381526477379603,50,0,4.0221501523826,0,100,65.55059033670422,50,0,-0.6532391500373961,50,0,3.6164788645907078,0,100,,50,0
2016-04-04,1.8604729741602055,50,0,3.809252291347952,0,100,65.55059033670422,50,0,-0.7014348905734606,50,0,3.411159490077092,0,100,,50,0
2016-04-05,1.5932716698254887,50,0,3.5357464833195467,0,100,65.55059033670422,50,0,-0.7796593328519277,50,0,3.153570239072671,0,100,,50,0
2016-04-06,1.657686634359949,50,0,3.5942440394674096,0,100,65.55059033670422,50,0,-0.7488050507083474,50,0,3.1930114203437516,0,100,,50,0
2016-04-07,1.4237473904678497,50,0,3.3497973159167156,0,100,65.55059033670422,50,0,-0.8122089669015987,50,0,2.9645231091136046,0,100,,50,0
2016-04-08,1.2814239978528208,50,0,3.1953806180238304,0,100,65.55059033670422,50,0,-0.8441163680405087,50,0,2.8172398271222385,0,100,,50,0
2016-04-09,1.0616002336981951,50,0,2.9720440747197348,0,100,65.55059033670422,50,0,-0.9066716693875008,50,0,2.6101705337425933,0,100,,50,0
2016-04-10,0.9719566700583426,50,0,2.8726768708149133,0,100,65.55059033670422,50,0,-0.9379528850834215,50,0,2.5135815619812876,0,100,,50,0
2016-04-11,0.910915721730603,50,0,2.795043762516639,0,100,65.55059033670422,50,0,-0.9587360112227552,50,0,2.436307621316664,0,100,,50,0
2016-04-12,0.4872681374226367,50,0,2.395657912844179,0,100,65.55059033670422,50,0,-1.088257623201657,100,0,2.0801467918706646,0,0,,50,0
2016-04-13,0.677077462659003,50,0,2.5555394658689514,0,100,65.55059033670422,50,0,-1.0279271188206773,50,0,2.210603682304399,0,0,,50,0
2016-04-14,1.1057589903937635,50,0,2.6679826849790493,0,100,65.55059033670422,50,0,-0.9883117803513878,50,0,2.298878640582018,0,0,,50,0
2016-04-15,1.0398119403916908,50,0,2.574347374486761,0,100,65.55059033670422,50,0,-1.022495003796924,50,0,2.2093544100110867,0,0,,50,0
2016-04-16,1.138844663327494,50,0,2.6704799181438332,0,100,65.55059033670422,50,0,-0.9891193590826532,50,0,2.2829095953902714,0,0,,50,0
2016-04-17,1.4589977252268778,50,0,2.88689740549494,0,100,65.55059033670422,50,0,-0.9067211055323291,50,0,2.4582363301859815,0,100,,50,0
2016-04-18,1.3169942212389145,50,0,2.7590213347972794,0,100,65.55059033670422,50,0,-0.9426315035786458,50,0,2.3400679548680783,0,0,,50,0
2016-04-19,1.2244797566572168,50,0,2.6679176380346545,0,100,65.55059033670422,50,0,-0.9824904889374368,50,0,2.2539773714106106,0,0,,50,0
2016-04-20,1.1260945286827406,50,0,2.577980061206167,0,100,65.55059033670422,50,0,-1.0159808224628912,50,0,2.169628343592752,0,0,,50,0
2016-04-21,0.985249163130901,50,0,2.4568930993230538,0,100,65.55059033670422,50,0,-1.06701223792435,50,0,2.0596955073266914,0,0,,50,0
2016-04-22,0.8843722010346406,50,0,2.3703710245125684,0,100,65.55059033670422,50,0,-1.0835798793636817,100,0,1.979519128451112,0,0,,50,0
2016-04-23,1.0594662532044072,50,0,2.5073096356989057,0,100,65.55059033670422,50,0,-1.045277456659771,50,0,2.085869545188933,0,0,,50,0
2016-04-24,0.9030758921542805,50,0,2.374098437982304,0,100,65.55059033670422,50,0,-1.0991849274346903,100,0,1.9674736646860467,0,0,,50,0
2016-04-25,0.7115367496574502,50,0,2.218948689343329,0,100,65.55059033670422,50,0,-1.147455518412623,100,0,1.8320285784760117,0,0,,50,0
2016-04-26,0.6802231863305372,50,0,2.1833079205943067,0,100,65.55059033670422,50,0,-1.1618136728130624,100,0,1.7959104219019568,0,0,,50,0
2016-04-27,0.8253999083219211,50,0,2.2780782511241853,0,100,65.55059033670422,50,0,-1.0904956161031911,100,0,1.8668717211841013,0,0,,50,0
2016-04-28,0.7475594580819687,50,0,2.111612247720783,0,100,65.55059033670422,50,0,-1.150820872516347,100,0,1.7240287244283485,0,0,,50,0
2016-04-29,0.8360341853031774,50,0,2.1591300684059895,0,100,65.55059033670422,50,0,-1.1413856259846118,100,0,1.756335622531945,0,0,,50,0
2016-04-30,1.3304387255799972,50,0,2.5405967328721455,0,100,55.622064332521234,50,0,-0.9994277902577846,50,0,2.0587400200798576,0,0,,50,0
2016-05-01,1.2751984438803448,50,0,2.515470538560676,0,100,55.622064332521234,50,0,-1.012442095516684,50,0,2.03034926594625,0,0,,50,0
2016-05-02,1.6906055669187878,50,0,2.865412597253724,0,100,55.622064332521234,50,0,-0.8686292602878762,50,0,2.3036790932100715,0,0,,50,0
2016-05-03,1.4147671490641203,50,0,2.6474616496771817,0,100,55.622064332521234,50,0,-0.9506526515086304,50,0,2.1201417629355075,0,0,,50,0
2016-05-04,1.413784933007209,50,0,2.6355886938568682,0,100,55.622064332521234,50,0,-0.9427372605297257,50,0,2.1024197833180174,0,0,,50,0
2016-05-05,1.5404477540132837,50,0,2.7277432157230463,0,100,55.622064332521234,50,0,-0.9072879044124241,50,0,2.1673885733327456,0,0,,50,0
2016-05-06,1.1723153602697831,50,0,2.6030115647704677,0,100,55.622064332521234,50,0,-0.968845688611045,50,0,2.0602513314062874,0,0,,50,0
2016-05-07,1.164000392117172,50,0,2.591539341637696,0,100,55.622064332521234,50,0,-0.9669641789733167,50,0,2.043110305000255,0,0,,50,0
2016-05-08,1.1815973330162375,50,0,2.6073428891601664,0,100,55.622064332521234,50,0,-0.9564498236415058,50,0,2.047466885198965,0,0,,50,0
2016-05-09,1.1287888181643748,50,0,2.55251968035932,0,100,55.622064332521234,50,0,-0.9740934940693668,50,0,1.9968449358815208,0,0,,50,0
2016-05-10,1.1281990337367682,50,0,2.5481050700710512,0,100,55.622064332521234,50,0,-0.9467475534361192,50,0,1.985927476339262,0,0,,50,0
2016-05-11,1.1920533275158576,50,0,2.6782496067581287,0,100,55.622064332521234,50,0,-0.901093439695349,50,0,2.0794696725249637,0,0,,50,0
2016-05-12,1.2041831686717444,50,0,2.703292101524576,0,100,55.622064332521234,50,0,-0.8900137133220043,50,0,2.0911385306837866,0,0,,50,0
2016-05-13,1.2252849650323405,50,0,2.8228527924515303,0,100,55.622064332521234,50,0,-0.8448858172434569,50,0,2.1756551617916102,0,0,,50,0
2016-05-14,1.0412895367792552,50,0,2.707646135838424,0,100,55.622064332521234,50,0,-0.8816040418345186,50,0,2.0796059918347534,0,0,,50,0
2016-05-15,0.8745784650567657,50,0,2.625943120224964,0,100,55.622064332521234,50,0,-0.9107698849459905,50,0,2.010224874276349,0,0,,50,0
2016-05-16,1.0482340606397482,50,0,2.9044133362799642,0,100,55.622064332521234,50,0,-0.792010388062741,50,0,2.216343793820291,0,0,,50,0
2016-05-17,1.2501800144798485,50,0,3.1602328288616395,0,100,55.622064332521234,50,0,-0.6863453610595773,50,0,2.4035890987631707,0,100,,50,0
2016-05-18,1.3248966021429809,50,0,3.4367130179302063,0,100,55.622064332521234,50,0,-0.5768604766388101,50,0,2.6044448976323804,0,100,,50,0
2016-05-19,1.4356301099502347,50,0,3.691682898968829,0,100,55.622064332521234,50,0,-0.41733685532877823,50,0,2.7876652833877396,0,100,,50,0
2016-05-20,1.278764954864319,50,0,3.447929984174794,0,100,55.622064332521234,50,0,-0.51418266705298,50,0,2.594477386974622,0,100,,50,0
2016-05-21,1.3317498227710192,50,0,3.5058426316486204,0,100,55.622064332521234,50,0,-0.485115981642378,50,0,2.628925353119152,0,100,,50,0
2016-05-22,1.3569097205007454,50,0,3.5291704064280816,0,100,55.622064332521234,50,0,-0.4529454692296745,50,0,2.6366440411600385,0,100,,50,0
2016-05-23,1.186888148612679,50,0,3.282958533773001,0,100,55.622064332521234,50,0,-0.5503490267556531,50,0,2.444002820174466,0,100,,50,0
2016-05-24,1.1050774720580778,50,0,3.1161630894845844,0,100,55.622064332521234,50,0,-0.6110957313600189,50,0,2.311903638694224,0,0,,50,0
2016-05-25,1.039485453814053,50,0,3.0384197975925655,0,100,55.622064332521234,50,0,-0.6464547037990298,50,0,2.2464849558848883,0,0,,50,0
2016-05-26,1.0326207944414203,50,0,3.0183694096610685,0,100,55.622064332521234,50,0,-0.6563105155060381,50,0,2.2241975805488465,0,0,,50,0
2016-05-27,0.8337271248893008,50,0,2.6848552918766693,0,100,55.622064332521234,50,0,-0.8204972622871617,50,0,1.9720047634809732,0,0,,50,0
2016-05-28,0.9078805266514136,50,0,2.826944376373992,0,100,55.622064332521234,50,0,-0.8802484580951081,50,0,2.0693752729934562,0,0,,50,0
2016-05-29,1.019095460899078,50,0,2.9285848471240636,0,100,55.622064332521234,50,0,-0.832657843530553,50,0,2.1362327688810328,0,0,,50,0
2016-05-30,1.086974142759389,50,0,2.979214084623574,0,100,55.622064332521234,50,0,-0.8197955653492753,50,0,2.16574565861026,0,0,,50,0
2016-05-31,1.4136315952577605,50,0,3.274834734803166,0,100,66.70258110573884,50,0,-0.7041036566927041,50,0,2.372388890932961,0,0,,50,0
2016-06-01,1.372158807390755,50,0,3.2195459333061067,0,100,66.70258110573884,50,0,-0.7289324443619752,50,0,2.324257023101305,0,0,,50,0
2016-06-02,1.3412511644537146,50,0,3.17652024237063,0,100,66.70258110573884,50,0,-0.7381424832765712,50,0,2.285352359430191,0,0,,50,0
2016-06-03,1.355233031385355,50,0,3.1678496455328657,0,100,66.70258110573884,50,0,-0.7942854523261719,50,0,2.271348031567401,0,0,,50,0
2016-06-04,1.16146231729816,50,0,3.107944130042205,0,100,66.70258110573884,50,0,-0.814247216120225,50,0,2.221005246121352,0,0,,50,0
2016-06-05,1.1847969772759945,50,0,3.1329186055812945,0,100,66.70258110573884,50,0,-0.8001821309156452,50,0,2.231420200081637,0,0,,50,0
2016-06-06,1.1898271135302658,50,0,3.124096471990591,0,100,66.70258110573884,50,0,-0.8149433308153602,50,0,2.217667529734182,0,0,,50,0
2016-06-07,1.2491465824776375,50,0,3.2220353747235184,0,100,66.70258110573884,50,0,-0.7612485265318756,50,0,2.27943375259375,0,0,,50,0
2016-06-08,1.206658864433262,50,0,3.1916754175719495,0,100,66.70258110573884,50,0,-0.7722561739785035,50,0,2.250401666502756,0,0,,50,0
2016-06-09,1.193268521858753,50,0,3.1637610713434707,0,100,66.70258110573884,50,0,-0.7629534908323906,50,0,2.2233043552803333,0,0,,50,0
2016-06-10,1.012691038726116,50,0,3.0278802542972456,0,100,66.70258110573884,50,0,-0.8073504339122013,50,0,2.120749153019769,0,0,,50,0
2016-06-11,1.0425285560977136,50,0,3.067941529404529,0,100,66.70258110573884,50,0,-0.8312922507327445,50,0,2.141649169514376,0,0,,50,0
2016-06-12,1.249727546668449,50,0,3.3748195901520215,0,100,66.70258110573884,50,0,-0.8301193146269958,50,0,2.3477864377335043,0,0,,50,0
2016-06-13,1.4938920290604079,50,0,3.7475620771818314,0,100,66.70258110573884,50,0,-0.762835624871669,50,0,2.5979013184123576,0,100,,50,0
2016-06-14,1.6046081375724204,50,0,3.9357756759921356,0,100,66.70258110573884,50,0,-0.6653534091031003,50,0,2.7186932197362625,0,100,,50,0
2016-06-15,1.556514022060786,50,0,3.8317494097521525,0,100,66.70258110573884,50,0,-0.7027253638713802,50,0,2.6375891825331177,0,100,,50,0
2016-06-16,1.52785913995485,50,0,4.269473866289168,0,100,66.70258110573884,50,0,-0.6802077640291301,50,0,2.9282614420070026,0,100,,50,0
2016-06-17,0.9786510575159603,50,0,3.1612201121116934,0,100,66.70258110573884,50,0,-0.9560352469775242,50,0,2.160935635803632,0,0,,50,0
2016-06-18,0.23010105833467479,50,0,2.293688380118454,0,100,66.70258110573884,50,0,-1.2039356650459652,100,0,1.5630167268757198,0,0,,50,0
2016-06-19,0.41648041398714836,50,0,2.4974982396672756,0,100,66.70258110573884,50,0,-1.1515404322746097,100,0,1.6964657153014207,0,0,,50,0
2016-06-20,0.2966099677568428,50,0,2.360546063005059,0,100,66.70258110573884,50,0,-1.1464203564163862,100,0,1.5983939413192159,0,0,,50,0
2016-06-21,0.5381964086318105,50,0,2.6211772255304515,0,100,66.70258110573884,50,0,-1.004065375663428,50,0,1.7692042829382923,0,0,,50,0
2016-06-22,0.5755388966679472,50,0,2.6427293604080537,0,100,66.70258110573884,50,0,-0.8858692130039179,50,0,1.778092422016521,0,0,,50,0
2016-06-23,0.7396804887048657,50,0,2.742023800828397,0,100,66.70258110573884,50,0,-0.8967258507775184,50,0,1.8389618524851186,0,0,,50,0
2016-06-24,0.8243429097495222,50,0,2.842149254362563,0,100,66.70258110573884,50,0,-0.9106574368540558,50,0,1.8999022145459077,0,0,,50,0
2016-06-25,0.8044113107425436,50,0,2.8190886700842417,0,100,66.70258110573884,50,0,-0.9195700485317344,50,0,1.8783796449577332,0,0,,50,0
2016-06-26,0.7008208854858342,50,0,2.7068451859039784,0,100,66.70258110573884,50,0,-0.8972701800068434,50,0,1.7978210247468307,0,0,,50,0
2016-06-27,0.7394923868189842,50,0,2.734799619853925,0,100,66.70258110573884,50,0,-0.9144889527397438,50,0,1.8106245218213342,0,0,,50,0
2016-06-28,0.4227227126279163,50,0,2.3592267024024123,0,100,66.70258110573884,50,0,-1.0324346910532372,50,0,1.5572184127157105,0,0,,50,0
2016-06-29,0.5147897913705869,50,0,2.4497689035895176,0,100,66.70258110573884,50,0,-0.9861193319714335,50,0,1.6121010359864925,0,0,,50,0
2016-06-30,0.4687158890796968,50,0,2.3903155011347406,0,100,61.66165960642335,50,0,-1.0478228000654948,50,0,1.5682216172575303,0,0,,50,0
2016-07-01,0.4303831571930031,50,0,2.3460600695415463,0,100,61.66165960642335,50,0,-1.063068767164456,50,0,1.5346267092743735,0,0,,50,0
2016-07-02,0.3949849284244237,50,0,2.305341301826954,0,100,61.66165960642335,50,0,-1.1011906276564467,100,0,1.503556165169,0,0,,50,0
2016-07-03,0.32887063846373393,50,0,2.239177479951574,0,100,61.66165960642335,50,0,-1.075883161362346,50,0,1.4560200685142262,50,0,,50,0
2016-07-04,0.22727005518270874,50,0,2.157709926537024,0,100,61.66165960642335,50,0,-1.1200862108998833,100,0,1.3989329623474795,50,0,,50,0
2016-07-05,0.019967495737725095,50,0,1.9819735331069546,0,0,61.66165960642335,50,0,-1.1653769684951771,100,0,1.281257632445439,50,0,,50,0
2016-07-06,0.027027923022360588,50,0,1.9835141510740837,0,0,61.66165960642335,50,0,-1.1723653107170564,100,0,1.278526359924499,50,0,,50,0
2016-07-07,0.005960752981997674,50,0,1.8946833412688595,0,0,61.66165960642335,50,0,-1.1629427641735306,100,0,1.217799819751898,50,0,,50,0
2016-07-08,0.3356068014569558,50,0,2.1192246159521093,0,100,61.66165960642335,50,0,-1.108459369463136,100,0,1.3581521193196613,50,0,,50,0
2016-07-09,0.24702636921039958,50,0,2.038822832546481,0,100,61.66165960642335,50,0,-1.119886459159665,100,0,1.3028251683181504,50,0,,50,0
2016-07-10,0.22529919738856488,50,0,2.0341568751469956,0,100,61.66165960642335,50,0,-1.1171118464871514,100,0,1.2960666886843524,50,0,,50,0
2016-07-11,0.15706979052645348,50,0,1.9553061376076804,0,0,61.66165960642335,50,0,-1.1436213850046353,100,0,1.2422368542544517,50,0,,50,0
2016-07-12,0.1513560514664725,50,0,1.947413996249713,0,0,61.66165960642335,50,0,-1.1650926347537254,100,0,1.233665210088078,50,0,,50,0
2016-07-13,0.12133640998666553,50,0,1.9226084894113518,0,0,61.66165960642335,50,0,-1.1599879300700493,100,0,1.214454799459432,50,0,,50,0
2016-07-14,0.35668969977113635,50,0,2.1160860697372614,0,100,61.66165960642335,50,0,-1.0916878432880877,100,0,1.3327944604634443,50,0,,50,0
2016-07-15,0.39156514001230097,50,0,2.19226795815608,0,100,61.66165960642335,50,0,-1.0687626074881837,50,0,1.3767391466774057,50,0,,50,0
2016-07-16,0.3406765254146575,50,0,2.1349428788945937,0,100,61.66165960642335,50,0,-1.0848253845300073,100,0,1.3368584197388056,50,0,,50,0
2016-07-17,0.25363107277591174,50,0,2.044551392232983,0,100,61.66165960642335,50,0,-1.1316449313700068,100,0,1.276612378265309,50,0,,50,0
2016-07-18,0.21720513137741912,50,0,2.007069682104995,0,100,61.66165960642335,50,0,-1.1364494776137954,100,0,1.2496965816873553,50,0,,50,0
2016-07-19,0.2733433028466497,50,0,2.1076832165160813,0,100,61.66165960642335,50,0,-1.0981236472042457,100,0,1.3086228229031966,50,0,,50,0
2016-07-20,0.4384149302817801,50,0,2.24900853045487,0,100,61.66165960642335,50,0,-1.0364866639040473,50,0,1.3923981585702725,50,0,,50,0
2016-07-21,0.46486818136678704,50,0,2.2840924508719396,0,100,61.66165960642335,50,0,-1.0203056887844602,50,0,1.4101007614830723,50,0,,50,0
2016-07-22,0.8319109657795799,50,0,2.64419865229784,0,100,61.66165960642335,50,0,-0.8620691624064846,50,0,1.6276493535530736,0,0,,50,0
2016-07-23,0.6824358598744857,50,0,2.5648263193880987,0,100,61.66165960642335,50,0,-0.8971615311378516,50,0,1.574213688298579,0,0,,50,0
2016-07-24,0.36052057668062926,50,0,2.250687223247309,0,100,61.66165960642335,50,0,-1.0151392518053801,50,0,1.3775089356491996,50,0,,50,0
2016-07-25,0.5125101219264468,50,0,2.438782427664747,0,100,61.66165960642335,50,0,-0.9336114709708977,50,0,1.488360698932427,0,0,,50,0
2016-07-26,0.1487944962123977,50,0,2.1014589912664254,0,100,61.66165960642335,50,0,-1.0563951673415821,50,0,1.2789607706873949,50,0,,50,0
2016-07-27,0.30384266529139253,50,0,2.2860463458535554,0,100,61.66165960642335,50,0,-0.9863093089827519,50,0,1.3874072519505385,50,0,,50,0
2016-07-28,0.29730075423197383,50,0,2.247776107424583,0,100,61.66165960642335,50,0,-0.9975828610856847,50,0,1.360403371917,50,0,,50,0
2016-07-29,0.2619697625419359,50,0,2.238187150088206,0,100,61.66165960642335,50,0,-1.0000008612676363,50,0,1.3509096201647108,50,0,,50,0
2016-07-30,0.20620288514234583,50,0,2.1686272033857863,0,100,61.66165960642335,50,0,-1.0207801840023865,50,0,1.30545832220081,50,0,,50,0
2016-07-31,0.12159986287985948,50,0,2.0632815290984996,0,100,60.09091694970985,50,0,-1.0200178224930045,50,0,1.2387616056225295,50,0,,50,0
2016-08-01,-0.024722525181553965,50,0,1.8963399945496937,0,0,60.09091694970985,50,0,-1.0618561062108114,50,0,1.1355880837813042,50,0,,50,0
2016-08-02,-0.49641895237947714,50,0,1.437876166642878,0,0,60.09091694970985,50,0,-1.1605352806604692,100,0,0.8589635447172402,50,0,,50,0
2016-08-03,-0.0765476869928563,50,0,1.8099477821054035,0,0,60.09091694970985,50,0,-1.0474150438703267,50,0,1.0784924311923632,50,0,,50,0
2016-08-04,0.07631774911162524,50,0,1.9283392567887607,0,0,60.09091694970985,50,0,-1.0123963778156815,50,0,1.146159284241573,50,0,,50,0
2016-08-05,0.04997183961933969,50,0,1.9074754225337196,0,0,60.09091694970985,50,0,-1.0161197761278977,50,0,1.1310161558966645,50,0,,50,0
2016-08-06,0.018870651056521387,50,0,1.8728338329780525,0,0,60.09091694970985,50,0,-1.0423035616131353,50,0,1.1077386987679438,50,0,,50,0
2016-08-07,0.01877364567879438,50,0,1.8739915906816382,0,0,60.09091694970985,50,0,-1.0452030834934531,50,0,1.105752780024235,50,0,,50,0
2016-08-08,0.06086784679129085,50,0,1.917889739903774,0,0,60.09091694970985,50,0,-1.0201582159645395,50,0,1.1289432856302264,50,0,,50,0
2016-08-09,0.19982876530634364,50,0,2.080843124266071,0,100,60.09091694970985,50,0,-0.9419459873769485,50,0,1.2219033925410014,50,0,,50,0
2016-08-10,0.13640573287088964,50,0,2.0391438820972727,0,100,60.09091694970985,50,0,-0.960566065258606,50,0,1.1948274994880819,50,0,,50,0
2016-08-11,0.06033682374593017,50,0,1.9683397690045465,0,0,60.09091694970985,50,0,-0.9884211792908002,50,0,1.1509149099745561,50,0,,50,0
2016-08-12,0.07555493644500483,50,0,1.9786762921230934,0,0,60.09091694970985,50,0,-0.9781390102965054,50,0,1.154767766947425,50,0,,50,0
2016-08-13,0.03742956625813303,50,0,1.9367230587075996,0,0,60.09091694970985,50,0,-0.9916885298860427,50,0,1.1280675506186626,50,0,,50,0
2016-08-14,-0.022309449655879852,50,0,1.8793185767011025,0,0,60.09091694970985,50,0,-0.9947109977134092,50,0,1.0925096923158895,50,0,,50,0
2016-08-15,-0.04035432765877279,50,0,1.8581614577104093,0,0,60.09091694970985,50,0,-0.995171120333087,50,0,1.0781964001421964,50,0,,50,0
2016-08-16,-0.04150566142002448,50,0,1.8539923271987337,0,0,60.09091694970985,50,0,-1.0125151386201663,50,0,1.073740927805094,50,0,,50,0
2016-08-17,-0.08795264939115399,50,0,1.790635227399334,0,0,60.09091694970985,50,0,-1.0325517899337595,50,0,1.0350755719875608,50,0,,50,0
2016-08-18,-0.09458009262965514,50,0,1.7795868816171592,0,0,60.09091694970985,50,0,-1.0353160447488268,50,0,1.0266381213095,50,0,,50,0
2016-08-19,-0.09844892067520415,50,0,1.7741688365870325,0,0,60.09091694970985,50,0,-1.0370963095588583,50,0,1.0214369942129782,50,0,,50,0
2016-08-20,0.0036256814254849857,50,0,1.860584268748003,0,0,60.09091694970985,50,0,-1.0073146163482771,50,0,1.0691368094832938,50,0,,50,0
2016-08-21,-0.0279583461937932,50,0,1.8344791947160768,0,0,60.09091694970985,50,0,-1.0157962373090652,50,0,1.052164257912939,50,0,,50,0
2016-08-22,-0.04463675934734078,50,0,1.818325646046641,0,0,60.09091694970985,50,0,-1.0271864142451697,50,0,1.0409614835610332,50,0,,50,0
2016-08-23,-0.06179086234197703,50,0,1.800049541044503,0,0,60.09091694970985,50,0,-1.0304318957313316,50,0,1.0285945218441719,50,0,,50,0
2016-08-24,-0.0588672122496071,50,0,1.7991071720392309,0,0,60.09091694970985,50,0,-1.0236308653000492,50,0,1.0261484553014149,50,0,,50,0
2016-08-25,-0.001271238244527486,50,0,1.8477303535128589,0,0,60.09091694970985,50,0,-0.9957013240032984,50,0,1.0520831899898446,50,0,,50,0
2016-08-26,-0.010915529780601884,50,0,1.8340522039494727,0,0,60.09091694970985,50,0,-1.0042832009318279,50,0,1.042652117535998,50,0,,50,0
2016-08-27,-0.031956652559177706,50,0,1.814646923388605,0,0,60.09091694970985,50,0,-0.9987454350801874,50,0,1.030336057265532,50,0,,50,0
2016-08-28,-0.06404036726535711,50,0,1.7823598753578036,0,0,60.09091694970985,50,0,-1.019176498697368,50,0,1.0109718961712166,50,0,,50,0
2016-08-29,-0.07696340955994935,50,0,1.7708958531520915,0,0,60.09091694970985,50,0,-1.02044497513993,50,0,1.004128855667395,50,0,,50,0
2016-08-30,-0.020951443275805906,50,0,1.8144040863323818,0,0,60.09091694970985,50,0,-1.0017805659401333,50,0,1.0282394983103589,50,0,,50,0
2016-08-31,0.04675882718818895,50,0,1.8675661812234927,0,0,59.01431546566736,50,0,-0.9699940955783861,50,0,1.0576454717295578,50,0,,50,0
2016-09-01,0.13881420878089068,50,0,1.9447811765681693,0,0,59.01431546566736,50,0,-0.9315956863607835,50,0,1.1005586734537876,50,0,,50,0
2016-09-02,0.14101515072082016,50,0,1.9442694173354114,0,0,59.01431546566736,50,0,-0.9369549526804727,50,0,1.0994426027374553,50,0,,50,0
2016-09-03,0.09113617760387394,50,0,1.900275512823894,0,0,59.01431546566736,50,0,-0.9902206013702961,50,0,1.073329744147914,50,0,,50,0
2016-09-04,0.06446155924772684,50,0,1.8732966541823386,0,0,59.01431546566736,50,0,-1.0144921602788057,50,0,1.0566619940293394,50,0,,50,0
2016-09-05,0.054303333875083445,50,0,1.8727022396456832,0,0,59.01431546566736,50,0,-1.008798801496472,50,0,1.0551578314011294,50,0,,50,0
2016-09-06,0.04297663385132163,50,0,1.8609754142141082,0,0,59.01431546566736,50,0,-1.019627472150806,50,0,1.047489571154674,50,0,,50,0
2016-09-07,0.017108343626923532,50,0,1.8349609099462674,0,0,59.01431546566736,50,0,-1.0329482682366062,50,0,1.0316946940545344,50,0,,50,0
2016-09-08,-0.02762588183848378,50,0,1.8033679119695727,0,0,59.01431546566736,50,0,-1.0641318452029505,50,0,1.0129275734014829,50,0,,50,0
2016-09-09,0.01804492529463212,50,0,1.8390475012484948,0,0,59.01431546566736,50,0,-1.0373575620321864,50,0,1.0323705796044833,50,0,,50,0
2016-09-10,0.1082576526131762,50,0,1.9120985319757535,0,0,59.01431546566736,50,0,-1.0058082640100718,50,0,1.0727315755288636,50,0,,50,0
2016-09-11,0.010608242557159296,50,0,1.8313806593737856,0,0,59.01431546566736,50,0,-1.017679305927653,50,0,1.027125848441145,50,0,,50,0
2016-09-12,0.051046909340954606,50,0,1.8650919028661581,0,0,59.01431546566736,50,0,-0.9999152252952703,50,0,1.0456096090686209,50,0,,50,0
2016-09-13,0.0553581446153084,50,0,1.8662279050256008,0,0,59.01431546566736,50,0,-0.9989503670248122,50,0,1.0457222387378728,50,0,,50,0
2016-09-14,0.050716753406993775,50,0,1.8600668613200477,0,0,59.01431546566736,50,0,-1.0009327929932428,50,0,1.041937974264215,50,0,,50,0
2016-09-15,0.060420478179288487,50,0,1.8646655003627552,0,0,59.01431546566736,50,0,-0.9937727639752164,50,0,1.0442544563225278,50,0,,50,0
2016-09-16,0.1505391287143543,50,0,1.958029539029444,0,0,59.01431546566736,50,0,-0.9502028070941222,50,0,1.0961427192737332,50,0,,50,0
2016-09-17,0.18515078874885021,50,0,1.9847668052622085,0,0,59.01431546566736,50,0,-0.9351706467581207,50,0,1.1112598256253703,50,0,,50,0
2016-09-18,0.11760484687624823,50,0,1.9236300028311009,0,0,59.01431546566736,50,0,-0.9671325331733174,50,0,1.0776448916259256,50,0,,50,0
2016-09-19,0.22171521820124918,50,0,2.0089856048706425,0,100,59.01431546566736,50,0,-0.9219739542089713,50,0,1.126426850610627,50,0,,50,0
2016-09-20,0.4401661607343081,50,0,2.262397219237842,0,100,59.01431546566736,50,0,-0.801687038856999,50,0,1.2698398137662035,50,0,,50,0
2016-09-21,0.2546580446437507,50,0,2.1112099966353917,0,100,59.01431546566736,50,0,-0.849998630727746,50,0,1.1866558779711005,50,0,,50,0
2016-09-22,0.13836175819651575,50,0,2.0182374005933137,0,100,59.01431546566736,50,0,-0.8891769458705745,50,0,1.1361328577134162,50,0,,50,0
2016-09-23,0.19857493074639282,50,0,2.039513389197514,0,100,59.01431546566736,50,0,-0.8876141207152954,50,0,1.149088479279861,50,0,,50,0
2016-09-24,0.12557055432418301,50,0,1.9725936076989297,0,0,59.01431546566736,50,0,-0.9172653597984823,50,0,1.1124840603553838,50,0,,50,0
2016-09-25,0.14311984527212224,50,0,1.9867452824913947,0,0,59.01431546566736,50,0,-0.9051595586078544,50,0,1.1225310670234407,50,0,,50,0
2016-09-26,0.10226593827793379,50,0,1.9483638040816111,0,0,59.01431546566736,50,0,-0.9305516943621325,50,0,1.1025642817038595,50,0,,50,0
2016-09-27,0.13040879874707478,50,0,1.9794335011147572,0,0,59.01431546566736,50,0,-0.9113080124812823,50,0,1.1218401638421318,50,0,,50,0
2016-09-28,0.12692592496943322,50,0,2.0078539481520123,0,100,59.01431546566736,50,0,-0.8949065950508215,50,0,1.1406874425357483,50,0,,50,0
2016-09-29,0.09023739202899635,50,0,1.9753668409244456,0,0,59.01431546566736,50,0,-0.908867359118352,50,0,1.1254373650285732,50,0,,50,0
2016-09-30,0.09951617777582737,50,0,1.9896379768949297,0,0,62.53346207643946,50,0,-0.9055642217919967,50,0,1.135790373636798,50,0,,50,0
2016-10-01,0.09087315538630485,50,0,1.9816518987572294,0,0,62.53346207643946,50,0,-0.9170931972801559,50,0,1.1337869368020232,50,0,,50,0
2016-10-02,0.0963074031928248,50,0,1.9839735764583062,0,0,62.53346207643946,50,0,-0.9082746532550795,50,0,1.1374914101283786,50,0,,50,0
2016-10-03,0.130466698778071,50,0,2.0114840243857546,0,100,62.53346207643946,50,0,-0.8943368299914971,50,0,1.1548236743086975,50,0,,50,0
2016-10-04,0.09817048871862241,50,0,1.9808814937790769,0,0,62.53346207643946,50,0,-0.9026369995791579,50,0,1.1386898264010465,50,0,,50,0
2016-10-05,0.05454213489551454,50,0,1.9405102088461574,0,0,62.53346207643946,50,0,-0.9229887949169924,50,0,1.1167308148952355,50,0,,50,0
2016-10-06,0.01924370228271066,50,0,1.9052248804455023,0,0,62.53346207643946,50,0,-0.9372224907529219,50,0,1.0975320000829238,50,0,,50,0
2016-10-07,0.0006858723836733775,50,0,1.8743545785995737,0,0,62.53346207643946,50,0,-0.9589540151442534,50,0,1.0815749100805336,50,0,,50,0
2016-10-08,-0.07625549942197687,50,0,1.8049328527103181,0,0,62.53346207643946,50,0,-0.9920234080537736,50,0,1.043061803930875,50,0,,50,0
2016-10-09,-0.10276398034910614,50,0,1.7784418567309748,0,0,62.53346207643946,50,0,-0.9999938839872526,50,0,1.029765580452031,50,0,,50,0
2016-10-10,-0.15451671974734477,50,0,1.7295052677502718,0,0,62.53346207643946,50,0,-1.023110865630166,50,0,1.0028771242149694,50,0,,50,0
2016-10-11,-0.15745416868673237,50,0,1.725345701553042,0,0,62.53346207643946,50,0,-1.0554371733513508,50,0,1.0016826395137357,50,0,,50,0
2016-10-12,-0.1467499155299609,50,0,1.7314696093826303,0,0,62.53346207643946,50,0,-1.043354270000066,50,0,1.0065936235777142,50,0,,50,0
2016-10-13,-0.12439795396573712,50,0,1.7477589646523795,0,0,62.53346207643946,50,0,-1.032959210737349,50,0,1.0171447424253093,50,0,,50,0
2016-10-14,-0.1406818682469814,50,0,1.7369657368216154,0,0,62.53346207643946,50,0,-1.0418151178945405,50,0,1.0124799667061806,50,0,,50,0
2016-10-15,-0.13225206474577747,50,0,1.7415916911691558,0,0,62.53346207643946,50,0,-1.0353965312297622,50,0,1.016798130891453,50,0,,50,0
2016-10-16,-0.13153149274443637,50,0,1.7393125904413482,0,0,62.53346207643946,50,0,-1.0421571509201748,50,0,1.0171549922857182,50,0,,50,0
2016-10-17,-0.1313556392733239,50,0,1.7374043486038897,0,0,62.53346207643946,50,0,-1.0369447738048556,50,0,1.0175058228850877,50,0,,50,0
2016-10-18,-0.03285121751293242,50,0,1.818352630188128,0,0,62.53346207643946,50,0,-0.9930529035498475,50,0,1.066495940542643,50,0,,50,0
2016-10-19,-0.12746958420278334,50,0,1.7346535020154377,0,0,62.53346207643946,50,0,-1.0231690691190491,50,0,1.0189553041529504,50,0,,50,0
2016-10-20,-0.11541121797358567,50,0,1.7418253675605226,0,0,62.53346207643946,50,0,-1.0170168723588013,50,0,1.0247029382209822,50,0,,50,0
2016-10-21,-0.11220656064955586,50,0,1.7416912067305481,0,0,62.53346207643946,50,0,-1.018712200796103,50,0,1.0259373054733587,50,0,,50,0
2016-10-22,-0.11958832363135626,50,0,1.7333189832805578,0,0,62.53346207643946,50,0,-1.0509525792716794,50,0,1.0220087983557726,50,0,,50,0
2016-10-23,-0.1352696193513757,50,0,1.7180251573263037,0,0,62.53346207643946,50,0,-1.0535933192113494,50,0,1.0141089435958355,50,0,,50,0
2016-10-24,-0.14056351858529045,50,0,1.7108826994091912,0,0,62.53346207643946,50,0,-1.0532678675315432,50,0,1.0107299696727523,50,0,,50,0
2016-10-25,-0.21927171130108603,50,0,1.6225614988516734,0,0,62.53346207643946,50,0,-1.099598118266274,100,0,0.9592435313938736,50,0,,50,0
2016-10-26,-0.19256358638133075,50,0,1.64415894666327,0,0,62.53346207643946,50,0,-1.110201524905286,100,0,0.9724386460653276,50,0,,50,0
2016-10-27,-0.19552229346955785,50,0,1.6392098332369411,0,0,62.53346207643946,50,0,-1.1235284012685542,100,0,0.9698346525240686,50,0,,50,0
2016-10-28,-0.25982025205027676,50,0,1.5874788898592793,0,0,62.53346207643946,50,0,-1.1492370671007646,100,0,0.939498273090737,50,0,,50,0
2016-10-29,-0.3834011066043102,50,0,1.4838755056037987,0,0,62.53346207643946,50,0,-1.2165799276133644,100,0,0.8780518061300029,50,0,,50,0
2016-10-30,-0.19843359178500866,50,0,1.5990388546133463,0,0,62.53346207643946,50,0,-1.1514537440910448,100,0,0.9461883748822301,50,0,,50,0
2016-10-31,-0.24320128935997437,50,0,1.5601618532791999,0,0,55.45318813779926,50,0,-1.1670125863304202,100,0,0.9233544399873892,50,0,,50,0
2016-11-01,-0.27524031716332564,50,0,1.5342115251107793,0,0,55.45318813779926,50,0,-1.2063476712294552,100,0,0.9080812713498269,50,0,,50,0
2016-11-02,-0.2709672742033779,50,0,1.5362026853846966,0,0,55.45318813779926,50,0,-1.2132061605774294,100,0,0.9094761771419421,50,0,,50,0
2016-11-03,-0.26532962691278406,50,0,1.5392995368412639,0,0,55.45318813779926,50,0,-1.1649790445846795,100,0,0.9118101269156528,50,0,,50,0
2016-11-04,-0.21440812592443173,50,0,1.5777002030174039,0,0,55.45318813779926,50,0,-1.162459630258117,100,0,0.9348977842066375,50,0,,50,0
2016-11-05,-0.2153052060238352,50,0,1.5740603830178166,0,0,55.45318813779926,50,0,-1.1645072892064543,100,0,0.9329828159049788,50,0,,50,0
2016-11-06,-0.2415908898367507,50,0,1.551189640256188,0,0,55.45318813779926,50,0,-1.1820536681850897,100,0,0.9195813121202505,50,0,,50,0
2016-11-07,-0.25333867003237787,50,0,1.5383379151291308,0,0,55.45318813779926,50,0,-1.1777257978511948,100,0,0.9119838785727963,50,0,,50,0
2016-11-08,-0.2633218688311087,50,0,1.528556183104926,0,0,55.45318813779926,50,0,-1.186453904853877,100,0,0.9061144793264942,50,0,,50,0
2016-11-09,-0.2986036945918208,50,0,1.498584278074765,0,0,55.45318813779926,50,0,-1.2072705640260217,100,0,0.8884811983735483,50,0,,50,0
2016-11-10,-0.3222158991692923,50,0,1.4777759876513545,0,0,55.45318813779926,50,0,-1.2083267607740589,100,0,0.8761377198030087,50,0,,50,0
2016-11-11,-0.35068383360002153,50,0,1.4440261093866251,0,0,55.45318813779926,50,0,-1.2242233209261901,100,0,0.855966194824699,50,0,,50,0
2016-11-12,-0.42134722959614657,50,0,1.386501604907815,0,0,55.45318813779926,50,0,-1.2383672790792923,100,0,0.8217165235887656,50,0,,50,0
2016-11-13,-0.37760329966237133,50,0,1.4173693178509836,0,0,55.45318813779926,50,0,-1.2241463285350154,100,0,0.8399569888586068,50,0,,50,0
2016-11-14,-0.3951075936210329,50,0,1.4020816281441488,0,0,55.45318813779926,50,0,-1.2320460933186088,100,0,0.8306651224153874,50,0,,50,0
2016-11-15,-0.3513844911604727,50,0,1.432171841249527,0,0,55.45318813779926,50,0,-1.2242277568459994,100,0,0.848299469154351,50,0,,50,0
2016-11-16,-0.3892445823895015,50,0,1.4003232496543263,0,0,55.45318813779926,50,0,-1.2617265703554297,100,0,0.8297339335128602,50,0,,50,0
2016-11-17,-0.402462603033022,50,0,1.3874552653599033,0,0,55.45318813779926,50,0,-1.261312402872435,100,0,0.8223973718670106,50,0,,50,0
2016-11-18,-0.47872641871873417,50,0,1.3278177386147931,0,0,55.45318813779926,50,0,-1.2965437409242855,100,0,0.7877798922194263,50,0,,50,0
2016-11-19,-0.44445383821714435,50,0,1.3522315643309166,0,0,55.45318813779926,50,0,-1.2872845988950936,100,0,0.8027550611361874,50,0,,50,0
2016-11-20,-0.4611601763782031,50,0,1.3357235877976625,0,0,55.45318813779926,50,0,-1.2779788988021654,100,0,0.793452431025317,50,0,,50,0
2016-11-21,-0.467191340600676,50,0,1.327646521813505,0,0,55.45318813779926,50,0,-1.2857067067363825,100,0,0.7892785509630779,50,0,,50,0
2016-11-22,-0.4071347444809461,50,0,1.3705912874152257,0,0,55.45318813779926,50,0,-1.2760672883748345,100,0,0.815288089309215,50,0,,50,0
2016-11-23,-0.4181735292360264,50,0,1.360698651500803,0,0,55.45318813779926,50,0,-1.2745939439468046,100,0,0.8098869993353313,50,0,,50,0
2016-11-24,-0.5204077224962359,50,0,1.2808879707300487,0,0,55.45318813779926,50,0,-1.304812855235632,100,0,0.7629245092427798,50,0,,50,0
2016-11-25,-0.4849580710580571,50,0,1.3067799596622385,0,0,55.45318813779926,50,0,-1.295303941789925,100,0,0.7788305768814128,50,0,,50,0
2016-11-26,-0.5022697151962399,50,0,1.2918551319710891,0,0,55.45318813779926,50,0,-1.2975173207680446,100,0,0.7704333654678334,50,0,,50,0
2016-11-27,-0.5752946434592643,50,0,1.2361094779527857,0,0,55.45318813779926,50,0,-1.3158489167737215,100,0,0.7378635083270183,50,0,,50,0
2016-11-28,-0.6171351249476869,50,0,1.2032973152904887,0,0,55.45318813779926,50,0,-1.3312798779603785,100,0,0.7190008014930696,50,0,,50,0
2016-11-29,-0.7111751804085754,50,0,1.1318334668755674,0,0,55.45318813779926,50,0,-1.3625881633468295,100,0,0.6771679345518796,50,0,,50,0
2016-11-30,-0.6308651500009773,50,0,1.1921688460841418,0,0,49.22245488578759,50,0,-1.343963984848319,100,0,0.714032636612118,50,0,,50,0
2016-12-01,-0.6570594961273882,50,0,1.1708615910383868,0,0,49.22245488578759,50,0,-1.360181781688208,100,0,0.7019639831545973,50,0,,50,0
2016-12-02,-0.8017495029816892,50,0,1.0620147648444653,0,0,49.22245488578759,50,0,-1.4156123252893589,100,0,0.6377004900409057,100,0,,50,0
2016-12-03,-0.7043950195935255,50,0,1.092641354056631,0,0,49.22245488578759,50,0,-1.399635755606938,100,0,0.6573892710551875,50,0,,50,0
2016-12-04,-0.7843135830852185,50,0,1.0345041021898767,0,0,49.22245488578759,50,0,-1.4233620556524886,100,0,0.6239862573911685,100,0,,50,0
2016-12-05,-0.9253036039659114,50,0,0.9320805868677859,50,0,49.22245488578759,50,0,-1.458104352075788,100,0,0.5639554964315047,100,0,,50,0
2016-12-06,-0.7176339538453854,50,0,1.0763547208697932,0,0,49.22245488578759,50,0,-1.4021839221553578,100,0,0.6529582676037864,50,0,,50,0
2016-12-07,-0.6154607787076952,50,0,1.1560341177323852,0,0,49.22245488578759,50,0,-1.3730118995635237,100,0,0.7031879689045205,50,0,,50,0
2016-12-08,-0.6288268311769669,50,0,1.1430916871031613,0,0,49.22245488578759,50,0,-1.3797599858779412,100,0,0.6972683043585539,50,0,,50,0
2016-12-09,-0.583668476356271,50,0,1.174231151156329,0,0,49.22245488578759,50,0,-1.3695803643771658,100,0,0.7179858734547525,50,0,,50,0
2016-12-10,-0.6544114439808315,50,0,1.122712875561357,0,0,49.22245488578759,50,0,-1.3923396323380852,100,0,0.6880039131908674,50,0,,50,0
2016-12-11,-0.6342195790802825,50,0,1.1373012866702035,0,0,49.22245488578759,50,0,-1.383398921403729,100,0,0.6984087155531851,50,0,,50,0
2016-12-12,-0.5795336113637791,50,0,1.1771563731183126,0,0,49.22245488578759,50,0,-1.3720097367433526,100,0,0.7243750812448067,50,0,,50,0
2016-12-13,-0.5947050560521522,50,0,1.1614275036919484,0,0,49.22245488578759,50,0,-1.3784084390533586,100,0,0.7157812677519476,50,0,,50,0
2016-12-14,-0.6274733899585156,50,0,1.1376104450343638,0,0,49.22245488578759,50,0,-1.386662628772054,100,0,0.7023845796358832,50,0,,50,0
2016-12-15,-0.7112309615154977,50,0,1.0784396237180327,0,0,49.22245488578759,50,0,-1.4099079766905371,100,0,0.6672563162138244,50,0,,50,0
2016-12-16,-0.6998279285439989,50,0,1.0844612040786819,0,0,49.22245488578759,50,0,-1.4107871219806396,100,0,0.6724814466688179,50,0,,50,0
2016-12-17,-0.7014091110328368,50,0,1.0759186959594302,0,0,49.22245488578759,50,0,-1.4181364482741483,100,0,0.6690755489668676,50,0,,50,0
2016-12-18,-0.6792145527959599,50,0,1.0909799480643918,0,0,49.22245488578759,50,0,-1.41266730976112,100,0,0.6803187018188075,50,0,,50,0
2016-12-19,-0.7328816453463705,50,0,1.0498322432741702,0,0,49.22245488578759,50,0,-1.428683531051174,100,0,0.6564809926967043,50,0,,50,0
2016-12-20,-0.729770754719369,50,0,1.0518855523736297,0,0,49.22245488578759,50,0,-1.432764149584227,100,0,0.6596157061537649,50,0,,50,0
2016-12-21,-0.6765068434618576,50,0,1.0881569163740306,0,0,49.22245488578759,50,0,-1.4332510150892068,100,0,0.6842072450698184,50,0,,50,0
2016-12-22,-0.7357897222081479,50,0,1.0458540618667909,0,0,49.22245488578759,50,0,-1.4629399480183385,100,0,0.6594837210603964,50,0,,50,0
2016-12-23,-0.806609642953345,50,0,0.9883827186495018,0,0,49.22245488578759,50,0,-1.506255967022235,100,0,0.6250844408091382,100,0,,50,0
2016-12-24,-0.7911467514561671,50,0,0.9988220815952487,0,0,49.22245488578759,50,0,-1.4933669738472026,100,0,0.6337007650962977,100,0,,50,0
2016-12-25,-0.800462316901355,50,0,0.9931382297847997,0,0,49.22245488578759,50,0,-1.497246001399683,100,0,0.632105421451736,100,0,,50,0
2016-12-26,-0.7915467112953931,50,0,0.9985174103719838,0,0,49.22245488578759,50,0,-1.4981455373434631,100,0,0.6375527639266325,100,0,,50,0
2016-12-27,-0.8070597334352959,50,0,0.98660177669242,0,0,49.22245488578759,50,0,-1.5106533465455578,100,0,0.6318184044329974,100,0,,50,0
2016-12-28,-0.7140820686056284,50,0,1.051297879214095,0,0,49.22245488578759,50,0,-1.5083419849438795,100,0,0.6752876349229938,50,0,,50,0
2016-12-29,-0.581866219455718,50,0,1.1446038163056493,0,0,49.22245488578759,50,0,-1.476071104244616,100,0,0.7378721216808002,50,0,,50,0
2016-12-30,-0.6019537919469689,50,0,1.132775617463886,0,0,49.22245488578759,50,0,-1.4751268893120157,100,0,0.7335187472948866,50,0,,50,0
2016-12-31,-0.6207741789339004,50,0,1.1197496904471642,0,0,48.04277613433803,50,0,-1.4822017375899352,100,0,0.7287043673002193,50,0,,50,0
2017-01-01,-0.6071790931673678,50,0,1.1265705049585866,0,0,48.04277613433803,50,0,-1.4902204582065006,100,0,0.7367040077774498,50,0,,50,0
2017-01-02,-0.5685851651277541,50,0,1.153859386739586,0,0,48.04277613433803,50,0,-1.4886086645184022,100,0,0.7589978056220801,50,0,,50,0
2017-01-03,-0.3113676108565673,50,0,1.3346412763275513,0,0,48.04277613433803,50,0,-1.438939392518759,100,0,0.8807831239224914,50,0,,50,0
2017-01-04,-0.057263565720180716,50,0,1.5218075478331938,0,0,48.04277613433803,50,0,-1.4232136869531016,100,0,1.0054074234572339,50,0,,50,0
2017-01-05,-0.22234652853775544,50,0,1.4046870934981146,0,0,48.04277613433803,50,0,-1.4032645199879041,100,0,0.9296422298145421,50,0,,50,0
2017-01-06,-0.2460433867160344,50,0,1.390042174649135,0,0,48.04277613433803,50,0,-1.3547680066341894,100,0,0.9213010074943976,50,0,,50,0
2017-01-07,-0.3178164615269822,50,0,1.3614867513525097,0,0,48.04277613433803,50,0,-1.3702951933513754,100,0,0.9042910135516603,50,0,,50,0
2017-01-08,-0.22099053771960547,50,0,1.4307890083759656,0,0,48.04277613433803,50,0,-1.3507280751272348,100,0,0.9523199852477385,50,0,,50,0
2017-01-09,-0.2496083817218098,50,0,1.419531541964556,0,0,48.04277613433803,50,0,-1.3493498378855935,100,0,0.947073271099543,50,0,,50,0
2017-01-10,-0.20082263561081964,50,0,1.454355469160907,0,0,48.04277613433803,50,0,-1.3384605688464317,100,0,0.9728232560315401,50,0,,50,0
2017-01-11,-0.3243014028147539,50,0,1.3636488852175213,0,0,48.04277613433803,50,0,-1.298599328745674,100,0,0.9146171215619404,50,0,,50,0
2017-01-12,-0.35196442172978404,50,0,1.335420193692278,0,0,48.04277613433803,50,0,-1.3219641755025622,100,0,0.8979380076927053,50,0,,50,0
2017-01-13,-0.3445850877585072,50,0,1.340119929948934,0,0,48.04277613433803,50,0,-1.3322249006926459,100,0,0.9034500141318144,50,0,,50,0
2017-01-14,-0.35235812815893797,50,0,1.3346041077934447,0,0,48.04277613433803,50,0,-1.3298414857920162,100,0,0.9013048563615436,50,0,,50,0
2017-01-15,-0.33560505307907723,50,0,1.346342586814471,0,0,48.04277613433803,50,0,-1.3278138768210797,100,0,0.9110240794317856,50,0,,50,0
2017-01-16,-0.38706383052286203,50,0,1.3104171788541732,0,0,48.04277613433803,50,0,-1.3450757319214233,100,0,0.8884027370557741,50,0,,50,0
2017-01-17,-0.27638860174115404,50,0,1.395246654762907,0,0,48.04277613433803,50,0,-1.3564826117105526,100,0,0.9475118465700492,50,0,,50,0
2017-01-18,-0.2772143964111432,50,0,1.393951501741786,0,0,48.04277613433803,50,0,-1.342891967745749,100,0,0.9481577060608828,50,0,,50,0
2017-01-19,-0.24321791343909105,50,0,1.4190718476958584,0,0,48.04277613433803,50,0,-1.3453396418932035,100,0,0.9666228757488805,50,0,,50,0
2017-01-20,-0.19231706765370335,50,0,1.447262364978467,0,0,48.04277613433803,50,0,-1.3309929155862643,100,0,0.9870073274868515,50,0,,50,0
2017-01-21,-0.1346041049219069,50,0,1.4881997994260008,0,0,48.04277613433803,50,0,-1.332726045542667,100,0,1.0156499248292772,50,0,,50,0
2017-01-22,-0.1858042013584204,50,0,1.4519325082476187,0,0,48.04277613433803,50,0,-1.3436651859077926,100,0,0.9916728968023333,50,0,,50,0
2017-01-23,-0.16904027325281526,50,0,1.4635088821454176,0,0,48.04277613433803,50,0,-1.3374056660321487,100,0,1.0001303620884952,50,0,,50,0
2017-01-24,-0.21752099765930732,50,0,1.4281021026667111,0,0,48.04277613433803,50,0,-1.3317894847440097,100,0,0.9770793425111598,50,0,,50,0
2017-01-25,-0.2233862311770629,50,0,1.4225592576239119,0,0,48.04277613433803,50,0,-1.3378974554793233,100,0,0.9742533510403037,50,0,,50,0
2017-01-26,-0.20274415520538802,50,0,1.4366146786165006,0,0,48.04277613433803,50,0,-1.3441786597085863,100,0,0.9848331230064481,50,0,,50,0
2017-01-27,-0.21992502899686084,50,0,1.4230912218466725,0,0,48.04277613433803,50,0,-1.350524221836575,100,0,0.9763449267880038,50,0,,50,0
2017-01-28,-0.214649149231087,50,0,1.4259823927162434,0,0,48.04277613433803,50,0,-1.3503752044952335,100,0,0.9790975103030991,50,0,,50,0
2017-01-29,-0.23162453906846198,50,0,1.4155944283717312,0,0,48.04277613433803,50,0,-1.3497688391960483,100,0,0.9726921104269227,50,0,,50,0
2017-01-30,-0.2155687105981042,50,0,1.4258479505218118,0,0,48.04277613433803,50,0,-1.3483329085162254,100,0,0.9809444258256917,50,0,,50,0
2017-01-31,-0.19277894142074833,50,0,1.4417547538854611,0,0,54.36179244103033,50,0,-1.3673253778189907,100,0,0.993289822934336,50,0,,50,0
2017-02-01,-0.19028527787216487,50,0,1.442828812139303,0,0,54.36179244103033,50,0,-1.3757708210872766,100,0,0.9953009021243536,50,0,,50,0
2017-02-02,-0.1893023210531789,50,0,1.4557571058414782,0,0,54.36179244103033,50,0,-1.3806369951350903,100,0,1.0052612257867963,50,0,,50,0
2017-02-03,-0.164705643678523,50,0,1.4718444156265118,0,0,54.36179244103033,50,0,-1.378622171238825,100,0,1.0173101898558827,50,0,,50,0
2017-02-04,-0.0866594683061228,50,0,1.529312882402427,0,0,54.36179244103033,50,0,-1.3686505770106578,100,0,1.0581943689309787,50,0,,50,0
2017-02-05,-0.11631327668321163,50,0,1.5075754425256407,0,0,54.36179244103033,50,0,-1.3660910815511143,100,0,1.0447329303344983,50,0,,50,0
2017-02-06,-0.10016171763497651,50,0,1.5185028783993828,0,0,54.36179244103033,50,0,-1.366290609265934,100,0,1.0539919938992846,50,0,,50,0
2017-02-07,-0.0741884976013557,50,0,1.5371216489565642,0,0,54.36179244103033,50,0,-1.3738723474714294,100,0,1.0696198488213875,50,0,,50,0
2017-02-08,-0.09493269537717954,50,0,1.5241453310009343,0,0,54.36179244103033,50,0,-1.3768350369850733,100,0,1.0631083650912843,50,0,,50,0
2017-02-09,-0.17131525694615773,50,0,1.4679654790080503,0,0,54.36179244103033,50,0,-1.3617935253012887,100,0,1.0256202682196895,50,0,,50,0
2017-02-10,-0.11089647985300789,50,0,1.5177627150837814,0,0,54.36179244103033,50,0,-1.3519402849830453,100,0,1.06263078190777,50,0,,50,0
2017-02-11,-0.09299918577321693,50,0,1.5309915893933355,0,0,54.36179244103033,50,0,-1.354404650590262,100,0,1.0731634530463052,50,0,,50,0
2017-02-12,-0.0986524579754779,50,0,1.5268998462093206,0,0,54.36179244103033,50,0,-1.3527837364411568,100,0,1.0721146589914996,50,0,,50,0
2017-02-13,-0.11255869826740565,50,0,1.5155178359905739,0,0,54.36179244103033,50,0,-1.3528962638136626,100,0,1.0658593905361813,50,0,,50,0
2017-02-14,0.18885471971118128,50,0,1.7401142404843306,0,0,54.36179244103033,50,0,-1.2862933467124604,100,0,1.2253247510494996,50,0,,50,0
2017-02-15,0.156389254131192,50,0,1.7272472540526669,0,0,54.36179244103033,50,0,-1.2906124780984451,100,0,1.2175720963475312,50,0,,50,0
2017-02-16,0.08234083385937689,50,0,1.7079852046906763,0,0,54.36179244103033,50,0,-1.308170863828935,100,0,1.2049939402198557,50,0,,50,0
2017-02-17,0.05960955043186719,50,0,1.6911454581221574,0,0,54.36179244103033,50,0,-1.3237478407064225,100,0,1.1936041019587595,50,0,,50,0
2017-02-18,0.07836714491270508,50,0,1.7054161450365035,0,0,54.36179244103033,50,0,-1.319691139242598,100,0,1.2026423628286422,50,0,,50,0
2017-02-19,0.07057618840628313,50,0,1.6984251368030345,0,0,54.36179244103033,50,0,-1.3202593378510716,100,0,1.1979100353577208,50,0,,50,0
2017-02-20,0.038076664997885847,50,0,1.6754031423899265,0,0,54.36179244103033,50,0,-1.3409179459476164,100,0,1.1823004120001426,50,0,,50,0
2017-02-21,0.05377330999717231,50,0,1.6878997565171026,0,0,54.36179244103033,50,0,-1.354583657523303,100,0,1.1916632312518434,50,0,,50,0
2017-02-22,0.03926577762494402,50,0,1.6756300305281246,0,0,54.36179244103033,50,0,-1.3579185828911382,100,0,1.183459394259139,50,0,,50,0
2017-02-23,0.1283020024987235,50,0,1.7415490689301576,0,0,54.36179244103033,50,0,-1.363297846273108,100,0,1.2303581654758764,50,0,,50,0
2017-02-24,0.11158508694431961,50,0,1.729373819648025,0,0,54.36179244103033,50,0,-1.364680766386886,100,0,1.2222734957871444,50,0,,50,0
2017-02-25,0.19122524448512623,50,0,1.788284346260729,0,0,54.36179244103033,50,0,-1.3331027197323622,100,0,1.2648843474861602,50,0,,50,0
2017-02-26,0.3587845921452186,50,0,1.9180124518355588,0,0,54.36179244103033,50,0,-1.3091674177396735,100,0,1.357226310668892,50,0,,50,0
2017-02-27,0.4547847901907064,50,0,2.044809459343184,0,100,54.36179244103033,50,0,-1.278750878064483,100,0,1.4469654819166902,50,0,,50,0
2017-02-28,0.43802525497647377,50,0,2.0406216950962253,0,100,63.52368021483225,50,0,-1.2761443448871381,100,0,1.4440705655217807,50,0,,50,0
2017-03-01,0.6780811952701286,50,0,2.245898995002038,0,100,63.52368021483225,50,0,-1.2381234212992152,100,0,1.5886444700027822,0,0,,50,0
2017-03-02,0.7783844457530993,50,0,2.491591458664666,0,100,63.52368021483225,50,0,-1.188534492618107,100,0,1.7606092865833483,0,0,,50,0
2017-03-03,0.7960907954878855,50,0,2.543125391851064,0,100,63.52368021483225,50,0,-1.1869243372726088,100,0,1.7948873818676703,0,0,,50,0
2017-03-04,0.6477210960954162,50,0,2.4116096667608558,0,100,63.52368021483225,50,0,-1.2092928298767478,100,0,1.7004203107001472,0,0,,50,0
2017-03-05,0.733998636868144,50,0,2.4847993905512418,0,100,63.52368021483225,50,0,-1.1921222467068755,100,0,1.7497943436788481,0,0,,50,0
2017-03-06,0.7828600096188466,50,0,2.5333848529095406,0,100,63.52368021483225,50,0,-1.1807219752712184,100,0,1.781523201794071,0,0,,50,0
2017-03-07,0.6541274821492274,50,0,2.412941925261631,0,100,63.52368021483225,50,0,-1.186188915158819,100,0,1.6947988797566074,0,0,,50,0
2017-03-08,0.36787255413621955,50,0,2.131937560966106,0,100,63.52368021483225,50,0,-1.2200041538706918,100,0,1.4967420223858057,0,0,,50,0
2017-03-09,0.5108356206432303,50,0,2.27015115229571,0,100,63.52368021483225,50,0,-1.2011628267917565,100,0,1.5925372967782179,0,0,,50,0
2017-03-10,0.7000017576745168,50,0,2.4404585495265225,0,100,63.52368021483225,50,0,-1.0914654907464496,100,0,1.7100800084255996,0,0,,50,0
2017-03-11,1.0099675666641468,50,0,2.720596525740254,0,100,63.52368021483225,50,0,-1.058598023107548,50,0,1.903177415491762,0,0,,50,0
2017-03-12,1.24286352469574,50,0,2.9357674231081514,0,100,63.52368021483225,50,0,-1.0315936393858551,50,0,2.0494550512439496,0,0,,50,0
2017-03-13,1.7759589122547754,50,0,3.593005293836458,0,100,63.52368021483225,50,0,-0.8515860842519228,50,0,2.5004907483120196,0,100,,50,0
2017-03-14,1.4367679204968684,50,0,3.581064450714316,0,100,63.52368021483225,50,0,-0.8561811151787713,50,0,2.4844224467092006,0,100,,50,0
2017-03-15,2.0448274997492373,50,0,4.320444948996133,0,100,63.52368021483225,50,0,-0.657093996523442,50,0,2.984020630579018,0,100,,50,0
2017-03-16,2.7074441024360496,50,0,5.536189989565622,0,100,63.52368021483225,50,0,-0.2065824581601108,50,0,3.798339979646721,0,100,,50,0
2017-03-17,2.3423752250008243,50,0,5.414943588238498,0,100,63.52368021483225,50,0,-0.07090341015946311,50,0,3.6913749661163924,0,100,,50,0
2017-03-18,1.2455829311798114,50,0,3.936626989752706,0,100,63.52368021483225,50,0,-0.4009856112724188,50,0,2.673601279175172,0,100,,50,0
2017-03-19,2.2713090956144493,50,0,5.253887847386132,0,100,63.52368021483225,50,0,-0.01391677060369538,50,0,3.547510258220607,0,100,,50,0
2017-03-20,2.036624903480645,50,0,5.035416159926932,0,100,63.52368021483225,50,0,-0.10774658265581286,50,0,3.382284921921492,0,100,,50,0
2017-03-21,2.019071185187284,50,0,5.069118776308128,0,100,63.52368021483225,50,0,-0.20121104720844885,50,0,3.387092976309675,0,100,,50,0
2017-03-22,1.8944108163391875,50,0,4.8932731939302805,0,100,63.52368021483225,50,0,-0.13305642170717322,50,0,3.253162068125543,0,100,,50,0
2017-03-23,2.0232400907811585,50,0,5.088588862085468,0,100,63.52368021483225,50,0,-0.03654025819495003,50,0,3.3648001435241017,0,100,,50,0
2017-03-24,2.792946375403088,50,0,6.19541404004957,0,100,63.52368021483225,50,0,0.5968467205108027,50,0,4.067455365630118,0,100,,50,0
2017-03-25,2.494268695128264,50,0,5.816960888808012,0,100,63.52368021483225,50,0,0.3866412841051561,50,0,3.794195054367101,0,100,,50,0
2017-03-26,2.448003917400469,50,0,5.795845745781175,0,100,63.52368021483225,50,0,0.40956226880688024,50,0,3.7559772434900527,0,100,,50,0
2017-03-27,2.001798129585082,50,0,5.5756327367197684,0,100,63.52368021483225,50,0,0.17325135466000452,50,0,3.5910712313377737,0,100,,50,0
2017-03-28,2.058244079082809,50,0,5.687756267387294,0,100,63.52368021483225,50,0,0.22560638532435937,50,0,3.6406258157445404,0,100,,50,0
2017-03-29,1.9557782340175398,50,0,5.948365387910968,0,100,63.52368021483225,50,0,0.34991531583847724,50,0,3.783194932434129,0,100,,50,0
2017-03-30,1.4522905036356413,50,0,5.776544180307237,0,100,63.52368021483225,50,0,0.307172529192552,50,0,3.6510024533220347,0,100,,50,0
2017-03-31,1.2904161431308194,50,0,5.533232300917365,0,100,85.42302364200839,0,100,0.14829130542115707,50,0,3.4771108912869635,0,100,,50,0
2017-04-01,1.3040995690815083,50,0,5.563038145236343,0,100,85.42302364200839,0,100,0.1599031906563346,50,0,3.4757399584575057,0,100,,50,0
2017-04-02,1.1693651977859512,50,0,5.317110049678742,0,100,85.42302364200839,0,100,0.05717554050785286,50,0,3.3042675131589916,0,100,,50,0
2017-04-03,0.9303836209058871,50,0,4.778137416523239,0,100,85.42302364200839,0,100,-0.1834289298542742,50,0,2.9558450495914554,0,100,,50,0
2017-04-04,0.9297254624160897,50,0,4.760199210006275,0,100,85.42302364200839,0,100,-0.17532147673143783,50,0,2.9321041320053634,0,100,,50,0
2017-04-05,0.977223608998146,50,0,4.848925223110506,0,100,85.42302364200839,0,100,-0.12417147695499554,50,0,2.973779116476361,0,100,,50,0
2017-04-06,0.7548979467769905,50,0,4.595369122755443,0,100,85.42302364200839,0,100,-0.2850129632563253,50,0,2.8067348385345112,0,100,,50,0
2017-04-07,0.699750312017742,50,0,4.484540026542346,0,100,85.42302364200839,0,100,-0.31015304837252455,50,0,2.7287851996109613,0,100,,50,0
2017-04-08,0.8371507032469219,50,0,4.687792479033515,0,100,85.42302364200839,0,100,-0.22094389058061586,50,0,2.8425034675245047,0,100,,50,0
2017-04-09,0.783347207112629,50,0,4.586745772646591,0,100,85.42302364200839,0,100,-0.2849667348950337,50,0,2.771072886272984,0,100,,50,0
2017-04-10,0.7808317341504061,50,0,4.566787634589549,0,100,85.42302364200839,0,100,-0.28008094958234575,50,0,2.7485193797809426,0,100,,50,0
2017-04-11,0.7620268687129917,50,0,4.532384410167739,0,100,85.42302364200839,0,100,-0.30586232984888756,50,0,2.717719329178383,0,100,,50,0
2017-04-12,0.9073792374511883,50,0,4.755759962863945,0,100,85.42302364200839,0,100,-0.2018972785387461,50,0,2.8398894639583143,0,100,,50,0
2017-04-13,1.117606342793841,50,0,5.08653625704457,0,100,85.42302364200839,0,100,-0.01031680307384662,50,0,3.0236542149266903,0,100,,50,0
2017-04-14,0.9235588420961093,50,0,4.771396156901114,0,100,85.42302364200839,0,100,-0.1158883545800033,50,0,2.8245225490598376,0,100,,50,0
2017-04-15,1.048272924808129,50,0,4.943495316645908,0,100,85.42302364200839,0,100,-0.04393281275308611,50,0,2.913786855264936,0,100,,50,0
2017-04-16,0.9818112174344372,50,0,4.818260239088628,0,100,85.42302364200839,0,100,-0.07578377585599393,50,0,2.8284142608785863,0,100,,50,0
2017-04-17,0.9580855556703723,50,0,4.756364532044714,0,100,85.42302364200839,0,100,-0.11464011400544524,50,0,2.780817039133806,0,100,,50,0
2017-04-18,1.0814427862129925,50,0,4.927892267649979,0,100,85.42302364200839,0,100,-0.05620007203604215,50,0,2.8689613719593803,0,100,,50,0
2017-04-19,0.9459894450294187,50,0,4.719216616808551,0,100,85.42302364200839,0,100,-0.1321249648103804,50,0,2.7366482574099296,0,100,,50,0
2017-04-20,0.9767993418266571,50,0,4.814856206365358,0,100,85.42302364200839,0,100,-0.12395711192646564,50,0,2.7808214184044777,0,100,,50,0
2017-04-21,0.9237543688297621,50,0,4.708552775194574,0,100,85.42302364200839,0,100,-0.16747249367733524,50,0,2.708987165434137,0,100,,50,0
2017-04-22,0.9247000808207162,50,0,4.6872901736396795,0,100,85.42302364200839,0,100,-0.15999854035575806,50,0,2.6863608144812394,0,100,,50,0
2017-04-23,0.9351697708052047,50,0,4.684357317987042,0,100,85.42302364200839,0,100,-0.15979351516558116,50,0,2.6741828995247094,0,100,,50,0
2017-04-24,0.9675366633481931,50,0,4.773685022571065,0,100,85.42302364200839,0,100,-0.12720462448845127,50,0,2.7140847277924247,0,100,,50,0
2017-04-25,0.9678343980211197,50,0,4.7629512835822725,0,100,85.42302364200839,0,100,-0.1511608723955594,50,0,2.6968913322667167,0,100,,50,0
2017-04-26,1.1195773039501349,50,0,5.034514882479457,0,100,85.42302364200839,0,100,-0.06617500041971869,50,0,2.8377247509592025,0,100,,50,0
2017-04-27,1.6738843273811108,50,0,5.917169854749203,0,100,85.42302364200839,0,100,0.18460422714224697,50,0,3.316444007747387,0,100,,50,0
2017-04-28,2.11068495199433,50,0,6.7790508534175125,0,100,85.42302364200839,0,100,0.49788850637038345,50,0,3.774004306010289,0,100,,50,0
2017-04-29,1.8647646050801192,50,0,6.4624865097254665,0,100,85.42302364200839,0,100,0.39194562364101976,50,0,3.575189228019115,0,100,,50,0
2017-04-30,2.1252920737980343,50,0,7.307993451100374,0,100,90.73351435508722,0,100,0.665131800759034,50,0,4.013848993962344,0,100,,50,0
2017-05-01,1.7740099672364202,50,0,7.045824135542809,0,100,90.73351435508722,0,100,0.5050634042035853,50,0,3.8436015239812793,0,100,,50,0
2017-05-02,1.6286976857853792,50,0,6.916916061754027,0,100,90.73351435508722,0,100,0.44112092978426737,50,0,3.748440268823614,0,100,,50,0
2017-05-03,1.73860431362007,50,0,7.158201191017961,0,100,90.73351435508722,0,100,0.45665493281585756,50,0,3.852902327970074,0,100,,50,0
2017-05-04,2.203575086310016,50,0,8.321668123545194,0,100,90.73351435508722,0,100,0.8258024484309975,50,0,4.443330735015726,0,100,,50,0
2017-05-05,1.773363678166842,50,0,7.870895612855087,0,100,90.73351435508722,0,100,0.7254386882630939,50,0,4.171547121909332,0,100,,50,0
2017-05-06,1.8752996888514757,50,0,8.145736266874747,0,100,90.73351435508722,0,100,0.7710698053598722,50,0,4.284936944267602,0,100,,50,0
2017-05-07,1.066317182638122,50,0,6.47917016039802,0,100,90.73351435508722,0,100,0.3188083358313656,50,0,3.3886573762769596,0,100,,50,0
2017-05-08,1.558824183339161,50,0,7.481406417933773,0,100,90.73351435508722,0,100,0.4411297201512912,50,0,3.8864795162797163,0,100,,50,0
2017-05-09,1.215822125750501,50,0,7.145995789157804,0,100,90.73351435508722,0,100,0.31611624563556356,50,0,3.6887889726149483,0,100,,50,0
2017-05-10,1.2703332047092915,50,0,7.2269925554054755,0,100,90.73351435508722,0,100,0.2837361308632032,50,0,3.7069235055784078,0,100,,50,0
2017-05-11,1.259343465294362,50,0,7.1729859982803506,0,100,90.73351435508722,0,100,0.2267981786169799,50,0,3.6562313555348807,0,100,,50,0
2017-05-12,1.1299275245163076,50,0,6.885446780662271,0,100,90.73351435508722,0,100,0.31608511346648366,50,0,3.4889176925776697,0,100,,50,0
2017-05-13,1.2267266775268477,50,0,7.044092805039954,0,100,90.73351435508722,0,100,0.2925725441377406,50,0,3.5474118536422807,0,100,,50,0
2017-05-14,1.2547409554814528,50,0,7.072363539506322,0,100,90.73351435508722,0,100,0.30372866492511824,50,0,3.5400329057855378,0,100,,50,0
2017-05-15,1.2651084202996423,50,0,7.112808639697969,0,100,90.73351435508722,0,100,0.4090683332496834,50,0,3.5387257456370294,0,100,,50,0
2017-05-16,1.1449930746820587,50,0,6.847342983555284,0,100,90.73351435508722,0,100,0.3196925226700925,50,0,3.386846647952696,0,100,,50,0
2017-05-17,1.0583301998143226,50,0,6.677667034507827,0,100,90.73351435508722,0,100,0.22388890060342995,50,0,3.283965288461921,0,100,,50,0
2017-05-18,1.3422847170451004,50,0,7.29852977902372,0,100,90.73351435508722,0,100,0.33524990615052974,50,0,3.5674009797004715,0,100,,50,0
2017-05-19,2.1886007187875447,50,0,9.367610041258304,0,100,90.73351435508722,0,100,0.8838017533282048,0,0,4.542377586547808,0,100,,50,0
2017-05-20,2.0975476055088444,50,0,9.24983233616681,0,100,90.73351435508722,0,100,0.7767817486921651,50,0,4.4505130341041905,0,100,,50,0
2017-05-21,2.302222957507511,50,0,10.800397015812514,0,100,90.73351435508722,0,100,1.2670807878920796,0,0,5.149973042674524,0,100,,50,0
2017-05-22,2.2518878644498668,50,0,11.058942050386037,0,100,90.73351435508722,0,100,1.3388997123612891,0,0,5.22571821681304,0,100,,50,0
2017-05-23,2.5059476016779754,50,0,11.966379579868663,0,100,90.73351435508722,0,100,1.382046685665896,0,0,5.600527933968561,0,100,,50,0
2017-05-24,2.8456602966607227,50,0,13.324407359558936,0,100,90.73351435508722,0,100,1.577911409358473,0,100,6.170986298200478,0,100,,50,0
2017-05-25,2.4126206589166066,50,0,12.331059645571758,0,100,90.73351435508722,0,100,1.5110199520859497,0,100,5.656941411010535,0,100,,50,0
2017-05-26,1.9334740085395674,50,0,11.061121871920543,0,100,90.73351435508722,0,100,1.2662266667589688,0,0,5.032203315431005,0,100,,50,0
2017-05-27,1.506457765629653,50,0,10.316427247927976,0,100,90.73351435508722,0,100,1.4368751628379977,0,0,4.6576745739034795,0,100,,50,0
2017-05-28,1.8533624851409451,50,0,11.295856272913726,0,100,90.73351435508722,0,100,1.5079255495083668,0,100,5.057852953936092,0,100,,50,0
2017-05-29,2.180603537564951,50,0,12.42457185415601,0,100,90.73351435508722,0,100,1.8108332349383836,0,100,5.513642892418692,0,100,,50,0
2017-05-30,2.6333274286912185,50,0,14.321196763749853,0,100,90.73351435508722,0,100,2.6882329528047855,0,100,6.2912008243635995,0,100,,50,0
2017-05-31,2.370435223479756,50,0,14.101108351307632,0,100,96.81915663026844,0,100,2.447033655005422,0,100,6.134123586570725,0,100,,50,0
2017-06-01,2.1632614705006334,50,0,13.348225847450736,0,100,96.81915663026844,0,100,2.121814667586873,0,100,5.754368060652472,0,100,,50,0
2017-06-02,2.123285452700008,50,0,13.132832947147488,0,100,96.81915663026844,0,100,2.0029685109050845,0,100,5.61237755277131,0,100,,50,0
2017-06-03,2.00238484760224,50,0,13.060037904325114,0,100,96.81915663026844,0,100,1.9451439482129722,0,100,5.534245094498697,0,100,,50,0
2017-06-04,2.3013942342432734,50,0,14.012878792359556,0,100,96.81915663026844,0,100,2.3428746924506427,0,100,5.885405940673332,0,100,,50,0
2017-06-05,2.212936734047056,50,0,13.887007425182022,0,100,96.81915663026844,0,100,2.134436048827965,0,100,5.782387011135238,0,100,,50,0
2017-06-06,2.3953154232317213,50,0,14.502998141341363,0,100,96.81915663026844,0,100,2.1218979205450803,0,100,5.985645786087686,0,100,,50,0
2017-06-07,2.1860215919679784,50,0,13.825632929653091,0,100,96.81915663026844,0,100,2.2449194557698333,0,100,5.659214815064571,0,100,,50,0
2017-06-08,2.150145347709937,50,0,13.638259607574,0,100,96.81915663026844,0,100,2.126537024187303,0,100,5.538137286279734,0,100,,50,0
2017-06-09,2.3732536509034783,50,0,14.40335496735217,0,100,96.81915663026844,0,100,2.4311769948842663,0,100,5.800865617053496,0,100,,50,0
2017-06-10,3.1298410219566626,50,100,17.408912219507645,0,100,96.81915663026844,0,100,3.2500617631868547,0,100,6.944411012978922,0,100,,50,0
2017-06-11,2.961310138995154,50,0,16.950724888777003,0,100,96.81915663026844,0,100,3.137536301737517,0,100,6.700364189782879,0,100,,50,0
2017-06-12,2.676207027100099,50,0,18.673332915121673,0,100,96.81915663026844,0,100,4.444240851768979,0,100,7.309574998880217,0,100,,50,0
2017-06-13,2.4400125589123216,50,0,18.109197669665992,0,100,96.81915663026844,0,100,4.316484836931777,0,100,7.023880650971714,0,100,,50,0
2017-06-14,1.8532035141543242,50,0,15.621835221347277,0,100,96.81915663026844,0,100,4.17308374027675,0,100,6.01199495858197,0,100,,50,0
2017-06-15,1.8170746700288338,50,0,15.321491800480782,0,100,96.81915663026844,0,100,4.269831290026476,0,100,5.85216972612164,0,100,,50,0
2017-06-16,1.8999284774007155,50,0,15.455488113532098,0,100,96.81915663026844,0,100,4.288500978487543,0,100,5.859583868092654,0,100,,50,0
2017-06-17,1.968263623742225,50,0,15.779672511467467,0,100,96.81915663026844,0,100,4.130865849666411,0,100,5.93806366237529,0,100,,50,0
2017-06-18,1.7433225718138963,50,0,14.725869486569655,0,100,96.81915663026844,0,100,4.174653044573948,0,100,5.503848256811677,0,100,,50,0
2017-06-19,1.7747484725707778,50,0,14.723307363427077,0,100,96.81915663026844,0,100,4.10426516573711,0,100,5.466200148755914,0,100,,50,0
2017-06-20,1.6156032173650976,50,0,14.101640085630518,0,100,96.81915663026844,0,100,3.659599986126949,0,100,5.20214952810126,0,100,,50,0
2017-06-21,1.2986721776309345,50,0,12.708726669087977,0,100,96.81915663026844,0,100,3.3821876109135887,0,100,4.661630881640463,0,100,,50,0
2017-06-22,1.189857536456401,50,0,12.490094842582163,0,100,96.81915663026844,0,100,3.287907543283326,0,100,4.556040263895827,0,100,,50,0
2017-06-23,1.2308754619555324,50,0,12.504551636379269,0,100,96.81915663026844,0,100,3.383110989025856,0,100,4.5361808937522365,0,100,,50,0
2017-06-24,1.0005763228981717,50,0,11.511354391386265,0,100,96.81915663026844,0,100,3.2787254995633215,0,100,4.155011676846393,0,100,,50,0
2017-06-25,0.7237955695494477,50,0,10.292749059589609,0,100,96.81915663026844,0,100,2.919111845837396,0,100,3.6985605142536606,0,100,,50,0
2017-06-26,0.5548653296945881,50,0,9.386672514386175,0,100,96.81915663026844,0,100,2.682785707603827,0,100,3.359106265082487,0,100,,50,0
2017-06-27,0.8315440129202376,50,0,10.207158523066818,0,100,96.81915663026844,0,100,2.9400823919706363,0,100,3.636908675092288,0,100,,50,0
2017-06-28,1.184738767158549,50,0,11.36630240983771,0,100,96.81915663026844,0,100,3.496074770041476,0,100,4.030943331415367,0,100,,50,0
2017-06-29,0.8417403789262121,50,0,10.373197657646967,0,100,96.81915663026844,0,100,3.140022255068997,0,100,3.6629462531051216,0,100,,50,0
2017-06-30,0.707314044064527,50,0,9.645964760577444,0,100,97.40812964522225,0,100,3.017134941828569,0,100,3.392536249364413,0,100,,50,0
2017-07-01,0.5348795516940118,50,0,8.996446348174086,0,100,97.40812964522225,0,100,2.8194707128262158,0,100,3.1522062989663278,0,100,,50,0
2017-07-02,0.8185717530152449,50,0,9.743928476819706,0,100,97.40812964522225,0,100,3.055063390025408,0,100,3.40057626063978,0,100,,50,0
2017-07-03,0.7129813218381058,50,0,9.286649720138076,0,100,97.40812964522225,0,100,2.8203176834574024,0,100,3.2286433857544052,0,100,,50,0
2017-07-04,0.6463929786037024,50,0,8.948837383112032,0,100,97.40812964522225,0,100,2.618976280137745,0,100,3.0997858713268474,0,100,,50,0
2017-07-05,0.6064402000597899,50,0,8.7461575792794,0,100,97.40812964522225,0,100,2.5527874450564747,0,100,3.0187400796268116,0,100,,50,0
2017-07-06,0.6102613953812379,50,0,8.662929946393016,0,100,97.40812964522225,0,100,2.567591145956553,0,100,2.979501354616427,0,100,,50,0
2017-07-07,0.3412045854117193,50,0,7.727105095447084,0,100,97.40812964522225,0,100,2.300304476839384,0,100,2.649045193942564,0,100,,50,0
2017-07-08,0.3828038885502621,50,0,7.780809434436656,0,100,97.40812964522225,0,100,2.2746899727702075,0,100,2.6588578433283407,0,100,,50,0
2017-07-09,0.3239390407924137,50,0,7.511702196362852,0,100,97.40812964522225,0,100,2.245310228290374,0,100,2.5589152637847343,0,100,,50,0
2017-07-10,-0.004508058424216268,50,0,6.3798999843493736,0,100,97.40812964522225,0,100,1.9379347930762296,0,100,2.1672935987777415,0,0,,50,0
2017-07-11,-0.10018635228071449,50,0,5.999382469589503,0,100,97.40812964522225,0,100,1.7381835359012685,0,100,2.032541395747347,0,0,,50,0
2017-07-12,0.2726547903388171,50,0,6.797724314284789,0,100,97.40812964522225,0,100,2.1524757108306285,0,100,2.2963508289203145,0,0,,50,0
2017-07-13,0.1470555830827383,50,0,6.302282581932981,0,100,97.40812964522225,0,100,1.9389266802264349,0,100,2.123142814894751,0,0,,50,0
2017-07-14,0.06298005232548945,50,0,5.995815884114511,0,100,97.40812964522225,0,100,1.991580018214881,0,100,2.014555161341397,0,0,,50,0
2017-07-15,-0.23745512903895957,50,0,5.154577388573262,0,100,97.40812964522225,0,100,1.8483662944444672,0,100,1.7277233994302486,0,0,,50,0
2017-07-16,-0.3733338571506467,50,0,4.663330262256462,0,100,97.40812964522225,0,100,1.6525075590456366,0,100,1.5595460709173599,0,0,,50,0
2017-07-17,0.03344113097806829,50,0,5.651166508078734,0,100,97.40812964522225,0,100,1.8340235051697031,0,100,1.8852402614063386,0,0,,50,0
2017-07-18,0.4562138408218451,50,0,6.777219842629699,0,100,97.40812964522225,0,100,2.4330847441185237,0,100,2.254667739194908,0,0,,50,0
2017-07-19,0.0567786678690765,50,0,5.640116751527196,0,100,97.40812964522225,0,100,1.8130652912140772,0,100,1.871771972624935,0,0,,50,0
2017-07-20,0.41851477059541103,50,0,6.5438945923883125,0,100,97.40812964522225,0,100,1.5740338191013283,0,100,2.1659107300502223,0,0,,50,0
2017-07-21,0.32536850487215235,50,0,6.266781933647941,0,100,97.40812964522225,0,100,1.6487610731990934,0,100,2.0688490971106734,0,0,,50,0
2017-07-22,0.48982218169381536,50,0,6.670454109208323,0,100,97.40812964522225,0,100,1.6868224117359656,0,100,2.196383923321232,0,0,,50,0
2017-07-23,0.43259805302317533,50,0,6.521359568567732,0,100,97.40812964522225,0,100,1.7314304079477287,0,100,2.1419487317563104,0,0,,50,0
2017-07-24,0.3990345024161828,50,0,6.391565147574798,0,100,97.40812964522225,0,100,1.684410222911818,0,100,2.0941012348352355,0,0,,50,0
2017-07-25,0.1550180518499745,50,0,5.745964081264309,0,100,97.40812964522225,0,100,1.5943470032192455,0,100,1.8782088886354975,0,0,,50,0
2017-07-26,0.14076158613997125,50,0,5.6580861404583915,0,100,97.40812964522225,0,100,1.6130033379162625,0,100,1.845227796300294,0,0,,50,0
2017-07-27,0.1523931700520313,50,0,5.633654064120652,0,100,97.40812964522225,0,100,1.434782299820493,0,0,1.8331004873709793,0,0,,50,0
2017-07-28,0.028537320498059435,50,0,5.28541124732542,0,100,97.40812964522225,0,100,1.108053931133447,0,0,1.7160442565189735,0,0,,50,0
2017-07-29,0.1866229586235424,50,0,5.6491607678452045,0,100,97.40812964522225,0,100,1.4341558820348201,0,0,1.8300284955967645,0,0,,50,0
2017-07-30,0.08126707339166139,50,0,5.363617666353314,0,100,97.40812964522225,0,100,1.2385239259168366,0,0,1.7337073534792087,0,0,,50,0
2017-07-31,0.13551995369988032,50,0,5.43875074112846,0,100,73.91854119158366,0,0,1.176628559697694,0,0,1.754094053973575,0,0,,50,0
2017-08-01,0.4302694932821096,50,0,6.07248796567647,0,100,73.91854119158366,0,0,1.7206672478842775,0,100,1.953873409698337,0,0,,50,0
2017-08-02,0.33249992472677753,50,0,5.814353997186442,0,100,73.91854119158366,0,0,1.6395379571522464,0,100,1.8665363286324943,0,0,,50,0
2017-08-03,0.41385799565377884,50,0,5.94577588616886,0,100,73.91854119158366,0,0,1.6146609371582128,0,100,1.90432525521234,0,0,,50,0
2017-08-04,0.3836211213888302,50,0,5.838769118451803,0,100,73.91854119158366,0,0,1.4908886668686072,0,0,1.8657829079252957,0,0,,50,0
2017-08-05,0.6788923986499495,50,0,6.5132368174152715,0,100,73.91854119158366,0,0,1.467821791912366,0,0,2.076315595476781,0,0,,50,0
2017-08-06,0.8499277465047116,50,0,6.9040456605913505,0,100,73.91854119158366,0,0,1.7031605799747018,0,100,2.1954500605616425,0,0,,50,0
2017-08-07,0.8294677257331463,50,0,6.940909614306358,0,100,73.91854119158366,0,0,1.5792273456653831,0,100,2.201733061900854,0,0,,50,0
2017-08-08,1.0749301955501096,50,0,7.513683952544115,0,100,73.91854119158366,0,0,1.8588369780893161,0,100,2.3773006393387837,0,0,,50,0
2017-08-09,1.0054458171443976,50,0,7.50523712842633,0,100,73.91854119158366,0,0,1.9752950571824452,0,100,2.368593587189,0,0,,50,0
2017-08-10,1.0018645770540553,50,0,7.55361893970816,0,100,73.91854119158366,0,0,1.9332452573347827,0,100,2.3777866924575513,0,0,,50,0
2017-08-11,1.0411257594526617,50,0,7.6939866234609156,0,100,73.91854119158366,0,0,1.8018090587802724,0,100,2.4157691178007337,0,100,,50,0
2017-08-12,1.023132855384168,50,0,7.609766135839806,0,100,73.91854119158366,0,0,1.5967424960352274,0,100,2.383256836601614,0,0,,50,0
2017-08-13,0.8967033399775526,50,0,7.247249685978623,0,100,73.91854119158366,0,0,1.3042116519175315,0,0,2.2641553056197785,0,0,,50,0
2017-08-14,0.9188696975745183,50,0,7.254845428552816,0,100,73.91854119158366,0,0,1.1567108363668375,0,0,2.261001971687131,0,0,,50,0
2017-08-15,0.7705853064098067,50,0,6.8693000561614,0,100,73.91854119158366,0,0,1.1195625371755697,0,0,2.1358104293771283,0,0,,50,0
2017-08-16,0.8862809037226156,50,0,7.153446045842649,0,100,73.91854119158366,0,0,1.1221456400449148,0,0,2.218825071519172,0,0,,50,0
2017-08-17,0.8784089801987341,50,0,7.116604886206987,0,100,73.91854119158366,0,0,1.170238394864984,0,0,2.2021409980106283,0,0,,50,0
2017-08-18,0.7849039961340791,50,0,6.850730781013687,0,100,73.91854119158366,0,0,1.2230893129884999,0,0,2.1149622466683886,0,0,,50,0
2017-08-19,0.7945023087404512,50,0,6.830249193042241,0,100,73.91854119158366,0,0,1.199748324435051,0,0,2.103796654499521,0,0,,50,0
2017-08-20,0.8199760828655208,50,0,6.8671317275743995,0,100,73.91854119158366,0,0,1.2967799398467663,0,0,2.1103060957132795,0,0,,50,0
2017-08-21,1.0056897001372012,50,0,7.318903973484223,0,100,73.91854119158366,0,0,1.610806218621954,0,100,2.243815031036701,0,0,,50,0
2017-08-22,0.9383603536498163,50,0,7.131725402253983,0,100,73.91854119158366,0,0,1.4823436565505834,0,0,2.181367296052253,0,0,,50,0
2017-08-23,0.9533956014786071,50,0,7.145895894545455,0,100,73.91854119158366,0,0,1.4578219674075876,0,0,2.1806897311595552,0,0,,50,0
2017-08-24,0.9820506214007432,50,0,7.2310234871044985,0,100,73.91854119158366,0,0,1.3859335180170191,0,0,2.2015832675352285,0,0,,50,0
2017-08-25,1.0079630989442445,50,0,7.298881203529386,0,100,73.91854119158366,0,0,1.4232925416244973,0,0,2.2171245523987624,0,0,,50,0
2017-08-26,1.018327807438435,50,0,7.2859046081018475,0,100,73.91854119158366,0,0,1.453529375940128,0,0,2.208123620365083,0,0,,50,0
2017-08-27,1.0992052788222257,50,0,7.499281835409383,0,100,73.91854119158366,0,0,1.5774416148320567,0,100,2.2675241925575933,0,0,,50,0
2017-08-28,1.0940327095253255,50,0,7.480934267197625,0,100,73.91854119158366,0,0,1.5713796593723575,0,100,2.2567357754490707,0,0,,50,0
2017-08-29,1.289792507599105,50,0,7.965590788322005,0,100,73.91854119158366,0,0,1.6505437359972117,0,100,2.3972202298237564,0,0,,50,0
2017-08-30,1.313855267788202,50,0,8.1400316367486,0,100,73.91854119158366,0,0,1.7721003949240244,0,100,2.443849442552083,0,100,,50,0
2017-08-31,1.256536373253084,50,0,8.136947091246169,0,100,84.1085779384178,0,100,1.686946681739037,0,100,2.437101476919959,0,100,,50,0
2017-09-01,1.2616590358585844,50,0,8.121831529795372,0,100,84.1085779384178,0,100,1.5853351630884291,0,100,2.4268075031859975,0,100,,50,0
2017-09-02,0.8755706727881718,50,0,7.181176791636469,0,100,84.1085779384178,0,100,1.4281775872082305,0,0,2.141135668005163,0,0,,50,0
2017-09-03,0.9030244350306309,50,0,7.199347911824947,0,100,84.1085779384178,0,100,1.441890799457315,0,0,2.141953559938255,0,0,,50,0
2017-09-04,0.5749316784910492,50,0,6.346058219196576,0,100,84.1085779384178,0,100,1.2401081243948868,0,0,1.884315176163567,0,0,,50,0
2017-09-05,0.6553248637482814,50,0,6.469554370630859,0,100,84.1085779384178,0,100,1.266558251342399,0,0,1.9171172346586611,0,0,,50,0
2017-09-06,0.7776087472717855,50,0,6.754910002460796,0,100,84.1085779384178,0,100,1.3195268243179836,0,0,1.9975720300902509,0,0,,50,0
2017-09-07,0.7530557231784577,50,0,6.66479561777288,0,100,84.1085779384178,0,100,1.282018144708294,0,0,1.9669225858068886,0,0,,50,0
2017-09-08,0.5357260704750652,50,0,6.100687673047964,0,100,84.1085779384178,0,100,1.2287456205022957,0,0,1.796957082884107,0,0,,50,0
2017-09-09,0.5095522761894691,50,0,5.967483723080481,0,100,84.1085779384178,0,100,1.1882428896444086,0,0,1.754372373734305,0,0,,50,0
2017-09-10,0.4766837499057554,50,0,5.853716713364345,0,100,84.1085779384178,0,100,1.201250185711587,0,0,1.7176832720649389,0,0,,50,0
2017-09-11,0.45238956186292356,50,0,5.753266134347446,0,100,84.1085779384178,0,100,1.2029493998685163,0,0,1.6850864352497075,0,0,,50,0
2017-09-12,0.4260972628724114,50,0,5.640093785210071,0,100,84.1085779384178,0,100,1.1960229955907937,0,0,1.6489186085819427,0,0,,50,0
2017-09-13,0.2832830723153768,50,0,5.284763587539815,0,100,84.1085779384178,0,100,1.2247704688331944,0,0,1.542323811765442,0,0,,50,0
2017-09-14,-0.0871304723964132,50,0,4.281395825228091,0,100,84.1085779384178,0,100,1.1446091252186645,0,0,1.2475408087095063,50,0,,50,0
2017-09-15,0.22066449026594687,50,0,4.894188336685962,0,100,84.1085779384178,0,100,1.1704140197507737,0,0,1.4237719255450203,50,0,,50,0
2017-09-16,0.19200733419271193,50,0,4.800139283796622,0,100,84.1085779384178,0,100,1.1175464790293266,0,0,1.394155569986418,50,0,,50,0
2017-09-17,0.23108468700763515,50,0,4.858669503995218,0,100,84.1085779384178,0,100,1.168219857125747,0,0,1.4089265745135593,50,0,,50,0
2017-09-18,0.561798604307762,50,0,5.518584208384583,0,100,84.1085779384178,0,100,1.2866042692856026,0,0,1.5976853042237047,0,0,,50,0
2017-09-19,0.45156374996590987,50,0,5.267847036567757,0,100,84.1085779384178,0,100,1.2793666639778594,0,0,1.5226917874007437,0,0,,50,0
2017-09-20,0.4476537665576559,50,0,5.240782370370617,0,100,84.1085779384178,0,100,1.3044607309439475,0,0,1.5124512050566263,0,0,,50,0
2017-09-21,0.2180587304657442,50,0,4.738114017686485,0,100,84.1085779384178,0,100,1.2365330418142129,0,0,1.3653320501740016,50,0,,50,0
2017-09-22,0.2671967003297093,50,0,4.8037437772244145,0,100,84.1085779384178,0,100,1.2928666671740676,0,0,1.3821686871603316,50,0,,50,0
2017-09-23,0.45877970283216757,50,0,5.167807562059327,0,100,84.1085779384178,0,100,1.4082453056868716,0,0,1.4845751439375567,0,0,,50,0
2017-09-24,0.4485706405087747,50,0,5.1333546573487885,0,100,84.1085779384178,0,100,1.490986576636393,0,0,1.4722798667166948,0,0,,50,0
2017-09-25,0.535234497316935,50,0,5.282569170322572,0,100,84.1085779384178,0,100,1.3939486307411697,0,0,1.5126248093222916,0,0,,50,0
2017-09-26,0.4748796324865035,50,0,5.152199951495852,0,100,84.1085779384178,0,100,1.3543289281994821,0,0,1.47299174422392,0,0,,50,0
2017-09-27,0.6587866861013828,50,0,5.503979932436493,0,100,84.1085779384178,0,100,1.3330614726073475,0,0,1.571117496152056,0,0,,50,0
2017-09-28,0.5692768386295144,50,0,5.33393739754501,0,100,84.1085779384178,0,100,1.2668797534888576,0,0,1.5203189072698775,0,0,,50,0
2017-09-29,0.4695719171785454,50,0,5.113131471422918,0,100,84.1085779384178,0,100,1.1775035255217974,0,0,1.4554615389865513,50,0,,50,0
2017-09-30,0.5587526078839029,50,0,5.262755306190564,0,100,70.39598112273652,0,0,1.153412282037092,0,0,1.4960422756521898,0,0,,50,0
2017-10-01,0.5555108952291168,50,0,5.256216800754693,0,100,70.39598112273652,0,0,1.1333564820433404,0,0,1.4924018805138146,0,0,,50,0
2017-10-02,0.5014547992273747,50,0,5.115839730934566,0,100,70.39598112273652,0,0,1.0659298933673826,0,0,1.451196261738536,50,0,,50,0
2017-10-03,0.46775195089630167,50,0,5.0081100314071225,0,100,70.39598112273652,0,0,1.0726281212688726,0,0,1.4193091630268229,50,0,,50,0
2017-10-04,0.47100975359242986,50,0,4.9917284580119965,0,100,70.39598112273652,0,0,1.1401545753911575,0,0,1.4129328036900022,50,0,,50,0
2017-10-05,0.49651619015688314,50,0,5.016483966086758,0,100,70.39598112273652,0,0,1.0986135803819033,0,0,1.4185691578151378,50,0,,50,0
2017-10-06,0.6011815128649578,50,0,5.1971560106599615,0,100,70.39598112273652,0,0,1.1882174348947554,0,0,1.4681396661379016,0,0,,50,0
2017-10-07,0.6339116372298904,50,0,5.239497874308592,0,100,70.39598112273652,0,0,1.178893035952709,0,0,1.4785724304774246,0,0,,50,0
2017-10-08,0.6061913212297388,50,0,5.166291918198339,0,100,70.39598112273652,0,0,1.0470153996380036,0,0,1.4563751189974676,50,0,,50,0
2017-10-09,0.4921333593666648,50,0,4.93025118344249,0,100,70.39598112273652,0,0,0.8261175248332114,50,0,1.3884735956796905,50,0,,50,0
2017-10-10,0.5091576739550153,50,0,4.932926466580586,0,100,70.39598112273652,0,0,0.8615019674674865,50,0,1.3881762891188045,50,0,,50,0
2017-10-11,0.5446800923467582,50,0,4.977983696437137,0,100,70.39598112273652,0,0,0.8578370401478281,50,0,1.3996838011587143,50,0,,50,0
2017-10-12,0.547261544814698,50,0,4.964426842052479,0,100,70.39598112273652,0,0,0.5734904227519304,50,0,1.3947040541120865,50,0,,50,0
2017-10-13,0.829202825769853,50,0,5.4811147644660165,0,100,70.39598112273652,0,0,0.7347644305895421,50,0,1.538388277672455,0,0,,50,0
2017-10-14,0.8144155092847387,50,0,5.50080751095008,0,100,70.39598112273652,0,0,0.6815013294674925,50,0,1.5424705241790957,0,0,,50,0
2017-10-15,0.7661199581698795,50,0,5.406820273314248,0,100,70.39598112273652,0,0,0.6941733713072081,50,0,1.5148010379342607,0,0,,50,0
2017-10-16,0.7428624580369816,50,0,5.362806020354536,0,100,70.39598112273652,0,0,0.6581764703922666,50,0,1.5011274112044268,0,0,,50,0
2017-10-17,0.5364772204457665,50,0,5.037173342402181,0,100,70.39598112273652,0,0,0.5881948909139695,50,0,1.4087209878750044,50,0,,50,0
2017-10-18,0.5171673103166783,50,0,4.974406110404189,0,100,70.39598112273652,0,0,0.5726838635563395,50,0,1.3899511531456332,50,0,,50,0
2017-10-19,0.4748835602482014,50,0,4.87248944279447,0,100,70.39598112273652,0,0,0.4828111485575593,50,0,1.3602389095801035,50,0,,50,0
2017-10-20,0.43647123950604744,50,0,4.782626434866649,0,100,70.39598112273652,0,0,0.3388582852653575,50,0,1.333815122456891,50,0,,50,0
2017-10-21,0.4032809813035938,50,0,4.695852821512165,0,100,70.39598112273652,0,0,0.2986804575702879,50,0,1.3083180262879472,50,0,,50,0
2017-10-22,0.36135801681951224,50,0,4.595391573311781,0,100,70.39598112273652,0,0,0.27404892089072436,50,0,1.2791050812475515,50,0,,50,0
2017-10-23,0.2863092748875201,50,0,4.427049154633457,0,100,70.39598112273652,0,0,0.24287660041963152,50,0,1.231040256929342,50,0,,50,0
2017-10-24,0.3886441084277299,50,0,4.5916708465842655,0,100,70.39598112273652,0,0,0.4760445199566151,50,0,1.275506434436167,50,0,,50,0
2017-10-25,0.3968975071930215,50,0,4.583064526438258,0,100,70.39598112273652,0,0,0.3935225151326149,50,0,1.2718651743734704,50,0,,50,0
2017-10-26,0.3775904222960323,50,0,4.535079933565808,0,100,70.39598112273652,0,0,0.31789961852301685,50,0,1.257297573557656,50,0,,50,0
2017-10-27,0.3876729521208633,50,0,4.5296634570981364,0,100,70.39598112273652,0,0,0.37297446348491264,50,0,1.2545450843778028,50,0,,50,0
2017-10-28,0.37048389549251953,50,0,4.479653594032767,0,100,70.39598112273652,0,0,0.36158896471016266,50,0,1.2394609506340577,50,0,,50,0
2017-10-29,0.4453020192409515,50,0,4.600028392579301,0,100,70.39598112273652,0,0,0.2790379324317882,50,0,1.271538237594235,50,0,,50,0
2017-10-30,0.45655059470637727,50,0,4.607031661742336,0,100,70.39598112273652,0,0,0.3110849859512902,50,0,1.2723314693575043,50,0,,50,0
2017-10-31,0.4414357752491512,50,0,4.565928350569368,0,100,70.58039609279002,0,0,0.19807684679539303,50,0,1.2597769238052896,50,0,,50,0
2017-11-01,0.317528313528305,50,0,4.334815113497859,0,100,70.58039609279002,0,0,0.016514386172442583,50,0,1.194956803402395,50,0,,50,0
2017-11-02,0.2720967036371949,50,0,4.228321607912717,0,100,70.58039609279002,0,0,-0.10404311573074486,50,0,1.1645641814911203,50,0,,50,0
2017-11-03,0.45375089305882094,50,0,4.5260632200724675,0,100,70.58039609279002,0,0,-0.013731931838304463,50,0,1.2453885636978568,50,0,,50,0
2017-11-04,0.4024503286125575,50,0,4.421354175578309,0,100,70.58039609279002,0,0,-0.10222371272276362,50,0,1.215490338393991,50,0,,50,0
2017-11-05,0.36759959192523034,50,0,4.348583941462727,0,100,70.58039609279002,0,0,-0.1123445646472237,50,0,1.1943810451005277,50,0,,50,0
2017-11-06,0.37931595002727325,50,0,4.355347119547416,0,100,70.58039609279002,0,0,-0.0063739475583596055,50,0,1.1951583668929724,50,0,,50,0
2017-11-07,0.32999015390982667,50,0,4.251813766895594,0,100,70.58039609279002,0,0,-0.07654336127311538,50,0,1.1656890208451887,50,0,,50,0
2017-11-08,0.46801252687632194,50,0,4.491348346017878,0,100,70.58039609279002,0,0,-0.05282185417941267,50,0,1.2301935671872042,50,0,,50,0
2017-11-09,0.5333567688198945,50,0,4.610489234507152,0,100,70.58039609279002,0,0,0.0892557149658573,50,0,1.261607270321475,50,0,,50,0
2017-11-10,0.3707131182870555,50,0,4.307649318866455,0,100,70.58039609279002,0,0,0.10572279766480398,50,0,1.1776799190596368,50,0,,50,0
2017-11-11,0.5041884869151639,50,0,4.525204177612226,0,100,70.58039609279002,0,0,0.3016576239109238,50,0,1.2360035146722854,50,0,,50,0
2017-11-12,0.42750238516583705,50,0,4.378833246822862,0,100,70.58039609279002,0,0,0.425861735971078,50,0,1.1950050081405434,50,0,,50,0
2017-11-13,0.48775683366759326,50,0,4.47910913089009,0,100,70.58039609279002,0,0,0.24079470366336264,50,0,1.2215373280717818,50,0,,50,0
2017-11-14,0.6181172116367524,50,0,4.722933201989208,0,100,70.58039609279002,0,0,0.3397389265309408,50,0,1.287341396431637,50,0,,50,0
2017-11-15,0.586270644156605,50,0,4.6538787151091485,0,100,70.58039609279002,0,0,0.1193480666958008,50,0,1.2677723924877782,50,0,,50,0
2017-11-16,0.5680452441588274,50,0,4.617899841352916,0,100,70.58039609279002,0,0,-0.031215737226689813,50,0,1.2574680857586211,50,0,,50,0
2017-11-17,0.5832087816427293,50,0,4.634193047782863,0,100,70.58039609279002,0,0,0.007891520399678513,50,0,1.2613328415825658,50,0,,50,0
2017-11-18,0.7009888145254506,50,0,4.823292305861688,0,100,70.58039609279002,0,0,0.0756505178531589,50,0,1.3121365113113552,50,0,,50,0
2017-11-19,0.7610670133345196,50,0,4.918117869148478,0,100,70.58039609279002,0,0,0.06814238260697507,50,0,1.337309305516777,50,0,,50,0
2017-11-20,0.824546205871446,50,0,5.081451017159154,0,100,70.58039609279002,0,0,0.08095495671280831,50,0,1.3813955122321329,50,0,,50,0
2017-11-21,0.7456821947146028,50,0,4.943043114862185,0,100,70.58039609279002,0,0,0.07875413645774587,50,0,1.343359961003544,50,0,,50,0
2017-11-22,0.8540348759869669,50,0,5.185512149304354,0,100,70.58039609279002,0,0,0.14445727646912648,50,0,1.4088632089628847,50,0,,50,0
2017-11-23,1.0843642312461634,50,0,5.619525236944554,0,100,70.58039609279002,0,0,0.37051942263737725,50,0,1.5256955382329487,0,0,,50,0
2017-11-24,1.4663413131212975,50,0,6.37027380537493,0,100,70.58039609279002,0,0,0.6331293255647314,50,0,1.7284618019616451,0,0,,50,0
2017-11-25,1.3839639708066278,50,0,6.2416369275151355,0,100,70.58039609279002,0,0,0.4512613642256133,50,0,1.6924350454911787,0,0,,50,0
2017-11-26,1.3963980239968385,50,0,6.275233955230952,0,100,70.58039609279002,0,0,0.33874833163370477,50,0,1.7004413580011264,0,0,,50,0
2017-11-27,1.326268665775448,50,0,6.306591095799429,0,100,70.58039609279002,0,0,0.2703869921921966,50,0,1.707804772615962,0,0,,50,0
2017-11-28,1.2339233705791655,50,0,6.140527294361245,0,100,70.58039609279002,0,0,0.18535362783018391,50,0,1.6616764337753351,0,0,,50,0
2017-11-29,0.9433215301230469,50,0,5.599655992301891,0,100,70.58039609279002,0,0,0.041885971472465415,50,0,1.5144524738896483,0,0,,50,0
2017-11-30,1.0015900127297417,50,0,5.692017196861702,0,100,77.17754530028087,0,0,0.04576664262857009,50,0,1.5385488405220193,0,0,,50,0
2017-12-01,1.1483676766076287,50,0,5.955796866714898,0,100,77.17754530028087,0,0,-0.004452420676801496,50,0,1.6088716793258788,0,0,,50,0
2017-12-02,1.121230857170962,50,0,5.8991658982517805,0,100,77.17754530028087,0,0,-0.032434222412661674,50,0,1.592531349172655,0,0,,50,0
2017-12-03,1.1322020430799755,50,0,5.9226825656975,0,100,77.17754530028087,0,0,-0.06011124925196927,50,0,1.5977701690029318,0,0,,50,0
2017-12-04,1.0709134907220341,50,0,5.920240351720854,0,100,77.17754530028087,0,0,-0.10444762696689981,50,0,1.5962316231128781,0,0,,50,0
2017-12-05,0.9979256350167908,50,0,5.775721887999444,0,100,77.17754530028087,0,0,-0.16269332533160932,50,0,1.557188668950162,0,0,,50,0
2017-12-06,0.8248390136152252,50,0,5.446487154797068,0,100,77.17754530028087,0,0,-0.5069718506701366,50,0,1.468409235246852,0,0,,50,0
2017-12-07,0.7780431956150444,50,0,5.387445724102415,0,100,77.17754530028087,0,0,-0.7517845735370642,50,0,1.453031976197743,50,0,,50,0
2017-12-08,0.9737082967324457,50,0,5.744437331856051,0,100,77.17754530028087,0,0,-0.6202501253990742,50,0,1.5499139413416725,0,0,,50,0
2017-12-09,1.0867807521768356,50,0,5.95936892453578,0,100,77.17754530028087,0,0,-0.4612046911423881,50,0,1.6088406442216234,0,0,,50,0
2017-12-10,0.8337175811174558,50,0,5.459696360589465,0,100,77.17754530028087,0,0,-0.605408489033612,50,0,1.4754570013668602,0,0,,50,0
2017-12-11,1.1970644795885883,50,0,6.176386238471805,0,100,77.17754530028087,0,0,-0.5511621955278597,50,0,1.6702743538109175,0,0,,50,0
2017-12-12,2.1279143887692533,50,0,8.271595486114908,0,100,77.17754530028087,0,0,-0.15411569796255212,50,0,2.236862864551659,0,0,,50,0
2017-12-13,2.050415360937606,50,0,8.412267660056687,0,100,77.17754530028087,0,0,-0.014010475444180506,50,0,2.2744248873690807,0,0,,50,0
2017-12-14,1.8188234197897633,50,0,8.299073330434402,0,100,77.17754530028087,0,0,-0.03277824461904242,50,0,2.2439593603077843,0,0,,50,0
2017-12-15,1.7347703013920281,50,0,8.12859645485722,0,100,77.17754530028087,0,0,-0.1661755611171069,50,0,2.198722176419026,0,0,,50,0
2017-12-16,1.6842384068008822,50,0,8.15879546279,0,100,77.17754530028087,0,0,-0.31337391767574035,50,0,2.208848898028938,0,0,,50,0
2017-12-17,1.8023008078502376,50,0,8.453392603897678,0,100,77.17754530028087,0,0,-0.2119048805850635,50,0,2.290433978333216,0,0,,50,0
2017-12-18,1.939388511348798,50,0,9.045137721563332,0,100,77.17754530028087,0,0,-0.0563578296010416,50,0,2.4520073911648317,0,100,,50,0
2017-12-19,1.9963256033290313,50,0,9.368249657121158,0,100,77.17754530028087,0,0,0.16624436364480907,50,0,2.5406171074066557,0,100,,50,0
2017-12-20,1.8123544479541582,50,0,8.982560353294028,0,100,77.17754530028087,0,0,0.24326017211431744,50,0,2.4371780260377935,0,100,,50,0
2017-12-21,1.7376757769730318,50,0,8.861515180549643,0,100,77.17754530028087,0,0,0.34292965726806857,50,0,2.406198083693098,0,100,,50,0
2017-12-22,1.2100091590265694,50,0,7.560032267343621,0,100,77.17754530028087,0,0,0.21053389732415909,50,0,2.0549261425480436,0,0,,50,0
2017-12-23,1.3824796214252673,50,0,7.969907131865554,0,100,77.17754530028087,0,0,0.2508293562242632,50,0,2.168825025411544,0,0,,50,0
2017-12-24,1.2048930943716414,50,0,7.514623722080194,0,100,77.17754530028087,0,0,0.2715699003130334,50,0,2.047153872240493,0,0,,50,0
2017-12-25,1.4065660860007523,50,0,7.984551515395948,0,100,77.17754530028087,0,0,0.4132291755754144,50,0,2.1772641739842036,0,0,,50,0
2017-12-26,1.4351595020815193,50,0,8.04988590901699,0,100,77.17754530028087,0,0,0.21018133990950522,50,0,2.1977019129632147,0,0,,50,0
2017-12-27,1.3777667725172884,50,0,7.887473081250601,0,100,77.17754530028087,0,0,0.22933281228695393,50,0,2.1579920295074624,0,0,,50,0
2017-12-28,1.2531629599922387,50,0,7.5705693663263265,0,100,77.17754530028087,0,0,0.315384681067591,50,0,2.075737647054218,0,0,,50,0
2017-12-29,1.3532892027934222,50,0,7.833784252820012,0,100,77.17754530028087,0,0,0.3644276868573975,50,0,2.1536663396186237,0,0,,50,0
2017-12-30,1.1943040383309873,50,0,7.429435631259408,0,100,77.17754530028087,0,0,0.5303575394810671,50,0,2.047983199446756,0,0,,50,0
2017-12-31,1.3037147862512994,50,0,7.6669952078630015,0,100,85.25811522255401,0,100,0.45256535735764797,50,0,2.1175011523542286,0,0,,50,0
2018-01-01,1.3498211270302491,50,0,7.749602825580599,0,100,85.25811522255401,0,100,0.5746461329991385,50,0,2.1442552220542037,0,0,,50,0
2018-01-02,1.7350452963919667,50,0,8.776580752244554,0,100,85.25811522255401,0,100,0.6780461237881256,50,0,2.4324771786495853,0,100,,50,0
2018-01-03,1.9813365583812674,50,0,9.493922667752177,0,100,85.25811522255401,0,100,0.8637769098139528,50,0,2.6356093325079013,0,100,,50,0
2018-01-04,1.9012144231352506,50,0,9.489086895491036,0,100,85.25811522255401,0,100,0.8778736193469125,50,0,2.6377575406867217,0,100,,50,0
2018-01-05,1.8120302870248948,50,0,9.459140830771734,0,100,85.25811522255401,0,100,0.5850808014665237,50,0,2.6330151781274895,0,100,,50,0
2018-01-06,1.8750848678498322,50,0,9.829514116086298,0,100,85.25811522255401,0,100,0.6898317742534944,50,0,2.739067761409509,0,100,,50,0
2018-01-07,2.1244371999098592,50,0,10.656691722891976,0,100,85.25811522255401,0,100,1.0825230957411485,0,0,2.970755866434135,0,100,,50,0
2018-01-08,2.0302116093898133,50,0,10.841983965902301,0,100,85.25811522255401,0,100,1.4277391066164158,0,0,3.0232717181323445,0,100,,50,0
2018-01-09,2.367527094936904,50,0,12.155476757200768,0,100,85.25811522255401,0,100,2.015196175328,0,100,3.389352449269792,0,100,,50,0
2018-01-10,2.062233082854698,50,0,11.483603637729084,0,100,85.25811522255401,0,100,1.7725174669923116,0,100,3.201319444320685,0,100,,50,0
2018-01-11,1.6990582995902552,50,0,10.409833868044997,0,100,85.25811522255401,0,100,1.841969417657055,0,100,2.900966990693603,0,100,,50,0
2018-01-12,1.975798138754624,50,0,11.460055205651344,0,100,85.25811522255401,0,100,2.0826944321015746,0,100,3.1906081213571515,0,100,,50,0
2018-01-13,2.209459700230887,50,0,12.418858400776756,0,100,85.25811522255401,0,100,2.3327320458636898,0,100,3.4543637624330885,0,100,,50,0
2018-01-14,2.057640874802735,50,0,12.101957440104158,0,100,85.25811522255401,0,100,2.443287979267281,0,100,3.364770201754847,0,100,,50,0
2018-01-15,1.7714364047459268,50,0,11.258230042388126,0,100,85.25811522255401,0,100,2.217404685811952,0,100,3.128470594254177,0,100,,50,0
2018-01-16,1.1648898234174794,50,0,9.235073335350616,0,100,85.25811522255401,0,100,2.1541917634045693,0,100,2.5656239757671733,0,100,,50,0
2018-01-17,1.0485657842329832,50,0,8.736096629669364,0,100,85.25811522255401,0,100,2.064029673599607,0,100,2.426172994124494,0,100,,50,0
2018-01-18,1.0718708137278325,50,0,8.713271195100358,0,100,85.25811522255401,0,100,2.057525048500409,0,100,2.419668455380156,0,100,,50,0
2018-01-19,1.0994370339894355,50,0,8.732677565159918,0,100,85.25811522255401,0,100,2.0333364664128593,0,100,2.4244960333109757,0,100,,50,0
2018-01-20,1.4411438604770903,50,0,9.672654349561041,0,100,85.25811522255401,0,100,2.041570652432678,0,100,2.683835188221664,0,100,,50,0
2018-01-21,1.106979404525231,50,0,8.653359950327301,0,100,85.25811522255401,0,100,2.0751703283559038,0,100,2.4000610255550443,0,100,,50,0
2018-01-22,0.9664844366617168,50,0,8.1927147487223,0,100,85.25811522255401,0,100,2.135135098980585,0,100,2.271621704804973,0,0,,50,0
2018-01-23,0.9888696808382237,50,0,8.072345513812992,0,100,85.25811522255401,0,100,2.066962527023667,0,100,2.236912677454671,0,0,,50,0
2018-01-24,1.1376908833286936,50,0,8.508011439283818,0,100,85.25811522255401,0,100,2.1732844611763835,0,100,2.3559974340155403,0,0,,50,0
2018-01-25,1.100770078410297,50,0,8.409849821894511,0,100,85.25811522255401,0,100,2.1941878870993152,0,100,2.327034741761513,0,0,,50,0
2018-01-26,1.0761048547032,50,0,8.316428043747136,0,100,85.25811522255401,0,100,2.216606804107057,0,100,2.2985588654163664,0,0,,50,0
2018-01-27,1.2188954442359965,50,0,8.660364240820577,0,100,85.25811522255401,0,100,2.3131823046275666,0,100,2.3903383927807256,0,0,,50,0
2018-01-28,1.508507316473958,50,0,9.536815328974386,0,100,85.25811522255401,0,100,2.660122837291339,0,100,2.62874960240959,0,100,,50,0
2018-01-29,1.3294771647260506,50,0,9.041086021717964,0,100,85.25811522255401,0,100,2.6513534627218425,0,100,2.4887014965149112,0,100,,50,0
2018-01-30,1.0290324223627314,50,0,8.120317661065958,0,100,85.25811522255401,0,100,2.7048057635085816,0,100,2.2325184294344247,0,0,,50,0
2018-01-31,1.1369685369437779,50,0,8.39343431481963,0,100,89.79410261441375,0,100,2.853708919995428,0,100,2.303940326390785,0,0,,50,0
2018-02-01,0.9231228777746512,50,0,7.745310221201414,0,100,89.79410261441375,0,100,3.0114534520343863,0,100,2.1226734990123046,0,0,30.0,50,0
2018-02-02,0.6281034423918817,50,0,6.892124143805235,0,100,89.79410261441375,0,100,2.630456625278212,0,100,1.886954494927266,0,0,15.0,100,0
2018-02-03,0.771400454778351,50,0,7.205616620555881,0,100,89.79410261441375,0,100,2.6876217643344122,0,100,1.971411723886263,0,0,40.0,50,0
2018-02-04,0.4105854293972328,50,0,6.238022398749611,0,100,89.79410261441375,0,100,2.5234214668676977,0,100,1.7052703694594114,0,0,24.0,100,0
2018-02-05,0.004962584699944548,50,0,5.141612058349095,0,100,89.79410261441375,0,100,2.5118658777828022,0,100,1.4052484305715103,50,0,11.0,100,0
2018-02-06,0.31656365180986007,50,0,5.82524319167792,0,100,89.79410261441375,0,100,2.5472359680640917,0,100,1.5913046780453814,0,0,8.0,100,0
2018-02-07,0.23840774028826467,50,0,5.542806799079771,0,100,89.79410261441375,0,100,2.418029412056949,0,100,1.5137373736954522,0,0,36.0,50,0
2018-02-08,0.4100434671910029,50,0,5.907008912721585,0,100,89.79410261441375,0,100,2.392527493587945,0,100,1.6125190746644238,0,0,30.0,50,0
2018-02-09,0.6019231879719137,50,0,6.345541239067744,0,100,89.79410261441375,0,100,2.5001763068135103,0,100,1.7312142622403641,0,0,44.0,50,0
2018-02-10,0.5286372530532438,50,0,6.144871255605619,0,100,89.79410261441375,0,100,2.4510923149093977,0,100,1.6751951137615435,0,0,54.0,0,0
2018-02-11,0.42456018156755165,50,0,5.854210278695743,0,100,89.79410261441375,0,100,2.489954561029893,0,100,1.5948250628126075,0,0,31.0,50,0
2018-02-12,0.6125789125992843,50,0,6.198240742835257,0,100,89.79410261441375,0,100,2.3506492737031808,0,100,1.687177241814317,0,0,42.0,50,0
2018-02-13,0.5300025809189394,50,0,5.969482240981451,0,100,89.79410261441375,0,100,2.400608993722272,0,100,1.6234944471507908,0,0,35.0,50,0
2018-02-14,0.7702922919417274,50,0,6.50152291454265,0,100,89.79410261441375,0,100,2.343305291156047,0,100,1.7666207847792488,0,0,55.0,0,0
2018-02-15,0.7940178158895923,50,0,6.528573808637507,0,100,89.79410261441375,0,100,2.118498717372129,0,100,1.7722049867791296,0,0,71.0,0,0
2018-02-16,0.8212055928661839,50,0,6.555369495577543,0,100,89.79410261441375,0,100,2.1264106711651656,0,100,1.777741963232831,0,0,67.0,0,0
2018-02-17,0.9211125356392271,50,0,6.763400344920801,0,100,89.79410261441375,0,100,1.9448735328457676,0,100,1.8326720237716083,0,0,74.0,0,0
2018-02-18,0.7261899537530058,50,0,6.311389033746554,0,100,89.79410261441375,0,100,1.927613282311975,0,100,1.708864523301067,0,0,63.0,0,0
2018-02-19,0.8185983859958816,50,0,6.428824005608492,0,100,89.79410261441375,0,100,1.7820482124787722,0,100,1.7393363680040022,0,0,67.0,0,0
2018-02-20,0.6592859425126596,50,0,6.037413082287181,0,100,89.79410261441375,0,100,1.547481647554311,0,100,1.6323118842346482,0,0,74.0,0,0
2018-02-21,0.5209846640115532,50,0,5.70235221149645,0,100,89.79410261441375,0,100,1.617848373361577,0,100,1.541169905657016,0,0,54.0,0,0
2018-02-22,0.432179281272659,50,0,5.448292610158058,0,100,89.79410261441375,0,100,1.6748936223880175,0,100,1.4722884028989758,0,0,44.0,50,0
2018-02-23,0.5884063301258668,50,0,5.747493159855483,0,100,89.79410261441375,0,100,1.7839946372634112,0,100,1.552808929840907,0,0,39.0,50,0
2018-02-24,0.5094727734691338,50,0,5.573801641455915,0,100,89.79410261441375,0,100,1.8641657379003713,0,100,1.5059461740161122,0,0,31.0,50,0
2018-02-25,0.5415265820599277,50,0,5.601537902051639,0,100,89.79410261441375,0,100,1.933611121247841,0,100,1.5134956404501358,0,0,33.0,50,0
2018-02-26,0.615964884361349,50,0,5.728973171985685,0,100,89.79410261441375,0,100,1.77222897501747,0,100,1.5479639173376794,0,0,37.0,50,0
2018-02-27,0.6405717601348001,50,0,5.760269859826241,0,100,89.79410261441375,0,100,1.6933993015840292,0,100,1.5565296286636883,0,0,44.0,50,0
2018-02-28,0.5648843951593507,50,0,5.576634417461418,0,100,73.04683677624772,0,0,1.7133591537197013,0,100,1.5070545903903132,0,0,41.0,50,0
2018-03-01,0.6178182710720764,50,0,5.666017238166611,0,100,73.04683677624772,0,0,1.5834664537031045,0,100,1.5311257539320926,0,0,38.0,50,0
2018-03-02,0.5727433467334138,50,0,5.548035958622616,0,100,73.04683677624772,0,0,1.5007944070423291,0,100,1.4992225713582026,0,0,47.0,50,0
2018-03-03,0.5704040028747032,50,0,5.515099306754414,0,100,73.04683677624772,0,0,1.3766806167511854,0,0,1.490111207975867,0,0,56.0,0,0
2018-03-04,0.5906742679659882,50,0,5.531799545466436,0,100,73.04683677624772,0,0,1.3916458831198204,0,0,1.4945660211060527,0,0,44.0,50,0
2018-03-05,0.5593862523171377,50,0,5.444763837834875,0,100,73.04683677624772,0,0,1.334230526554401,0,0,1.471017807389938,0,0,55.0,0,0
2018-03-06,0.43721653228825136,50,0,5.170718718184564,0,100,73.04683677624772,0,0,1.4329042711336089,0,0,1.396927014340879,50,0,59.0,0,0
2018-03-07,0.2556334387987651,50,0,4.765911249904786,0,100,73.04683677624772,0,0,1.4254812664364234,0,0,1.2876639083467265,50,0,37.0,50,0
2018-03-08,0.09690760997055096,50,0,4.417535536102287,0,100,73.04683677624772,0,0,1.3841789883746562,0,0,1.1937764688160528,50,0,39.0,50,0
2018-03-09,0.19635622774369724,50,0,4.564304375871304,0,100,73.04683677624772,0,0,1.5229312888543867,0,100,1.2338479832994391,50,0,37.0,50,0
2018-03-10,0.07522255822482023,50,0,4.2948537376574265,0,100,73.04683677624772,0,0,1.5131220614002368,0,100,1.1614135723494008,50,0,39.0,50,0
2018-03-11,0.18918029325649433,50,0,4.486292513674632,0,100,73.04683677624772,0,0,1.4067949146747118,0,0,1.2135525548398889,50,0,40.0,50,0
2018-03-12,0.12414605162764197,50,0,4.337773995191608,0,100,73.04683677624772,0,0,1.436367575598572,0,0,1.1738349653752227,50,0,41.0,50,0
2018-03-13,0.10948325207916594,50,0,4.28034463784225,0,100,73.04683677624772,0,0,1.3996981665525583,0,0,1.1588051321643755,50,0,41.0,50,0
2018-03-14,-0.13422826291766912,50,0,3.7879213129075597,0,100,73.04683677624772,0,0,1.3635866133499512,0,0,1.026102274776158,50,0,40.0,50,0
2018-03-15,-0.12281050083980256,50,0,3.7696836921585826,0,100,73.04683677624772,0,0,1.3394925073667252,0,0,1.0218702628882634,50,0,32.0,50,0
2018-03-16,-0.13758331216987388,50,0,3.717813766724281,0,100,73.04683677624772,0,0,1.2639893675333687,0,0,1.0085297014062953,50,0,33.0,50,0
2018-03-17,-0.3028854888804645,50,0,3.3795656729437296,0,100,73.04683677624772,0,0,1.1662908098640492,0,0,0.9177109534081375,50,0,31.0,50,0
2018-03-18,-0.3467342797153625,50,0,3.294291963185284,0,100,73.04683677624772,0,0,0.9870566218631733,0,0,0.8955713291651863,50,0,29.0,50,0
2018-03-19,-0.2955707907069555,50,0,3.358656943178241,0,100,73.04683677624772,0,0,0.9315873883878847,0,0,0.9141041547290755,50,0,29.0,50,0
2018-03-20,-0.2705482268204615,50,0,3.3837583650233225,0,100,73.04683677624772,0,0,0.8463618123585389,50,0,0.9219838517316681,50,0,37.0,50,0
2018-03-21,-0.2533336741951305,50,0,3.386011635294686,0,100,73.04683677624772,0,0,0.8597347858475746,50,0,0.9233105805952354,50,0,36.0,50,0
2018-03-22,-0.3118097769070221,50,0,3.2671849817292196,0,100,73.04683677624772,0,0,0.8217706742428553,50,0,0.891648727998768,50,0,36.0,50,0
2018-03-23,-0.31307382709279274,50,0,3.2503132981457306,0,100,73.04683677624772,0,0,0.795744796944886,50,0,0.8874864046481672,50,0,28.0,50,0
2018-03-24,-0.35462368866961,50,0,3.167499160231497,0,100,73.04683677624772,0,0,0.7824523188755153,50,0,0.8653805251084197,50,0,32.0,50,0
2018-03-25,-0.3612227589979502,50,0,3.143215962513661,0,100,73.04683677624772,0,0,0.8208663552043876,50,0,0.8593660844845233,50,0,30.0,50,0
2018-03-26,-0.46825578124787115,50,0,2.942213374579052,0,100,73.04683677624772,0,0,0.7379411348103081,50,0,0.8050242180100563,50,0,31.0,50,0
2018-03-27,-0.5835424434414337,50,0,2.7015532747210713,0,100,73.04683677624772,0,0,0.6321661491635431,50,0,0.7396323615581444,50,0,24.0,100,0
2018-03-28,-0.5924671965976661,50,0,2.666401907633577,0,100,73.04683677624772,0,0,0.5744589020344014,50,0,0.7304333090524503,50,0,24.0,100,0
2018-03-29,-0.8015145091337813,50,0,2.3035294447845165,0,100,73.04683677624772,0,0,0.4910120584982264,50,0,0.631447562158569,100,0,18.0,100,0
2018-03-30,-0.7665876289959922,50,0,2.342770087890425,0,100,73.04683677624772,0,0,0.6302738840322994,50,0,0.6426018249604128,100,0,12.0,100,0
2018-03-31,-0.7532160983327733,50,0,2.351683660937757,0,100,53.13995772347902,50,0,0.610788799457352,50,0,0.6454191202693184,50,0,16.0,100,0
2018-04-01,-0.8114215644820498,50,0,2.25073262963649,0,100,53.13995772347902,50,0,0.5491817670550768,50,0,0.618001995910035,100,0,16.0,100,0
2018-04-02,-0.7829314071890816,50,0,2.2794562841734156,0,100,53.13995772347902,50,0,0.5040153441049655,50,0,0.6259086608350715,100,0,11.0,100,0
2018-04-03,-0.6551078292390847,50,0,2.464890828093748,0,100,53.13995772347902,50,0,0.5660559564037058,50,0,0.6769874911071017,50,0,22.0,100,0
2018-04-04,-0.7881925406214627,50,0,2.2442304955329693,0,100,53.13995772347902,50,0,0.5605889393257747,50,0,0.6165543480053088,100,0,22.0,100,0
2018-04-05,-0.7650553884851549,50,0,2.2660007620536606,0,100,53.13995772347902,50,0,0.5806854452622793,50,0,0.6227236616451471,100,0,17.0,100,0
2018-04-06,-0.8081015722257023,50,0,2.187747277908647,0,100,53.13995772347902,50,0,0.5664524882377707,50,0,0.6015952519000153,100,0,19.0,100,0
2018-04-07,-0.7503630101347686,50,0,2.270944668951613,0,100,53.13995772347902,50,0,0.5609889212312676,50,0,0.6247828503337949,100,0,20.0,100,0
2018-04-08,-0.6929500215891475,50,0,2.355711348684646,0,100,53.13995772347902,50,0,0.6102000673795213,50,0,0.6484033625519691,50,0,17.0,100,0
2018-04-09,-0.701410609784011,50,0,2.333346976174777,0,100,53.13995772347902,50,0,0.6888882117441859,50,0,0.6424104175931915,100,0,21.0,100,0
2018-04-10,-0.6296836861730155,50,0,2.431594357203373,0,100,53.13995772347902,50,0,0.7684387683768394,50,0,0.6696293800482513,50,0,18.0,100,0
2018-04-11,-0.5628491342974344,50,0,2.5237784622545147,0,100,53.13995772347902,50,0,0.8216210311726517,50,0,0.6952866380145745,50,0,20.0,100,0
2018-04-12,-0.32170964858586903,50,0,2.8926154360049217,0,100,53.13995772347902,50,0,0.8455024994441888,50,0,0.7970977120506112,50,0,18.0,100,0
2018-04-13,-0.31255055620867855,50,0,2.9030927530032504,0,100,53.13995772347902,50,0,0.8554669181627813,50,0,0.8002395737009612,50,0,23.0,100,0
2018-04-14,-0.2859417623150237,50,0,2.937653930234214,0,100,53.13995772347902,50,0,0.86315172795309,50,0,0.8099709778545886,50,0,,50,0
2018-04-15,-0.18140593515380984,50,0,3.0947357850199806,0,100,53.13995772347902,50,0,0.8989409201709754,0,0,0.8535902276751064,50,0,,50,0
2018-04-16,-0.25940652781808243,50,0,2.9706256810624874,0,100,53.13995772347902,50,0,0.8910468385377328,0,0,0.8196327712950482,50,0,,50,0
2018-04-17,-0.29333523967381864,50,0,2.913452235450954,0,100,53.13995772347902,50,0,0.8978976275864294,0,0,0.8040673189098835,50,0,26.0,50,0
2018-04-18,-0.207474885765308,50,0,3.0398226487892326,0,100,53.13995772347902,50,0,0.9261494121476848,0,0,0.8391856770664735,50,0,24.0,100,0
2018-04-19,-0.05603993013503954,50,0,3.2730544143479885,0,100,53.13995772347902,50,0,1.1057479320694104,0,0,0.9037580869956318,50,0,25.0,100,0
2018-04-20,0.12179022150601493,50,0,3.5511522883159232,0,100,53.13995772347902,50,0,1.1590179994932057,0,0,0.9805881815624425,50,0,26.0,50,0
2018-04-21,0.07585697787417953,50,0,3.4794637910722055,0,100,53.13995772347902,50,0,1.0978182366552658,0,0,0.9608140800318851,50,0,32.0,50,0
2018-04-22,0.1329330230379932,50,0,3.560691465192121,0,100,53.13995772347902,50,0,1.195758005826774,0,0,0.9832322940176921,50,0,31.0,50,0
2018-04-23,0.18428034163008342,50,0,3.6736534874553533,0,100,53.13995772347902,50,0,1.254967975542585,0,0,1.0143851476174055,50,0,28.0,50,0
2018-04-24,0.3988648506740671,50,0,4.018252143981663,0,100,53.13995772347902,50,0,1.3018894241638759,0,0,1.1094481440580188,50,0,29.0,50,0
2018-04-25,0.06279877234150476,50,0,3.4938495064029156,0,100,53.13995772347902,50,0,1.1449796523998144,0,0,0.9647929001568286,50,0,64.0,0,0
2018-04-26,0.2282497044128962,50,0,3.752041153999152,0,100,53.13995772347902,50,0,1.2325997411166374,0,0,1.0361015535782252,50,0,47.0,50,0
2018-04-27,0.1801839101303474,50,0,3.6690912118880465,0,100,53.13995772347902,50,0,1.2678719741686484,0,0,1.0131287049923021,50,0,55.0,0,0
2018-04-28,0.29831225623137037,50,0,3.848160034553044,0,100,53.13995772347902,50,0,1.3028097110164938,0,0,1.0624366560381677,50,0,54.0,0,0
2018-04-29,0.31597348838770406,50,0,3.8695030344337455,0,100,53.13995772347902,50,0,1.310780833005594,0,0,1.0682077332761175,50,0,61.0,0,0
2018-04-30,0.23614652098789046,50,0,3.7397657045421058,0,100,60.12266166601813,50,0,1.2691729639274145,0,0,1.032321845621987,50,0,59.0,0,0
2018-05-01,0.2502492010457954,50,0,3.7544151771387893,0,100,60.12266166601813,50,0,1.3440940018276433,0,0,1.0365465655818091,50,0,56.0,0,0
2018-05-02,0.2959297586750565,50,0,3.827848607930955,0,100,60.12266166601813,50,0,1.36894794547308,0,0,1.0569899080891283,50,0,52.0,0,0
2018-05-03,0.6040329300415381,50,0,4.324997656557731,0,100,60.12266166601813,50,0,1.594140754762798,0,100,1.1941839049803524,50,0,55.0,0,0
2018-05-04,0.6065061451114572,50,0,4.338324497899813,0,100,60.12266166601813,50,0,1.6355689832635318,0,100,1.1977504428938086,50,0,56.0,0,0
2018-05-05,0.6923317521105598,50,0,4.4775823918652815,0,100,60.12266166601813,50,0,1.7232397402940025,0,100,1.2358243143197067,50,0,63.0,0,0
2018-05-06,0.5960788852895229,50,0,4.317102999402865,0,100,60.12266166601813,50,0,1.6790501188737768,0,100,1.1912110312224196,50,0,67.0,0,0
2018-05-07,0.46458968928077554,50,0,4.100654075185898,0,100,60.12266166601813,50,0,1.6046628365692976,0,100,1.1312227528229208,50,0,56.0,0,0
2018-05-08,0.47443936140879767,50,0,4.108924855722867,0,100,60.12266166601813,50,0,1.6701792898672518,0,100,1.133189263368248,50,0,62.0,0,0
2018-05-09,0.46146829016852936,50,0,4.078157446097941,0,100,60.12266166601813,50,0,1.6242185063836534,0,100,1.124359352654183,50,0,53.0,0,0
2018-05-10,0.382286061406045,50,0,3.944551552532577,0,100,60.12266166601813,50,0,1.615564903803425,0,100,1.087195518581124,50,0,63.0,0,0
2018-05-11,0.22998758392105623,50,0,3.6825341400121174,0,100,60.12266166601813,50,0,1.631992464519464,0,100,1.0146937440251376,50,0,41.0,50,0
2018-05-12,0.2517973937817748,50,0,3.706399809973966,0,100,60.12266166601813,50,0,1.6366465685307783,0,100,1.0210569091240498,50,0,44.0,50,0
2018-05-13,0.41123661094190866,50,0,3.9415932219736627,0,100,60.12266166601813,50,0,1.7786345125698277,0,100,1.0855211254553612,50,0,40.0,50,0
2018-05-14,0.3926115267373051,50,0,3.9033690642425403,0,100,60.12266166601813,50,0,1.764121707108983,0,100,1.0746618877462375,50,0,40.0,50,0
2018-05-15,0.32289932092608137,50,0,3.78570597441212,0,100,60.12266166601813,50,0,1.7405207115925552,0,100,1.04199165287541,50,0,40.0,50,0
2018-05-16,0.32014378937060306,50,0,3.7695710415076427,0,100,60.12266166601813,50,0,1.804093829593902,0,100,1.037259126251565,50,0,32.0,50,0
2018-05-17,0.19525610992774478,50,0,3.5609713079097047,0,100,60.12266166601813,50,0,1.7299443518692021,0,100,0.9797230712895489,50,0,31.0,50,0
2018-05-18,0.2857113765311429,50,0,3.687667202799969,0,100,60.12266166601813,50,0,1.7846369846834398,0,100,1.014394708192825,50,0,37.0,50,0
2018-05-19,0.2858589604542445,50,0,3.678771982834301,0,100,60.12266166601813,50,0,1.7870518007995877,0,100,1.0117474626395007,50,0,31.0,50,0
2018-05-20,0.3538617802566438,50,0,3.773334143683827,0,100,60.12266166601813,50,0,1.7668665408996578,0,100,1.0373946440236796,50,0,32.0,50,0
2018-05-21,0.2958710145198355,50,0,3.680346143943137,0,100,60.12266166601813,50,0,1.7346322295622476,0,100,1.0114644900437935,50,0,41.0,50,0
2018-05-22,0.10909914110293206,50,0,3.38666174228417,0,100,60.12266166601813,50,0,1.6180395568351011,0,100,0.9306604832059169,50,0,30.0,50,0
2018-05-23,-0.10951349428669634,50,0,3.036280382124952,0,100,60.12266166601813,50,0,1.467349562643398,0,0,0.8343677182933151,50,0,26.0,50,0
2018-05-24,-0.017226960472659886,50,0,3.147161683841584,0,100,60.12266166601813,50,0,1.5706348338859646,0,100,0.8647636179968483,50,0,27.0,50,0
2018-05-25,-0.09257986275790077,50,0,3.0257822177622913,0,100,60.12266166601813,50,0,1.512038281991002,0,100,0.8313849032850457,50,0,25.0,100,0
2018-05-26,-0.06978957676979523,50,0,3.0494273804349894,0,100,60.12266166601813,50,0,1.590874527607216,0,100,0.8378064088574219,50,0,23.0,100,0
2018-05-27,-0.11417237092537731,50,0,2.971154022944016,0,100,60.12266166601813,50,0,1.5037522333340287,0,100,0.8163523107516131,50,0,19.0,100,0
2018-05-28,-0.3182473611030926,50,0,2.6709602613339265,0,100,60.12266166601813,50,0,1.2668609228987944,0,0,0.734050891096995,50,0,22.0,100,0
2018-05-29,-0.1270183911912328,50,0,2.927064022051286,0,100,60.12266166601813,50,0,1.4144445707830071,0,0,0.8044312441151097,50,0,16.0,100,0
2018-05-30,-0.14920333674816455,50,0,2.8846890108214773,0,100,60.12266166601813,50,0,1.4076314490708568,0,0,0.7928837164825788,50,0,38.0,50,0
2018-05-31,-0.07870948913200522,50,0,2.9758794992792903,0,100,57.046214249058565,50,0,1.4701055485837575,0,0,0.817962369000392,50,0,25.0,100,0
2018-06-01,-0.06622527084501952,50,0,2.98745598553815,0,100,57.046214249058565,50,0,1.471225804382876,0,0,0.8211983302185024,50,0,24.0,100,0
2018-06-02,-0.019633007372137374,50,0,3.048390876887934,0,100,57.046214249058565,50,0,1.4933914010598104,0,0,0.8380882022018015,50,0,27.0,50,0
2018-06-03,0.07568953119126304,50,0,3.177750377435422,0,100,57.046214249058565,50,0,1.6130714004304947,0,100,0.8737255289593265,50,0,40.0,50,0
2018-06-04,-0.02724328684044912,50,0,3.026070559151217,0,100,57.046214249058565,50,0,1.5495025515609793,0,100,0.8321291633657378,50,0,41.0,50,0
2018-06-05,0.03526983136198315,50,0,3.1084428912491013,0,100,57.046214249058565,50,0,1.591869165359692,0,100,0.8548728160021367,50,0,26.0,50,0
2018-06-06,0.028387858829233708,50,0,3.0931988152781305,0,100,57.046214249058565,50,0,1.5642226185799548,0,100,0.850862335205295,50,0,42.0,50,0
2018-06-07,0.01834484779973313,50,0,3.070331576332797,0,100,57.046214249058565,50,0,1.5391096875766468,0,100,0.8448048678870798,50,0,38.0,50,0
2018-06-08,0.008583067953217088,50,0,3.053902632923918,0,100,57.046214249058565,50,0,1.5468695438447884,0,100,0.8405956703260171,50,0,40.0,50,0
2018-06-09,-0.012357621269658992,50,0,3.0267265613296237,0,100,57.046214249058565,50,0,1.5528848136997029,0,100,0.8333782297769282,50,0,39.0,50,0
2018-06-10,-0.2835269813138759,50,0,2.6432635966735143,0,100,57.046214249058565,50,0,1.4847061896408282,0,0,0.7282355562662663,50,0,24.0,100,0
2018-06-11,-0.24352594987296267,50,0,2.6799648718735303,0,100,57.046214249058565,50,0,1.4847150643625187,0,0,0.7389534599311779,50,0,15.0,100,0
2018-06-12,-0.37913342124913474,50,0,2.4762915693600815,0,100,57.046214249058565,50,0,1.3884486664742242,0,0,0.6836874659258555,50,0,19.0,100,0
2018-06-13,-0.4270292192490681,50,0,2.395296570851983,0,100,57.046214249058565,50,0,1.3962335392081675,0,0,0.6621783946469808,50,0,19.0,100,0
2018-06-14,-0.263994256843549,50,0,2.6097126232660575,0,100,57.046214249058565,50,0,1.519329081198486,0,100,0.7223418397234809,50,0,17.0,100,0
2018-06-15,-0.37499628228934423,50,0,2.44891512247877,0,100,57.046214249058565,50,0,1.4301432149466247,0,0,0.6787366729477844,50,0,26.0,50,0
2018-06-16,-0.3325113205689675,50,0,2.4997943862686256,0,100,57.046214249058565,50,0,1.4536925525355202,0,0,0.6936937269765727,50,0,22.0,100,0
2018-06-17,-0.33683697486323905,50,0,2.4887445149205054,0,100,57.046214249058565,50,0,1.466544248364597,0,0,0.6912916416784791,50,0,23.0,100,0
2018-06-18,-0.2555797509405374,50,0,2.590302431483568,0,100,57.046214249058565,50,0,1.4765902382035394,0,0,0.7202046509096228,50,0,27.0,50,0
2018-06-19,-0.17995075112575926,50,0,2.687318062851333,0,100,57.046214249058565,50,0,1.5917933995460838,0,100,0.7479925913738679,50,0,32.0,50,0
2018-06-20,-0.18754340734750477,50,0,2.674000135399242,0,100,57.046214249058565,50,0,1.5697502517802615,0,100,0.7450862951183811,50,0,34.0,50,0
2018-06-21,-0.22269466948580702,50,0,2.621690510716207,0,100,57.046214249058565,50,0,1.5245429339694083,0,100,0.7313312030322441,50,0,37.0,50,0
2018-06-22,-0.45223967829714395,50,0,2.306352924625341,0,100,57.046214249058565,50,0,1.4466432402492961,0,0,0.6441863354962255,100,0,28.0,50,0
2018-06-23,-0.40416461587514946,50,0,2.36444223632685,0,100,57.046214249058565,50,0,1.4711832118406756,0,0,0.661191558266823,50,0,17.0,100,0
2018-06-24,-0.47925676991012006,50,0,2.2579711555370885,0,100,57.046214249058565,50,0,1.3400248856222094,0,0,0.632086079159451,100,0,15.0,100,0
2018-06-25,-0.45392654858430415,50,0,2.2790765991449033,0,100,57.046214249058565,50,0,1.3236866309885407,0,0,0.6386489821961578,100,0,16.0,100,0
2018-06-26,-0.550610004895002,50,0,2.1442204500417574,0,100,57.046214249058565,50,0,1.2116575638535108,0,0,0.6016402094463428,100,0,21.0,100,0
2018-06-27,-0.5104867477117746,50,0,2.1872768917237635,0,100,57.046214249058565,50,0,1.2546339257517765,0,0,0.6145903005656518,100,0,18.0,100,0
2018-06-28,-0.5903572822577914,50,0,2.0767818934335605,0,100,57.046214249058565,50,0,1.242141339542285,0,0,0.5842411207305193,100,0,20.0,100,0
2018-06-29,-0.5199596648032342,50,0,2.158241812927279,0,100,57.046214249058565,50,0,1.1797499826877007,0,0,0.6081186677927678,100,0,16.0,100,0
2018-06-30,-0.46065092829243165,50,0,2.229706737617058,0,100,53.09341697923214,50,0,1.2076541987808105,0,0,0.6300051828530384,100,0,22.0,100,0
2018-07-01,-0.4598652898176978,50,0,2.2274897287548563,0,100,53.09341697923214,50,0,1.2149431057869209,0,0,0.631209346644255,100,0,27.0,50,0
2018-07-02,-0.36517866965483103,50,0,2.3437801666574254,0,100,53.09341697923214,50,0,1.2582828631588463,0,0,0.6660400451169326,50,0,27.0,50,0
2018-07-03,-0.41430768146580077,50,0,2.270947052410119,0,100,53.09341697923214,50,0,1.2164670876062824,0,0,0.6471485213119257,50,0,31.0,50,0
2018-07-04,-0.3981242007402566,50,0,2.2877286753194888,0,100,53.09341697923214,50,0,1.2048172328690492,0,0,0.6537863063972531,50,0,33.0,50,0
2018-07-05,-0.3824446794038116,50,0,2.2914694629520964,0,100,53.09341697923214,50,0,1.2341159433156372,0,0,0.6568618721170247,50,0,37.0,50,0
2018-07-06,-0.37546842336328407,50,0,2.295802487969983,0,100,53.09341697923214,50,0,1.2141491140983702,0,0,0.6603895386900499,50,0,34.0,50,0
2018-07-07,-0.3272229512100746,50,0,2.351713834741342,0,100,53.09341697923214,50,0,1.227716096503345,0,0,0.6789758096950649,50,0,34.0,50,0
2018-07-08,-0.3039559417593815,50,0,2.376039135717186,0,100,53.09341697923214,50,0,1.278757655749253,0,0,0.6883996688714636,50,0,38.0,50,0
2018-07-09,-0.3595268962037444,50,0,2.302788078017748,0,100,53.09341697923214,50,0,1.2048006769327235,0,0,0.6695198818515375,50,0,39.0,50,0
2018-07-10,-0.5041049618496511,50,0,2.112185331698816,0,100,53.09341697923214,50,0,1.1128765444243311,0,0,0.6158333192179868,100,0,37.0,50,0
2018-07-11,-0.4486836241173391,50,0,2.1742538651433625,0,100,53.09341697923214,50,0,1.1701907031567662,0,0,0.6358882850896963,100,0,29.0,50,0
2018-07-12,-0.5341817109173045,50,0,2.0627675486341266,0,100,53.09341697923214,50,0,1.1200407262034382,0,0,0.6050251730851609,100,0,33.0,50,0
2018-07-13,-0.5005532488801441,50,0,2.09697676269715,0,100,53.09341697923214,50,0,1.1482268075371183,0,0,0.6170401017422041,100,0,29.0,50,0
2018-07-14,-0.48855012972009404,50,0,2.10726778223245,0,100,53.09341697923214,50,0,1.143827507801091,0,0,0.6221164353696736,100,0,29.0,50,0
2018-07-15,-0.4281617410990295,50,0,2.1767928340873217,0,100,53.09341697923214,50,0,1.2007621994131326,0,0,0.6446976183599408,100,0,32.0,50,0
2018-07-16,-0.3128546131997772,50,0,2.312879394285082,0,100,53.09341697923214,50,0,1.2197650461369653,0,0,0.6870208192831387,50,0,36.0,50,0
2018-07-17,-0.22615383887706023,50,0,2.4166356182540083,0,100,53.09341697923214,50,0,1.0944566337629131,0,0,0.7200720971564866,50,0,39.0,50,0
2018-07-18,-0.3079756957708808,50,0,2.314911473443223,0,100,53.09341697923214,50,0,0.9530627402282601,0,0,0.6917774539179639,50,0,42.0,50,0
2018-07-19,-0.34934303701791386,50,0,2.261049343389918,0,100,53.09341697923214,50,0,0.8578783621833189,50,0,0.6778147227307724,50,0,44.0,50,0
2018-07-20,-0.4277774578525456,50,0,2.1580929934248516,0,100,53.09341697923214,50,0,0.7868905034693207,50,0,0.649095914256279,50,0,47.0,50,0
2018-07-21,-0.36906350160659734,50,0,2.2251360611612543,0,100,53.09341697923214,50,0,0.8411643726626026,50,0,0.6719806933154092,50,0,43.0,50,0
2018-07-22,-0.3873244754109822,50,0,2.1993216595125413,0,100,53.09341697923214,50,0,0.8169515135765355,50,0,0.6672849732418021,50,0,46.0,50,0
2018-07-23,-0.4173860819236684,50,0,2.1576535237057386,0,100,53.09341697923214,50,0,0.6621245658301583,50,0,0.6577617927093261,50,0,44.0,50,0
2018-07-24,-0.30283826960496313,50,0,2.2946650309493695,0,100,53.09341697923214,50,0,0.6079315491336448,50,0,0.7028426289767807,50,0,49.0,50,0
2018-07-25,-0.32448552525786245,50,0,2.266374078027778,0,100,53.09341697923214,50,0,0.6381380653625802,50,0,0.6977269350716627,50,0,54.0,0,0
2018-07-26,-0.35868270307106487,50,0,2.2194592785679075,0,100,53.09341697923214,50,0,0.678287720406205,50,0,0.6872975801777416,50,0,53.0,0,0
2018-07-27,-0.3337885666558817,50,0,2.245030672224436,0,100,53.09341697923214,50,0,0.6290943337468967,50,0,0.6994668490364032,50,0,47.0,50,0
2018-07-28,-0.34138604644462456,50,0,2.23297076972486,0,100,53.09341697923214,50,0,0.6136251503031445,50,0,0.7007888903596748,50,0,54.0,0,0
2018-07-29,-0.3425029778369686,50,0,2.2285211883624205,0,100,53.09341697923214,50,0,0.5997994483176162,50,0,0.7042230833589316,50,0,54.0,0,0
2018-07-30,-0.3853589063135107,50,0,2.173560733814737,0,100,53.09341697923214,50,0,0.5589842027296688,50,0,0.6911034421709248,50,0,53.0,0,0
2018-07-31,-0.476079382966652,50,0,2.056674043344821,0,100,52.463070462592256,50,0,0.5635772520569605,50,0,0.6586950857017115,50,0,48.0,50,0
2018-08-01,-0.525594417953629,50,0,1.9939873831192838,0,0,52.463070462592256,50,0,0.5318360022485241,50,0,0.6439222197372644,100,0,39.0,50,0
2018-08-02,-0.5515702392680238,50,0,1.9539886102622297,0,0,52.463070462592256,50,0,0.5029086248399863,50,0,0.636206671609474,100,0,39.0,50,0
2018-08-03,-0.5237509367822719,50,0,1.9820579144170816,0,0,52.463070462592256,50,0,0.5809745425669905,50,0,0.6502784205452585,50,0,36.0,50,0
2018-08-04,-0.566566433431159,50,0,1.928950077539896,0,0,52.463070462592256,50,0,0.6559988470004194,50,0,0.6366417586633177,100,0,31.0,50,0
2018-08-05,-0.5555338848591259,50,0,1.9392933144453552,0,0,52.463070462592256,50,0,0.6610541358601318,50,0,0.6436492987079148,100,0,23.0,100,0
2018-08-06,-0.5667484369501935,50,0,1.92073730819803,0,0,52.463070462592256,50,0,0.6755752182902777,50,0,0.6411223128483763,100,0,25.0,100,0
2018-08-07,-0.6594813229817577,50,0,1.7923698233098446,0,0,52.463070462592256,50,0,0.5815072839962078,50,0,0.6018076497132014,100,0,25.0,100,0
2018-08-08,-0.7541246516308211,50,0,1.6767990395465011,0,0,52.463070462592256,50,0,0.5914151843202133,50,0,0.5669456221859746,100,0,23.0,100,0
2018-08-09,-0.704556884720345,50,0,1.7259642025131972,0,0,52.463070462592256,50,0,0.553297633725416,50,0,0.5871228890418598,100,0,19.0,100,0
2018-08-10,-0.8428739431763433,50,0,1.5626904608421355,0,0,52.463070462592256,50,0,0.4771314789912036,50,0,0.5346987616886717,100,0,21.0,100,0
2018-08-11,-0.8701480964562417,50,0,1.5253802450806642,0,0,52.463070462592256,50,0,0.35892484696492055,50,0,0.5249936164044934,100,0,18.0,100,0
2018-08-12,-0.8875480807785803,50,0,1.5013241300149163,0,0,52.463070462592256,50,0,0.32485862504140933,50,0,0.5200323142329953,100,0,18.0,100,0
2018-08-13,-1.018612303307814,50,0,1.3424279796228078,0,0,52.463070462592256,50,0,0.11110322147558885,50,0,0.46804414200801353,100,0,21.0,100,0
2018-08-14,-1.0389421566785442,50,0,1.3036003601051123,0,0,52.463070462592256,50,0,0.07996591722696715,50,0,0.45750909553438573,100,0,16.0,100,0
2018-08-15,-1.0108262220494648,50,0,1.326366506152489,0,0,52.463070462592256,50,0,0.0874775848712342,50,0,0.4687875417593254,100,0,18.0,100,0
2018-08-16,-0.9881041723073504,50,0,1.3477217326170758,0,0,52.463070462592256,50,0,0.11277638308465616,50,0,0.4802048248263472,100,0,21.0,100,0
2018-08-17,-0.8577329068583966,50,0,1.4847087251839495,0,0,52.463070462592256,50,0,0.2230918873658981,50,0,0.533040281218894,100,0,19.0,100,0
2018-08-18,-0.9395046675635423,50,0,1.392210637538624,0,0,52.463070462592256,50,0,0.14465283767634257,50,0,0.5032304582047024,100,0,24.0,100,0
2018-08-19,-0.9179586723635424,50,0,1.413506259983586,0,0,52.463070462592256,50,0,0.14737395695018699,50,0,0.5146084615280498,100,0,27.0,50,0
2018-08-20,-1.0388450996197425,50,0,1.2791752467935043,0,0,52.463070462592256,50,0,0.021198116846584836,50,0,0.46882586670603693,100,0,26.0,50,0
2018-08-21,-0.996214810716538,50,0,1.3227001122477855,0,0,52.463070462592256,50,0,0.025578248084391915,50,0,0.4875780176594764,100,0,19.0,100,0
2018-08-22,-1.0397458146214191,50,0,1.2712606603649932,0,0,52.463070462592256,50,0,-0.016160069409302504,50,0,0.471557582604134,100,0,21.0,100,0
2018-08-23,-1.0132838983428414,50,0,1.2950492892993632,0,0,52.463070462592256,50,0,-0.02473197100519247,50,0,0.4828761112744198,100,0,18.0,100,0
2018-08-24,-0.9820216026423032,50,0,1.325139639917394,0,0,52.463070462592256,50,0,-0.03232504516885126,50,0,0.4960290622872753,100,0,19.0,100,0
2018-08-25,-0.9998634946097218,50,0,1.3094346045506902,0,0,52.463070462592256,50,0,-0.06595085818331685,50,0,0.49250083271293493,100,0,22.0,100,0
2018-08-26,-1.0223339264248115,50,0,1.284960665814707,0,0,52.463070462592256,50,0,-0.08423307496954072,50,0,0.4854858241062507,100,0,19.0,100,0
2018-08-27,-0.9682442721783863,50,0,1.3358729096656485,0,0,52.463070462592256,50,0,-0.05391577330973351,50,0,0.5072355883553412,100,0,18.0,100,0
2018-08-28,-0.9122657607767763,50,0,1.3937704949073628,0,0,52.463070462592256,50,0,-0.042533554824654714,50,0,0.5321460585578999,100,0,19.0,100,0
2018-08-29,-0.9469802144693962,50,0,1.3556259844822247,0,0,52.463070462592256,50,0,-0.07642658470754041,50,0,0.5203709950918363,100,0,19.0,100,0
2018-08-30,-0.9637165965620401,50,0,1.3330785814207595,0,0,52.463070462592256,50,0,-0.08871607884355914,50,0,0.5143301724164229,100,0,22.0,100,0
2018-08-31,-0.9696461213370635,50,0,1.3248586410295617,0,0,47.86836673924261,50,0,-0.1134739776155232,50,0,0.514032907888165,100,0,17.0,100,0
2018-09-01,-0.9109318205506153,50,0,1.3841188256891768,0,0,47.86836673924261,50,0,-0.07750825437464746,50,0,0.5398899656179877,100,0,21.0,100,0
2018-09-02,-0.9149224608898788,50,0,1.378246209184138,0,0,47.86836673924261,50,0,-0.10717367912686618,50,0,0.5408830734060571,100,0,18.0,100,0
2018-09-03,-0.936688944782744,50,0,1.353678551883781,0,0,47.86836673924261,50,0,-0.13072119129126553,50,0,0.5345645575485657,100,0,19.0,100,0
2018-09-04,-0.9532959346906772,50,0,1.337630442177585,0,0,47.86836673924261,50,0,-0.17382815556246162,50,0,0.5316056408735008,100,0,26.0,50,0
2018-09-05,-1.1762890235410755,50,0,1.0979369118683693,0,0,47.86836673924261,50,0,-0.3582621561426488,50,0,0.4394174705300417,100,0,17.0,100,0
2018-09-06,-1.1941507782683092,50,0,1.0739251194718407,0,0,47.86836673924261,50,0,-0.32284292817064475,50,0,0.43262069282181753,100,0,14.0,100,0
2018-09-07,-1.2532578552245617,50,0,1.009155917997896,0,0,47.86836673924261,50,0,-0.39682624449372206,50,0,0.409324904354157,100,0,17.0,100,0
2018-09-08,-1.3333868295995,100,0,0.9218847175655164,50,0,47.86836673924261,50,0,-0.474848605805082,50,0,0.37636574338699663,100,0,18.0,100,0
2018-09-09,-1.3358629043555676,100,0,0.9169832991230368,50,0,47.86836673924261,50,0,-0.49560999747804396,50,0,0.3766623190996104,100,0,13.0,100,0
2018-09-10,-1.3294707650514244,100,0,0.9195490094251157,50,0,47.86836673924261,50,0,-0.5018405167752892,50,0,0.3799243378942107,100,0,15.0,100,0
2018-09-11,-1.382127285861788,100,0,0.864240412391604,100,0,47.86836673924261,50,0,-0.5792734037316595,50,0,0.35936716472465957,100,0,18.0,100,0
2018-09-12,-1.3817847953779334,100,0,0.8566822636766198,100,0,47.86836673924261,50,0,-0.6002110284731451,50,0,0.3584554274104171,100,0,14.0,100,0
2018-09-13,-1.2352751323278381,50,0,0.9970660375227918,0,0,47.86836673924261,50,0,-0.43292159175941725,50,0,0.41978777221322106,100,0,20.0,100,0
2018-09-14,-1.2389286053339696,50,0,0.992831960318994,0,0,47.86836673924261,50,0,-0.4397379278179987,50,0,0.42071962820668685,100,0,23.0,100,0
2018-09-15,-1.184827874110475,50,0,1.0449192715395639,0,0,47.86836673924261,50,0,-0.37271496360999923,50,0,0.44569818684965645,100,0,24.0,100,0
2018-09-16,-1.1983565152416158,50,0,1.0318037426938966,0,0,47.86836673924261,50,0,-0.38515187917875326,50,0,0.4429128092090975,100,0,28.0,50,0
2018-09-17,-1.3086274429737998,50,0,0.9230182577120614,50,0,47.86836673924261,50,0,-0.4892096238703412,50,0,0.39888859693832424,100,0,25.0,100,0
2018-09-18,-1.2454577511678697,50,0,0.982633478057127,0,0,47.86836673924261,50,0,-0.42035993917265435,50,0,0.4274427245218262,100,0,21.0,100,0
2018-09-19,-1.2466420919090049,50,0,0.98061071271378,0,0,47.86836673924261,50,0,-0.43301248554174887,50,0,0.42938193316513623,100,0,24.0,100,0
2018-09-20,-1.1743978407375169,50,0,1.0488848272830849,0,0,47.86836673924261,50,0,-0.36137120966150527,50,0,0.46232319607098693,100,0,24.0,100,0
2018-09-21,-1.064793288786051,50,0,1.1569721214356372,0,0,47.86836673924261,50,0,-0.26725136360611074,50,0,0.5132444320621923,100,0,31.0,50,0
2018-09-22,-1.0965509131361677,50,0,1.1261004365393859,0,0,47.86836673924261,50,0,-0.3009762497198874,50,0,0.5025956148578432,100,0,35.0,50,0
2018-09-23,-1.0747903036588247,50,0,1.146931878121747,0,0,47.86836673924261,50,0,-0.2716941208442578,50,0,0.5146897394446228,100,0,38.0,50,0
2018-09-24,-1.1555857227225812,50,0,1.0678721612994562,0,0,47.86836673924261,50,0,-0.3517740108869416,50,0,0.4816287670525136,100,0,43.0,50,0
2018-09-25,-1.2031095203448496,50,0,1.0201461526059743,0,0,47.86836673924261,50,0,-0.3828564820957787,50,0,0.4625943248000842,100,0,37.0,50,0
2018-09-26,-1.2132308454299614,50,0,1.0079901667138669,0,0,47.86836673924261,50,0,-0.4107001114587703,50,0,0.45937928659693394,100,0,37.0,50,0
2018-09-27,-1.1478006923127564,50,0,1.0707641413216502,0,0,47.86836673924261,50,0,-0.37030729610524393,50,0,0.49058362380176584,100,0,42.0,50,0
2018-09-28,-1.1816021998159556,50,0,1.0360699197166157,0,0,47.86836673924261,50,0,-0.4062027878483468,50,0,0.47714018619874093,100,0,42.0,50,0
2018-09-29,-1.1277314321490715,50,0,1.084193789420864,0,0,47.86836673924261,50,0,-0.3305168403579438,50,0,0.5018229647916245,100,0,37.0,50,0
2018-09-30,-1.1233073081799487,50,0,1.0882806603444564,0,0,46.4053672582029,50,0,-0.3292931467768036,50,0,0.5058388642613092,100,0,34.0,50,0
2018-10-01,-1.1328379530321546,50,0,1.077439765926975,0,0,46.4053672582029,50,0,-0.3345259878704012,50,0,0.5029220099161116,100,0,35.0,50,0
2018-10-02,-1.1549722855896616,50,0,1.0559369066623845,0,0,46.4053672582029,50,0,-0.35250338686380545,50,0,0.4949614165163347,100,0,33.0,50,0
2018-10-03,-1.1851035926454627,50,0,1.026134899610024,0,0,46.4053672582029,50,0,-0.3846264198693453,50,0,0.4827624996501802,100,0,36.0,50,0
2018-10-04,-1.1734370378726702,50,0,1.0352371642030491,0,0,46.4053672582029,50,0,-0.38981624745197563,50,0,0.4887693128323023,100,0,29.0,50,0
2018-10-05,-1.1423840332987527,50,0,1.0614128847769242,0,0,46.4053672582029,50,0,-0.36200703312243715,50,0,0.5029547329281921,100,0,37.0,50,0
2018-10-06,-1.1569746860665646,50,0,1.0479538351617121,0,0,46.4053672582029,50,0,-0.3729885484561246,50,0,0.4984345589932351,100,0,34.0,50,0
2018-10-07,-1.1534420606407483,50,0,1.0512390854996816,0,0,46.4053672582029,50,0,-0.3714796810735428,50,0,0.5018815222652999,100,0,29.0,50,0
2018-10-08,-1.1372512067485077,50,0,1.066395931214042,0,0,46.4053672582029,50,0,-0.35924216288693916,50,0,0.5109267433057442,100,0,26.0,50,0
2018-10-09,-1.1426723620160342,50,0,1.0604232184502338,0,0,46.4053672582029,50,0,-0.3642846967586873,50,0,0.5098725326880221,100,0,31.0,50,0
2018-10-10,-1.1548361576381794,50,0,1.0475968058422869,0,0,46.4053672582029,50,0,-0.3683897655748958,50,0,0.5054419543746473,100,0,28.0,50,0
2018-10-11,-1.312333458406155,50,0,0.8924670151105328,50,0,46.4053672582029,50,0,-0.5114732814292301,50,0,0.43217544684078074,100,0,19.0,100,0
2018-10-12,-1.2912569685452715,50,0,0.9100141952252738,50,0,46.4053672582029,50,0,-0.4925036977253343,50,0,0.44212082888412485,100,0,13.0,100,0
2018-10-13,-1.2787180372269131,50,0,0.9213547214831614,50,0,46.4053672582029,50,0,-0.47708810704048443,50,0,0.4488974227928087,100,0,15.0,100,0
2018-10-14,-1.3006691948276863,50,0,0.9000740981176524,50,0,46.4053672582029,50,0,-0.5055631922834984,50,0,0.4397633417695983,100,0,18.0,100,0
2018-10-15,-1.2352040880767736,50,0,0.9599130839303133,0,0,46.4053672582029,50,0,-0.47421169214660314,50,0,0.4699547561070923,100,0,20.0,100,0
2018-10-16,-1.2288303472353213,50,0,0.9638481926963048,0,0,46.4053672582029,50,0,-0.47273088380498973,50,0,0.4728798762881886,100,0,24.0,100,0
2018-10-17,-1.2371504145873298,50,0,0.9540926696034161,50,0,46.4053672582029,50,0,-0.482612382846386,50,0,0.4691048049571834,100,0,23.0,100,0
2018-10-18,-1.256741159677828,50,0,0.9331277245159979,50,0,46.4053672582029,50,0,-0.5029665699718482,50,0,0.45971839422242583,100,0,26.0,50,0
2018-10-19,-1.2333919600909007,50,0,0.9382447701386669,50,0,46.4053672582029,50,0,-0.49285802494815933,50,0,0.46319465434991525,100,0,24.0,100,0
2018-10-20,-1.22024510428762,50,0,0.9496989699927139,50,0,46.4053672582029,50,0,-0.48179995660975966,50,0,0.46998515892996007,100,0,21.0,100,0
2018-10-21,-1.2217314692309051,50,0,0.9477595983634837,50,0,46.4053672582029,50,0,-0.48614210877980113,50,0,0.46996556411612606,100,0,21.0,100,0
2018-10-22,-1.2266894759315372,50,0,0.9421306691773472,50,0,46.4053672582029,50,0,-0.4927311234552607,50,0,0.4681398668856758,100,0,27.0,50,0
2018-10-23,-1.2249803311010627,50,0,0.9427356730708216,50,0,46.4053672582029,50,0,-0.489384651878474,50,0,0.469340422545759,100,0,24.0,100,0
2018-10-24,-1.22468505989271,50,0,0.9401697331195,50,0,46.4053672582029,50,0,-0.49688922718742323,50,0,0.46904595554793105,100,0,23.0,100,0
2018-10-25,-1.224359210714997,50,0,0.9370046879694043,50,0,46.4053672582029,50,0,-0.49908819064203497,50,0,0.46853521476069615,100,0,25.0,100,0
2018-10-26,-1.2199118302621357,50,0,0.9406148986994601,50,0,46.4053672582029,50,0,-0.4943529256299771,50,0,0.47139713754767715,100,0,29.0,50,0
2018-10-27,-1.2153649292858992,50,0,0.9443904424362501,50,0,46.4053672582029,50,0,-0.4901215003494523,50,0,0.47444878119028894,100,0,33.0,50,0
2018-10-28,-1.2094553878598657,50,0,0.949273300938565,50,0,46.4053672582029,50,0,-0.4825949618596532,50,0,0.47816164210272133,100,0,35.0,50,0
2018-10-29,-1.2497243856745206,50,0,0.9112223615672315,50,0,46.4053672582029,50,0,-0.5072930720940774,50,0,0.4605879421724089,100,0,34.0,50,0
2018-10-30,-1.2417295301003004,50,0,0.9175588724288276,50,0,46.4053672582029,50,0,-0.5000538038838032,50,0,0.46541673386069393,100,0,31.0,50,0
2018-10-31,-1.2344203273477639,50,0,0.9234290849084822,50,0,45.3509960425282,50,0,-0.49886772457911366,50,0,0.47007653085681833,100,0,32.0,50,0
2018-11-01,-1.2285581774674819,50,0,0.9278064910021506,50,0,45.3509960425282,50,0,-0.5003839983072598,50,0,0.47416333925800047,100,0,29.0,50,0
2018-11-02,-1.2188191200669296,50,0,0.9373826493505449,50,0,45.3509960425282,50,0,-0.4877043208654155,50,0,0.48082486755569165,100,0,36.0,50,0
2018-11-03,-1.2263374416758372,50,0,0.9304219266481817,50,0,45.3509960425282,50,0,-0.4945067897686799,50,0,0.47897664414125124,100,0,36.0,50,0
2018-11-04,-1.1659167523829135,50,0,0.9850101797764425,0,0,45.3509960425282,50,0,-0.4349575908144859,50,0,0.5090078937234304,100,0,41.0,50,0
2018-11-05,-1.1755033678393165,50,0,0.9760518359388033,0,0,45.3509960425282,50,0,-0.44398577128458316,50,0,0.5065695089823695,100,0,42.0,50,0
2018-11-06,-1.1233494627101026,50,0,1.0230070031049578,0,0,45.3509960425282,50,0,-0.38533647576739427,50,0,0.5335357969221628,100,0,42.0,50,0
2018-11-07,-1.1305576806421396,50,0,1.0168631422069991,0,0,45.3509960425282,50,0,-0.4073868137872218,50,0,0.5328721034001607,100,0,48.0,50,0
2018-11-08,-1.1612756195799738,50,0,0.9880724173979083,0,0,45.3509960425282,50,0,-0.42756024274946564,50,0,0.5204050878069961,100,0,51.0,0,0
2018-11-09,-1.173220287444228,50,0,0.9761763310926016,0,0,45.3509960425282,50,0,-0.4279824179359427,50,0,0.5169034998208426,100,0,47.0,50,0
2018-11-10,-1.160297055652361,50,0,0.9877353926334771,0,0,45.3509960425282,50,0,-0.41613694518273814,50,0,0.5262503858297986,100,0,52.0,0,0
2018-11-11,-1.1673771561995367,50,0,0.9807120794027218,0,0,45.3509960425282,50,0,-0.4223494332730718,50,0,0.5251609846625952,100,0,54.0,0,0
2018-11-12,-1.170401860020506,50,0,0.9770961038823209,0,0,45.3509960425282,50,0,-0.42431036836213604,50,0,0.5262118969048797,100,0,52.0,0,0
2018-11-13,-1.19171828788547,50,0,0.9552265529660429,50,0,45.3509960425282,50,0,-0.44445583817655665,50,0,0.5173246606365438,100,0,56.0,0,0
2018-11-14,-1.328195844612884,100,0,0.8289350979006396,100,0,45.3509960425282,50,0,-0.47853280116931596,50,0,0.4517674292291082,100,0,49.0,50,0
2018-11-15,-1.3151123842615717,50,0,0.8333312159605358,100,0,45.3509960425282,50,0,-0.4626441285775221,50,0,0.4570846124886164,100,0,28.0,50,0
2018-11-16,-1.342122085480827,100,0,0.8073768435096996,100,0,45.3509960425282,50,0,-0.4955083250613203,50,0,0.4456161899956521,100,0,23.0,100,0
2018-11-17,-1.3396161390634242,100,0,0.8089074343956022,100,0,45.3509960425282,50,0,-0.4944145757166926,50,0,0.44929469806625266,100,0,24.0,100,0
2018-11-18,-1.3232693805950113,100,0,0.8210547462664196,100,0,45.3509960425282,50,0,-0.4877392259548022,50,0,0.45903581936236326,100,0,26.0,50,0
2018-11-19,-1.456155774465688,100,0,0.6895445821573953,100,0,45.3509960425282,50,0,-0.5239044371135828,50,0,0.38863228881630507,100,0,28.0,50,0
2018-11-20,-1.5603571044826434,100,0,0.5951792618789491,100,0,45.3509960425282,50,0,-0.5796902993647637,50,0,0.33827388418608234,100,0,21.0,100,0
2018-11-21,-1.5103972332563376,100,0,0.6338696148869378,100,0,45.3509960425282,50,0,-0.5665037436545479,50,0,0.3634359603676169,100,0,15.0,100,0
2018-11-22,-1.556659805924934,100,0,0.5874960251277785,100,0,45.3509960425282,50,0,-0.5927803129792542,50,0,0.3397518148280205,100,0,14.0,100,0
2018-11-23,-1.5726612486773939,100,0,0.5711601087740241,100,0,45.3509960425282,50,0,-0.6240988076155778,50,0,0.3330221805682345,100,0,12.0,100,0
2018-11-24,-1.6288307388780585,100,0,0.5231377918000059,100,0,45.3509960425282,50,0,-0.5852336951751913,50,0,0.3076021015517757,100,0,15.0,100,0
2018-11-25,-1.6076157092821939,100,0,0.5380218671297068,100,0,45.3509960425282,50,0,-0.5959882500372806,50,0,0.3190299796534706,100,0,9.0,100,0
2018-11-26,-1.652836959971134,100,0,0.49892534863874793,100,0,45.3509960425282,50,0,-0.6100658806518604,50,0,0.29830444841265363,100,0,17.0,100,0
2018-11-27,-1.6320291427920166,100,0,0.513081473596415,100,0,45.3509960425282,50,0,-0.6011884606903878,50,0,0.3091270824387324,100,0,11.0,100,0
2018-11-28,-1.5589286912514295,100,0,0.5693493685581476,100,0,45.3509960425282,50,0,-0.606870413750602,50,0,0.34567645990927276,100,0,14.0,100,0
2018-11-29,-1.5827241913748096,100,0,0.5488567265309574,100,0,45.3509960425282,50,0,-0.6604103096760277,50,0,0.3360661760976221,100,0,18.0,100,0
2018-11-30,-1.6185977654439772,100,0,0.5263513908865917,100,0,42.82138580404141,50,0,-0.6335274082327375,50,0,0.32504352622943444,100,0,19.0,100,0
2018-12-01,-1.5976281175920906,100,0,0.5517462186645081,100,0,42.82138580404141,50,0,-0.6290299942980973,50,0,0.3435482525288051,100,0,13.0,100,0
2018-12-02,-1.609385544921713,100,0,0.5420447967282934,100,0,42.82138580404141,50,0,-0.6364805142248982,50,0,0.3403313480342512,100,0,15.0,100,0
2018-12-03,-1.6510933094096016,100,0,0.507154911940096,100,0,42.82138580404141,50,0,-0.6398122923216761,50,0,0.32096126580623985,100,0,17.0,100,0
2018-12-04,-1.6439959990644597,100,0,0.5118780951033923,100,0,42.82138580404141,50,0,-0.6443676843325034,50,0,0.3266760728335223,100,0,12.0,100,0
2018-12-05,-1.6850667943032904,100,0,0.4777967412878948,100,0,42.82138580404141,50,0,-0.6693608190907084,50,0,0.3075413294931435,100,0,19.0,100,0
2018-12-06,-1.742234711191383,100,0,0.4292423494104675,100,0,42.82138580404141,50,0,-0.7298580138387839,50,0,0.2787989340166913,100,0,13.0,100,0
2018-12-07,-1.7308565884980223,100,0,0.4356650584547924,100,0,42.82138580404141,50,0,-0.6671788455714562,50,0,0.285493903447576,100,0,11.0,100,0
2018-12-08,-1.7379971559029177,100,0,0.42863194414342015,100,0,42.82138580404141,50,0,-0.6985721835872949,50,0,0.28318004009144454,100,0,11.0,100,0
2018-12-09,-1.7226987824944078,100,0,0.4401642498212378,100,0,42.82138580404141,50,0,-0.7122831549014991,50,0,0.2928865478441495,100,0,14.0,100,0
2018-12-10,-1.7432544477087255,100,0,0.423062249325301,100,0,42.82138580404141,50,0,-0.7163654296481456,50,0,0.283657581262678,100,0,19.0,100,0
2018-12-11,-1.7555819000682893,100,0,0.4128589299711428,100,0,42.82138580404141,50,0,-0.7240636450055082,50,0,0.2788590049872616,100,0,15.0,100,0
2018-12-12,-1.7421625299566692,100,0,0.4211703145323297,100,0,42.82138580404141,50,0,-0.7255600858434637,50,0,0.2866100889747502,100,0,14.0,100,0
2018-12-13,-1.7640730834595375,100,0,0.40324042341791677,100,0,42.82138580404141,50,0,-0.7202975365814345,50,0,0.276438749070367,100,0,14.0,100,0
2018-12-14,-1.7742528770674704,100,0,0.39421853364288595,100,0,42.82138580404141,50,0,-0.7249062450756807,50,0,0.27202381561789735,100,0,10.0,100,0
2018-12-15,-1.7753749248862367,100,0,0.3931969330385032,100,0,42.82138580404141,50,0,-0.7235003266962984,50,0,0.273337109606226,100,0,11.0,100,0
2018-12-16,-1.7690614269511793,100,0,0.39792661940453583,100,0,42.82138580404141,50,0,-0.7142519571093889,50,0,0.2786639529661008,100,0,13.0,100,0
2018-12-17,-1.7052613983008127,100,0,0.4458983789389142,100,0,42.82138580404141,50,0,-0.6884823810495787,50,0,0.3146371494641438,100,0,17.0,100,0
2018-12-18,-1.6645680816335942,100,0,0.4766726050625424,100,0,42.82138580404141,50,0,-0.6633833887937461,50,0,0.3389279419484801,100,0,23.0,100,0
2018-12-19,-1.6629260532924866,100,0,0.4753153322592019,100,0,42.82138580404141,50,0,-0.6793944272554434,50,0,0.3406502175549356,100,0,21.0,100,0
2018-12-20,-1.5786358221227696,100,0,0.5427342685208421,100,0,42.82138580404141,50,0,-0.6356420628836738,50,0,0.3921930776097444,100,0,27.0,50,0
2018-12-21,-1.6157020920401937,100,0,0.5130986720395754,100,0,42.82138580404141,50,0,-0.6340640192075079,50,0,0.37372786158138954,100,0,35.0,50,0
2018-12-22,-1.5706016372504938,100,0,0.5486055398649338,100,0,42.82138580404141,50,0,-0.5918826913955533,50,0,0.40287901692095096,100,0,28.0,50,0
2018-12-23,-1.4839766790647642,100,0,0.6176568845288773,100,0,42.82138580404141,50,0,-0.42684341294881556,50,0,0.4572503367406853,100,0,31.0,50,0
2018-12-24,-1.4200280156427718,100,0,0.6686926500312037,100,0,42.82138580404141,50,0,-0.3471664880803047,50,0,0.4989609027972208,100,0,25.0,100,0
2018-12-25,-1.4956717445639176,100,0,0.6095646441112397,100,0,42.82138580404141,50,0,-0.3789611467820895,50,0,0.45854570589677834,100,0,33.0,50,0
2018-12-26,-1.4808221007023847,100,0,0.6211420963118014,100,0,42.82138580404141,50,0,-0.3696557858912972,50,0,0.4710429180483233,100,0,26.0,50,0
2018-12-27,-1.573428299192162,100,0,0.5441603735637542,100,0,42.82138580404141,50,0,-0.4727947601399379,50,0,0.4155700222338976,100,0,29.0,50,0
2018-12-28,-1.4474959901808488,100,0,0.64498146017014,100,0,42.82138580404141,50,0,-0.3430188437924913,50,0,0.49598441974070606,100,0,21.0,100,0
2018-12-29,-1.4186381048124135,100,0,0.668421177588015,100,0,42.82138580404141,50,0,-0.2653628313458137,50,0,0.5171890877956495,100,0,24.0,100,0
2018-12-30,-1.4264673053143164,100,0,0.66050506767257,100,0,42.82138580404141,50,0,-0.2854022376636059,50,0,0.5141130764557126,100,0,23.0,100,0
2018-12-31,-1.47088720648173,100,0,0.6243702206742394,100,0,43.582863626991404,50,0,-0.3158944750743113,50,0,0.48935676862637645,100,0,26.0,50,0
2019-01-01,-1.4204303528114464,100,0,0.6644787930442194,100,0,43.582863626991404,50,0,-0.2698150007930988,50,0,0.5240569599367353,100,0,24.0,100,0
2019-01-02,-1.3291206602225236,100,0,0.7375586554812443,100,0,43.582863626991404,50,0,-0.13747812080919508,50,0,0.5853497831981166,100,0,30.0,50,0
2019-01-03,-1.3742598758184543,100,0,0.7025539147953803,100,0,43.582863626991404,50,0,-0.1699727903439194,50,0,0.5611447999469785,100,0,33.0,50,0
2019-01-04,-1.3382799420969893,100,0,0.7331913160595407,100,0,43.582863626991404,50,0,-0.11705077985230505,50,0,0.5895777830847339,100,0,48.0,50,0
2019-01-05,-1.331241530950293,100,0,0.7374530349614272,100,0,43.582863626991404,50,0,-0.09417036019001626,50,0,0.5972719840533629,100,0,36.0,50,0
2019-01-06,-1.3217377430300488,100,0,0.745436172383405,100,0,43.582863626991404,50,0,-0.1836790492488658,50,0,0.6080786306625758,100,0,31.0,50,0
2019-01-07,-1.3528189310168521,100,0,0.7188565398812256,100,0,43.582863626991404,50,0,-0.22523009925483922,50,0,0.5905856957647292,100,0,39.0,50,0
2019-01-08,-1.359040712270855,100,0,0.7128363516737005,100,0,43.582863626991404,50,0,-0.2357768326081489,50,0,0.5891374738932081,100,0,39.0,50,0
2019-01-09,-1.3548999728628413,100,0,0.7157589899868856,100,0,43.582863626991404,50,0,-0.23424238291771993,50,0,0.5952489139999967,100,0,42.0,50,0
2019-01-10,-1.4892522659711132,100,0,0.6073631622572141,100,0,43.582863626991404,50,0,-0.33675287322727054,50,0,0.5082553339825019,100,0,37.0,50,0
2019-01-11,-1.498923758979649,100,0,0.5981801054356087,100,0,43.582863626991404,50,0,-0.3584762284020714,50,0,0.5037812083704011,100,0,19.0,100,0
2019-01-12,-1.5021733443848564,100,0,0.595302864256449,100,0,43.582863626991404,50,0,-0.3631797116384554,50,0,0.5043287080060893,100,0,22.0,100,0
2019-01-13,-1.5547862635949665,100,0,0.5524576200205373,100,0,43.582863626991404,50,0,-0.42779576001323527,50,0,0.47098139034943415,100,0,21.0,100,0
2019-01-14,-1.4746529135556805,100,0,0.6148358200984138,100,0,43.582863626991404,50,0,-0.3364261493671225,50,0,0.5271362120267663,100,0,16.0,100,0
2019-01-15,-1.5219228192836256,100,0,0.5767299199259378,100,0,43.582863626991404,50,0,-0.3965016206551189,50,0,0.49753247798158157,100,0,27.0,50,0
2019-01-16,-1.5082911433160109,100,0,0.5869448784212753,100,0,43.582863626991404,50,0,-0.38184448566800383,50,0,0.5096480017394663,100,0,24.0,100,0
2019-01-17,-1.505681472981135,100,0,0.5882249260839428,100,0,43.582863626991404,50,0,-0.3924676487063767,50,0,0.5141147527141796,100,0,28.0,50,0
2019-01-18,-1.5239475115308674,100,0,0.5732513672085011,100,0,43.582863626991404,50,0,-0.4178562343952833,50,0,0.5046285050055543,100,0,29.0,50,0
2019-01-19,-1.4987730397379988,100,0,0.592647046776051,100,0,43.582863626991404,50,0,-0.4012165729764493,50,0,0.5252858920631314,100,0,31.0,50,0
2019-01-20,-1.5352091106271868,100,0,0.5641773328585202,100,0,43.582863626991404,50,0,-0.4131812620494981,50,0,0.5036090803426259,100,0,35.0,50,0
2019-01-21,-1.544268837524227,100,0,0.5567087328470243,100,0,43.582863626991404,50,0,-0.43153578893963596,50,0,0.5005338123763026,100,0,30.0,50,0
2019-01-22,-1.5259869845655523,100,0,0.5667813774029393,100,0,43.582863626991404,50,0,-0.4232277081418705,50,0,0.513300015580687,100,0,27.0,50,0
2019-01-23,-1.5360591264943135,100,0,0.5589903661772199,100,0,43.582863626991404,50,0,-0.43321910544831205,50,0,0.5101094046435939,100,0,33.0,50,0
2019-01-24,-1.5349625229914594,100,0,0.5592472507485072,100,0,43.582863626991404,50,0,-0.4392667584118457,50,0,0.5143369249640308,100,0,37.0,50,0
2019-01-25,-1.5426404529869127,100,0,0.5529089944376554,100,0,43.582863626991404,50,0,-0.453239126231035,50,0,0.5123691708351884,100,0,35.0,50,0
2019-01-26,-1.5416208026046951,100,0,0.5534534938688471,100,0,43.582863626991404,50,0,-0.4506747650539705,50,0,0.5163529827574624,100,0,41.0,50,0
2019-01-27,-1.561663929371468,100,0,0.5381679294126698,100,0,43.582863626991404,50,0,-0.4821975795538944,50,0,0.5057058682785195,100,0,39.0,50,0
2019-01-28,-1.5985004080025313,100,0,0.5087429095255881,100,0,43.582863626991404,50,0,-0.5187144011563464,50,0,0.48133419570161,100,0,35.0,50,0
2019-01-29,-1.6060916688352527,100,0,0.5020101519918667,100,0,43.582863626991404,50,0,-0.5216632412276871,50,0,0.4783419355691428,100,0,21.0,100,0
2019-01-30,-1.583635535450906,100,0,0.5187848251291737,100,0,43.582863626991404,50,0,-0.49472488977950746,50,0,0.4978658813827267,100,0,22.0,100,0
2019-01-31,-1.5947891900086288,100,0,0.5096787838799973,100,0,42.780610997516355,50,0,-0.508124009178934,50,0,0.49284677943534777,100,0,17.0,100,0
2019-02-01,-1.5883239219833971,100,0,0.5141923997657085,100,0,42.780610997516355,50,0,-0.5104615572667992,50,0,0.5013532526764521,100,0,23.0,100,0
2019-02-02,-1.5758698509901463,100,0,0.5237243729559061,100,0,42.780610997516355,50,0,-0.4928793782154503,50,0,0.5151902047577447,100,0,22.0,100,0
2019-02-03,-1.5918023339615657,100,0,0.5116224554197875,100,0,42.780610997516355,50,0,-0.5056905574351096,50,0,0.5075845500934769,100,0,19.0,100,0
2019-02-04,-1.5871050582841788,100,0,0.5118420965494214,100,0,42.780610997516355,50,0,-0.5049874621233642,50,0,0.5120500596589455,100,0,27.0,50,0
2019-02-05,-1.5861373473823106,100,0,0.5125634351384749,100,0,42.780610997516355,50,0,-0.5095077269063477,50,0,0.5168370523195774,100,0,21.0,100,0
2019-02-06,-1.60258152467705,100,0,0.49952239854682834,100,0,42.780610997516355,50,0,-0.5212031426032865,50,0,0.5079247958768848,100,0,14.0,100,0
2019-02-07,-1.587327907079468,100,0,0.4992556402994294,100,0,42.780610997516355,50,0,-0.5190314295832715,50,0,0.5119038693910724,100,0,18.0,100,0
2019-02-08,-1.4952743687784404,100,0,0.5680891722267797,100,0,42.780610997516355,50,0,-0.4427068769840857,50,0,0.5871064867136325,100,0,37.0,50,0
2019-02-09,-1.4909832202152267,100,0,0.5711931381457785,100,0,42.780610997516355,50,0,-0.43894190894444063,50,0,0.5954714117814822,100,0,42.0,50,0
2019-02-10,-1.455348464393515,100,0,0.5978543850662299,100,0,42.780610997516355,50,0,-0.3822247032399099,50,0,0.6286028617569472,100,0,40.0,50,0
2019-02-11,-1.4805383716007758,100,0,0.5794123805053395,100,0,42.780610997516355,50,0,-0.4074940142078233,50,0,0.6143834438673019,100,0,46.0,50,0
2019-02-12,-1.4726377306262335,100,0,0.5849349106193641,100,0,42.780610997516355,50,0,-0.39318012106771383,50,0,0.62563282770561,100,0,38.0,50,0
2019-02-13,-1.4730060788746002,100,0,0.5844534854255123,100,0,42.780610997516355,50,0,-0.390055559619325,50,0,0.6305746152886268,100,0,48.0,50,0
2019-02-14,-1.4793671923067337,100,0,0.5797551893056474,100,0,42.780610997516355,50,0,-0.3964764330490192,50,0,0.6310253361793468,100,0,48.0,50,0
2019-02-15,-1.4735213736461437,100,0,0.5832337332669472,100,0,42.780610997516355,50,0,-0.3895278480661257,50,0,0.6402696107606848,100,0,43.0,50,0
2019-02-16,-1.463918271926824,100,0,0.5904228238063447,100,0,42.780610997516355,50,0,-0.38017296146646845,50,0,0.6533426622692231,50,0,43.0,50,0
2019-02-17,-1.3913816953682563,100,0,0.6439285733638863,100,0,42.780610997516355,50,0,-0.264760860745764,50,0,0.717863943319389,50,0,38.0,50,0
2019-02-18,-1.3186164645069776,50,0,0.7003784144770844,100,0,42.780610997516355,50,0,-0.23483125005866134,50,0,0.7862785107669668,50,0,63.0,0,0
2019-02-19,-1.3257561705606236,100,0,0.6943443024729385,100,0,42.780610997516355,50,0,-0.26106073756414533,50,0,0.7851789879242004,50,0,65.0,0,0
2019-02-20,-1.2999837487303025,50,0,0.7141719126521558,100,0,42.780610997516355,50,0,-0.23120995759921187,50,0,0.813203670077374,50,0,59.0,0,0
2019-02-21,-1.301949421189924,50,0,0.6969124888509546,100,0,42.780610997516355,50,0,-0.2546374668566006,50,0,0.7992232455693314,50,0,59.0,0,0
2019-02-22,-1.2791719348813873,50,0,0.7138718640845079,100,0,42.780610997516355,50,0,-0.23942843124468394,50,0,0.8244175702281156,50,0,61.0,0,0
2019-02-23,-1.2097495393115945,50,0,0.7648203953276126,100,0,42.780610997516355,50,0,-0.19292510649310876,50,0,0.88860044282974,50,0,63.0,0,0
2019-02-24,-1.3546043743410134,100,0,0.6574672508566686,100,0,42.780610997516355,50,0,-0.29046910760848116,50,0,0.768417189399471,50,0,69.0,0,0
2019-02-25,-1.3370633006839951,100,0,0.6699812797709251,100,0,42.780610997516355,50,0,-0.2893932821747179,50,0,0.787921397092971,50,0,47.0,50,0
2019-02-26,-1.3512448116082607,100,0,0.6594726246387571,100,0,42.780610997516355,50,0,-0.3037577674072629,50,0,0.7797003972095176,50,0,40.0,50,0
2019-02-27,-1.361391374284985,100,0,0.6512456983496858,100,0,42.780610997516355,50,0,-0.3246550497334105,50,0,0.7739664984645951,50,0,39.0,50,0
2019-02-28,-1.3553173836783836,100,0,0.6551032868638929,100,0,44.06490765249974,50,0,-0.3134736574434065,50,0,0.782484498636437,50,0,39.0,50,0
2019-03-01,-1.3542708419101543,100,0,0.655810724377991,100,0,44.06490765249974,50,0,-0.31933245441964575,50,0,0.7865369188822646,50,0,42.0,50,0
2019-03-02,-1.371813534907522,100,0,0.6430167640635327,100,0,44.06490765249974,50,0,-0.34908532034521494,50,0,0.7742333604350804,50,0,41.0,50,0
2019-03-03,-1.388628162147677,100,0,0.6307847126173128,100,0,44.06490765249974,50,0,-0.3673636130022514,50,0,0.7626736575966511,50,0,44.0,50,0
2019-03-04,-1.4171269846342158,100,0,0.6089494495397407,100,0,44.06490765249974,50,0,-0.38644334641151085,50,0,0.7395466952104796,50,0,36.0,50,0
2019-03-05,-1.34615369168552,100,0,0.6606482042449814,100,0,44.06490765249974,50,0,-0.3215840591775382,50,0,0.8063960195349905,50,0,35.0,50,0
2019-03-06,-1.335590820722853,100,0,0.6679968000768325,100,0,44.06490765249974,50,0,-0.3097886000287567,50,0,0.8190093894304691,50,0,42.0,50,0
2019-03-07,-1.3421778493607242,100,0,0.6631041597204292,100,0,44.06490765249974,50,0,-0.32296221738832387,50,0,0.8167979872764082,50,0,56.0,0,0
2019-03-08,-1.3649462742541152,100,0,0.6452526886693972,100,0,44.06490765249974,50,0,-0.3578638680172616,50,0,0.7979247305565614,50,0,54.0,0,0
2019-03-09,-1.3388641277414735,100,0,0.6642071654130486,100,0,44.06490765249974,50,0,-0.34242648468559245,50,0,0.824746935951571,50,0,55.0,0,0
2019-03-10,-1.3435470877610924,100,0,0.6591579374759098,100,0,44.06490765249974,50,0,-0.35176368057171914,50,0,0.8216166984076502,50,0,55.0,0,0
2019-03-11,-1.3638625393389299,100,0,0.6439997465504927,100,0,44.06490765249974,50,0,-0.3666609111346372,50,0,0.8060092903422156,50,0,56.0,0,0
2019-03-12,-1.3556594090325633,100,0,0.6471775285509831,100,0,44.06490765249974,50,0,-0.3625974331490557,50,0,0.8134667288014705,50,0,56.0,0,0
2019-03-13,-1.3652171347680555,100,0,0.6397327158899053,100,0,44.06490765249974,50,0,-0.3773896347494007,50,0,0.8075341761939835,50,0,54.0,0,0
2019-03-14,-1.363735696753918,100,0,0.6407643619039296,100,0,44.06490765249974,50,0,-0.37612238055035946,50,0,0.8121658622226421,50,0,55.0,0,0
2019-03-15,-1.3339830052533783,100,0,0.6618867487756195,100,0,44.06490765249974,50,0,-0.3468363899696385,50,0,0.8425949510365334,50,0,55.0,0,0
2019-03-16,-1.300081512097129,50,0,0.6865821394179044,100,0,44.06490765249974,50,0,-0.32555531106639063,50,0,0.8780802584063644,50,0,54.0,0,0
2019-03-17,-1.3164504417467058,50,0,0.6746124091036286,100,0,44.06490765249974,50,0,-0.34387094765084225,50,0,0.8666296356184183,50,0,58.0,0,0
2019-03-18,-1.3241063900582697,100,0,0.6695069406076579,100,0,44.06490765249974,50,0,-0.35645274703410035,50,0,0.8638336273586723,50,0,56.0,0,0
2019-03-19,-1.3179078997420552,50,0,0.6738980598342089,100,0,44.06490765249974,50,0,-0.35707814284199413,50,0,0.8732549064872237,50,0,56.0,0,0
2019-03-20,-1.3129906177285031,50,0,0.6777660572509273,100,0,44.06490765249974,50,0,-0.36169892133238,50,0,0.8824176162102197,50,0,55.0,0,0
2019-03-21,-1.3401333288077169,100,0,0.6579027814922508,100,0,44.06490765249974,50,0,-0.3858289688050748,50,0,0.8606940667519838,50,0,62.0,0,0
2019-03-22,-1.3275394777336857,100,0,0.6644594179874411,100,0,44.06490765249974,50,0,-0.37448958373435853,50,0,0.8733166041771624,50,0,56.0,0,0
2019-03-23,-1.3231631587589143,100,0,0.667471267386837,100,0,44.06490765249974,50,0,-0.3674200967308074,50,0,0.8812692080004917,50,0,50.0,0,0
2019-03-24,-1.3299847850231186,100,0,0.6624773843891427,100,0,44.06490765249974,50,0,-0.3747385920827041,50,0,0.877250684237316,50,0,44.0,50,0
2019-03-25,-1.344821611978058,100,0,0.6512684804132803,100,0,44.06490765249974,50,0,-0.37691105173639494,50,0,0.8648702827404187,50,0,46.0,50,0
2019-03-26,-1.343700890640216,100,0,0.6517879143451379,100,0,44.06490765249974,50,0,-0.3796937317631068,50,0,0.8676477432057245,50,0,43.0,50,0
2019-03-27,-1.3031404976978311,50,0,0.6815685713561257,100,0,44.06490765249974,50,0,-0.3546958897957663,50,0,0.9087739071007029,50,0,44.0,50,0
2019-03-28,-1.31562835088709,50,0,0.6725366730710284,100,0,44.06490765249974,50,0,-0.3689009482264824,50,0,0.898217886018679,50,0,49.0,50,0
2019-03-29,-1.2821643724845477,50,0,0.697338914063006,100,0,44.06490765249974,50,0,-0.344222549045276,50,0,0.9327705151941706,50,0,50.0,0,0
2019-03-30,-1.2822012210910043,50,0,0.6962183544276315,100,0,44.06490765249974,50,0,-0.34786189335821255,50,0,0.9323477565060649,50,0,57.0,0,0
2019-03-31,-1.287847154580619,50,0,0.6923072976838544,100,0,44.36717615988102,50,0,-0.3574877341631709,50,0,0.9281562322537988,50,0,56.0,0,0
2019-04-01,-1.283200009545957,50,0,0.6925597457923003,100,0,44.36717615988102,50,0,-0.37312460479746495,50,0,0.930459868636421,50,0,62.0,0,0
2019-04-02,-1.1197094095564397,50,0,0.8111495603136416,100,0,44.36717615988102,50,0,-0.3903190877899801,50,0,1.0912930792707642,50,0,60.0,0,0
2019-04-03,-1.154139341704301,50,0,0.7856505407655912,100,0,44.36717615988102,50,0,-0.4522519375255579,50,0,1.0590029342027687,50,0,71.0,0,0
2019-04-04,-1.1699947165118587,50,0,0.7741426324236355,100,0,44.36717615988102,50,0,-0.4591982997411617,50,0,1.045461860924546,50,0,61.0,0,0
2019-04-05,-1.1151972899436609,50,0,0.8138456438690328,100,0,44.36717615988102,50,0,-0.42366651558358054,50,0,1.1000512925469514,50,0,59.0,0,0
2019-04-06,-1.1218117784593682,50,0,0.811359791497457,100,0,44.36717615988102,50,0,-0.4313252635461083,50,0,1.0981421429584102,50,0,65.0,0,0
2019-04-07,-1.0620207713839311,50,0,0.855867712117988,100,0,44.36717615988102,50,0,-0.3955740998672769,50,0,1.1595896763364766,50,0,69.0,0,0
2019-04-08,-1.0200421980631773,50,0,0.886926276139427,50,0,44.36717615988102,50,0,-0.3699416256252927,50,0,1.2032829501251816,50,0,65.0,0,0
2019-04-09,-1.0519465966662207,50,0,0.8633588757992454,100,0,44.36717615988102,50,0,-0.3849916529279254,50,0,1.1739550704906472,50,0,64.0,0,0
2019-04-10,-1.0431360931397315,50,0,0.8708860265897176,50,0,44.36717615988102,50,0,-0.4045866050694919,50,0,1.1865580024722575,50,0,62.0,0,0
2019-04-11,-1.1227836410742595,50,0,0.8124848005657879,100,0,44.36717615988102,50,0,-0.43188214116727247,50,0,1.109767789088104,50,0,65.0,0,0
2019-04-12,-1.1262415356656632,50,0,0.8093676816144306,100,0,44.36717615988102,50,0,-0.4464015222516589,50,0,1.1076888317333202,50,0,42.0,50,0
2019-04-13,-1.1294646603604837,50,0,0.8057381823125276,100,0,44.36717615988102,50,0,-0.45065551937435017,50,0,1.1045468201940396,50,0,62.0,0,0
2019-04-14,-1.1034283549613442,50,0,0.8249149904741996,100,0,44.36717615988102,50,0,-0.44036815775886523,50,0,1.1324798780439649,50,0,51.0,0,0
2019-04-15,-1.1535281440846303,50,0,0.788433076390493,100,0,44.36717615988102,50,0,-0.47234197309267956,50,0,1.0847072407530092,50,0,60.0,0,0
2019-04-16,-1.1118584513219727,50,0,0.8185218819678786,100,0,44.36717615988102,50,0,-0.4647889212432106,50,0,1.1280230789875327,50,0,50.0,0,0
2019-04-17,-1.1136608632657505,50,0,0.8171681613647198,100,0,44.36717615988102,50,0,-0.47262390901228896,50,0,1.1284856423236107,50,0,61.0,0,0
2019-04-18,-1.0668078687696232,50,0,0.8525378671114495,100,0,44.36717615988102,50,0,-0.4275781661227885,50,0,1.1795486356970235,50,0,64.0,0,0
2019-04-19,-1.0663313692583603,50,0,0.8531554630240865,100,0,44.36717615988102,50,0,-0.42977262231637064,50,0,1.1825358787673808,50,0,61.0,0,0
2019-04-20,-1.0710662170772534,50,0,0.8511002425207964,100,0,44.36717615988102,50,0,-0.439707228183909,50,0,1.1816543918144304,50,0,62.0,0,0
2019-04-21,-1.0919526239443815,50,0,0.835135937771101,100,0,44.36717615988102,50,0,-0.46146030077155664,50,0,1.161290948883686,50,0,62.0,0,0
2019-04-22,-1.0774678829262168,50,0,0.8431936341136775,100,0,44.36717615988102,50,0,-0.4711087863703442,50,0,1.1743404969599287,50,0,61.0,0,0
2019-04-23,-1.0806958139610099,50,0,0.8402063199169116,100,0,44.36717615988102,50,0,-0.5158452108647615,50,0,1.1722724080694418,50,0,68.0,0,0
2019-04-24,-1.1182197887054313,50,0,0.8118335054725873,100,0,44.36717615988102,50,0,-0.5341919483352725,50,0,1.1348062619646433,50,0,65.0,0,0
2019-04-25,-1.204727878753619,50,0,0.7475900622065753,100,0,44.36717615988102,50,0,-0.5664903243341701,50,0,1.0474134654965737,50,0,58.0,0,0
2019-04-26,-1.1969092384180362,50,0,0.7522284630978755,100,0,44.36717615988102,50,0,-0.5644124491897885,50,0,1.0564367501821168,50,0,41.0,50,0
2019-04-27,-1.1780443712525765,50,0,0.765962076546754,100,0,44.36717615988102,50,0,-0.5492382890811423,50,0,1.0781690798927084,50,0,42.0,50,0
2019-04-28,-1.1937017903159577,50,0,0.7539255168972194,100,0,44.36717615988102,50,0,-0.5616079626618944,50,0,1.0636258727648538,50,0,40.0,50,0
2019-04-29,-1.1982374592719,50,0,0.7505868216209294,100,0,44.36717615988102,50,0,-0.5675503934855525,50,0,1.0601179360024695,50,0,42.0,50,0
2019-04-30,-1.1487023375737826,50,0,0.7870880537581395,100,0,45.2783869249715,50,0,-0.5356412490205907,50,0,1.1128239935862536,50,0,42.0,50,0
2019-05-01,-1.1601931766916627,50,0,0.7787715262551143,100,0,45.2783869249715,50,0,-0.5614871269367908,50,0,1.1023601971973827,50,0,51.0,0,0
2019-05-02,-1.1526737697801805,50,0,0.7836641171631374,100,0,45.2783869249715,50,0,-0.5722803885356258,50,0,1.110381930072356,50,0,50.0,0,0
2019-05-03,-1.1154205866415996,50,0,0.8108706503899082,100,0,45.2783869249715,50,0,-0.5899904673280179,50,0,1.1503827040103718,50,0,63.0,0,0
2019-05-04,-1.1333025142150983,50,0,0.7979013074927439,100,0,45.2783869249715,50,0,-0.6350500446027088,50,0,1.1335432236565126,50,0,66.0,0,0
2019-05-05,-1.136820531123722,50,0,0.7953039452820152,100,0,45.2783869249715,50,0,-0.629418139373342,50,0,1.1313501133481099,50,0,67.0,0,0
2019-05-06,-1.0654813878452833,50,0,0.8475190151653315,100,0,45.2783869249715,50,0,-0.5415315710151152,50,0,1.2066363037468366,50,0,57.0,0,0
2019-05-07,-1.0797583709420517,50,0,0.8376763306752351,100,0,45.2783869249715,50,0,-0.5864072646342021,50,0,1.193742841066715,50,0,69.0,0,0
2019-05-08,-1.083110250421658,50,0,0.8353563624880445,100,0,45.2783869249715,50,0,-0.6124470156276965,50,0,1.191676479787109,50,0,63.0,0,0
2019-05-09,-1.0785694478122685,50,0,0.8388620431797205,100,0,45.2783869249715,50,0,-0.6513035687059666,50,0,1.1978815711575224,50,0,69.0,0,0
2019-05-10,-1.064994018081251,50,0,0.8486697733915546,100,0,45.2783869249715,50,0,-0.676823269726987,50,0,1.2129805858494527,50,0,71.0,0,0
2019-05-11,-0.8816973868699176,50,0,0.9836270171359668,0,0,45.2783869249715,50,0,-0.6699325829318795,50,0,1.4059287714431041,50,0,76.0,0,0
2019-05-12,-0.9638887806768294,50,0,0.9224635762352613,50,0,45.2783869249715,50,0,-0.6823404684330943,50,0,1.3190523342206777,50,0,75.0,0,0
2019-05-13,-0.9120426018950374,50,0,0.9650723834823636,0,0,45.2783869249715,50,0,-0.7621010351165589,50,0,1.3801409273667378,50,0,78.0,0,0
2019-05-14,-0.769760330188663,50,0,1.0753546431982124,0,0,45.2783869249715,50,0,-0.6622031054765075,50,0,1.5369860068110164,0,0,78.0,0,0
2019-05-15,-0.5743334099187928,50,0,1.2271630684425914,0,0,45.2783869249715,50,0,-0.5378471400028026,50,0,1.751314347375748,0,0,77.0,0,0
2019-05-16,-0.5114819184914791,50,0,1.2974348153263833,0,0,45.2783869249715,50,0,-0.4007829956931883,50,0,1.848042083740563,0,0,75.0,0,0
2019-05-17,-0.6479965477766747,50,0,1.1932448942703455,0,0,45.2783869249715,50,0,-0.4195253805536873,50,0,1.6970199381203441,0,0,65.0,0,0
2019-05-18,-0.692593697804225,50,0,1.1565547643341103,0,0,45.2783869249715,50,0,-0.4538687004143527,50,0,1.6427719639048728,0,0,67.0,0,0
2019-05-19,-0.5232452030095988,50,0,1.2899081437993853,0,0,45.2783869249715,50,0,-0.4709216881108032,50,0,1.828410594451921,0,0,70.0,0,0
2019-05-20,-0.5821754445543141,50,0,1.242634854849481,0,0,45.2783869249715,50,0,-0.4814535403359162,50,0,1.7583612751373356,0,0,73.0,0,0
2019-05-21,-0.5576902260313524,50,0,1.2640578607977109,0,0,45.2783869249715,50,0,-0.45817318431961707,50,0,1.7854744625086392,0,0,68.0,0,0
2019-05-22,-0.6334778522922517,50,0,1.203499438979515,0,0,45.2783869249715,50,0,-0.4699986859391306,50,0,1.6974603708752027,0,0,69.0,0,0
2019-05-23,-0.6258407331190033,50,0,1.2096639605939126,0,0,45.2783869249715,50,0,-0.5028867747930045,50,0,1.7042930186889507,0,0,65.0,0,0
2019-05-24,-0.6075689924239986,50,0,1.2242217388829404,0,0,45.2783869249715,50,0,-0.5017610444543562,50,0,1.722648662108896,0,0,64.0,0,0
2019-05-25,-0.5887819569574505,50,0,1.2390093229009993,0,0,45.2783869249715,50,0,-0.49787018306146374,50,0,1.7417198991182972,0,0,69.0,0,0
2019-05-26,-0.4868702880591304,50,0,1.3194039770785977,0,0,45.2783869249715,50,0,-0.5201935418009386,50,0,1.851862761213068,0,0,67.0,0,0
2019-05-27,-0.46265878973625746,50,0,1.340329720825964,0,0,45.2783869249715,50,0,-0.5118802729620096,50,0,1.8776786902049636,0,0,70.0,0,0
2019-05-28,-0.47232154864312254,50,0,1.333161955167546,0,0,45.2783869249715,50,0,-0.5038457267874802,50,0,1.86403342962026,0,0,71.0,0,0
2019-05-29,-0.49158341259950905,50,0,1.3235358250187899,0,0,45.2783869249715,50,0,-0.503428512471149,50,0,1.847274773282799,0,0,71.0,0,0
2019-05-30,-0.5856230718388231,50,0,1.249433290506277,0,0,45.2783869249715,50,0,-0.519509789723239,50,0,1.741460521613965,0,0,73.0,0,0
2019-05-31,-0.521830140722753,50,0,1.30947651158371,0,0,50.28883186868249,50,0,-0.501742931320968,50,0,1.8219186035811297,0,0,61.0,0,0
2019-06-01,-0.5323423470049201,50,0,1.3021509348402456,0,0,50.28883186868249,50,0,-0.5087380548103541,50,0,1.80831767008054,0,0,62.0,0,0
2019-06-02,-0.5028003764740757,50,0,1.3255470615509717,0,0,50.28883186868249,50,0,-0.5138975822622761,50,0,1.8353990754060598,0,0,63.0,0,0
2019-06-03,-0.6253718824068368,50,0,1.2324964129640192,0,0,50.28883186868249,50,0,-0.520652239571766,50,0,1.7025900739343094,0,0,66.0,0,0
2019-06-04,-0.6944124237406697,50,0,1.1753983005751536,0,0,50.28883186868249,50,0,-0.49544486196577897,50,0,1.620213362476587,0,0,42.0,50,0
2019-06-05,-0.6509835071858878,50,0,1.2089913065683193,0,0,50.28883186868249,50,0,-0.4831373101902682,50,0,1.6626055953197665,0,0,27.0,50,0
2019-06-06,-0.6489035506424732,50,0,1.214454686014346,0,0,50.28883186868249,50,0,-0.4729447424316319,50,0,1.6662925977537575,0,0,34.0,50,0
2019-06-07,-0.632712042123283,50,0,1.2276863722884939,0,0,50.28883186868249,50,0,-0.5004805847139405,50,0,1.678878032265591,0,0,27.0,50,0
2019-06-08,-0.6651248446878735,50,0,1.1991907579847179,0,0,50.28883186868249,50,0,-0.5166174559517406,50,0,1.6348412521904814,0,0,62.0,0,0
2019-06-09,-0.7430888816051143,50,0,1.1316752873331744,0,0,50.28883186868249,50,0,-0.5401221709173417,50,0,1.5390952871695,0,0,62.0,0,0
2019-06-10,-0.6517816007996905,50,0,1.2075724693135277,0,0,50.28883186868249,50,0,-0.5140769113811898,50,0,1.6370879638783216,0,0,46.0,50,0
2019-06-11,-0.6572953857805959,50,0,1.2019170429181656,0,0,50.28883186868249,50,0,-0.5073333055229184,50,0,1.6241164727392405,0,0,61.0,0,0
2019-06-12,-0.5736676026298992,50,0,1.2685240477120687,0,0,50.28883186868249,50,0,-0.4708753010653247,50,0,1.7072943245057894,0,0,60.0,0,0
2019-06-13,-0.603261478187043,50,0,1.246315216584752,0,0,50.28883186868249,50,0,-0.5078129497947159,50,0,1.6711401810877378,0,0,63.0,0,0
2019-06-14,-0.5480548925482739,50,0,1.291145927523184,0,0,50.28883186868249,50,0,-0.5325749193357739,50,0,1.7238817386775538,0,0,67.0,0,0
2019-06-15,-0.5221774375465802,50,0,1.3108644993755192,0,0,50.28883186868249,50,0,-0.5342812119599244,50,0,1.742754159675481,0,0,75.0,0,0
2019-06-16,-0.5180193677514249,50,0,1.3134934429101208,0,0,50.28883186868249,50,0,-0.5550213409570551,50,0,1.7394855183641948,0,0,80.0,0,100
2019-06-17,-0.49785067319948934,50,0,1.3310485259707783,0,0,50.28883186868249,50,0,-0.5814826938953326,50,0,1.7555054203300142,0,0,84.0,0,100
2019-06-18,-0.5586110449711941,50,0,1.2811930657190522,0,0,50.28883186868249,50,0,-0.5882078666120552,50,0,1.6830851954004993,0,0,83.0,0,100
2019-06-19,-0.5316594160531852,50,0,1.3054124880981326,0,0,50.28883186868249,50,0,-0.5960933026208546,50,0,1.7082110328593705,0,0,82.0,0,100
2019-06-20,-0.5168162323260237,50,0,1.3197101908829105,0,0,50.28883186868249,50,0,-0.6158419332070542,50,0,1.71995049273125,0,0,81.0,0,100
2019-06-21,-0.3868621881953373,50,0,1.4284149823144163,0,0,50.28883186868249,50,0,-0.5841790453060497,50,0,1.8525435219169963,0,0,84.0,0,100
2019-06-22,-0.3179690757413813,50,0,1.4905720129857183,0,0,50.28883186868249,50,0,-0.6020748783307885,50,0,1.9231475458577274,0,0,83.0,0,100
2019-06-23,-0.32800536823113546,50,0,1.4819611666689778,0,0,50.28883186868249,50,0,-0.6204334442128792,50,0,1.9018582988080388,0,0,84.0,0,100
2019-06-24,-0.31079377865410296,50,0,1.496055524215834,0,0,50.28883186868249,50,0,-0.6310471873175513,50,0,1.9090238947713145,0,0,80.0,0,100
2019-06-25,-0.2826375672405937,50,0,1.5251756690262055,0,0,50.28883186868249,50,0,-0.6822916404308785,50,0,1.9349395314550901,0,0,87.0,0,100
2019-06-26,-0.1924669944522037,50,0,1.6094993693114665,0,0,50.28883186868249,50,0,-0.7251362459571479,50,0,2.0291449374672945,0,0,95.0,0,100
2019-06-27,-0.4240517002495503,50,0,1.4113952542896042,0,0,50.28883186868249,50,0,-0.7068469506350202,50,0,1.7704112453048744,0,0,92.0,0,100
2019-06-28,-0.3375902265309892,50,0,1.4879476672391498,0,0,50.28883186868249,50,0,-0.7650975929388958,50,0,1.8560801438077668,0,0,62.0,0,0
2019-06-29,-0.287694904967326,50,0,1.529957863081155,0,0,50.28883186868249,50,0,-0.6949902918255705,50,0,1.8973974506493507,0,0,74.0,0,0
2019-06-30,-0.44669214557428033,50,0,1.3995065448376562,0,0,51.415873124585715,50,0,-0.6850148670244672,50,0,1.7269142807503373,0,0,78.0,0,0
2019-07-01,-0.4297154464830059,50,0,1.4086586948259705,0,0,51.415873124585715,50,0,-0.6461196924291542,50,0,1.729259400528846,0,0,65.0,0,0
2019-07-02,-0.44908530665906415,50,0,1.391507119050277,0,0,51.415873124585715,50,0,-0.6811357719927748,50,0,1.6995205350898874,0,0,63.0,0,0
2019-07-03,-0.38426211331338167,50,0,1.4450223885831193,0,0,51.415873124585715,50,0,-0.7550754498106218,50,0,1.7554427173223586,0,0,79.0,0,100
2019-07-04,-0.4821322015595387,50,0,1.3548874449327908,0,0,51.415873124585715,50,0,-0.7511514293826651,50,0,1.6380269544254058,0,0,76.0,0,0
2019-07-05,-0.4577415421767551,50,0,1.37442528910913,0,0,51.415873124585715,50,0,-0.7163075441700786,50,0,1.6540026563975871,0,0,67.0,0,0
2019-07-06,-0.4610001028619829,50,0,1.3702985620113786,0,0,51.415873124585715,50,0,-0.7396518029082119,50,0,1.641824082963218,0,0,72.0,0,0
2019-07-07,-0.3480968340300341,50,0,1.4590527880019106,0,0,51.415873124585715,50,0,-0.6924073572058073,50,0,1.7397273012910943,0,0,67.0,0,0
2019-07-08,-0.31502623474317126,50,0,1.4914326133416949,0,0,51.415873124585715,50,0,-0.7481582993230885,50,0,1.7702050611502584,0,0,74.0,0,0
2019-07-09,-0.3296958906475939,50,0,1.4661816200004665,0,0,51.415873124585715,50,0,-0.7878086272784353,50,0,1.7322385311303592,0,0,84.0,0,100
2019-07-10,-0.4442598791427661,50,0,1.3715869659388689,0,0,51.415873124585715,50,0,-0.8163842121577286,50,0,1.6141941305779068,0,0,83.0,0,100
2019-07-11,-0.5844296352284921,50,0,1.2697569098145465,0,0,51.415873124585715,50,0,-0.8233492892901505,50,0,1.4899618039405853,0,0,62.0,0,0
2019-07-12,-0.5343691064951611,50,0,1.3081011632215502,0,0,51.415873124585715,50,0,-0.8377444421719699,50,0,1.5306113408080193,0,0,33.0,50,0
2019-07-13,-0.5776000500787417,50,0,1.2728836156752585,0,0,51.415873124585715,50,0,-0.823666043136113,50,0,1.4849539409785093,0,0,65.0,0,0
2019-07-14,-0.8072432873865796,50,0,1.090345455256686,0,0,51.415873124585715,50,0,-0.878787905235606,50,0,1.2694824679617016,50,0,61.0,0,0
2019-07-15,-0.7977978990810564,50,0,1.090646034496135,0,0,51.415873124585715,50,0,-0.9346216875744501,50,0,1.2667529025955704,50,0,16.0,100,0
2019-07-16,-0.9843079733991651,50,0,0.9406571677421498,50,0,51.415873124585715,50,0,-0.9385634143595027,50,0,1.0913643336765932,50,0,34.0,50,0
2019-07-17,-0.9029395834841937,50,0,0.996341050303979,0,0,51.415873124585715,50,0,-0.9045199503703937,50,0,1.1545467228592718,50,0,19.0,100,0
2019-07-18,-0.7986006439916067,50,0,1.0725649682690008,0,0,51.415873124585715,50,0,-0.9271017100414939,50,0,1.240806380640014,50,0,40.0,50,0
2019-07-19,-0.8361880658690715,50,0,1.0424784823331323,0,0,51.415873124585715,50,0,-0.9396451440122952,50,0,1.2039296505934591,50,0,42.0,50,0
2019-07-20,-0.7752927548106089,50,0,1.0871063952443099,0,0,51.415873124585715,50,0,-0.9289187874715779,50,0,1.253317300621692,50,0,34.0,50,0
2019-07-21,-0.8080066168639495,50,0,1.0627385966646041,0,0,51.415873124585715,50,0,-0.9256818707781542,50,0,1.2237820868614975,50,0,42.0,50,0
2019-07-22,-0.8586319336116243,50,0,1.0212218880257224,0,0,51.415873124585715,50,0,-0.9377014002823761,50,0,1.174600957691826,50,0,42.0,50,0
2019-07-23,-0.8871963221552804,50,0,0.9986196141855523,0,0,51.415873124585715,50,0,-0.9165250400252155,50,0,1.1475909258242554,50,0,40.0,50,0
2019-07-24,-0.857794700197041,50,0,1.0189803695537427,0,0,51.415873124585715,50,0,-0.8898043315353028,50,0,1.1698613164973253,50,0,20.0,100,0
2019-07-25,-0.8398132693271918,50,0,1.0313342239707144,0,0,51.415873124585715,50,0,-0.8877227083319625,50,0,1.1828816802811322,50,0,42.0,50,0
2019-07-26,-0.8395592740707183,50,0,1.0292959101665131,0,0,51.415873124585715,50,0,-0.8830426889460075,50,0,1.1792181070676824,50,0,24.0,100,0
2019-07-27,-0.9194390078480806,50,0,0.9689450667411331,0,0,51.415873124585715,50,0,-0.9013752330135524,50,0,1.109125901398396,50,0,47.0,50,0
2019-07-28,-0.8913234349865261,50,0,0.9883260837614141,0,0,51.415873124585715,50,0,-0.8902432644587387,50,0,1.1302481251096714,50,0,16.0,100,0
2019-07-29,-0.8918985936699146,50,0,0.9872247660495991,0,0,51.415873124585715,50,0,-0.8880662895305145,50,0,1.1272488085209276,50,0,19.0,100,0
2019-07-30,-0.8968098462247199,50,0,0.9827384383147886,0,0,51.415873124585715,50,0,-0.9001718082918065,50,0,1.1203643313834373,50,0,22.0,100,0
2019-07-31,-0.8468337299138472,50,0,1.0197045689715378,0,0,47.98026507652248,50,0,-0.9097326326252042,50,0,1.1604499496228082,50,0,31.0,50,0
2019-08-01,-0.8415112854995215,50,0,1.015532791800362,0,0,47.98026507652248,50,0,-0.9434137194502611,50,0,1.1534083335123384,50,0,57.0,0,0
2019-08-02,-0.8390765556034335,50,0,1.0162638821750096,0,0,47.98026507652248,50,0,-0.9531877565374809,50,0,1.1523428976654122,50,0,61.0,0,0
2019-08-03,-0.8124591998783582,50,0,1.0349610694942897,0,0,47.98026507652248,50,0,-0.9597004382862638,50,0,1.1712621540290538,50,0,61.0,0,0
2019-08-04,-0.806231854295283,50,0,1.0386391878752834,0,0,47.98026507652248,50,0,-0.9701269477680403,50,0,1.1731864344152683,50,0,62.0,0,0
2019-08-05,-0.7473126897276369,50,0,1.082146322316755,0,0,47.98026507652248,50,0,-0.9948992397407883,50,0,1.219751092781175,50,0,64.0,0,0
2019-08-06,-0.7885743087222976,50,0,1.0507506977518077,0,0,47.98026507652248,50,0,-0.9924450065616031,50,0,1.1819534001009957,50,0,66.0,0,0
2019-08-07,-0.7888664101580523,50,0,1.0514225754432103,0,0,47.98026507652248,50,0,-1.0299797647264826,50,0,1.1804263061738127,50,0,45.0,50,0
2019-08-08,-0.8215755003254702,50,0,1.0251238377798804,0,0,47.98026507652248,50,0,-1.0478140898904553,50,0,1.1486515507150439,50,0,61.0,0,0
2019-08-09,-0.8868928681100564,50,0,0.9745633313949583,0,0,47.98026507652248,50,0,-1.0814262163684438,100,0,1.090091395191543,50,0,60.0,0,0
2019-08-10,-0.9075042972042716,50,0,0.9576833954261448,0,0,47.98026507652248,50,0,-1.0573517218421287,50,0,1.0694869517021548,50,0,59.0,0,0
2019-08-11,-0.847900806295866,50,0,1.0009040634261195,0,0,47.98026507652248,50,0,-1.0374395666436425,50,0,1.1156744107936438,50,0,45.0,50,0
2019-08-12,-0.8766591022328257,50,0,0.9778786588779356,0,0,47.98026507652248,50,0,-1.045360589812419,50,0,1.088106107138471,50,0,48.0,50,0
2019-08-13,-0.8927640449514339,50,0,0.9662055434257414,0,0,47.98026507652248,50,0,-1.0167603064176356,50,0,1.0732661172077227,50,0,45.0,50,0
2019-08-14,-1.03090466421747,50,0,0.8627732345753987,100,0,47.98026507652248,50,0,-1.0427073193457732,50,0,0.957205638281247,50,0,11.0,100,0
2019-08-15,-1.0190285943667317,50,0,0.8698018094118259,50,0,47.98026507652248,50,0,-1.0580658209205278,50,0,0.9637160560716983,50,0,13.0,100,0
2019-08-16,-1.0278649212036832,50,0,0.8579952484739882,100,0,47.98026507652248,50,0,-1.0729762356047048,50,0,0.9492719231464346,50,0,31.0,50,0
2019-08-17,-1.0273705917215543,50,0,0.8573314450292401,100,0,47.98026507652248,50,0,-1.0605629388033695,50,0,0.9471471661706394,50,0,20.0,100,0
2019-08-18,-0.9670525582705545,50,0,0.8990724398860185,50,0,47.98026507652248,50,0,-1.0317969547865449,50,0,0.9916946711643018,50,0,14.0,100,0
2019-08-19,-0.9136206835193768,50,0,0.9356699964344938,50,0,47.98026507652248,50,0,-1.04116159249029,50,0,1.0302054344220095,50,0,30.0,50,0
2019-08-20,-0.9530042983845974,50,0,0.9071689678234905,50,0,47.98026507652248,50,0,-1.0569116179850526,50,0,0.997188987207722,50,0,39.0,50,0
2019-08-21,-1.0185314224254791,50,0,0.859509895657976,100,0,47.98026507652248,50,0,-1.0479598384383604,50,0,0.9435161843390202,50,0,11.0,100,0
2019-08-22,-0.985053317862444,50,0,0.8824537759031621,50,0,47.98026507652248,50,0,-1.0280621652431445,50,0,0.9672180768995421,50,0,5.0,100,0
2019-08-23,-0.9653032400178002,50,0,0.8958291980234403,50,0,47.98026507652248,50,0,-1.038590415826837,50,0,0.9803128642708886,50,0,33.0,50,0
2019-08-24,-0.9869481183412508,50,0,0.8791225803767074,50,0,47.98026507652248,50,0,-1.0323058016162228,50,0,0.9605776060044136,50,0,39.0,50,0
2019-08-25,-1.0166359328656729,50,0,0.8565666610427696,100,0,47.98026507652248,50,0,-1.048974229989928,50,0,0.9345551222643378,50,0,33.0,50,0
2019-08-26,-1.0011029790578547,50,0,0.8663543192471841,100,0,47.98026507652248,50,0,-1.0597499342137449,50,0,0.9437987508909159,50,0,41.0,50,0
2019-08-27,-1.008824820740011,50,0,0.8580819879919431,100,0,47.98026507652248,50,0,-1.051909501234294,50,0,0.9337364559684289,50,0,30.0,50,0
2019-08-28,-1.0968015663497928,50,0,0.7946947086900128,100,0,47.98026507652248,50,0,-1.076519194431408,50,0,0.8640600865518755,50,0,32.0,50,0
2019-08-29,-1.1225705427751154,50,0,0.7738951308874433,100,0,47.98026507652248,50,0,-1.0770721782773094,50,0,0.8409597367636369,50,0,20.0,100,0
2019-08-30,-1.122921078279641,50,0,0.7718053223000938,100,0,47.98026507652248,50,0,-1.0863360923106788,100,0,0.8381323579012249,50,0,24.0,100,0
2019-08-31,-1.0956348316281985,50,0,0.7888055336361417,100,0,45.918329167756205,50,0,-1.0714319769077247,50,0,0.8559799616978129,50,0,20.0,100,0
2019-09-01,-1.101510160182599,50,0,0.7839426781235641,100,0,45.918329167756205,50,0,-1.0881785424160741,100,0,0.8501092619433558,50,0,24.0,100,0
2019-09-02,-1.051452146594917,50,0,0.8172078696930322,100,0,45.918329167756205,50,0,-1.1023117689956183,100,0,0.8854021526167516,50,0,28.0,50,0
2019-09-03,-1.043311946610844,50,0,0.8197208498552335,100,0,45.918329167756205,50,0,-1.1165107378437105,100,0,0.887347042886047,50,0,41.0,50,0
2019-09-04,-1.0724440345360675,50,0,0.7986685823803601,100,0,45.918329167756205,50,0,-1.1319921164685998,100,0,0.8639174010747965,50,0,43.0,50,0
2019-09-05,-1.0732076568728626,50,0,0.797356078374379,100,0,45.918329167756205,50,0,-1.1329561409518722,100,0,0.86209723463533,50,0,41.0,50,0
2019-09-06,-1.1071574718342128,50,0,0.7726703895360265,100,0,45.918329167756205,50,0,-1.1379477851252084,100,0,0.8353539628307148,50,0,43.0,50,0
2019-09-07,-1.0465225472584958,50,0,0.8135511018369188,100,0,45.918329167756205,50,0,-1.1117861352082665,100,0,0.8792971287008532,50,0,39.0,50,0
2019-09-08,-1.0241731008399209,50,0,0.8282001799016722,100,0,45.918329167756205,50,0,-1.0919287178981845,100,0,0.8948975732551666,50,0,43.0,50,0
2019-09-09,-1.0255377223975917,50,0,0.8267275053175002,100,0,45.918329167756205,50,0,-1.0873908033721789,100,0,0.8929998212743879,50,0,41.0,50,0
2019-09-10,-1.036620177661025,50,0,0.8180820606476247,100,0,45.918329167756205,50,0,-1.0765672591048354,50,0,0.8834679164819452,50,0,41.0,50,0
2019-09-11,-1.0450122539774975,50,0,0.8106134095381368,100,0,45.918329167756205,50,0,-1.0873413329179729,100,0,0.8754653138716937,50,0,38.0,50,0
2019-09-12,-1.0245739564844463,50,0,0.8228226786712373,100,0,45.918329167756205,50,0,-1.0947846465583349,100,0,0.8881787415367229,50,0,39.0,50,0
2019-09-13,-1.0191354019216785,50,0,0.8253718199170473,100,0,45.918329167756205,50,0,-1.0878111729811866,100,0,0.8905001521202718,50,0,38.0,50,0
2019-09-14,-0.9719681175816076,50,0,0.8570554820550468,100,0,45.918329167756205,50,0,-1.0597024997826743,50,0,0.9240492859571984,50,0,39.0,50,0
2019-09-15,-0.9666735637207432,50,0,0.8603810428063215,100,0,45.918329167756205,50,0,-1.0518052711080785,50,0,0.9269433835823765,50,0,38.0,50,0
2019-09-16,-0.9147716727401288,50,0,0.8960833838882709,50,0,45.918329167756205,50,0,-1.0145464763803635,50,0,0.9645442513142303,50,0,38.0,50,0
2019-09-17,-0.8387016783125952,50,0,0.9492582923141617,50,0,45.918329167756205,50,0,-0.9594111788348992,50,0,1.020616253773551,50,0,41.0,50,0
2019-09-18,-0.8291470534416013,50,0,0.9551118491209697,50,0,45.918329167756205,50,0,-0.9503527067307151,50,0,1.0256438209103051,50,0,38.0,50,0
2019-09-19,-0.7602631402189904,50,0,1.0035326994749951,0,0,45.918329167756205,50,0,-0.9142020137349041,50,0,1.0760031933980763,50,0,31.0,50,0
2019-09-20,-0.7897422493356413,50,0,0.9830668435526665,0,0,45.918329167756205,50,0,-0.9237130367535135,50,0,1.0524438797712214,50,0,41.0,50,0
2019-09-21,-0.8033264648494043,50,0,0.9747164496968368,0,0,45.918329167756205,50,0,-0.9141059345830349,50,0,1.0422131431834916,50,0,37.0,50,0
2019-09-22,-0.8326939256170857,50,0,0.9539494465153042,50,0,45.918329167756205,50,0,-0.9387763392192665,50,0,1.0188803936304778,50,0,37.0,50,0
2019-09-23,-0.8952429277125751,50,0,0.9089524969922805,50,0,45.918329167756205,50,0,-0.9493634507895038,50,0,0.9699247738196439,50,0,41.0,50,0
2019-09-24,-1.1075707481637571,50,0,0.7604344204031117,100,0,45.918329167756205,50,0,-1.001286246993642,50,0,0.8111790252268041,50,0,39.0,50,0
2019-09-25,-1.0972683153649105,50,0,0.766374739096032,100,0,45.918329167756205,50,0,-0.9751444303903762,50,0,0.8173009532903049,50,0,15.0,100,0
2019-09-26,-1.1176349828880474,50,0,0.7501279496594787,100,0,45.918329167756205,50,0,-0.9581627992808569,50,0,0.7998025602420292,50,0,12.0,100,0
2019-09-27,-1.0649220435708369,50,0,0.7846364105585587,100,0,45.918329167756205,50,0,-0.9276848770455504,50,0,0.836218534234675,50,0,24.0,100,0
2019-09-28,-1.0645313863251065,50,0,0.7829170834243451,100,0,45.918329167756205,50,0,-0.9308767904621917,50,0,0.8340272645483108,50,0,32.0,50,0
2019-09-29,-1.0897644989110458,50,0,0.7647276585185478,100,0,45.918329167756205,50,0,-0.9363901979012893,50,0,0.8143368023339254,50,0,33.0,50,0
2019-09-30,-1.0222217268110423,50,0,0.8077349560956875,100,0,46.31506968139675,50,0,-0.9100466238149464,50,0,0.8596349181897942,50,0,27.0,50,0
2019-10-01,-1.0399163104877591,50,0,0.7943560020592507,100,0,46.31506968139675,50,0,-0.9285416538267638,50,0,0.8450436795206718,50,0,38.0,50,0
2019-10-02,-1.0120034652563037,50,0,0.8123080979364876,100,0,46.31506968139675,50,0,-0.9126973459562844,50,0,0.8638120653693071,50,0,39.0,50,0
2019-10-03,-1.0471946596385362,50,0,0.7882054274338026,100,0,46.31506968139675,50,0,-0.9279621086241902,50,0,0.8379037330285479,50,0,37.0,50,0
2019-10-04,-1.0394821033228505,50,0,0.7910707497059684,100,0,46.31506968139675,50,0,-0.9141377316715089,50,0,0.8406372902803472,50,0,30.0,50,0
2019-10-05,-1.0391445397681434,50,0,0.7905398585968443,100,0,46.31506968139675,50,0,-0.9114944900048713,50,0,0.8397790581761022,50,0,31.0,50,0
2019-10-06,-1.0813583481151552,50,0,0.7617251743211287,100,0,46.31506968139675,50,0,-0.9121450536625911,50,0,0.8090070395371494,50,0,32.0,50,0
2019-10-07,-1.0043585422407342,50,0,0.811244569641056,100,0,46.31506968139675,50,0,-0.8958396493805078,50,0,0.8611457048195209,50,0,27.0,50,0
2019-10-08,-1.0071280276864556,50,0,0.8092864889215562,100,0,46.31506968139675,50,0,-0.893435784441204,50,0,0.8586473020494313,50,0,39.0,50,0
2019-10-09,-0.9171327226503287,50,0,0.8694910599240193,50,0,46.31506968139675,50,0,-0.8706216749305807,50,0,0.9218297253481014,50,0,37.0,50,0
2019-10-10,-0.9364795675209983,50,0,0.8570827617928348,100,0,46.31506968139675,50,0,-0.881654363263702,50,0,0.9080186904035299,50,0,41.0,50,0
2019-10-11,-1.0057989799353921,50,0,0.8088723782109051,100,0,46.31506968139675,50,0,-0.9036515447215123,50,0,0.8564657318994368,50,0,39.0,50,0
2019-10-12,-1.009305024061647,50,0,0.8058068256960365,100,0,46.31506968139675,50,0,-0.9104908972142614,50,0,0.8527566588519889,50,0,38.0,50,0
2019-10-13,-1.0012268758215932,50,0,0.81050021012803,100,0,46.31506968139675,50,0,-0.9008369051355343,50,0,0.8573611111469384,50,0,38.0,50,0
2019-10-14,-0.9663516078506783,50,0,0.8325439320120204,100,0,46.31506968139675,50,0,-0.8810272497068088,50,0,0.8801779711541797,50,0,37.0,50,0
2019-10-15,-1.0083585540815931,50,0,0.804242102691423,100,0,46.31506968139675,50,0,-0.8920486612452592,50,0,0.8499824907127682,50,0,39.0,50,0
2019-10-16,-1.04367128512514,50,0,0.7802226743779537,100,0,46.31506968139675,50,0,-0.9018514442128835,50,0,0.8244153522811649,50,0,40.0,50,0
2019-10-17,-1.0293518201847431,50,0,0.7890295455199104,100,0,46.31506968139675,50,0,-0.8987897826363636,50,0,0.8334859677675084,50,0,40.0,50,0
2019-10-18,-1.0500825636540487,50,0,0.771051675987542,100,0,46.31506968139675,50,0,-0.9066752890523037,50,0,0.8143315280814412,50,0,40.0,50,0
2019-10-19,-1.0603426524254662,50,0,0.7638787534038283,100,0,46.31506968139675,50,0,-0.9136169695199684,50,0,0.8070774566705647,50,0,41.0,50,0
2019-10-20,-1.0357203412376228,50,0,0.7793586839092741,100,0,46.31506968139675,50,0,-0.9248980948209768,50,0,0.8235994424415225,50,0,37.0,50,0
2019-10-21,-1.0422339655220056,50,0,0.7745302883431906,100,0,46.31506968139675,50,0,-0.929857045672935,50,0,0.8186333766981227,50,0,37.0,50,0
2019-10-22,-1.0618954964581935,50,0,0.7610612187707168,100,0,46.31506968139675,50,0,-0.9248494984604938,50,0,0.8047319797795315,50,0,39.0,50,0
2019-10-23,-1.1271206824320505,50,0,0.7165327543843487,100,0,46.31506968139675,50,0,-0.9118883145320017,50,0,0.7581070466444588,50,0,33.0,50,0
2019-10-24,-1.12576589750565,50,0,0.714841092417874,100,0,46.31506968139675,50,0,-0.9131581488914657,50,0,0.7569405387327316,50,0,20.0,100,0
2019-10-25,-0.989171696592019,50,0,0.8037785270964565,100,0,46.31506968139675,50,0,-0.9421758244307163,50,0,0.8515947407678278,50,0,24.0,100,0
2019-10-26,-0.9993543326590754,50,0,0.7969318406274436,100,0,46.31506968139675,50,0,-1.0066589825626977,50,0,0.844744662495748,50,0,53.0,0,0
2019-10-27,-0.9671414152654602,50,0,0.8179705167945787,100,0,46.31506968139675,50,0,-1.0118059232773484,50,0,0.8674053825688748,50,0,50.0,0,0
2019-10-28,-0.9800305892289193,50,0,0.8097119923273135,100,0,46.31506968139675,50,0,-0.9986068418609884,50,0,0.8587939755291127,50,0,52.0,0,0
2019-10-29,-0.9257871665574205,50,0,0.8447096174317811,100,0,46.31506968139675,50,0,-0.9720401916486842,50,0,0.8959056542887839,50,0,54.0,0,0
2019-10-30,-0.9775292079731394,50,0,0.8108065996935104,100,0,46.31506968139675,50,0,-0.9838963742828234,50,0,0.8600571504536652,50,0,53.0,0,0
2019-10-31,-0.98238967525827,50,0,0.8065994501369733,100,0,46.48357528005212,50,0,-0.9852886938366849,50,0,0.8557956092131392,50,0,50.0,0,0
2019-11-01,-0.975956949083247,50,0,0.8102520257939428,100,0,46.48357528005212,50,0,-0.9898654963458406,50,0,0.8597064339259695,50,0,49.0,50,0
2019-11-02,-0.9789188431710977,50,0,0.8081813900856827,100,0,46.48357528005212,50,0,-0.9960277561061193,50,0,0.8576736797535096,50,0,51.0,0,0
2019-11-03,-0.986168354282039,50,0,0.8029015448025181,100,0,46.48357528005212,50,0,-0.9928014175044458,50,0,0.8522464580235446,50,0,56.0,0,0
2019-11-04,-0.9580931615670643,50,0,0.8206402964808414,100,0,46.48357528005212,50,0,-0.9927795019444892,50,0,0.8713287863431092,50,0,49.0,50,0
2019-11-05,-0.9109622434767501,50,0,0.8341855707523816,100,0,46.48357528005212,50,0,-0.9701081594858484,50,0,0.8859132299973516,50,0,54.0,0,0
2019-11-06,-0.8950331886833044,50,0,0.8439925372162234,100,0,46.48357528005212,50,0,-0.9615936705817698,50,0,0.8964813992667269,50,0,53.0,0,0
2019-11-07,-0.9282267200205062,50,0,0.8224244257871354,100,0,46.48357528005212,50,0,-0.9701660417022141,50,0,0.8737388403028158,50,0,54.0,0,0
2019-11-08,-0.9457878631616397,50,0,0.8099262798643014,100,0,46.48357528005212,50,0,-0.9418927509090096,50,0,0.8607051889655019,50,0,42.0,50,0
2019-11-09,-0.9380638853283845,50,0,0.8135237211283954,100,0,46.48357528005212,50,0,-0.9393651450632422,50,0,0.8647445923477343,50,0,38.0,50,0
2019-11-10,-0.909884090117662,50,0,0.8309890267851411,100,0,46.48357528005212,50,0,-0.9431271279146645,50,0,0.8833378042886395,50,0,39.0,50,0
2019-11-11,-0.9419859793352072,50,0,0.8101868888982526,100,0,46.48357528005212,50,0,-0.9319290028190734,50,0,0.8610697420427892,50,0,40.0,50,0
2019-11-12,-0.9271395913813973,50,0,0.8191955449742947,100,0,46.48357528005212,50,0,-0.929205910132431,50,0,0.8704675567066967,50,0,39.0,50,0
2019-11-13,-0.9168785895776551,50,0,0.825102182388684,100,0,46.48357528005212,50,0,-0.9197391669516108,50,0,0.8765971488125516,50,0,38.0,50,0
2019-11-14,-0.9364185838525285,50,0,0.8103005540507443,100,0,46.48357528005212,50,0,-0.9230530064821845,50,0,0.8607348557648989,50,0,41.0,50,0
2019-11-15,-0.9656808564056122,50,0,0.7889106445012319,100,0,46.48357528005212,50,0,-0.927830396143745,50,0,0.8379470491093891,50,0,38.0,50,0
2019-11-16,-0.9500927244367467,50,0,0.7985273400813193,100,0,46.48357528005212,50,0,-0.917437088774518,50,0,0.8482010651807166,50,0,41.0,50,0
2019-11-17,-0.9393761539571063,50,0,0.8048256085107898,100,0,46.48357528005212,50,0,-0.9126171277967,50,0,0.8548700612303224,50,0,38.0,50,0
2019-11-18,-0.9784779346934671,50,0,0.7791449093732897,100,0,46.48357528005212,50,0,-0.9063859525976926,50,0,0.8276863956145588,50,0,38.0,50,0
2019-11-19,-0.995873353854183,50,0,0.7672317862203798,100,0,46.48357528005212,50,0,-0.9126226855048262,50,0,0.8152710273173562,50,0,32.0,50,0
2019-11-20,-1.0024009837098837,50,0,0.7623351843532739,100,0,46.48357528005212,50,0,-0.913450039313152,50,0,0.8102725465791123,50,0,32.0,50,0
2019-11-21,-1.0972358596498268,50,0,0.7021853593374014,100,0,46.48357528005212,50,0,-0.9341287933274283,50,0,0.7467245358067948,50,0,30.0,50,0
2019-11-22,-1.1670819538992836,50,0,0.6540353923229193,100,0,46.48357528005212,50,0,-0.9571106487465629,50,0,0.6962027448391739,50,0,20.0,100,0
2019-11-23,-1.1456913464647063,50,0,0.6648627938071932,100,0,46.48357528005212,50,0,-0.947838725865787,50,0,0.7083518107787431,50,0,23.0,100,0
2019-11-24,-1.2228461783370252,50,0,0.6176717145684543,100,0,46.48357528005212,50,0,-0.9653134008359109,50,0,0.6587887088043568,50,0,21.0,100,0
2019-11-25,-1.1826570450102305,50,0,0.6391361646519871,100,0,46.48357528005212,50,0,-0.9593057390596846,50,0,0.6823640324962984,50,0,17.0,100,0
2019-11-26,-1.171731889711994,50,0,0.64486452749035,100,0,46.48357528005212,50,0,-0.9542649440436213,50,0,0.6891815145065718,50,0,21.0,100,0
2019-11-27,-1.1335636759139684,50,0,0.6676767132261552,100,0,46.48357528005212,50,0,-0.9666041154437353,50,0,0.7146682374774028,50,0,20.0,100,0
2019-11-28,-1.1498939998005395,50,0,0.6576225993950151,100,0,46.48357528005212,50,0,-0.9688901121676717,50,0,0.7048262321869619,50,0,32.0,50,0
2019-11-29,-1.1134115537600746,50,0,0.671440904437016,100,0,46.48357528005212,50,0,-0.9859960183873607,50,0,0.7206752596561654,50,0,31.0,50,0
2019-11-30,-1.1280075813596842,50,0,0.661382799723273,100,0,44.90360066320213,50,0,-0.977028755979696,50,0,0.7113097113412274,50,0,38.0,50,0
2019-12-01,-1.1320170508372633,50,0,0.6583106801776251,100,0,44.90360066320213,50,0,-0.9645494216888798,50,0,0.7099563091775218,50,0,25.0,100,0
2019-12-02,-1.1478700827694217,50,0,0.6478933858793446,100,0,44.90360066320213,50,0,-0.966306761313735,50,0,0.7009196693065024,50,0,28.0,50,0
2019-12-03,-1.1579350410287619,50,0,0.6407051217407124,100,0,44.90360066320213,50,0,-0.9742375433585642,50,0,0.6950043068422656,50,0,28.0,50,0
2019-12-04,-1.1698093020418758,50,0,0.6327418713581862,100,0,44.90360066320213,50,0,-0.973777293376489,50,0,0.6881166482284202,50,0,24.0,100,0
2019-12-05,-1.1515426260922188,50,0,0.6425497237139652,100,0,44.90360066320213,50,0,-0.9824590746699092,50,0,0.700984469337639,50,0,21.0,100,0
2019-12-06,-1.143227657939608,50,0,0.645199576403522,100,0,44.90360066320213,50,0,-0.993453254104765,50,0,0.7059278938595089,50,0,29.0,50,0
2019-12-07,-1.1513546103414622,50,0,0.639770561018498,100,0,44.90360066320213,50,0,-0.9977403016127571,50,0,0.7021240237277354,50,0,32.0,50,0
2019-12-08,-1.126380282124944,50,0,0.6538836360366379,100,0,44.90360066320213,50,0,-0.9806291369670698,50,0,0.719546197289774,50,0,28.0,50,0
2019-12-09,-1.1516163405321571,50,0,0.6385867589763532,100,0,44.90360066320213,50,0,-0.978764555516521,50,0,0.7046819387717206,50,0,32.0,50,0
2019-12-10,-1.16359358470067,50,0,0.6310340154699641,100,0,44.90360066320213,50,0,-0.9758351645223565,50,0,0.6983752164968409,50,0,26.0,50,0
2019-12-11,-1.1807060844299517,50,0,0.6196544650204596,100,0,44.90360066320213,50,0,-0.9873699981760042,50,0,0.687868653261473,50,0,20.0,100,0
2019-12-12,-1.1691982077843552,50,0,0.6263288389079756,100,0,44.90360066320213,50,0,-0.976862350402993,50,0,0.6976477032439217,50,0,23.0,100,0
2019-12-13,-1.169585815846662,50,0,0.6254778587715599,100,0,44.90360066320213,50,0,-0.9838873260477473,50,0,0.6991565687123812,50,0,22.0,100,0
2019-12-14,-1.1890796072405085,50,0,0.6132921661443212,100,0,44.90360066320213,50,0,-0.9795544657548761,50,0,0.6879767311509509,50,0,27.0,50,0
2019-12-15,-1.1852343802191976,50,0,0.6150296715961557,100,0,44.90360066320213,50,0,-0.9816367605915703,50,0,0.6923508404598695,50,0,21.0,100,0
2019-12-16,-1.2584694265060428,50,0,0.5719118220530199,100,0,44.90360066320213,50,0,-1.0150738985869268,50,0,0.6459809111690066,50,0,24.0,100,0
2019-12-17,-1.3348497485617719,100,0,0.5247435215086048,100,0,44.90360066320213,50,0,-1.051656713549027,50,0,0.5950242931576839,100,0,23.0,100,0
2019-12-18,-1.2470303201442117,50,0,0.5736519172569704,100,0,44.90360066320213,50,0,-1.0578299166482958,50,0,0.6528563393847724,50,0,15.0,100,0
2019-12-19,-1.2780848923774033,50,0,0.5516898839639949,100,0,44.90360066320213,50,0,-1.0729728959109401,50,0,0.6303015775941022,100,0,21.0,100,0
2019-12-20,-1.2717088775686523,50,0,0.5530870623710884,100,0,44.90360066320213,50,0,-1.0748197615710822,50,0,0.6340586616065487,100,0,23.0,100,0
2019-12-21,-1.2790789950815584,50,0,0.5480466692332755,100,0,44.90360066320213,50,0,-1.076849434612997,50,0,0.6302689893783406,100,0,23.0,100,0
2019-12-22,-1.2405943380614655,50,0,0.5692252618754863,100,0,44.90360066320213,50,0,-1.0830254159939892,100,0,0.6567427716586995,50,0,20.0,100,0
2019-12-23,-1.2717928076344103,50,0,0.5507156536698796,100,0,44.90360066320213,50,0,-1.0916269814016866,100,0,0.6375235317888864,100,0,33.0,50,0
2019-12-24,-1.2700435927438063,50,0,0.549828934549538,100,0,44.90360066320213,50,0,-1.0836195069484778,100,0,0.6386884724895698,100,0,25.0,100,0
2019-12-25,-1.2891278116184812,50,0,0.5376786522713639,100,0,44.90360066320213,50,0,-1.095542408961669,100,0,0.6266797712355162,100,0,22.0,100,0
2019-12-26,-1.2835251179615954,50,0,0.539321096887438,100,0,44.90360066320213,50,0,-1.0933445136017332,100,0,0.6304972413129356,100,0,39.0,50,0
2019-12-27,-1.2763853429998493,50,0,0.5428785193327879,100,0,44.90360066320213,50,0,-1.0925543847720776,100,0,0.6368223740473542,100,0,38.0,50,0
2019-12-28,-1.2615052934392064,50,0,0.5506575857910024,100,0,44.90360066320213,50,0,-1.0887569838403517,100,0,0.6481152177153984,50,0,37.0,50,0
2019-12-29,-1.2114265729674847,50,0,0.5788217420987072,100,0,44.90360066320213,50,0,-1.0589685243672156,50,0,0.6836954616018074,50,0,37.0,50,0
2019-12-30,-1.2364020209406275,50,0,0.5641957788301435,100,0,44.90360066320213,50,0,-1.0613368237146064,50,0,0.6687815896622676,50,0,40.0,50,0
2019-12-31,-1.2558562590850935,50,0,0.552059492563608,100,0,43.66826430988675,50,0,-1.0712523870512125,50,0,0.6569183518396715,50,0,38.0,50,0
2020-01-01,-1.2444073333190173,50,0,0.5580924584784482,100,0,43.66826430988675,50,0,-1.062876568490738,50,0,0.6667149126139718,50,0,37.0,50,0
2020-01-02,-1.2684231498650127,50,0,0.5440133013858212,100,0,43.66826430988675,50,0,-1.0577727223712965,50,0,0.6525250242320216,50,0,39.0,50,0
2020-01-03,-1.2138118268477973,50,0,0.5741439962837547,100,0,43.66826430988675,50,0,-1.0557263735423474,50,0,0.6914176916343006,50,0,38.0,50,0
2020-01-04,-1.2117880476328797,50,0,0.5749976616390233,100,0,43.66826430988675,50,0,-1.0572504387076045,50,0,0.6950357058041432,50,0,38.0,50,0
2020-01-05,-1.2044217717465466,50,0,0.5787747747278777,100,0,43.66826430988675,50,0,-1.0520411102940501,50,0,0.702306023246379,50,0,39.0,50,0
2020-01-06,-1.1355594267592248,50,0,0.6171391122874891,100,0,43.66826430988675,50,0,-1.044922590895334,50,0,0.7516730871932942,50,0,41.0,50,0
2020-01-07,-1.1435239110883852,50,0,0.6137172379235671,100,0,43.66826430988675,50,0,-1.085175786156907,100,0,0.7507816532192924,50,0,40.0,50,0
2020-01-08,-1.1593209551893218,50,0,0.603297528196487,100,0,43.66826430988675,50,0,-1.0906871181804125,100,0,0.7415743666711421,50,0,51.0,0,0
2020-01-09,-1.1847107131135084,50,0,0.5885144268147665,100,0,43.66826430988675,50,0,-1.086055217353774,100,0,0.7269174660768617,50,0,44.0,50,0
2020-01-10,-1.1361330522373894,50,0,0.6153020132219168,100,0,43.66826430988675,50,0,-1.0817285961801844,100,0,0.7636648392980665,50,0,41.0,50,0
2020-01-11,-1.143149085478622,50,0,0.6110233653777766,100,0,43.66826430988675,50,0,-1.0775112182722646,50,0,0.7621628150433813,50,0,50.0,0,0
2020-01-12,-1.1225161915112676,50,0,0.6219002312301789,100,0,43.66826430988675,50,0,-1.0762253803419684,50,0,0.7799649498196837,50,0,45.0,50,0
2020-01-13,-1.1331602017616442,50,0,0.6150815517760302,100,0,43.66826430988675,50,0,-1.0803479506686342,100,0,0.7748250791124709,50,0,49.0,50,0
2020-01-14,-0.9694934037605145,50,0,0.709368386030881,100,0,43.66826430988675,50,0,-1.0335882620224184,50,0,0.8974812488019565,50,0,56.0,0,0
2020-01-15,-0.971527174649927,50,0,0.7082077892321339,100,0,43.66826430988675,50,0,-1.0328170091636575,50,0,0.9001456503088948,50,0,54.0,0,0
2020-01-16,-0.9846964428127216,50,0,0.700191288958868,100,0,43.66826430988675,50,0,-1.0330878867664333,50,0,0.8934657814149756,50,0,55.0,0,0
2020-01-17,-0.9344156665648756,50,0,0.7296324485468261,100,0,43.66826430988675,50,0,-1.016980334844238,50,0,0.9346143220338096,50,0,54.0,0,0
2020-01-18,-0.905028480853579,50,0,0.7464951874335757,100,0,43.66826430988675,50,0,-0.9989398769068756,50,0,0.9597225253571374,50,0,51.0,0,0
2020-01-19,-0.9669922636830844,50,0,0.710838046820165,100,0,43.66826430988675,50,0,-1.0165895998373284,50,0,0.9177185052427563,50,0,53.0,0,0
2020-01-20,-0.9695683930003022,50,0,0.7110801817757827,100,0,43.66826430988675,50,0,-1.0110221320534452,50,0,0.9214192710595109,50,0,48.0,50,0
2020-01-21,-0.9527470299933755,50,0,0.720294298746947,100,0,43.66826430988675,50,0,-1.008972390906174,50,0,0.9368762178915233,50,0,49.0,50,0
2020-01-22,-0.9650402350272562,50,0,0.7130328539843085,100,0,43.66826430988675,50,0,-1.0090662500525434,50,0,0.9309553473882425,50,0,52.0,0,0
2020-01-23,-1.0041323341755717,50,0,0.6897832216902117,100,0,43.66826430988675,50,0,-1.0087295707906883,50,0,0.9046335128497358,50,0,49.0,50,0
2020-01-24,-1.004190354795743,50,0,0.689852848489119,100,0,43.66826430988675,50,0,-1.013912343143749,50,0,0.9089721018593716,50,0,40.0,50,0
2020-01-25,-1.016645614453718,50,0,0.6822037886618363,100,0,43.66826430988675,50,0,-1.0150056028917636,50,0,0.9030409174683652,50,0,41.0,50,0
2020-01-26,-0.9666011413076793,50,0,0.7100753909070276,100,0,43.66826430988675,50,0,-1.0038024771302674,50,0,0.9436089831678901,50,0,42.0,50,0
2020-01-27,-0.9472936946431652,50,0,0.7215176618187792,100,0,43.66826430988675,50,0,-1.0213193839437245,50,0,0.9619248436995276,50,0,50.0,0,0
2020-01-28,-0.9080825739791836,50,0,0.7438294964709906,100,0,43.66826430988675,50,0,-1.0315397030467388,50,0,0.9949958093339278,50,0,54.0,0,0
2020-01-29,-0.913556133856734,50,0,0.7409200796152915,100,0,43.66826430988675,50,0,-1.0355807991569255,50,0,0.9942461561606311,50,0,57.0,0,0
2020-01-30,-0.8424953965291817,50,0,0.7811459533686451,100,0,43.66826430988675,50,0,-1.0089302510661668,50,0,1.0501517526400106,50,0,57.0,0,0
2020-01-31,-0.8744486682021259,50,0,0.7634039888266899,100,0,47.11159439861084,50,0,-1.014244440977036,50,0,1.028301011095373,50,0,55.0,0,0
2020-02-01,-0.8519371843864817,50,0,0.7774012635727356,100,0,47.11159439861084,50,0,-1.0008184576557673,50,0,1.0481620138846992,50,0,57.0,0,0
2020-02-02,-0.8174927643106025,50,0,0.7974539292821132,100,0,47.11159439861084,50,0,-0.9746890630333653,50,0,1.0764663531394638,50,0,57.0,0,0
2020-02-03,-0.8131815118092236,50,0,0.8010161306130408,100,0,47.11159439861084,50,0,-0.9647342321982323,50,0,1.0830301815828063,50,0,59.0,0,0
2020-02-04,-0.8214094145775279,50,0,0.7960828910031142,100,0,47.11159439861084,50,0,-0.9584058007126308,50,0,1.0779483318687126,50,0,56.0,0,0
2020-02-05,-0.6996037704948106,50,0,0.8668134870637059,100,0,47.11159439861084,50,0,-0.9259298054101092,50,0,1.175270817690024,50,0,53.0,0,0
2020-02-06,-0.6579683250578359,50,0,0.8989056207975658,50,0,47.11159439861084,50,0,-0.902245914359511,50,0,1.219977041267573,50,0,61.0,0,0
2020-02-07,-0.5937785866481133,50,0,0.9405895436685692,50,0,47.11159439861084,50,0,-0.8641057497834272,50,0,1.2771563386722333,50,0,56.0,0,0
2020-02-08,-0.5861864989181925,50,0,0.9446636503162454,50,0,47.11159439861084,50,0,-0.8702500095834256,50,0,1.2830921971529856,50,0,56.0,0,0
2020-02-09,-0.5583793070310094,50,0,0.9629797620654341,0,0,47.11159439861084,50,0,-0.8741740801547153,50,0,1.308399985763684,50,0,56.0,0,0
2020-02-10,-0.5895346056793258,50,0,0.9441282956669391,50,0,47.11159439861084,50,0,-0.8656866277423493,50,0,1.2834531506461466,50,0,57.0,0,0
2020-02-11,-0.49275865747144926,50,0,1.0003415674458098,0,0,47.11159439861084,50,0,-0.8471103707773396,50,0,1.3600994578438748,50,0,52.0,0,0
2020-02-12,-0.3064250223433024,50,0,1.121539290546017,0,0,47.11159439861084,50,0,-0.7350280522737707,50,0,1.5234539384922308,0,0,61.0,0,0
2020-02-13,-0.3127877551157852,50,0,1.1260895173735754,0,0,47.11159439861084,50,0,-0.7161027769673576,50,0,1.5283381137615069,0,0,65.0,0,0
2020-02-14,-0.2114422696208334,50,0,1.1960837433099167,0,0,47.11159439861084,50,0,-0.6596284449355156,50,0,1.6212616994007636,0,0,63.0,0,0
2020-02-15,-0.34104986105191704,50,0,1.1120959421307068,0,0,47.11159439861084,50,0,-0.6919066343523748,50,0,1.5062200283669787,0,0,64.0,0,0
2020-02-16,-0.36644664760229995,50,0,1.0948834372951666,0,0,47.11159439861084,50,0,-0.7134688993590894,50,0,1.4822137672464963,0,0,59.0,0,0
2020-02-17,-0.33247929552950833,50,0,1.1169967243252181,0,0,47.11159439861084,50,0,-0.6577167706390079,50,0,1.511204129159775,0,0,49.0,50,0
2020-02-18,-0.22253177073748817,50,0,1.1870634237632436,0,0,47.11159439861084,50,0,-0.6456647663346123,50,0,1.604323103803828,0,0,53.0,0,0
2020-02-19,-0.372328884193722,50,0,1.0921005571819882,0,0,47.11159439861084,50,0,-0.6766406571931536,50,0,1.4754570431109322,0,0,50.0,0,0
2020-02-20,-0.39271834307092246,50,0,1.0810619489216236,0,0,47.11159439861084,50,0,-0.6849274872534905,50,0,1.4601577815333786,50,0,44.0,50,0
2020-02-21,-0.3468603470842498,50,0,1.1106259705194508,0,0,47.11159439861084,50,0,-0.6631059419496508,50,0,1.4998215964854622,0,0,44.0,50,0
2020-02-22,-0.3753023892964167,50,0,1.0924834800304848,0,0,47.11159439861084,50,0,-0.6783199524838797,50,0,1.4749376855950382,0,0,43.0,50,0
2020-02-23,-0.289804629809926,50,0,1.1467296484219431,0,0,47.11159439861084,50,0,-0.6560187574529112,50,0,1.5472731563932722,0,0,46.0,50,0
2020-02-24,-0.3615585137150333,50,0,1.1016302793449182,0,0,47.11159439861084,50,0,-0.663409247125142,50,0,1.4857266194344565,0,0,46.0,50,0
2020-02-25,-0.47643202016822617,50,0,1.0349230851145375,0,0,47.11159439861084,50,0,-0.6980069321219644,50,0,1.3952448042271755,50,0,44.0,50,0
2020-02-26,-0.6208832604561461,50,0,0.9392464724520878,50,0,47.11159439861084,50,0,-0.7387449755092893,50,0,1.2663889066866338,50,0,41.0,50,0
2020-02-27,-0.6079084681784797,50,0,0.9415143629374796,50,0,47.11159439861084,50,0,-0.7328501777565837,50,0,1.2698956532236299,50,0,39.0,50,0
2020-02-28,-0.5922841594571322,50,0,0.9503507696061216,50,0,47.11159439861084,50,0,-0.7180464137619521,50,0,1.2820198970414647,50,0,40.0,50,0
2020-02-29,-0.6515184924469966,50,0,0.9141544146371365,50,0,49.673190172795586,50,0,-0.7389607637426846,50,0,1.2335667826685,50,0,38.0,50,0
2020-03-01,-0.660161687106769,50,0,0.907448297034874,50,0,49.673190172795586,50,0,-0.7412023146797508,50,0,1.2241737609447936,50,0,39.0,50,0
2020-03-02,-0.5745147243568275,50,0,0.9589995332734802,0,0,49.673190172795586,50,0,-0.7255200096717594,50,0,1.293002924989133,50,0,38.0,50,0
2020-03-03,-0.623229874119403,50,0,0.9297390756124891,50,0,49.673190172795586,50,0,-0.7419439441710701,50,0,1.252993611611224,50,0,38.0,50,0
2020-03-04,-0.6226804353843265,50,0,0.9286198006380046,50,0,49.673190172795586,50,0,-0.7410063047858838,50,0,1.2509319964191028,50,0,40.0,50,0
2020-03-05,-0.5979890955073424,50,0,0.9431636460361252,50,0,49.673190172795586,50,0,-0.7608774972562304,50,0,1.2701702081574555,50,0,41.0,50,0
2020-03-06,-0.4841613556062538,50,0,1.0108412687662458,0,0,49.673190172795586,50,0,-0.6931192887685661,50,0,1.3606817630781942,50,0,39.0,50,0
2020-03-07,-0.5282450024728598,50,0,0.9842343857719255,0,0,49.673190172795586,50,0,-0.6913055623777274,50,0,1.3242373982002442,50,0,38.0,50,0
2020-03-08,-0.7702008079906686,50,0,0.8378371529981904,100,0,49.673190172795586,50,0,-0.766672496921486,50,0,1.1274005949449668,50,0,33.0,50,0
2020-03-09,-0.7770993701484847,50,0,0.8265670099249794,100,0,49.673190172795586,50,0,-0.7518584195708511,50,0,1.1125971115437263,50,0,17.0,100,0
2020-03-10,-0.7712237142806093,50,0,0.8289895825792974,100,0,49.673190172795586,50,0,-0.74991643852718,50,0,1.11629500951751,50,0,16.0,100,0
2020-03-11,-0.8143534318653403,50,0,0.8012512402310942,100,0,49.673190172795586,50,0,-0.7898459559088206,50,0,1.0794359135832174,50,0,17.0,100,0
2020-03-12,-1.3995062359866122,100,0,0.45498517994541704,100,0,49.673190172795586,50,0,-0.8853699218315623,50,0,0.6144290195156717,100,0,14.0,100,0
2020-03-13,-1.2105775734948323,50,0,0.5555368391245666,100,0,49.673190172795586,50,0,-0.8122004387147228,50,0,0.75161831561187,50,0,10.0,100,0
2020-03-14,-1.3061542451309058,50,0,0.5030913421641858,100,0,49.673190172795586,50,0,-0.8216365458641048,50,0,0.6821186543480103,50,0,8.0,100,0
2020-03-15,-1.291474752595213,50,0,0.5098298944379157,100,0,49.673190172795586,50,0,-0.8488589372469474,50,0,0.6924427228779415,50,0,12.0,100,0
2020-03-16,-1.3900702536367342,100,0,0.45447009233765945,100,0,49.673190172795586,50,0,-0.8954363469881225,50,0,0.6184443799560698,100,0,9.0,100,0
2020-03-17,-1.324524059279187,100,0,0.4849378780350987,100,0,49.673190172795586,50,0,-0.9070030748638769,50,0,0.6610471461645376,50,0,8.0,100,0
2020-03-18,-1.32295040500027,100,0,0.4843770667585818,100,0,49.673190172795586,50,0,-0.9035889550988193,50,0,0.6614968044506943,50,0,11.0,100,0
2020-03-19,-1.1651156268127125,50,0,0.565150502858657,100,0,49.673190172795586,50,0,-0.8898877363705905,50,0,0.7728203525468069,50,0,12.0,100,0
2020-03-20,-1.2132436106554803,50,0,0.5409956793907207,100,0,49.673190172795586,50,0,-0.9259745395773616,50,0,0.7410266728534687,50,0,9.0,100,0
2020-03-21,-1.2056222369830738,50,0,0.5448339212654819,100,0,49.673190172795586,50,0,-0.9193960554340874,50,0,0.7475277404410338,50,0,9.0,100,0
2020-03-22,-1.283047188607258,50,0,0.5032719654586875,100,0,49.673190172795586,50,0,-0.9390508341468687,50,0,0.6917432070217391,50,0,11.0,100,0
2020-03-23,-1.1780926241495777,50,0,0.5571128856903201,100,0,49.673190172795586,50,0,-0.9432007795308184,50,0,0.7668657381688816,50,0,10.0,100,0
2020-03-24,-1.1420322229943778,50,0,0.572616319738241,100,0,49.673190172795586,50,0,-0.9572395520365675,50,0,0.7891646068500756,50,0,12.0,100,0
2020-03-25,-1.1668785716422347,50,0,0.5587805120317167,100,0,49.673190172795586,50,0,-0.9673345435866632,50,0,0.7712966936974283,50,0,13.0,100,0
2020-03-26,-1.1496992827370613,50,0,0.5688868103419585,100,0,49.673190172795586,50,0,-0.9596795560941999,50,0,0.7864952302586099,50,0,14.0,100,0
2020-03-27,-1.1874004891145944,50,0,0.5484697378243825,100,0,49.673190172795586,50,0,-0.9564681836605954,50,0,0.7595686228916695,50,0,12.0,100,0
2020-03-28,-1.2065084468297076,50,0,0.5373938614135765,100,0,49.673190172795586,50,0,-0.9379504018009801,50,0,0.7455183276710394,50,0,8.0,100,0
2020-03-29,-1.2518975231961138,50,0,0.5132352436894162,100,0,49.673190172795586,50,0,-0.930471527165811,50,0,0.7133118136389576,50,0,12.0,100,0
2020-03-30,-1.190504867926149,50,0,0.544710267741102,100,0,49.673190172795586,50,0,-0.9542565941989603,50,0,0.7583593458450927,50,0,10.0,100,0
2020-03-31,-1.1836804508838963,50,0,0.5470019349812274,100,0,44.62632771954476,50,0,-0.9495759330655242,50,0,0.7628610290218191,50,0,12.0,100,0
2020-04-01,-1.1641572012773145,50,0,0.5564180243435215,100,0,44.62632771954476,50,0,-0.9627156936426866,50,0,0.777441294380635,50,0,12.0,100,0
2020-04-02,-1.1216194559523638,50,0,0.5778973465648027,100,0,44.62632771954476,50,0,-0.9485354190584678,50,0,0.808871184303783,50,0,14.0,100,0
2020-04-03,-1.1171444261243917,50,0,0.5800365450384356,100,0,44.62632771954476,50,0,-0.9394530118491532,50,0,0.8134672164885545,50,0,14.0,100,0
2020-04-04,-1.0958441572088693,50,0,0.5904890397394843,100,0,44.62632771954476,50,0,-0.9373171714972703,50,0,0.8299895176848526,50,0,12.0,100,0
2020-04-05,-1.1063966230484417,50,0,0.5846897864416819,100,0,44.62632771954476,50,0,-0.9367347477054141,50,0,0.8237525939188279,50,0,12.0,100,0
2020-04-06,-0.9080740121477628,50,0,0.6933076086056829,100,0,44.62632771954476,50,0,-0.8425949736719957,50,0,0.9786898895134032,50,0,12.0,100,0
2020-04-07,-0.9517853830043043,50,0,0.6709717866464913,100,0,44.62632771954476,50,0,-0.8595051096304387,50,0,0.9490246133605992,50,0,20.0,100,0
2020-04-08,-0.8819446635866446,50,0,0.7077334666219581,100,0,44.62632771954476,50,0,-0.8311184845377904,50,0,1.0027071908088634,50,0,21.0,100,0
2020-04-09,-0.905685175046252,50,0,0.6951199186275397,100,0,44.62632771954476,50,0,-0.838812348977103,50,0,0.9864475643313183,50,0,22.0,100,0
2020-04-10,-1.0034341917607694,50,0,0.6428729425273078,100,0,44.62632771954476,50,0,-0.8543450453989299,50,0,0.9138417328267702,50,0,15.0,100,0
2020-04-11,-0.9957016176420435,50,0,0.646196413496435,100,0,44.62632771954476,50,0,-0.8521895522614326,50,0,0.9192188649340767,50,0,15.0,100,0
2020-04-12,-0.9774406266106336,50,0,0.6549651326596191,100,0,44.62632771954476,50,0,-0.8520669007644319,50,0,0.9323344312945829,50,0,10.0,100,0
2020-04-13,-1.0029694410805507,50,0,0.6406364746898838,100,0,44.62632771954476,50,0,-0.8570940134789955,50,0,0.9125502291449221,50,0,11.0,100,0
2020-04-14,-0.9885908185363332,50,0,0.6477382761579218,100,0,44.62632771954476,50,0,-0.8474895479809246,50,0,0.9234472085304107,50,0,15.0,100,0
2020-04-15,-1.035230077333392,50,0,0.6228283173757329,100,0,44.62632771954476,50,0,-0.8492572198525243,50,0,0.8888200445008014,50,0,18.0,100,0
2020-04-16,-0.8785940933609374,50,0,0.7040366237796472,100,0,44.62632771954476,50,0,-0.7983703429702992,50,0,1.0050639102850283,50,0,13.0,100,0
2020-04-17,-0.8902985820427612,50,0,0.7007124806699124,100,0,44.62632771954476,50,0,-0.7960127835289891,50,0,1.0009860161477315,50,0,15.0,100,0
2020-04-18,-0.7702546079897169,50,0,0.7649144157607644,100,0,44.62632771954476,50,0,-0.7280350370320111,50,0,1.0928973126867059,50,0,18.0,100,0
2020-04-19,-0.8222778461343706,50,0,0.7365824017580014,100,0,44.62632771954476,50,0,-0.7519048740129715,50,0,1.0529180413090475,50,0,16.0,100,0
2020-04-20,-0.90263585380657,50,0,0.6947355715225735,100,0,44.62632771954476,50,0,-0.7688069244809952,50,0,0.9936873835076855,50,0,15.0,100,0
2020-04-21,-0.8994197749649708,50,0,0.6963469999084189,100,0,44.62632771954476,50,0,-0.7685091599343989,50,0,0.9965866446534057,50,0,17.0,100,0
2020-04-22,-0.8155245767053323,50,0,0.7410253604084583,100,0,44.62632771954476,50,0,-0.7396649041340525,50,0,1.060852445499024,50,0,19.0,100,0
2020-04-23,-0.7924935085889216,50,0,0.7530878325625973,100,0,44.62632771954476,50,0,-0.7758293439191078,50,0,1.0781635748404539,50,0,19.0,100,0
2020-04-24,-0.7832794103209333,50,0,0.7607197986551241,100,0,44.62632771954476,50,0,-0.7670334961944211,50,0,1.0894271858071933,50,0,20.0,100,0
2020-04-25,-0.7368234470697833,50,0,0.7853012820118032,100,0,44.62632771954476,50,0,-0.7362923877731238,50,0,1.1247864453590288,50,0,24.0,100,0
2020-04-26,-0.7136568022666901,50,0,0.7981587841942756,100,0,44.62632771954476,50,0,-0.7390087275100251,50,0,1.1437144589311667,50,0,21.0,100,0
2020-04-27,-0.7189339396052882,50,0,0.7957267578811824,100,0,44.62632771954476,50,0,-0.7550240992610119,50,0,1.1406662916636,50,0,28.0,50,0
2020-04-28,-0.7126280732423023,50,0,0.7989449134588507,100,0,44.62632771954476,50,0,-0.7489689902952443,50,0,1.1453425930672791,50,0,26.0,50,0
2020-04-29,-0.590346050237497,50,0,0.8709287793699464,50,0,44.62632771954476,50,0,-0.7848056191737368,50,0,1.2479986341431724,50,0,26.0,50,0
2020-04-30,-0.6510718990511188,50,0,0.8360922635823844,100,0,49.32472731808778,50,0,-0.8137165458872339,50,0,1.1978705589766665,50,0,44.0,50,0
2020-05-01,-0.6071301167353171,50,0,0.8591511377353276,100,0,49.32472731808778,50,0,-0.8089904809030874,50,0,1.2306860190658526,50,0,40.0,50,0
2020-05-02,-0.5987178675725797,50,0,0.864383751332233,100,0,49.32472731808778,50,0,-0.8162053888552292,50,0,1.237691095494392,50,0,40.0,50,0
2020-05-03,-0.6294650063177742,50,0,0.8475778081282163,100,0,49.32472731808778,50,0,-0.8264831443015577,50,0,1.213090533815372,50,0,45.0,50,0
2020-05-04,-0.6519167468107483,50,0,0.8344855343922994,100,0,49.32472731808778,50,0,-0.8399522137455386,50,0,1.1939948967373033,50,0,44.0,50,0
2020-05-05,-0.665366815480903,50,0,0.8256507112172605,100,0,49.32472731808778,50,0,-0.8615075687021988,50,0,1.180933470257218,50,0,40.0,50,0
2020-05-06,-0.6801663976078111,50,0,0.8165375745947601,100,0,49.32472731808778,50,0,-0.9012603539105442,50,0,1.167497760309987,50,0,42.0,50,0
2020-05-07,-0.6049152553591947,50,0,0.8573397001762093,100,0,49.32472731808778,50,0,-0.9256001071832257,50,0,1.22521908061332,50,0,49.0,50,0
2020-05-08,-0.6124196058508341,50,0,0.8545197490070902,100,0,49.32472731808778,50,0,-0.9156107517749573,50,0,1.2205535031044823,50,0,55.0,0,0
2020-05-09,-0.6247011998698706,50,0,0.8474425857563471,100,0,49.32472731808778,50,0,-0.8956616608870942,50,0,1.2097664858558164,50,0,56.0,0,0
2020-05-10,-0.7945552389398953,50,0,0.7536521469922557,100,0,49.32472731808778,50,0,-0.9166859337992188,50,0,1.0756122326522213,50,0,48.0,50,0
2020-05-11,-0.8002643094761036,50,0,0.7459347463967989,100,0,49.32472731808778,50,0,-0.9125362186026372,50,0,1.0643795518852068,50,0,40.0,50,0
2020-05-12,-0.7691600545028366,50,0,0.7620230814577391,100,0,49.32472731808778,50,0,-0.9163132393729875,50,0,1.0876255335410003,50,0,39.0,50,0
2020-05-13,-0.6998057745898598,50,0,0.8022120091417405,100,0,49.32472731808778,50,0,-0.9198613482053547,50,0,1.1449456399356752,50,0,41.0,50,0
2020-05-14,-0.6740410876937601,50,0,0.8161865503608002,100,0,49.32472731808778,50,0,-0.9491304196532626,50,0,1.1648991792443322,50,0,40.0,50,0
2020-05-15,-0.7370878819034016,50,0,0.7820478206060603,100,0,49.32472731808778,50,0,-0.9424804995289954,50,0,1.1163670930134837,50,0,44.0,50,0
2020-05-16,-0.708835664279615,50,0,0.8044490116103034,100,0,49.32472731808778,50,0,-0.922943994473957,50,0,1.1486380570147607,50,0,41.0,50,0
2020-05-17,-0.6632187949617473,50,0,0.8290321846606626,100,0,49.32472731808778,50,0,-0.9224226570811195,50,0,1.1835970804837512,50,0,40.0,50,0
2020-05-18,-0.6107720131806543,50,0,0.8592615730660329,100,0,49.32472731808778,50,0,-0.8926384328696212,50,0,1.2263369629073122,50,0,50.0,0,0
2020-05-19,-0.6192005418820088,50,0,0.8550556306978533,100,0,49.32472731808778,50,0,-0.8993996808826913,50,0,1.2199783017028072,50,0,50.0,0,0
2020-05-20,-0.6482175532802895,50,0,0.8385246186375728,100,0,49.32472731808778,50,0,-0.8939131209734037,50,0,1.1961516674309656,50,0,52.0,0,0
2020-05-21,-0.7252209940569837,50,0,0.7945894079773592,100,0,49.32472731808778,50,0,-0.898822046552646,50,0,1.1335310461412262,50,0,49.0,50,0
2020-05-22,-0.6658684319946034,50,0,0.8266761905531818,100,0,49.32472731808778,50,0,-0.8701237801413826,50,0,1.179245113496329,50,0,42.0,50,0
2020-05-23,-0.6683696582071582,50,0,0.8255943479810565,100,0,49.32472731808778,50,0,-0.8731773711204445,50,0,1.1777550137829584,50,0,40.0,50,0
2020-05-24,-0.7017494998196424,50,0,0.8070829739852041,100,0,49.32472731808778,50,0,-0.8537472230236847,50,0,1.1516152639102455,50,0,43.0,50,0
2020-05-25,-0.6883449966305899,50,0,0.8142820321092071,100,0,49.32472731808778,50,0,-0.8559233507590621,50,0,1.161938583134793,50,0,41.0,50,0
2020-05-26,-0.7133503851731676,50,0,0.8001731717693024,100,0,49.32472731808778,50,0,-0.864372801017441,50,0,1.1418737621487045,50,0,39.0,50,0
2020-05-27,-0.6651548197113586,50,0,0.8261581213367504,100,0,49.32472731808778,50,0,-0.8688527477226629,50,0,1.178852309201395,50,0,39.0,50,0
2020-05-28,-0.5877239075365271,50,0,0.8729482391409898,50,0,49.32472731808778,50,0,-0.8560424418089227,50,0,1.2452760179929998,50,0,41.0,50,0
2020-05-29,-0.5737470364421347,50,0,0.8780251410181703,50,0,49.32472731808778,50,0,-0.8354032541976779,50,0,1.25196625778458,50,0,48.0,50,0
2020-05-30,-0.41642777697744526,50,0,0.9680122635733506,0,0,49.32472731808778,50,0,-0.7611194863724663,50,0,1.3789554965915225,50,0,48.0,50,0
2020-05-31,-0.5086339467198967,50,0,0.9192386456728082,50,0,50.82856084555993,50,0,-0.7869128927857925,50,0,1.3086841584188815,50,0,51.0,0,0
2020-06-01,-0.3907242977011399,50,0,0.988596562743662,0,0,50.82856084555993,50,0,-0.791732853506999,50,0,1.4058209007006635,50,0,50.0,0,0
2020-06-02,-0.48261667718337276,50,0,0.9407728685417693,50,0,50.82856084555993,50,0,-0.7696559228137257,50,0,1.3365246350796187,50,0,56.0,0,0
2020-06-03,-0.4253360266437358,50,0,0.966925236952989,0,0,50.82856084555993,50,0,-0.7539587229006162,50,0,1.3722033594143408,50,0,48.0,50,0
2020-06-04,-0.42927860358327324,50,0,0.9651550464301993,0,0,50.82856084555993,50,0,-0.7742076700770938,50,0,1.368290313716053,50,0,54.0,0,0
2020-06-05,-0.4543494720478435,50,0,0.9513282286346953,50,0,50.82856084555993,50,0,-0.7700878662534051,50,0,1.3472077658898873,50,0,53.0,0,0
2020-06-06,-0.44239884363294224,50,0,0.9574591674482247,0,0,50.82856084555993,50,0,-0.7654592023791782,50,0,1.3542482116660322,50,0,54.0,0,0
2020-06-07,-0.42612848702036643,50,0,0.9661780390594428,0,0,50.82856084555993,50,0,-0.7637375161009091,50,0,1.3648095420958097,50,0,54.0,0,0
2020-06-08,-0.44272024823820744,50,0,0.971795090288193,0,0,50.82856084555993,50,0,-0.7591620109906623,50,0,1.3703919804955924,50,0,53.0,0,0
2020-06-09,-0.4548157903873364,50,0,0.9646754332471537,0,0,50.82856084555993,50,0,-0.767510318754678,50,0,1.3576668671430212,50,0,52.0,0,0
2020-06-10,-0.4319329780480019,50,0,0.977366308012784,0,0,50.82856084555993,50,0,-0.7646581462969835,50,0,1.3728038906541595,50,0,54.0,0,0
2020-06-11,-0.5424350063204461,50,0,0.9105143548600466,50,0,50.82856084555993,50,0,-0.7715978289321553,50,0,1.2765342233951715,50,0,52.0,0,0
2020-06-12,-0.5005866693086275,50,0,0.9345981450561147,50,0,50.82856084555993,50,0,-0.7633547906992196,50,0,1.3078558828467814,50,0,38.0,50,0
2020-06-13,-0.4942015930847308,50,0,0.9376571795739848,50,0,50.82856084555993,50,0,-0.7597217650838881,50,0,1.3097177553833126,50,0,38.0,50,0
2020-06-14,-0.5365503579455253,50,0,0.9136446443807867,50,0,50.82856084555993,50,0,-0.7734296511544282,50,0,1.2742052370944688,50,0,40.0,50,0
2020-06-15,-0.5432927054407194,50,0,0.9093846758372199,50,0,50.82856084555993,50,0,-0.7888682312272528,50,0,1.2662619233376822,50,0,37.0,50,0
2020-06-16,-0.5149396580396578,50,0,0.9242956934364132,50,0,50.82856084555993,50,0,-0.7797703689779768,50,0,1.2849883707260812,50,0,39.0,50,0
2020-06-17,-0.5255639778004692,50,0,0.9180262250849359,50,0,50.82856084555993,50,0,-0.7783361779447466,50,0,1.274227455333582,50,0,38.0,50,0
2020-06-18,-0.5410063174568324,50,0,0.9082057698589239,50,0,50.82856084555993,50,0,-0.7824859049721128,50,0,1.2586333267193717,50,0,40.0,50,0
2020-06-19,-0.5582675036388152,50,0,0.8976343495940271,50,0,50.82856084555993,50,0,-0.7824430519711816,50,0,1.242049728854072,50,0,39.0,50,0
2020-06-20,-0.556823103728409,50,0,0.8976424787586491,50,0,50.82856084555993,50,0,-0.7898752107507812,50,0,1.2400765815882004,50,0,38.0,50,0
2020-06-21,-0.5662141235430593,50,0,0.8918443362169569,50,0,50.82856084555993,50,0,-0.7878650333649779,50,0,1.230085295184895,50,0,37.0,50,0
2020-06-22,-0.46278713107244357,50,0,0.9525227191741166,50,0,50.82856084555993,50,0,-0.7618940509986386,50,0,1.3112566602137494,50,0,38.0,50,0
2020-06-23,-0.465902104504368,50,0,0.9507328323302006,50,0,50.82856084555993,50,0,-0.7550344747303963,50,0,1.3063239357752876,50,0,41.0,50,0
2020-06-24,-0.5281704783627469,50,0,0.9184667291822597,50,0,50.82856084555993,50,0,-0.7552232615287358,50,0,1.2598218347151833,50,0,50.0,0,0
2020-06-25,-0.5460942848339996,50,0,0.9085093317941746,50,0,50.82856084555993,50,0,-0.7610183076398961,50,0,1.2442105042759768,50,0,43.0,50,0
2020-06-26,-0.5609156246934721,50,0,0.8973016044731698,50,0,50.82856084555993,50,0,-0.7634788266742397,50,0,1.2269075065356667,50,0,40.0,50,0
2020-06-27,-0.6241144301716377,50,0,0.8616599099996416,100,0,50.82856084555993,50,0,-0.7876387269239363,50,0,1.1765056295957643,50,0,43.0,50,0
2020-06-28,-0.5941380974326593,50,0,0.8757561303916697,50,0,50.82856084555993,50,0,-0.782212416293013,50,0,1.193876748801517,50,0,40.0,50,0
2020-06-29,-0.5684151516181138,50,0,0.8891748419883605,50,0,50.82856084555993,50,0,-0.7742437425717288,50,0,1.2102223895787745,50,0,41.0,50,0
2020-06-30,-0.5842519556927306,50,0,0.8796897921426448,50,0,50.452935358911084,50,0,-0.7803542009161013,50,0,1.1954543176506305,50,0,44.0,50,0
2020-07-01,-0.5486475366620288,50,0,0.9002748279884862,50,0,50.452935358911084,50,0,-0.7662845123080436,50,0,1.2212879193454491,50,0,42.0,50,0
2020-07-02,-0.5780398043456978,50,0,0.8824377796657494,50,0,50.452935358911084,50,0,-0.7699247936172466,50,0,1.1951406196720047,50,0,42.0,50,0
2020-07-03,-0.5892172494249339,50,0,0.8756809579674714,50,0,50.452935358911084,50,0,-0.774257365533332,50,0,1.1837984419781853,50,0,41.0,50,0
2020-07-04,-0.5637512446881353,50,0,0.8898005241021961,50,0,50.452935358911084,50,0,-0.7634546279451083,50,0,1.200223060646385,50,0,40.0,50,0
2020-07-05,-0.5717438952031568,50,0,0.884608545006643,50,0,50.452935358911084,50,0,-0.7635980236289546,50,0,1.190975270258975,50,0,38.0,50,0
2020-07-06,-0.478586070146129,50,0,0.9365128671696866,50,0,50.452935358911084,50,0,-0.7312788623654807,50,0,1.257929427914212,50,0,40.0,50,0
2020-07-07,-0.499282032251977,50,0,0.9275187963359605,50,0,50.452935358911084,50,0,-0.7309272410229795,50,0,1.2430422662210825,50,0,43.0,50,0
2020-07-08,-0.4510745629158987,50,0,0.9572824176979251,0,0,50.452935358911084,50,0,-0.7166940055284675,50,0,1.2797824287948658,50,0,44.0,50,0
2020-07-09,-0.48926360418713893,50,0,0.9365489332870538,50,0,50.452935358911084,50,0,-0.7161311295711209,50,0,1.2493133577626014,50,0,44.0,50,0
2020-07-10,-0.4939247203390686,50,0,0.9335605594165055,50,0,50.452935358911084,50,0,-0.7255190416338937,50,0,1.2424814336612395,50,0,41.0,50,0
2020-07-11,-0.5064917144811381,50,0,0.9262908281764753,50,0,50.452935358911084,50,0,-0.727753574303752,50,0,1.2300411722435722,50,0,44.0,50,0
2020-07-12,-0.4930316541364882,50,0,0.9334494695323611,50,0,50.452935358911084,50,0,-0.724706643789971,50,0,1.2366340242011187,50,0,41.0,50,0
2020-07-13,-0.505917313786849,50,0,0.9251964826278549,50,0,50.452935358911084,50,0,-0.7275971952690392,50,0,1.222897944606069,50,0,43.0,50,0
2020-07-14,-0.5006402109023009,50,0,0.9296830627920727,50,0,50.452935358911084,50,0,-0.7243539274058094,50,0,1.2260190344305748,50,0,43.0,50,0
2020-07-15,-0.5162405912859351,50,0,0.9203867384917893,50,0,50.452935358911084,50,0,-0.7271813236249995,50,0,1.211113674684826,50,0,44.0,50,0
2020-07-16,-0.5475320351127592,50,0,0.9011806947137823,50,0,50.452935358911084,50,0,-0.7421254470557191,50,0,1.1835916493846006,50,0,43.0,50,0
2020-07-17,-0.5498455384339825,50,0,0.8979182211320869,50,0,50.452935358911084,50,0,-0.7483089017477231,50,0,1.1769937701927389,50,0,41.0,50,0
2020-07-18,-0.5296271955960216,50,0,0.9091770440345746,50,0,50.452935358911084,50,0,-0.7362472402355011,50,0,1.1892560980385842,50,0,44.0,50,0
2020-07-19,-0.5073745306038485,50,0,0.9218903777931925,50,0,50.452935358911084,50,0,-0.7252968854710004,50,0,1.2033211380510203,50,0,41.0,50,0
2020-07-20,-0.5272101750816247,50,0,0.9097888451734595,50,0,50.452935358911084,50,0,-0.7330747024949581,50,0,1.1849894333984587,50,0,44.0,50,0
2020-07-21,-0.4715451093997337,50,0,0.9434072463080883,50,0,50.452935358911084,50,0,-0.7184834594937024,50,0,1.2261303426538512,50,0,44.0,50,0
2020-07-22,-0.35625128076377505,50,0,1.015598040715348,0,0,50.452935358911084,50,0,-0.6497150576443909,50,0,1.3165803817267343,50,0,50.0,0,0
2020-07-23,-0.29900250022037256,50,0,1.0572168256170364,0,0,50.452935358911084,50,0,-0.6099884815263764,50,0,1.3667435043710516,50,0,55.0,0,0
2020-07-24,-0.2776531515106498,50,0,1.0744226497204852,0,0,50.452935358911084,50,0,-0.5809772753218513,50,0,1.3853273352182456,50,0,53.0,0,0
2020-07-25,-0.11442030226905384,50,0,1.1713443274238255,0,0,50.452935358911084,50,0,-0.48791018219607957,50,0,1.5054651824012888,0,0,55.0,0,0
2020-07-26,-0.0969573531703717,50,0,1.1919947261400587,0,0,50.452935358911084,50,0,-0.49505214692514726,50,0,1.5268526812920329,0,0,55.0,0,0
2020-07-27,-0.05233005584908621,50,0,1.2376737905929556,0,0,50.452935358911084,50,0,-0.5833171298791093,50,0,1.5795093858832392,0,0,58.0,0,0
2020-07-28,-0.08738570799868645,50,0,1.2166778913544394,0,0,50.452935358911084,50,0,-0.5921176127720081,50,0,1.5474223350312393,0,0,76.0,0,0
2020-07-29,-0.08584774811555174,50,0,1.2157054097215791,0,0,50.452935358911084,50,0,-0.6113432935271783,50,0,1.540905623397385,0,0,71.0,0,0
2020-07-30,0.010831125806498275,50,0,1.2831457605968501,0,0,50.452935358911084,50,0,-0.5441462578411913,50,0,1.6203411837097823,0,0,76.0,0,0
2020-07-31,0.060458825536919295,50,0,1.3209635893382508,0,0,57.56358593375051,50,0,-0.5285860991606498,50,0,1.6615077741121256,0,0,75.0,0,0
2020-08-01,0.2526330250830336,50,0,1.4759307436889262,0,0,57.56358593375051,50,0,-0.4301096998235427,50,0,1.8485078784896265,0,0,75.0,0,0
2020-08-02,0.16105219634777077,50,0,1.4173466702542012,0,0,57.56358593375051,50,0,-0.39872788586776176,50,0,1.7681611693163892,0,0,80.0,0,100
2020-08-03,0.23034594049492763,50,0,1.4665392791688665,0,0,57.56358593375051,50,0,-0.3659960858242829,50,0,1.8217982986302197,0,0,75.0,0,0
2020-08-04,0.24935535962709013,50,0,1.484704722183052,0,0,57.56358593375051,50,0,-0.34169368116302024,50,0,1.8367231919335056,0,0,72.0,0,0
2020-08-05,0.28575962942814404,50,0,1.5208752008066178,0,0,57.56358593375051,50,0,-0.3716453271888896,50,0,1.8735161386499757,0,0,75.0,0,0
2020-08-06,0.2438777858527169,50,0,1.4942540971903424,0,0,57.56358593375051,50,0,-0.40179840012244616,50,0,1.8328869586909828,0,0,79.0,0,100
2020-08-07,0.16766794243630265,50,0,1.4409902826039942,0,0,57.56358593375051,50,0,-0.4313627851452778,50,0,1.7605735469759622,0,0,77.0,0,0
2020-08-08,0.23107297263064103,50,0,1.4850422126606324,0,0,57.56358593375051,50,0,-0.40456807823758745,50,0,1.8069276195427355,0,0,77.0,0,0
2020-08-09,0.2110279681181438,50,0,1.47151734306186,0,0,57.56358593375051,50,0,-0.4085829298688529,50,0,1.7831959852896364,0,0,79.0,0,100
2020-08-10,0.22119906207845602,50,0,1.4935057488735948,0,0,57.56358593375051,50,0,-0.4089492815043679,50,0,1.802087129617504,0,0,78.0,0,0
2020-08-11,0.1309017328401791,50,0,1.4305339685712963,0,0,57.56358593375051,50,0,-0.4103978379204872,50,0,1.719318543411683,0,0,84.0,0,100
2020-08-12,0.17212822593088262,50,0,1.459609696407629,0,0,57.56358593375051,50,0,-0.4029148293971365,50,0,1.747058385947334,0,0,75.0,0,0
2020-08-13,0.35490291273902563,50,0,1.5995347754227391,0,0,57.56358593375051,50,0,-0.2896419741348501,50,0,1.9055920073523895,0,0,75.0,0,0
2020-08-14,0.3913340739260911,50,0,1.6476408059521903,0,0,57.56358593375051,50,0,-0.24121081896183164,50,0,1.9534043555583618,0,0,78.0,0,0
2020-08-15,0.32703699392364677,50,0,1.6252398462565603,0,0,57.56358593375051,50,0,-0.2735396943231852,50,0,1.9180195351052376,0,0,79.0,0,100
2020-08-16,0.32534314669136494,50,0,1.6246441891477148,0,0,57.56358593375051,50,0,-0.27666366489804983,50,0,1.908555704567685,0,0,82.0,0,100
2020-08-17,0.3088520774345989,50,0,1.6224472190066983,0,0,57.56358593375051,50,0,-0.32993935715774486,50,0,1.8977268187688061,0,0,83.0,0,100
2020-08-18,0.259501026498515,50,0,1.5851125978489158,0,0,57.56358593375051,50,0,-0.32326389918604237,50,0,1.8462545178098366,0,0,82.0,0,100
2020-08-19,0.17132287973955826,50,0,1.5218492259597984,0,0,57.56358593375051,50,0,-0.35054357686795595,50,0,1.7658419198715147,0,0,80.0,0,100
2020-08-20,0.2120212783791494,50,0,1.5552550691536982,0,0,57.56358593375051,50,0,-0.3329439735796941,50,0,1.7976636893896287,0,0,75.0,0,0
2020-08-21,0.06541416204867763,50,0,1.4453847088636858,0,0,57.56358593375051,50,0,-0.3964426967739539,50,0,1.6652252462102948,0,0,81.0,0,100
2020-08-22,0.11461688829958559,50,0,1.4762420143484887,0,0,57.56358593375051,50,0,-0.383995978539748,50,0,1.6949495598505242,0,0,78.0,0,0
2020-08-23,0.09199811457229468,50,0,1.4599804324712107,0,0,57.56358593375051,50,0,-0.39654500316240926,50,0,1.6712917037833337,0,0,76.0,0,0
2020-08-24,0.1744049150996992,50,0,1.5211192956613615,0,0,57.56358593375051,50,0,-0.3479290485919471,50,0,1.7358665176158228,0,0,78.0,0,0
2020-08-25,0.04604928048284229,50,0,1.4259864332785603,0,0,57.56358593375051,50,0,-0.3890487526830378,50,0,1.623372959906051,0,0,75.0,0,0
2020-08-26,0.0625606259480232,50,0,1.4347396176624947,0,0,57.56358593375051,50,0,-0.3931684758358253,50,0,1.6293654970584164,0,0,76.0,0,0
2020-08-27,0.04049482249593215,50,0,1.4185093894289524,0,0,57.56358593375051,50,0,-0.38820095338761657,50,0,1.607302845521633,0,0,75.0,0,0
2020-08-28,0.10588440596928234,50,0,1.4641017211103255,0,0,57.56358593375051,50,0,-0.36770957919757336,50,0,1.6547070681430758,0,0,74.0,0,0
2020-08-29,0.12862347601208826,50,0,1.4823198067656744,0,0,57.56358593375051,50,0,-0.34297451979395255,50,0,1.6713306052848802,0,0,79.0,0,100
2020-08-30,0.2538885306644088,50,0,1.5836047677640317,0,0,57.56358593375051,50,0,-0.26724814719915635,50,0,1.7814923178030662,0,0,75.0,0,0
2020-08-31,0.2711995718567167,50,0,1.6109913343365878,0,0,61.95271738152932,50,0,-0.2353558216391918,50,0,1.8080120545082878,0,0,75.0,0,0
2020-09-01,0.43554668230178284,50,0,1.7737673378904797,0,0,61.95271738152932,50,0,-0.11393229339147522,50,0,1.9851015479511018,0,0,75.0,0,0
2020-09-02,0.18899244977598761,50,0,1.6260549195814842,0,0,61.95271738152932,50,0,-0.17886225649920218,50,0,1.8152513056060966,0,0,83.0,0,100
2020-09-03,-0.06753057975564479,50,0,1.4121262720180172,0,0,61.95271738152932,50,0,-0.2338463220111418,50,0,1.5740142942787219,0,0,79.0,0,100
2020-09-04,-0.052326403719788035,50,0,1.4222328539866749,0,0,61.95271738152932,50,0,-0.25333859179858775,50,0,1.5829453400923064,0,0,40.0,50,0
2020-09-05,-0.3082858339018012,50,0,1.2179930510292896,0,0,61.95271738152932,50,0,-0.4343303234024927,50,0,1.3554393952217025,50,0,41.0,50,0
2020-09-06,-0.19108078743221882,50,0,1.2969703485263813,0,0,61.95271738152932,50,0,-0.35987681871801064,50,0,1.441908582470562,50,0,41.0,50,0
2020-09-07,-0.19992252355501736,50,0,1.2942652418092837,0,0,61.95271738152932,50,0,-0.3780181023215602,50,0,1.437428449674821,50,0,41.0,50,0
2020-09-08,-0.27475479069096737,50,0,1.234185822669027,0,0,61.95271738152932,50,0,-0.4089793749880072,50,0,1.3698978335673393,50,0,41.0,50,0
2020-09-09,-0.18877768923409022,50,0,1.2892504582828364,0,0,61.95271738152932,50,0,-0.3604378108853567,50,0,1.4296706182829881,50,0,38.0,50,0
2020-09-10,-0.11803863214420292,50,0,1.3441241998493678,0,0,61.95271738152932,50,0,-0.3125771304595965,50,0,1.4891184913159379,0,0,38.0,50,0
2020-09-11,-0.09192411605160203,50,0,1.3669201262916135,0,0,61.95271738152932,50,0,-0.29299565453482695,50,0,1.5124532607899217,0,0,41.0,50,0
2020-09-12,-0.026913854441538126,50,0,1.410308511379541,0,0,61.95271738152932,50,0,-0.24987741952132628,50,0,1.5576576334568935,0,0,41.0,50,0
2020-09-13,-0.12885567063359327,50,0,1.3339417786381236,0,0,61.95271738152932,50,0,-0.3180371708290862,50,0,1.4705286635131727,0,0,38.0,50,0
2020-09-14,-0.07632025580891931,50,0,1.369699931829349,0,0,61.95271738152932,50,0,-0.3256737008979284,50,0,1.5068604048558054,0,0,39.0,50,0
2020-09-15,-0.1364471726446645,50,0,1.3252368691815326,0,0,61.95271738152932,50,0,-0.3894943331281023,50,0,1.4553406951379553,50,0,47.0,50,0
2020-09-16,-0.1283411338511494,50,0,1.3290537287530477,0,0,61.95271738152932,50,0,-0.40909878211694284,50,0,1.456651559203661,50,0,43.0,50,0
2020-09-17,-0.012107433185708538,50,0,1.4154218917249608,0,0,61.95271738152932,50,0,-0.30991129202125495,50,0,1.5475710902341249,0,0,48.0,50,0
2020-09-18,-0.05465871895230202,50,0,1.3879673588749704,0,0,61.95271738152932,50,0,-0.3359695514400002,50,0,1.514476026137652,0,0,49.0,50,0
2020-09-19,-0.0407248637393133,50,0,1.3974442190623702,0,0,61.95271738152932,50,0,-0.3452797638788304,50,0,1.5214505533335847,0,0,48.0,50,0
2020-09-20,-0.11101272781765004,50,0,1.3452567053249842,0,0,61.95271738152932,50,0,-0.3797093299229471,50,0,1.4617597545247158,0,0,52.0,0,0
2020-09-21,-0.2560158703052203,50,0,1.2399956033874062,0,0,61.95271738152932,50,0,-0.43290885547745495,50,0,1.345506774232581,50,0,48.0,50,0
2020-09-22,-0.2385277180689755,50,0,1.2427152745580121,0,0,61.95271738152932,50,0,-0.43726427613196,50,0,1.3469971979058266,50,0,39.0,50,0
2020-09-23,-0.33998026952424937,50,0,1.1588832022078808,0,0,61.95271738152932,50,0,-0.49431853450946056,50,0,1.255108326022852,50,0,43.0,50,0
2020-09-24,-0.1889189852930699,50,0,1.2610003218120818,0,0,61.95271738152932,50,0,-0.4433482498119025,50,0,1.3629976924474323,50,0,39.0,50,0
2020-09-25,-0.18196831138465486,50,0,1.2691614299939544,0,0,61.95271738152932,50,0,-0.42572866913520513,50,0,1.368980359181464,50,0,46.0,50,0
2020-09-26,-0.1679490618087832,50,0,1.278441691557344,0,0,61.95271738152932,50,0,-0.4218622695759077,50,0,1.3761002016816684,50,0,45.0,50,0
2020-09-27,-0.16057642915022824,50,0,1.282778182053798,0,0,61.95271738152932,50,0,-0.4179936656603897,50,0,1.3776750501485149,50,0,47.0,50,0
2020-09-28,-0.1652723438926406,50,0,1.2792520101501375,0,0,61.95271738152932,50,0,-0.41647260892817684,50,0,1.3686244842436168,50,0,43.0,50,0
2020-09-29,-0.15067669528758118,50,0,1.2933478705108397,0,0,61.95271738152932,50,0,-0.4145989138346547,50,0,1.3789838970860389,50,0,45.0,50,0
2020-09-30,-0.1540111582449212,50,0,1.293170804276791,0,0,56.61439997610251,50,0,-0.4043746357606471,50,0,1.3737747448561846,50,0,49.0,50,0
2020-10-01,-0.1898581165604774,50,0,1.264695629231916,0,0,56.61439997610251,50,0,-0.41280932480532007,50,0,1.3388699659686745,50,0,45.0,50,0
2020-10-02,-0.2207648120111426,50,0,1.2400769731840564,0,0,56.61439997610251,50,0,-0.4345907346200621,50,0,1.3080940240470307,50,0,41.0,50,0
2020-10-03,-0.2160852284884219,50,0,1.2420534465719775,0,0,56.61439997610251,50,0,-0.4291945077524195,50,0,1.3056637936572622,50,0,40.0,50,0
2020-10-04,-0.18717287126696427,50,0,1.2613146196345144,0,0,56.61439997610251,50,0,-0.4208095033463319,50,0,1.3212428981875588,50,0,42.0,50,0
2020-10-05,-0.18325759916203796,50,0,1.2632468822162264,0,0,56.61439997610251,50,0,-0.43153390688511795,50,0,1.3191011107521007,50,0,42.0,50,0
2020-10-06,-0.24947943743974887,50,0,1.215402732844945,0,0,56.61439997610251,50,0,-0.4612372716806707,50,0,1.2652909286035203,50,0,47.0,50,0
2020-10-07,-0.23770991673858272,50,0,1.2181432396483274,0,0,56.61439997610251,50,0,-0.46614856864651133,50,0,1.2643141940010596,50,0,43.0,50,0
2020-10-08,-0.1911802045934445,50,0,1.2504993003775529,0,0,56.61439997610251,50,0,-0.4588772299910035,50,0,1.2935625563288313,50,0,46.0,50,0
2020-10-09,-0.11660739368089024,50,0,1.3053914331926832,0,0,56.61439997610251,50,0,-0.419199060116816,50,0,1.3458480570591462,50,0,48.0,50,0
2020-10-10,-0.0922592850498355,50,0,1.3221146423960877,0,0,56.61439997610251,50,0,-0.42883938919521886,50,0,1.358562044465325,50,0,53.0,0,0
2020-10-11,-0.07996456403775555,50,0,1.3310693362641586,0,0,56.61439997610251,50,0,-0.4273802845540638,50,0,1.3630999617714064,50,0,55.0,0,0
2020-10-12,-0.02122111512502183,50,0,1.3778606837018668,0,0,56.61439997610251,50,0,-0.39780766576979887,50,0,1.405997803919613,50,0,52.0,0,0
2020-10-13,-0.06131822168431206,50,0,1.3548018003023556,0,0,56.61439997610251,50,0,-0.40653982629733276,50,0,1.3775857645061593,50,0,56.0,0,0
2020-10-14,-0.08193736848572347,50,0,1.3438971072639285,0,0,56.61439997610251,50,0,-0.41453317385618144,50,0,1.3616905781902764,50,0,53.0,0,0
2020-10-15,-0.09280503720156383,50,0,1.337939482923253,0,0,56.61439997610251,50,0,-0.43011462299272846,50,0,1.3507983256092686,50,0,56.0,0,0
2020-10-16,-0.14559377542873636,50,0,1.297057164989201,0,0,56.61439997610251,50,0,-0.45226980587065807,50,0,1.305260905469741,50,0,52.0,0,0
2020-10-17,-0.1355678536080271,50,0,1.3030158137392598,0,0,56.61439997610251,50,0,-0.4475365727574538,50,0,1.306985050362355,50,0,56.0,0,0
2020-10-18,-0.0890080630772538,50,0,1.3357411931465886,0,0,56.61439997610251,50,0,-0.42695133495588883,50,0,1.3353277609852772,50,0,55.0,0,0
2020-10-19,-0.08295014528496929,50,0,1.3399311925015045,0,0,56.61439997610251,50,0,-0.45219347760628364,50,0,1.3351527410688966,50,0,55.0,0,0
2020-10-20,-0.13456127853777797,50,0,1.301248059912547,0,0,56.61439997610251,50,0,-0.511940538325836,50,0,1.2926240777970623,50,0,56.0,0,0
2020-10-21,-0.03056255556174688,50,0,1.3832695549167195,0,0,56.61439997610251,50,0,-0.5279807895020142,50,0,1.3694791391353403,50,0,61.0,0,0
2020-10-22,0.054702742449509685,50,0,1.4591843125572856,0,0,56.61439997610251,50,0,-0.47029566853686344,50,0,1.4392999683152876,50,0,73.0,0,0
2020-10-23,0.024045752726095083,50,0,1.4397841865255676,0,0,56.61439997610251,50,0,-0.4825663635306069,50,0,1.4157072927681087,50,0,74.0,0,0
2020-10-24,0.0345415933345204,50,0,1.448611873206517,0,0,56.61439997610251,50,0,-0.4895969549449741,50,0,1.419746855953856,50,0,73.0,0,0
2020-10-25,0.007195052095608,50,0,1.427762932172756,0,0,56.61439997610251,50,0,-0.5003458438826571,50,0,1.3951086741371022,50,0,76.0,0,0
2020-10-26,-0.0559394104442146,50,0,1.381730523490461,0,0,56.61439997610251,50,0,-0.5462650258974616,50,0,1.3462728904473342,50,0,75.0,0,0
2020-10-27,-0.008936403014461901,50,0,1.415513265340989,0,0,56.61439997610251,50,0,-0.5710890057395952,50,0,1.3747704579712463,50,0,61.0,0,0
2020-10-28,-0.08115100647593983,50,0,1.361166518423982,0,0,56.61439997610251,50,0,-0.5832761859279709,50,0,1.318081215100262,50,0,70.0,0,0
2020-10-29,-0.09045880253285646,50,0,1.352484448747728,0,0,56.61439997610251,50,0,-0.6073234696191855,50,0,1.305908717417068,50,0,67.0,0,0
2020-10-30,-0.10622943760448125,50,0,1.3400663998855815,0,0,56.61439997610251,50,0,-0.6290652838214451,50,0,1.2902003955668622,50,0,74.0,0,0
2020-10-31,-0.08770153104785391,50,0,1.349233612650832,0,0,57.97761661819437,50,0,-0.6376789942962245,50,0,1.2952958440222186,50,0,73.0,0,0
2020-11-01,-0.047339266119895626,50,0,1.3792867168216558,0,0,57.97761661819437,50,0,-0.6033169407642397,50,0,1.3200606520971754,50,0,72.0,0,0
2020-11-02,-0.10257098598812732,50,0,1.3371384365845729,0,0,57.97761661819437,50,0,-0.6275767795789257,50,0,1.2764277363714327,50,0,71.0,0,0
2020-11-03,-0.08080992383108053,50,0,1.352235808620775,0,0,57.97761661819437,50,0,-0.6479786806418012,50,0,1.2874260741632784,50,0,71.0,0,0
2020-11-04,-0.023398312644679488,50,0,1.396982924699734,0,0,57.97761661819437,50,0,-0.6187919956284282,50,0,1.3266239414456824,50,0,74.0,0,0
2020-11-05,0.04280752093781662,50,0,1.4483739366919017,0,0,57.97761661819437,50,0,-0.6927637842180735,50,0,1.3714780475388728,50,0,72.0,0,0
2020-11-06,0.21075339849135216,50,0,1.5836454797777315,0,0,57.97761661819437,50,0,-0.5849208896453304,50,0,1.4942146889544348,0,0,90.0,0,100
2020-11-07,0.11951101724667598,50,0,1.5137791174543285,0,0,57.97761661819437,50,0,-0.578204836574125,50,0,1.4236231279098006,50,0,88.0,0,100
2020-11-08,0.20392333505392557,50,0,1.5765196323129085,0,0,57.97761661819437,50,0,-0.5782403810659466,50,0,1.4776906621539136,0,0,82.0,0,100
2020-11-09,0.14925895949760368,50,0,1.5373831639456585,0,0,57.97761661819437,50,0,-0.5937959333440219,50,0,1.4365204154951285,50,0,90.0,0,100
2020-11-10,0.162599214309176,50,0,1.5597323524627014,0,0,57.97761661819437,50,0,-0.5742054714626599,50,0,1.4527964950305738,50,0,90.0,0,100
2020-11-11,0.21084683997315734,50,0,1.6018590096621494,0,0,57.97761661819437,50,0,-0.5726382704642176,50,0,1.4872365901488722,0,0,86.0,0,100
2020-11-12,0.19002540784034555,50,0,1.595420797483867,0,0,57.97761661819437,50,0,-0.6197773682263231,50,0,1.4766260288852076,0,0,87.0,0,100
2020-11-13,0.23756294864394673,50,0,1.6407734910024652,0,0,57.97761661819437,50,0,-0.5866543990972929,50,0,1.5135867077877379,0,0,89.0,0,100
2020-11-14,0.17488872858904594,50,0,1.5907336390364477,0,0,57.97761661819437,50,0,-0.6063489617387123,50,0,1.4629015337018725,0,0,90.0,0,100
2020-11-15,0.11841597743054404,50,0,1.5436518436250946,0,0,57.97761661819437,50,0,-0.6330015360307467,50,0,1.415897351397147,50,0,86.0,0,100
2020-11-16,0.1722479956972106,50,0,1.5862370322254933,0,0,57.97761661819437,50,0,-0.6544728391398674,50,0,1.450737287698705,50,0,90.0,0,100
2020-11-17,0.25288873485744673,50,0,1.6544623697686087,0,0,57.97761661819437,50,0,-0.6678365172062721,50,0,1.5084961077713657,0,0,86.0,0,100
2020-11-18,0.2286498288684047,50,0,1.641597303625057,0,0,57.97761661819437,50,0,-0.6836725995239443,50,0,1.4922979238034435,0,0,91.0,0,100
2020-11-19,0.18321678811610356,50,0,1.6112229259621376,0,0,57.97761661819437,50,0,-0.704741348199228,50,0,1.4604034588584345,50,0,94.0,0,100
2020-11-20,0.3297747987463742,50,0,1.7404651635579524,0,0,57.97761661819437,50,0,-0.6676715230278449,50,0,1.572097620170663,0,0,86.0,0,100
2020-11-21,0.45419415703236865,50,0,1.8670991779906876,0,0,57.97761661819437,50,0,-0.5833710600353752,50,0,1.6798141533684285,0,0,91.0,0,100
2020-11-22,0.4955973078533505,50,0,1.9251403603622779,0,0,57.97761661819437,50,0,-0.5266896754153855,50,0,1.7247817547962052,0,0,94.0,0,100
2020-11-23,0.6131608814598566,50,0,2.0655003898527475,0,100,57.97761661819437,50,0,-0.4202180474523788,50,0,1.8421373534089793,0,0,90.0,0,100
2020-11-24,0.5687918685728361,50,0,2.053554231034688,0,100,57.97761661819437,50,0,-0.48389658968499194,50,0,1.8232805186204972,0,0,88.0,0,100
2020-11-25,0.42333658980279404,50,0,1.9275568204150388,0,0,57.97761661819437,50,0,-0.5381916359723209,50,0,1.7045395161236216,0,0,94.0,0,100
2020-11-26,0.22991130503516916,50,0,1.756299429510014,0,0,57.97761661819437,50,0,-0.5389575092885758,50,0,1.547329077081202,0,0,93.0,0,100
2020-11-27,0.24648097899502108,50,0,1.7495624576682387,0,0,57.97761661819437,50,0,-0.5414467481564039,50,0,1.5356893912207892,0,0,86.0,0,100
2020-11-28,0.34481209152811665,50,0,1.8277115859581687,0,0,57.97761661819437,50,0,-0.5309545115785597,50,0,1.5980113500267674,0,0,87.0,0,100
2020-11-29,0.4544584137919526,50,0,1.9401200151866622,0,0,57.97761661819437,50,0,-0.4825051877629467,50,0,1.6892465832287884,0,0,89.0,0,100
2020-11-30,0.5610293422702151,50,0,2.0673714626213746,0,100,67.3872989014577,50,0,-0.49996088309667447,50,0,1.791867163893914,0,0,88.0,0,100
2020-12-01,0.42627415731407203,50,0,1.9796357361825478,0,0,67.3872989014577,50,0,-0.49743028556102614,50,0,1.7084001183111057,0,0,95.0,0,100
2020-12-02,0.45697110577658134,50,0,2.012713896450784,0,100,67.3872989014577,50,0,-0.5011238682431303,50,0,1.7294045045450257,0,0,92.0,0,100
2020-12-03,0.5039267660167265,50,0,2.072295455065991,0,100,67.3872989014577,50,0,-0.4775349731326903,50,0,1.772687036018555,0,0,92.0,0,100
2020-12-04,0.3509992261753421,50,0,1.9174465310078894,0,0,67.3872989014577,50,0,-0.5280834441399894,50,0,1.6340496092652474,0,0,92.0,0,100
2020-12-05,0.4226780129753673,50,0,1.9908657687862439,0,0,67.3872989014577,50,0,-0.5031204369563814,50,0,1.6897918895560522,0,0,93.0,0,100
2020-12-06,0.4368788868500495,50,0,2.0125558674276145,0,100,67.3872989014577,50,0,-0.5035450814925627,50,0,1.7011338448316036,0,0,95.0,0,100
2020-12-07,0.3851287814949406,50,0,1.9749760341208142,0,0,67.3872989014577,50,0,-0.5147887247480096,50,0,1.662457100661131,0,0,94.0,0,100
2020-12-08,0.25203428430101654,50,0,1.8474383282326943,0,0,67.3872989014577,50,0,-0.5419021198023924,50,0,1.5495554236296931,0,0,95.0,0,100
2020-12-09,0.3261632061126304,50,0,1.9111856904438809,0,0,67.3872989014577,50,0,-0.5121544315758133,50,0,1.5969731488300802,0,0,86.0,0,100
2020-12-10,0.2760891873852763,50,0,1.8629415583920035,0,0,67.3872989014577,50,0,-0.5241879700231812,50,0,1.550971414263017,0,0,94.0,0,100
2020-12-11,0.22321525931273917,50,0,1.8108957990990409,0,0,67.3872989014577,50,0,-0.542846443324109,50,0,1.5024600564423773,0,0,89.0,0,100
2020-12-12,0.30624478515098397,50,0,1.8849662627035944,0,0,67.3872989014577,50,0,-0.5420110551765035,50,0,1.55809084540343,0,0,90.0,0,100
2020-12-13,0.37715115286819034,50,0,1.9551491432991595,0,0,67.3872989014577,50,0,-0.5158953402064544,50,0,1.6098701575189633,0,0,91.0,0,100
2020-12-14,0.3577021060756463,50,0,1.939094441584123,0,0,67.3872989014577,50,0,-0.5339368666240922,50,0,1.5908618544866493,0,0,95.0,0,100
2020-12-15,0.36012128919668457,50,0,1.9448165060477056,0,0,67.3872989014577,50,0,-0.5381559192256042,50,0,1.5897868784394855,0,0,91.0,0,100
2020-12-16,0.4991140348092337,50,0,2.0975965817171653,0,100,67.3872989014577,50,0,-0.5614095276500818,50,0,1.7081457419005937,0,0,92.0,0,100
2020-12-17,0.4974229067732664,50,0,2.1161622858821274,0,100,67.3872989014577,50,0,-0.6287656322633016,50,0,1.7163430081411892,0,0,92.0,0,100
2020-12-18,0.5161996088982873,50,0,2.1433007420939747,0,100,67.3872989014577,50,0,-0.6252109445393509,50,0,1.731651701377076,0,0,95.0,0,100
2020-12-19,0.5249154482445367,50,0,2.165336636227444,0,100,67.3872989014577,50,0,-0.652562383474811,50,0,1.7423360646237829,0,0,93.0,0,100
2020-12-20,0.45244370432144704,50,0,2.0928403573852936,0,100,67.3872989014577,50,0,-0.6746629688967306,50,0,1.6777294035975243,0,0,92.0,0,100
2020-12-21,0.36328807864803786,50,0,2.004761506489811,0,100,67.3872989014577,50,0,-0.6933840301943992,50,0,1.6016159646878265,0,0,92.0,0,100
2020-12-22,0.4354508250673723,50,0,2.0725402171206957,0,100,67.3872989014577,50,0,-0.6938456869203191,50,0,1.6496755146883813,0,0,88.0,0,100
2020-12-23,0.2744381488914817,50,0,1.920715032489348,0,0,67.3872989014577,50,0,-0.7560426284246693,50,0,1.5240142544600377,0,0,93.0,0,100
2020-12-24,0.3535323424518926,50,0,1.9942526082250946,0,0,67.3872989014577,50,0,-0.7319296716873445,50,0,1.577067259924311,0,0,86.0,0,100
2020-12-25,0.39761610833829125,50,0,2.036802053715524,0,100,67.3872989014577,50,0,-0.7509044082426023,50,0,1.605155160293964,0,0,94.0,0,100
2020-12-26,0.4209804127409425,50,0,2.0662498745390185,0,100,67.3872989014577,50,0,-0.8093275917120998,50,0,1.622571522473553,0,0,93.0,0,100
2020-12-27,0.5649077752366573,50,0,2.2339355064507447,0,100,67.3872989014577,50,0,-0.7216644742152458,50,0,1.74716796325751,0,0,91.0,0,100
2020-12-28,0.6642750780305571,50,0,2.36641560035171,0,100,67.3872989014577,50,0,-0.6799601501623227,50,0,1.8421692251204462,0,0,92.0,0,100
2020-12-29,0.6334190772543649,50,0,2.367085906262503,0,100,67.3872989014577,50,0,-0.6859142855733046,50,0,1.834301873750548,0,0,91.0,0,100
2020-12-30,0.6810114638597426,50,0,2.4252990317274556,0,100,67.3872989014577,50,0,-0.7218840075387399,50,0,1.870571711998071,0,0,91.0,0,100
2020-12-31,0.6320265555460574,50,0,2.3820142828004123,0,100,71.22700809011064,0,0,-0.7468390860082027,50,0,1.828696107734656,0,0,95.0,0,100
2021-01-01,0.5964708530329438,50,0,2.352017892992022,0,100,71.22700809011064,0,0,-0.7720890698020406,50,0,1.7975109800780378,0,0,94.0,0,100
2021-01-02,0.716734490652592,50,0,2.4905050427267774,0,100,71.22700809011064,0,0,-0.8007896711856856,50,0,1.894078330455311,0,0,94.0,0,100
2021-01-03,1.209376465111666,50,0,3.1743029592230476,0,100,71.22700809011064,0,0,-0.5618155250716327,50,0,2.397340614921646,0,0,93.0,0,100
2021-01-04,1.150465843802985,50,0,3.294737178664126,0,100,71.22700809011064,0,0,-0.44825237445897725,50,0,2.470166177073775,0,100,94.0,0,100
2021-01-05,1.2503891419859086,50,0,3.5138617165654935,0,100,71.22700809011064,0,0,-0.4487473613125702,50,0,2.6136211242272855,0,100,93.0,0,100
2021-01-06,1.3622203940730568,50,0,3.8155281522604723,0,100,71.22700809011064,0,0,-0.4339248683999632,50,0,2.8132614738924144,0,100,95.0,0,100
2021-01-07,1.3123700011556179,50,0,3.8713185776471915,0,100,71.22700809011064,0,0,-0.5034685224207707,50,0,2.82925812449385,0,100,91.0,0,100
2021-01-08,1.2600511593296424,50,0,3.8597581038991122,0,100,71.22700809011064,0,0,-0.5550737496472264,50,0,2.796817355537008,0,100,93.0,0,100
2021-01-09,1.3645889345366238,50,0,4.060419032888511,0,100,71.22700809011064,0,0,-0.47059814996543536,50,0,2.915736458839761,0,100,93.0,0,100
2021-01-10,1.2838128794052244,50,0,3.981333417781289,0,100,71.22700809011064,0,0,-0.4216812573352703,50,0,2.8338650358257396,0,100,94.0,0,100
2021-01-11,0.9265085204230168,50,0,3.3989993331285295,0,100,71.22700809011064,0,0,-0.5211993103386352,50,0,2.402222821697303,0,100,90.0,0,100
2021-01-12,0.8408811912772813,50,0,3.2533164100118777,0,100,71.22700809011064,0,0,-0.5164211287012334,50,0,2.2839721573710214,0,0,84.0,0,100
2021-01-13,1.0330419038923373,50,0,3.523692539689263,0,100,71.22700809011064,0,0,-0.5410767144121164,50,0,2.4553505008501513,0,100,78.0,0,0
2021-01-14,1.2085660030158984,50,0,3.77842892249765,0,100,71.22700809011064,0,0,-0.5060064160234146,50,0,2.6116252801931408,0,100,83.0,0,100
2021-01-15,1.0885661430274785,50,0,3.6292233183715155,0,100,71.22700809011064,0,0,-0.4736892472900062,50,0,2.489577485014847,0,100,88.0,0,100
2021-01-16,1.2167497150696527,50,0,3.8175552394944474,0,100,71.22700809011064,0,0,-0.37749303254214067,50,0,2.5978865873536563,0,100,84.0,0,100
2021-01-17,1.2242229701144973,50,0,3.8400337930990243,0,100,71.22700809011064,0,0,-0.360549548090028,50,0,2.5924768996625414,0,100,79.0,0,100
2021-01-18,1.2122214777024167,50,0,3.860962446913888,0,100,71.22700809011064,0,0,-0.369902974623719,50,0,2.5858990914103472,0,100,79.0,0,100
2021-01-19,1.3303373090175197,50,0,4.261314737543592,0,100,71.22700809011064,0,0,-0.19682192356287445,50,0,2.828574144026473,0,100,80.0,0,100
2021-01-20,1.2420529682217165,50,0,4.192954794039126,0,100,71.22700809011064,0,0,-0.18490484878495494,50,0,2.759240306437356,0,100,78.0,0,0
2021-01-21,0.8222559408818448,50,0,3.4639226104194707,0,100,71.22700809011064,0,0,-0.27111036333257343,50,0,2.2642583535611487,0,0,75.0,0,0
2021-01-22,1.0064531869231497,50,0,3.768191350846877,0,100,71.22700809011064,0,0,-0.23065824014563097,50,0,2.4452131009259497,0,100,40.0,50,0
2021-01-23,0.9927044704409361,50,0,3.7505655891661753,0,100,71.22700809011064,0,0,-0.18633695114864682,50,0,2.416282799082189,0,100,74.0,0,0
2021-01-24,1.29346348817233,50,0,4.208296276637874,0,100,71.22700809011064,0,0,0.010881919744504368,50,0,2.688997373168129,0,100,70.0,0,0
2021-01-25,1.1221251865227546,50,0,4.010263228238357,0,100,71.22700809011064,0,0,-0.08261258977734572,50,0,2.5428342093510317,0,100,74.0,0,0
2021-01-26,1.1616198284787425,50,0,4.108257766924917,0,100,71.22700809011064,0,0,-0.046718889083821734,50,0,2.5845699086612757,0,100,71.0,0,0
2021-01-27,0.923274174640172,50,0,3.7489551567146373,0,100,71.22700809011064,0,0,-0.0760974247172117,50,0,2.3422166630883656,0,0,78.0,0,0
2021-01-28,1.0366493478105607,50,0,4.02615966849754,0,100,71.22700809011064,0,0,-0.11919130812174207,50,0,2.496554403914804,0,100,55.0,0,0
2021-01-29,1.083965152062791,50,0,4.139258876062012,0,100,71.22700809011064,0,0,-0.09976453160445287,50,0,2.546912154125028,0,100,77.0,0,0
2021-01-30,1.0712622807499335,50,0,4.116970715753286,0,100,71.22700809011064,0,0,-0.11353061145921843,50,0,2.5140299853506614,0,100,76.0,0,0
2021-01-31,0.9552115089342242,50,0,3.919832654188391,0,100,81.83543731296643,0,100,-0.13253668887418663,50,0,2.376757488288179,0,0,78.0,0,0
2021-02-01,1.0387052525071065,50,0,4.064917782874379,0,100,81.83543731296643,0,100,-0.08607339152371953,50,0,2.4465927363201163,0,100,77.0,0,0
2021-02-02,1.2524136798721162,50,0,4.5083569954293505,0,100,81.83543731296643,0,100,0.00046958935682045504,50,0,2.690971966545581,0,100,76.0,0,0
2021-02-03,1.3924628431686719,50,0,4.8920319651158,0,100,81.83543731296643,0,100,0.058310390404760847,50,0,2.893576221417047,0,100,78.0,0,0
2021-02-04,1.2460185831098438,50,0,4.725755552841789,0,100,81.83543731296643,0,100,0.022025468185388346,50,0,2.7713604342006994,0,100,80.0,0,100
2021-02-05,1.3854795093549688,50,0,5.037329099299647,0,100,81.83543731296643,0,100,0.10396087620463364,50,0,2.9270566590636156,0,100,81.0,0,100
2021-02-06,1.2791437221224853,50,0,4.912828999447733,0,100,81.83543731296643,0,100,-0.00044974112673566545,50,0,2.829871517386453,0,100,84.0,0,100
2021-02-07,1.169166063489314,50,0,4.699991423893793,0,100,81.83543731296643,0,100,-0.05915093051723154,50,0,2.685634091290026,0,100,86.0,0,100
2021-02-08,1.3214029335066446,50,0,5.052970003398601,0,100,81.83543731296643,0,100,-0.21549936936104572,50,0,2.862598845535472,0,100,83.0,0,100
2021-02-09,1.3231847518857534,50,0,5.113772474591312,0,100,81.83543731296643,0,100,-0.2051611841857994,50,0,2.8722470424972792,0,100,95.0,0,100
2021-02-10,1.27681621547118,50,0,5.030787852464061,0,100,81.83543731296643,0,100,-0.17334783073324408,50,0,2.802761185476658,0,100,92.0,0,100
2021-02-11,1.3176738645817547,50,0,5.120063768526991,0,100,81.83543731296643,0,100,-0.23789377102443604,50,0,2.829233725615015,0,100,93.0,0,100
2021-02-12,1.3689417173555196,50,0,5.275167450752207,0,100,81.83543731296643,0,100,-0.17032142363806171,50,0,2.8907981850917035,0,100,92.0,0,100
2021-02-13,1.3122736691047767,50,0,5.179202275961889,0,100,81.83543731296643,0,100,-0.18376775716681604,50,0,2.815373536755241,0,100,92.0,0,100
2021-02-14,1.287629558798164,50,0,5.138443256022573,0,100,81.83543731296643,0,100,-0.24578640022724563,50,0,2.771209444081254,0,100,95.0,0,100
2021-02-15,1.2439946269871616,50,0,5.052457584088751,0,100,81.83543731296643,0,100,-0.24340531270835875,50,0,2.7044148963881955,0,100,93.0,0,100
2021-02-16,1.2086591371589643,50,0,5.015399503604995,0,100,81.83543731296643,0,100,-0.2830008137673667,50,0,2.6650409072787773,0,100,95.0,0,100
2021-02-17,1.2664481193807187,50,0,5.178687409721971,0,100,81.83543731296643,0,100,-0.32187748181814074,50,0,2.731948169960316,0,100,95.0,0,100
2021-02-18,1.3459129389570772,50,0,5.402939957859312,0,100,81.83543731296643,0,100,-0.23226780847547782,50,0,2.8283419435884327,0,100,91.0,0,100
2021-02-19,1.3526615489254805,50,0,5.462077954803253,0,100,81.83543731296643,0,100,-0.3305606905293148,50,0,2.837504007650471,0,100,93.0,0,100
2021-02-20,1.2627479467729672,50,0,5.308078225509921,0,100,81.83543731296643,0,100,-0.3688513308665997,50,0,2.7375824626736596,0,100,91.0,0,100
2021-02-21,1.2824193947148332,50,0,5.34660238054068,0,100,81.83543731296643,0,100,-0.39508999632351477,50,0,2.737715356133916,0,100,91.0,0,100
2021-02-22,1.0573037879729485,50,0,4.880267564918798,0,100,81.83543731296643,0,100,-0.42967221567553077,50,0,2.4832159369380795,0,100,94.0,0,100
2021-02-23,0.786058732022597,50,0,4.293925451024231,0,100,81.83543731296643,0,100,-0.4573022541398274,50,0,2.1733548289467617,0,0,94.0,0,100
2021-02-24,0.8670199579683835,50,0,4.42736893270703,0,100,81.83543731296643,0,100,-0.43896323513200675,50,0,2.2288004346917116,0,0,76.0,0,0
2021-02-25,0.6909012618427832,50,0,4.073371284280936,0,100,81.83543731296643,0,100,-0.4931865562729323,50,0,2.0408141191343936,0,0,79.0,0,100
2021-02-26,0.6201589822466512,50,0,3.9286152185626233,0,100,81.83543731296643,0,100,-0.4999486860217571,50,0,1.9595110557681727,0,0,55.0,0,0
2021-02-27,0.6411672080192258,50,0,3.949930739594943,0,100,81.83543731296643,0,100,-0.47728601944505605,50,0,1.9611261165365015,0,0,56.0,0,0
2021-02-28,0.5965398723643646,50,0,3.86203372049753,0,100,83.08977402167108,0,100,-0.4901741947612893,50,0,1.909123236190283,0,0,55.0,0,0
2021-03-01,0.7981465657343924,50,0,4.223396986206597,0,100,83.08977402167108,0,100,-0.48712721810818443,50,0,2.077914022411889,0,0,38.0,50,0
2021-03-02,0.6849294732235188,50,0,4.014268010092783,0,100,83.08977402167108,0,100,-0.5151872280128638,50,0,1.9666570542356683,0,0,78.0,0,0
2021-03-03,0.8196342016791451,50,0,4.255735196341667,0,100,83.08977402167108,0,100,-0.4976849594701911,50,0,2.0752154425069596,0,0,78.0,0,0
2021-03-04,0.7222011204408061,50,0,4.120626233442344,0,100,83.08977402167108,0,100,-0.4770239469751666,50,0,2.0004147456131567,0,0,84.0,0,100
2021-03-05,0.7094758773535824,50,0,4.090115220559034,0,100,83.08977402167108,0,100,-0.49254553563316067,50,0,1.9769564401297526,0,0,77.0,0,0
2021-03-06,0.8855026866071803,50,0,4.421573410305519,0,100,83.08977402167108,0,100,-0.3837951819239748,50,0,2.126568161958262,0,0,77.0,0,0
2021-03-07,0.9621559230189459,50,0,4.565331421904899,0,100,83.08977402167108,0,100,-0.3942445773696946,50,0,2.1842099251756046,0,0,76.0,0,0
2021-03-08,1.0904684512281058,50,0,4.833458919600394,0,100,83.08977402167108,0,100,-0.3336936160271513,50,0,2.2995142325808957,0,0,81.0,0,100
2021-03-09,1.1232888273344006,50,0,4.911998647571898,0,100,83.08977402167108,0,100,-0.3785518531598943,50,0,2.3231535272070025,0,0,81.0,0,100
2021-03-10,1.0287185486255177,50,0,4.742074445169627,0,100,83.08977402167108,0,100,-0.4594633040348852,50,0,2.2304520367174097,0,0,68.0,0,0
2021-03-11,1.0348268314772697,50,0,4.790291603737331,0,100,83.08977402167108,0,100,-0.4827983820868732,50,0,2.2405987546195427,0,0,73.0,0,0
2021-03-12,0.9508426183646048,50,0,4.620549162991369,0,100,83.08977402167108,0,100,-0.5151036508866399,50,0,2.1500936101697565,0,0,70.0,0,0
2021-03-13,1.157338936893099,50,0,5.017972340624134,0,100,83.08977402167108,0,100,-0.4892925098058682,50,0,2.3212599271072816,0,0,74.0,0,0
2021-03-14,1.0698393132776238,50,0,4.863677733961045,0,100,83.08977402167108,0,100,-0.4961679599941512,50,0,2.2373062351525954,0,0,78.0,0,0
2021-03-15,0.9171167406950084,50,0,4.648518161819288,0,100,83.08977402167108,0,100,-0.46459084435925485,50,0,2.1271345827957346,0,0,76.0,0,0
2021-03-16,0.9075418552525703,50,0,4.634007484601145,0,100,83.08977402167108,0,100,-0.4738117267939959,50,0,2.1096841276831273,0,0,71.0,0,0
2021-03-17,0.929273317387457,50,0,4.675606774604273,0,100,83.08977402167108,0,100,-0.5086674122325798,50,0,2.1177794844946782,0,0,71.0,0,0
2021-03-18,0.8642037498471645,50,0,4.565789899470199,0,100,83.08977402167108,0,100,-0.5144316300847899,50,0,2.0582227087772287,0,0,72.0,0,0
2021-03-19,0.8968352278465415,50,0,4.625140105199559,0,100,83.08977402167108,0,100,-0.503139686387006,50,0,2.07493997625022,0,0,71.0,0,0
2021-03-20,0.8949336698018858,50,0,4.616974898346584,0,100,83.08977402167108,0,100,-0.5032219919298948,50,0,2.0619184630998872,0,0,75.0,0,0
2021-03-21,0.857211096235336,50,0,4.532113896918197,0,100,83.08977402167108,0,100,-0.5055635376993858,50,0,2.0146538678486574,0,0,73.0,0,0
2021-03-22,0.7343976235699551,50,0,4.277404976142254,0,100,83.08977402167108,0,100,-0.5075982767190933,50,0,1.8927766296262185,0,0,70.0,0,0
2021-03-23,0.7099711902490463,50,0,4.221963931900125,0,100,83.08977402167108,0,100,-0.5240043841584313,50,0,1.8599298610924564,0,0,66.0,0,0
2021-03-24,0.6030558857993803,50,0,3.997568041599184,0,100,83.08977402167108,0,100,-0.5441178348381674,50,0,1.7532623152972362,0,0,65.0,0,0
2021-03-25,0.5897867760669274,50,0,3.9926144046335845,0,100,83.08977402167108,0,100,-0.5159840442971779,50,0,1.7436243854961375,0,0,60.0,0,0
2021-03-26,0.7203927556227434,50,0,4.249142703569864,0,100,83.08977402167108,0,100,-0.5113359473808833,50,0,1.8471430981368941,0,0,54.0,0,0
2021-03-27,0.7457393481831854,50,0,4.2933930525163255,0,100,83.08977402167108,0,100,-0.5226589969618158,50,0,1.8576217950469052,0,0,65.0,0,0
2021-03-28,0.6994886454671229,50,0,4.199704363589865,0,100,83.08977402167108,0,100,-0.5408587699151578,50,0,1.808952629763642,0,0,74.0,0,0
2021-03-29,0.851073286145605,50,0,4.500712008066818,0,100,83.08977402167108,0,100,-0.48866928578771324,50,0,1.9292378908726344,0,0,72.0,0,0
2021-03-30,0.8741804043127163,50,0,4.561534867424593,0,100,83.08977402167108,0,100,-0.4925532865336766,50,0,1.945705869824677,0,0,72.0,0,0
2021-03-31,0.951753580429699,50,0,4.735724686311889,0,100,87.36445439988805,0,100,-0.4393574927520156,50,0,2.009782753779778,0,0,76.0,0,0
2021-04-01,0.9800940870475372,50,0,4.855029662130151,0,100,87.36445439988805,0,100,-0.4001994909740023,50,0,2.0495271153814136,0,0,74.0,0,0
2021-04-02,1.1211530443528699,50,0,5.2384380324618895,0,100,87.36445439988805,0,100,-0.2866193529164443,50,0,2.1987243681516313,0,0,74.0,0,0
2021-04-03,0.9780575882294312,50,0,4.955428628614968,0,100,87.36445439988805,0,100,-0.3209631132605624,50,0,2.0688002864298456,0,0,73.0,0,0
2021-04-04,0.9753138681200647,50,0,5.067049397097289,0,100,87.36445439988805,0,100,-0.30636731177997123,50,0,2.103775875062763,0,0,74.0,0,0
2021-04-05,0.9656502933740274,50,0,5.104565802222946,0,100,87.36445439988805,0,100,-0.3046301512180946,50,0,2.1079360399026466,0,0,71.0,0,0
2021-04-06,0.9800612525894178,50,0,5.130302241050044,0,100,87.36445439988805,0,100,-0.27395350736772284,50,0,2.107031702709051,0,0,75.0,0,0
2021-04-07,0.8296889201155859,50,0,4.797250909072434,0,100,87.36445439988805,0,100,-0.32390744662167187,50,0,1.960528852658284,0,0,72.0,0,0
2021-04-08,0.925264684638541,50,0,5.006603331515676,0,100,87.36445439988805,0,100,-0.29917613721670605,50,0,2.0353565591799927,0,0,73.0,0,0
2021-04-09,0.9015705247395221,50,0,4.961244334136308,0,100,87.36445439988805,0,100,-0.31079752150473716,50,0,2.006189777019914,0,0,70.0,0,0
2021-04-10,0.9705224404184454,50,0,5.09963518796424,0,100,87.36445439988805,0,100,-0.3056016861394771,50,0,2.0506769264139324,0,0,70.0,0,0
2021-04-11,0.9653410677551749,50,0,5.117836619524662,0,100,87.36445439988805,0,100,-0.3026297306721596,50,0,2.0463676766180976,0,0,76.0,0,0
2021-04-12,0.9560541520928939,50,0,5.0989103688428346,0,100,87.36445439988805,0,100,-0.30304475401934616,50,0,2.027542189899324,0,0,74.0,0,0
2021-04-13,1.0965932827132185,50,0,5.450186688046406,0,100,87.36445439988805,0,100,-0.28373682014179924,50,0,2.15442585637066,0,0,74.0,0,0
2021-04-14,1.1869194403252472,50,0,5.743906099485674,0,100,87.36445439988805,0,100,-0.17875497124003942,50,0,2.2566084442099834,0,0,75.0,0,0
2021-04-15,1.2300266115311007,50,0,5.933113501968628,0,100,87.36445439988805,0,100,-0.12747305481095494,50,0,2.316245958624632,0,0,79.0,0,100
2021-04-16,1.1026729207434474,50,0,5.698391271877379,0,100,87.36445439988805,0,100,-0.14501401870201233,50,0,2.2113095624788586,0,0,78.0,0,0
2021-04-17,1.003495598797381,50,0,5.47800562144666,0,100,87.36445439988805,0,100,-0.17023430504523163,50,0,2.1137417233513243,0,0,76.0,0,0
2021-04-18,0.8900725175323421,50,0,5.230669141519516,0,100,87.36445439988805,0,100,-0.13013141231911854,50,0,2.0076242488079052,0,0,79.0,0,100
2021-04-19,0.8155548827601056,50,0,5.040936543628309,0,100,87.36445439988805,0,100,-0.16974242983758275,50,0,1.9249929395011365,0,0,74.0,0,0
2021-04-20,0.9694696073596392,50,0,5.394846810667013,0,100,87.36445439988805,0,100,-0.06787556488689761,50,0,2.048881658464262,0,0,73.0,0,0
2021-04-21,0.9978615202693436,50,0,5.458610946260254,0,100,87.36445439988805,0,100,0.04087973594557426,50,0,2.061810428791954,0,0,73.0,0,0
2021-04-22,1.0277462792822891,50,0,5.5679676343819136,0,100,87.36445439988805,0,100,0.16497279857466823,50,0,2.091542834406805,0,0,65.0,0,0
2021-04-23,0.9572111555092487,50,0,5.40591746578835,0,100,87.36445439988805,0,100,0.14862955631136043,50,0,2.019955434243513,0,0,55.0,0,0
2021-04-24,0.8290634191141251,50,0,5.113288202184707,0,100,87.36445439988805,0,100,0.0721373546275705,50,0,1.901209781108884,0,0,37.0,50,0
2021-04-25,0.8910338501299302,50,0,5.2422073769520665,0,100,87.36445439988805,0,100,0.18058053718438177,50,0,1.9394360077376964,0,0,31.0,50,0
2021-04-26,1.10192247962348,50,0,5.734854458941386,0,100,87.36445439988805,0,100,0.17312949278015685,50,0,2.110190197893069,0,0,27.0,50,0
2021-04-27,1.185150101039386,50,0,5.98499125716015,0,100,87.36445439988805,0,100,0.22755067649142627,50,0,2.189822022879458,0,0,50.0,0,0
2021-04-28,1.2259204609883219,50,0,6.17315602879563,0,100,87.36445439988805,0,100,0.31039689042354746,50,0,2.2454986828423884,0,0,59.0,0,0
2021-04-29,1.2132745928795976,50,0,6.1942503159233535,0,100,87.36445439988805,0,100,0.3757603399355683,50,0,2.240210610975848,0,0,52.0,0,0
2021-04-30,1.2051599503740416,50,0,6.191458075801108,0,100,91.42010342704751,0,100,0.22262843264614,50,0,2.2266231658490936,0,0,51.0,0,0
2021-05-01,1.3067410561104806,50,0,6.563412578220712,0,100,91.42010342704751,0,100,0.3514974145481141,50,0,2.3463054285683658,0,0,68.0,0,0
2021-05-02,1.2948357074716397,50,0,6.542714630193699,0,100,91.42010342704751,0,100,0.40398766928705376,50,0,2.3250161744573847,0,0,66.0,0,0
2021-05-03,1.609761914007674,50,0,7.564578617630214,0,100,91.42010342704751,0,100,0.7373712946817358,50,0,2.669475632027652,0,100,61.0,0,0
2021-05-04,1.4279633210387794,50,0,7.187113814214235,0,100,91.42010342704751,0,100,0.7815651719163046,50,0,2.5197630362494827,0,100,68.0,0,0
2021-05-05,1.581959922416685,50,0,7.698694095863201,0,100,91.42010342704751,0,100,0.8044640560725015,50,0,2.680352345806798,0,100,48.0,50,0
2021-05-06,1.4998069899362336,50,0,7.604919654185072,0,100,91.42010342704751,0,100,0.8232895721100769,50,0,2.629844901843436,0,100,65.0,0,0
2021-05-07,1.441476383176888,50,0,7.528130047880068,0,100,91.42010342704751,0,100,0.771997711800069,50,0,2.586242487828375,0,100,64.0,0,0
2021-05-08,1.68101739664758,50,0,8.354727229107757,0,100,91.42010342704751,0,100,1.0061627533796962,0,0,2.8491412554210624,0,100,67.0,0,0
2021-05-09,1.66443945896653,50,0,8.37046884395844,0,100,91.42010342704751,0,100,1.0497054140001718,0,0,2.8340292523123893,0,100,73.0,0,0
2021-05-10,1.6156216659928853,50,0,8.403999901965545,0,100,91.42010342704751,0,100,1.2025839011206823,0,0,2.8254845231246732,0,100,72.0,0,0
2021-05-11,1.6254638621536615,50,0,8.779406095802836,0,100,91.42010342704751,0,100,1.3176872901624967,0,0,2.9302351870869225,0,100,61.0,0,0
2021-05-12,1.4544753247426445,50,0,8.351249819584957,0,100,91.42010342704751,0,100,1.5151425429124499,0,100,2.76835046829923,0,100,68.0,0,0
2021-05-13,1.2379497237626325,50,0,7.705284099853786,0,100,91.42010342704751,0,100,1.37273928990282,0,0,2.5385674337918696,0,100,31.0,50,0
2021-05-14,1.4832962308359154,50,0,8.490953465112602,0,100,91.42010342704751,0,100,1.6764129237569942,0,100,2.778335618460997,0,100,26.0,50,0
2021-05-15,1.202920321633458,50,0,7.59110863953996,0,100,91.42010342704751,0,100,1.5180491732054808,0,100,2.4693695630630246,0,100,27.0,50,0
2021-05-16,1.1303185093614818,50,0,7.333514432393318,0,100,91.42010342704751,0,100,1.4930573588724438,0,0,2.37225073522159,0,0,20.0,100,0
2021-05-17,0.9380358297368001,50,0,6.7152220617501115,0,100,91.42010342704751,0,100,1.404168745828302,0,0,2.1613076109215936,0,0,27.0,50,0
2021-05-18,1.0321619215945654,50,0,6.864299423462928,0,100,91.42010342704751,0,100,1.546259712327839,0,100,2.1978194137372493,0,0,21.0,100,0
2021-05-19,0.44601879315530285,50,0,5.15012682789956,0,100,91.42010342704751,0,100,1.057416337591365,0,0,1.6430794577096357,0,0,23.0,100,0
2021-05-20,0.638776486570595,50,0,5.621191108484436,0,100,91.42010342704751,0,100,1.0885832857710858,0,0,1.7862236203170574,0,0,11.0,100,0
2021-05-21,0.3610991459015178,50,0,4.869281363611931,0,100,91.42010342704751,0,100,0.9529175947681867,0,0,1.5421418776857854,0,0,19.0,100,0
2021-05-22,0.288081323805252,50,0,4.667356017479139,0,100,91.42010342704751,0,100,0.8115250789439621,50,0,1.4735443650553939,0,0,12.0,100,0
2021-05-23,0.10573570109227826,50,0,4.223100906884294,0,100,91.42010342704751,0,100,0.7640394863400815,50,0,1.3296901353461779,50,0,14.0,100,0
2021-05-24,0.5470418822903295,50,0,5.249132589221991,0,100,91.42010342704751,0,100,1.0840402078602829,0,0,1.646943019154275,0,0,10.0,100,0
2021-05-25,0.6019262108410565,50,0,5.370771770062352,0,100,91.42010342704751,0,100,1.1908607500114352,0,0,1.6793081407559438,0,0,22.0,100,0
2021-05-26,0.7255337400720181,50,0,5.692017594462636,0,100,91.42010342704751,0,100,1.3083595144695315,0,0,1.773077971284509,0,0,22.0,100,0
2021-05-27,0.646810913591102,50,0,5.423249656858779,0,100,91.42010342704751,0,100,1.2238792429423295,0,0,1.6835355559377903,0,0,27.0,50,0
2021-05-28,0.37783431554752905,50,0,4.760223207428663,0,100,91.42010342704751,0,100,1.0784400724318983,0,0,1.4734425804509874,0,0,21.0,100,0
2021-05-29,0.27192648449889345,50,0,4.497829735588088,0,100,91.42010342704751,0,100,0.9985213765698057,0,0,1.3885237990459682,50,0,18.0,100,0
2021-05-30,0.3772912383462242,50,0,4.68551217614733,0,100,91.42010342704751,0,100,1.0454023640372916,0,0,1.4424860809089857,50,0,10.0,100,0
2021-05-31,0.6359655499758725,50,0,5.269505325443112,0,100,88.86193230550579,0,100,1.271697944058987,0,0,1.6170412922130548,0,0,18.0,100,0
2021-06-01,0.5731648111764668,50,0,5.10986239663374,0,100,88.86193230550579,0,100,1.241304342437363,0,0,1.563235180081847,0,0,20.0,100,0
2021-06-02,0.6414230782874946,50,0,5.260812877127695,0,100,88.86193230550579,0,100,1.260632591694955,0,0,1.604250951910641,0,0,23.0,100,0
2021-06-03,0.7555775408832708,50,0,5.522671446017811,0,100,88.86193230550579,0,100,1.3000264310311747,0,0,1.6782939972336168,0,0,24.0,100,0
2021-06-04,0.6083653824988661,50,0,5.17791363629081,0,100,88.86193230550579,0,100,1.2962939469765842,0,0,1.5686287238081358,0,0,27.0,50,0
2021-06-05,0.5357064888981975,50,0,4.999390778572552,0,100,88.86193230550579,0,100,1.324534835344317,0,0,1.5101065354571706,0,0,24.0,100,0
2021-06-06,0.6212470770858517,50,0,5.17615904647763,0,100,88.86193230550579,0,100,1.418860214931184,0,0,1.5586712207088738,0,0,17.0,100,0
2021-06-07,0.536144686851598,50,0,4.95773474731682,0,100,88.86193230550579,0,100,1.4766360351105352,0,0,1.488525019138437,0,0,15.0,100,0
2021-06-08,0.47589728519878505,50,0,4.788590379453376,0,100,88.86193230550579,0,100,1.3970903406843487,0,0,1.4338490946828457,50,0,13.0,100,0
2021-06-09,0.5506097845770778,50,0,4.937682490843473,0,100,88.86193230550579,0,100,1.1588691394552963,0,0,1.4744894058749431,0,0,14.0,100,0
2021-06-10,0.44714356356410756,50,0,4.688393414076823,0,100,88.86193230550579,0,100,1.0581741823256585,0,0,1.3966056651909136,50,0,21.0,100,0
2021-06-11,0.33133774970067076,50,0,4.418634565278526,0,100,88.86193230550579,0,100,0.8722374175724885,50,0,1.3134402130687766,50,0,21.0,100,0
2021-06-12,0.36256072272349943,50,0,4.473634536606045,0,100,88.86193230550579,0,100,1.0309006011018225,0,0,1.3268961054188442,50,0,28.0,50,0
2021-06-13,0.47240048219138714,50,0,4.692364761958954,0,100,88.86193230550579,0,100,0.9274206289311767,0,0,1.3884041971744958,50,0,23.0,100,0
2021-06-14,0.5280462780452679,50,0,4.813333028700549,0,100,88.86193230550579,0,100,0.8996817338048178,0,0,1.420432082330763,50,0,28.0,50,0
2021-06-15,0.5069155800581643,50,0,4.753565444282279,0,100,88.86193230550579,0,100,0.88737631881343,0,0,1.3991864274223986,50,0,38.0,50,0
2021-06-16,0.3422973728442921,50,0,4.384499327517251,0,100,88.86193230550579,0,100,0.8135519783924137,50,0,1.2876674006398405,50,0,33.0,50,0
2021-06-17,0.351096467239443,50,0,4.386196177644763,0,100,88.86193230550579,0,100,0.8391755852354158,50,0,1.2854106779787802,50,0,26.0,50,0
2021-06-18,0.23016275807889225,50,0,4.10935519675975,0,100,88.86193230550579,0,100,0.8388573704179473,50,0,1.2021023535914301,50,0,25.0,100,0
2021-06-19,0.18479936093266564,50,0,4.0073792192045055,0,100,88.86193230550579,0,100,0.7904648138654851,50,0,1.170164655292081,50,0,23.0,100,0
2021-06-20,0.24843294004338956,50,0,4.121962659573766,0,100,88.86193230550579,0,100,0.8693534436624553,50,0,1.2013913421241487,50,0,21.0,100,0
2021-06-21,-0.06591227655604501,50,0,3.4856469520758737,0,100,88.86193230550579,0,100,0.7369140305415671,50,0,1.0145515564244787,50,0,23.0,100,0
2021-06-22,-0.0811261816386781,50,0,3.418587140624072,0,100,88.86193230550579,0,100,0.6392404279061031,50,0,0.9936213118794518,50,0,10.0,100,0
2021-06-23,0.023194211583343734,50,0,3.5838349715934075,0,100,88.86193230550579,0,100,0.6704811453061519,50,0,1.0401075227570684,50,0,14.0,100,0
2021-06-24,0.048996383605523726,50,0,3.6208334237737647,0,100,88.86193230550579,0,100,0.6249432693938767,50,0,1.049274051862285,50,0,22.0,100,0
2021-06-25,-0.11089640785610243,50,0,3.3067463611530634,0,100,88.86193230550579,0,100,0.6273035122120054,50,0,0.9570126769099029,50,0,27.0,50,0
2021-06-26,-0.12546917885482958,50,0,3.2716299567210667,0,100,88.86193230550579,0,100,0.5898235635956542,50,0,0.9455521254577354,50,0,20.0,100,0
2021-06-27,0.03620532091382919,50,0,3.5592697137262745,0,100,88.86193230550579,0,100,0.6082172559345177,50,0,1.0270982701118347,50,0,22.0,100,0
2021-06-28,0.1440914031857318,50,0,3.7587576030499954,0,100,88.86193230550579,0,100,0.7612587660519331,50,0,1.0827964944676667,50,0,25.0,100,0
2021-06-29,0.2284268671826985,50,0,3.913659904602939,0,100,88.86193230550579,0,100,0.7570639760034967,50,0,1.1252754968190233,50,0,25.0,100,0
2021-06-30,0.3226196036161531,50,0,4.088184730134437,0,100,75.24174110965514,0,0,0.9470571660932002,0,0,1.173131225416774,50,0,28.0,50,0
2021-07-01,0.19996143304792238,50,0,3.796013593011257,0,100,75.24174110965514,0,0,0.8743157431081415,50,0,1.087428770727816,50,0,28.0,50,0
2021-07-02,0.23220878481653515,50,0,3.8509584509540375,0,100,75.24174110965514,0,0,0.8971409060502209,0,0,1.1012287079268774,50,0,21.0,100,0
2021-07-03,0.29362349241841834,50,0,3.9595442650589496,0,100,75.24174110965514,0,0,0.9153850294630334,0,0,1.1302751659718,50,0,24.0,100,0
2021-07-04,0.3941902863381037,50,0,4.145686139063328,0,100,75.24174110965514,0,0,0.9894988714215879,0,0,1.1812999224309764,50,0,27.0,50,0
2021-07-05,0.29366737798550613,50,0,3.944892467306023,0,100,75.24174110965514,0,0,0.9738809995087613,0,0,1.1223199745332746,50,0,29.0,50,0
2021-07-06,0.38225917192017417,50,0,4.1113409547137145,0,100,75.24174110965514,0,0,1.0818869543555512,0,0,1.1677194363240204,50,0,20.0,100,0
2021-07-07,0.37247025989690474,50,0,4.099244028006528,0,100,75.24174110965514,0,0,1.0971670267954376,0,0,1.162349953580145,50,0,28.0,50,0
2021-07-08,0.19276115256412174,50,0,3.7402542444224904,0,100,75.24174110965514,0,0,0.9368038183768961,0,0,1.059014300127166,50,0,20.0,100,0
2021-07-09,0.2258093322147754,50,0,3.7929518818487975,0,100,75.24174110965514,0,0,0.8912717427379646,0,0,1.0723017328494275,50,0,20.0,100,0
2021-07-10,0.19066974438340728,50,0,3.7198253902765366,0,100,75.24174110965514,0,0,0.8689688867368323,50,0,1.0501484427327843,50,0,20.0,100,0
2021-07-11,0.21256725949871247,50,0,3.7518058176021034,0,100,75.24174110965514,0,0,0.8467773218510416,50,0,1.057551339792089,50,0,20.0,100,0
2021-07-12,0.12638018833753167,50,0,3.5562232536332985,0,100,75.24174110965514,0,0,0.7987032416593436,50,0,1.0010837112089914,50,0,25.0,100,0
2021-07-13,0.03898738116098035,50,0,3.385899373731994,0,100,75.24174110965514,0,0,0.7154266840429045,50,0,0.9520176440468365,50,0,20.0,100,0
2021-07-14,0.09695278267892883,50,0,3.470648104767227,0,100,75.24174110965514,0,0,0.7725560751255495,50,0,0.9746888317148307,50,0,21.0,100,0
2021-07-15,0.022564902449814624,50,0,3.3250670229701345,0,100,75.24174110965514,0,0,0.7544722152569444,50,0,0.932970769000953,50,0,20.0,100,0
2021-07-16,-0.007543635075118309,50,0,3.258083401144488,0,100,75.24174110965514,0,0,0.7276879771341639,50,0,0.9134575301255003,50,0,22.0,100,0
2021-07-17,0.011216603524936608,50,0,3.2841175135469376,0,100,75.24174110965514,0,0,0.7459121337363421,50,0,0.9200231838449775,50,0,15.0,100,0
2021-07-18,0.011682361264304617,50,0,3.2701072223688277,0,100,75.24174110965514,0,0,0.7270568941184459,50,0,0.9154144146274743,50,0,19.0,100,0
2021-07-19,-0.055649873599116065,50,0,3.142419964712854,0,100,75.24174110965514,0,0,0.6973872660817357,50,0,0.8790240702889687,50,0,24.0,100,0
2021-07-20,-0.08979920171211449,50,0,3.073147793385296,0,100,75.24174110965514,0,0,0.7393680763228645,50,0,0.8590509581641391,50,0,19.0,100,0
2021-07-21,0.11407341048898247,50,0,3.4105541191498876,0,100,75.24174110965514,0,0,0.8185074275353468,50,0,0.9525877147479287,50,0,10.0,100,0
2021-07-22,0.14552717457028974,50,0,3.463924503068262,0,100,75.24174110965514,0,0,0.850299104328369,50,0,0.9671951669410188,50,0,21.0,100,0
2021-07-23,0.23239136794743875,50,0,3.613082596194092,0,100,75.24174110965514,0,0,0.877268536106543,50,0,1.0085147444585056,50,0,23.0,100,0
2021-07-24,0.2947089803418856,50,0,3.7184122874757057,0,100,75.24174110965514,0,0,0.9033187699459683,0,0,1.0376476447218945,50,0,22.0,100,0
2021-07-25,0.30070817707349895,50,0,3.7236098556859223,0,100,75.24174110965514,0,0,0.8387250263379389,50,0,1.039063440614428,50,0,27.0,50,0
2021-07-26,0.3417911439204077,50,0,3.8060375781029134,0,100,75.24174110965514,0,0,0.7339739898862865,50,0,1.0620032400949382,50,0,26.0,50,0
2021-07-27,0.3787354001929264,50,0,3.873192737403649,0,100,75.24174110965514,0,0,0.6727965604261015,50,0,1.0806298775068013,50,0,32.0,50,0
2021-07-28,0.38094623581658743,50,0,3.8821607288223845,0,100,75.24174110965514,0,0,0.6332469507275644,50,0,1.0831502461104354,50,0,50.0,0,0
2021-07-29,0.45365197235806043,50,0,4.019808892397128,0,100,75.24174110965514,0,0,0.7180777658831394,50,0,1.1214152682792395,50,0,50.0,0,0
2021-07-30,0.49124373469644755,50,0,4.12178756850929,0,100,75.24174110965514,0,0,0.6825489945481293,50,0,1.1491572863523247,50,0,53.0,0,0
2021-07-31,0.5628614816679018,50,0,4.266790406371677,0,100,77.59840360519638,0,0,0.7782229893150222,50,0,1.188593995153977,50,0,60.0,0,0
2021-08-01,0.5727446141514829,50,0,4.2876485874993575,0,100,77.59840360519638,0,0,0.9187416069728966,0,0,1.1936358885404597,50,0,60.0,0,0
2021-08-02,0.6125462440270796,50,0,4.368019696454921,0,100,77.59840360519638,0,0,1.0260485197595002,0,0,1.2154050302419475,50,0,48.0,50,0
2021-08-03,0.516477676377755,50,0,4.179962996237325,0,100,77.59840360519638,0,0,0.9827870557822161,0,0,1.16252703209741,50,0,48.0,50,0
2021-08-04,0.6650084674260165,50,0,4.524529622427453,0,100,77.59840360519638,0,0,1.110054426279014,0,0,1.2576460911804377,50,0,42.0,50,0
2021-08-05,0.7275715273182729,50,0,4.672402903375541,0,100,77.59840360519638,0,0,1.1284713895305827,0,0,1.2979050975134054,50,0,50.0,0,0
2021-08-06,0.7655176539381204,50,0,4.761240100799575,0,100,77.59840360519638,0,0,1.0629723598087133,0,0,1.3216482056385568,50,0,52.0,0,0
2021-08-07,0.9498464813124546,50,0,5.164982227154323,0,100,77.59840360519638,0,0,1.1994371096046572,0,0,1.4327409857667577,50,0,69.0,0,0
2021-08-08,0.8493713976257483,50,0,4.958505363391188,0,100,77.59840360519638,0,0,1.121279886587221,0,0,1.3746549526850977,50,0,74.0,0,0
2021-08-09,0.9312272158680234,50,0,5.155678025214569,0,100,77.59840360519638,0,0,1.0961799074209042,0,0,1.427538439274527,50,0,65.0,0,0
2021-08-10,0.9072008368662365,50,0,5.111717812257008,0,100,77.59840360519638,0,0,1.1307181671923843,0,0,1.4139680392416074,50,0,71.0,0,0
2021-08-11,0.9079042590231041,50,0,5.1382686452120465,0,100,77.59840360519638,0,0,1.1438099565424058,0,0,1.4198621799825693,50,0,70.0,0,0
2021-08-12,0.802144649514555,50,0,4.911082059771247,0,100,77.59840360519638,0,0,1.1027311151394708,0,0,1.3563663976574616,50,0,70.0,0,0
2021-08-13,0.9992986822124681,50,0,5.342762909078088,0,100,77.59840360519638,0,0,1.1495140703463014,0,0,1.4741167659207512,0,0,70.0,0,0
2021-08-14,0.9516150994888317,50,0,5.2485231259203,0,100,77.59840360519638,0,0,1.1437747574525223,0,0,1.4468646872417312,50,0,76.0,0,0
2021-08-15,0.9791787810433839,50,0,5.297500570292135,0,100,77.59840360519638,0,0,1.1851402041044798,0,0,1.4586841938459179,50,0,71.0,0,0
2021-08-16,0.8540922494136497,50,0,5.036506852250611,0,100,77.59840360519638,0,0,1.113673648807979,0,0,1.3857500757969607,50,0,72.0,0,0
2021-08-17,0.7447661955897129,50,0,4.802874789912408,0,100,77.59840360519638,0,0,1.065571474974817,0,0,1.3207958609017454,50,0,72.0,0,0
2021-08-18,0.7579522258493803,50,0,4.82092929273752,0,100,77.59840360519638,0,0,1.0698991097124468,0,0,1.3250553139085839,50,0,73.0,0,0
2021-08-19,0.8528604184589771,50,0,5.014930082357599,0,100,77.59840360519638,0,0,1.0866524115794298,0,0,1.3772791777644913,50,0,70.0,0,0
2021-08-20,0.9177735635770036,50,0,5.162314482890257,0,100,77.59840360519638,0,0,1.0234665073813065,0,0,1.4166496624527438,50,0,70.0,0,0
2021-08-21,0.8808523590829304,50,0,5.07703622284743,0,100,77.59840360519638,0,0,0.9952500084121025,0,0,1.3926992593487522,50,0,78.0,0,0
2021-08-22,0.886013210448901,50,0,5.077794038860153,0,100,77.59840360519638,0,0,0.988155089166193,0,0,1.3927591143430313,50,0,76.0,0,0
2021-08-23,0.9282054143855939,50,0,5.180269249440271,0,100,77.59840360519638,0,0,1.0418013211053383,0,0,1.4204647237911454,50,0,79.0,0,100
2021-08-24,0.807805991087887,50,0,4.947608272769419,0,100,77.59840360519638,0,0,1.017118635962309,0,0,1.3567850025963666,50,0,79.0,0,100
2021-08-25,0.8265168801271429,50,0,5.001417440453436,0,100,77.59840360519638,0,0,0.9939086327396391,0,0,1.3714879210982045,50,0,73.0,0,0
2021-08-26,0.7423259702743753,50,0,4.8188950748719,0,100,77.59840360519638,0,0,1.0042033387786913,0,0,1.3213439861069567,50,0,75.0,0,0
2021-08-27,0.8434882457831612,50,0,5.03312287669525,0,100,77.59840360519638,0,0,1.0275056712606638,0,0,1.380150668378893,50,0,71.0,0,0
2021-08-28,0.8179146301108279,50,0,4.9749178554129125,0,100,77.59840360519638,0,0,1.0149240228773122,0,0,1.364373103875493,50,0,78.0,0,0
2021-08-29,0.8087858395296685,50,0,4.9410335211809775,0,100,77.59840360519638,0,0,0.9989822474552844,0,0,1.3551989708390426,50,0,72.0,0,0
2021-08-30,0.8088495337981669,50,0,4.93660830655868,0,100,77.59840360519638,0,0,1.11571189539706,0,0,1.3541960869926515,50,0,73.0,0,0
2021-08-31,0.9302728616884676,50,0,5.213961967237021,0,100,83.21185374836723,0,100,1.286394218700801,0,0,1.4304072989203647,50,0,73.0,0,0
2021-09-01,1.1133900525140163,50,0,5.741919441283372,0,100,83.21185374836723,0,100,1.5120027455193248,0,100,1.5747571788972212,0,0,71.0,0,0
2021-09-02,1.0627978340890796,50,0,5.717314338874722,0,100,83.21185374836723,0,100,1.4640295123267129,0,0,1.5675120178771935,0,0,74.0,0,0
2021-09-03,1.1276072979592509,50,0,5.885429785371779,0,100,83.21185374836723,0,100,1.5408743967475789,0,100,1.612778529351653,0,0,74.0,0,0
2021-09-04,1.0968786632387881,50,0,5.814468524840173,0,100,83.21185374836723,0,100,1.5089639590925727,0,100,1.592562445418731,0,0,72.0,0,0
2021-09-05,1.1360819595792382,50,0,5.893746326166209,0,100,83.21185374836723,0,100,1.44744681496977,0,0,1.6136133942987183,0,0,73.0,0,0
2021-09-06,1.1073578466818723,50,0,5.832774820745469,0,100,83.21185374836723,0,100,1.3705333326009925,0,0,1.5965897600000845,0,0,79.0,0,100
2021-09-07,0.8011460118201887,50,0,5.079515061451138,0,100,83.21185374836723,0,100,1.3115935267728698,0,0,1.3908733424332678,50,0,79.0,0,100
2021-09-08,0.8453571703384487,50,0,5.172898523747575,0,100,83.21185374836723,0,100,1.4269689335762614,0,0,1.4166537154705419,50,0,47.0,50,0
2021-09-09,0.7936512967533357,50,0,5.045876601123218,0,100,83.21185374836723,0,100,1.3391575429991514,0,0,1.3822154513605063,50,0,45.0,50,0
2021-09-10,0.6436611434240456,50,0,4.69541703185522,0,100,83.21185374836723,0,100,1.2388612690480003,0,0,1.2864252824561013,50,0,46.0,50,0
2021-09-11,0.6811785916842084,50,0,4.761395193380217,0,100,83.21185374836723,0,100,1.2686281453591872,0,0,1.3040799385277888,50,0,31.0,50,0
2021-09-12,0.7894379158613493,50,0,4.97680879475925,0,100,83.21185374836723,0,100,1.3435166316114682,0,0,1.3625931185358715,50,0,32.0,50,0
2021-09-13,0.698041154313512,50,0,4.775399131684131,0,100,83.21185374836723,0,100,1.3050723459927507,0,0,1.3068098042958232,50,0,44.0,50,0
2021-09-14,0.7852852007440947,50,0,4.948468323457803,0,100,83.21185374836723,0,100,1.2882425497537353,0,0,1.353188611201428,50,0,30.0,50,0
2021-09-15,0.9086963919070986,50,0,5.179016839909904,0,100,83.21185374836723,0,100,1.3670436121851306,0,0,1.4150230391195628,50,0,49.0,50,0
2021-09-16,0.8858842881485243,50,0,5.128253993951434,0,100,83.21185374836723,0,100,1.3708612354702976,0,0,1.3999184396970827,50,0,53.0,0,0
2021-09-17,0.7600281500888958,50,0,4.866858995184391,0,100,83.21185374836723,0,100,1.2544447161149408,0,0,1.327965868103038,50,0,48.0,50,0
2021-09-18,0.7795842177259056,50,0,4.892291014405228,0,100,83.21185374836723,0,100,1.2162715854284216,0,0,1.3340632893884043,50,0,50.0,0,0
2021-09-19,0.7062009235037262,50,0,4.727962752821119,0,100,83.21185374836723,0,100,1.1843452197664235,0,0,1.288794971912316,50,0,53.0,0,0
2021-09-20,0.47476780518664385,50,0,4.211827806148314,0,100,83.21185374836723,0,100,1.1362588511197045,0,0,1.1479530071237052,50,0,50.0,0,0
2021-09-21,0.3253274035075575,50,0,3.890622455868407,0,100,83.21185374836723,0,100,1.0742441791603468,0,0,1.0604784513129055,50,0,27.0,50,0
2021-09-22,0.5726958549591082,50,0,4.329265132314064,0,100,83.21185374836723,0,100,1.1840757552523575,0,0,1.1800456768723022,50,0,21.0,100,0
2021-09-23,0.6305744456237673,50,0,4.435410626816739,0,100,83.21185374836723,0,100,1.1778571403929754,0,0,1.2089869858382085,50,0,27.0,50,0
2021-09-24,0.48512839240107397,50,0,4.122322095560707,0,100,83.21185374836723,0,100,1.1068862910778632,0,0,1.1240392869938427,50,0,33.0,50,0
2021-09-25,0.48674769934878914,50,0,4.112055870735357,0,100,83.21185374836723,0,100,1.1115220429872619,0,0,1.1217146517992858,50,0,28.0,50,0
2021-09-26,0.5436211850286038,50,0,4.2638492063492555,0,100,83.21185374836723,0,100,1.20029919930715,0,0,1.163352751148302,50,0,27.0,50,0
2021-09-27,0.4746620806224049,50,0,4.119257539888507,0,100,83.21185374836723,0,100,1.1483675073068111,0,0,1.124268186961651,50,0,26.0,50,0
2021-09-28,0.3796714214327811,50,0,3.919086427160841,0,100,83.21185374836723,0,100,1.0977486686814515,0,0,1.0700048781595122,50,0,25.0,100,0
2021-09-29,0.4053579912229558,50,0,3.948134037705432,0,100,83.21185374836723,0,100,1.11016926978471,0,0,1.0786453923927266,50,0,24.0,100,0
2021-09-30,0.5183882114199658,50,0,4.157317894151801,0,100,73.5824629512247,0,0,1.1088009483319166,0,0,1.136252680719839,50,0,20.0,100,0
2021-10-01,0.7184292274281499,50,0,4.557154611834279,0,100,73.5824629512247,0,0,1.1118046215446638,0,0,1.245488395130668,50,0,27.0,50,0
2021-10-02,0.7748419075043266,50,0,4.6740306334675035,0,100,73.5824629512247,0,0,1.2145381929480263,0,0,1.2772789350192546,50,0,54.0,0,0
2021-10-03,0.7845130828051766,50,0,4.6969809942564265,0,100,73.5824629512247,0,0,1.2122636232347797,0,0,1.2834151681139236,50,0,49.0,50,0
2021-10-04,0.7582536349743845,50,0,4.6440882371251435,0,100,73.5824629512247,0,0,1.1197705261541775,0,0,1.2687706689624587,50,0,54.0,0,0
2021-10-05,0.8332923662253047,50,0,4.806044794780216,0,100,73.5824629512247,0,0,1.0969026520654934,0,0,1.312751190724457,50,0,59.0,0,0
2021-10-06,0.8687998857090624,50,0,4.883882957406444,0,100,73.5824629512247,0,0,0.944872693940019,0,0,1.3336999515953774,50,0,68.0,0,0
2021-10-07,0.8717194535322697,50,0,4.870121722621572,0,100,73.5824629512247,0,0,1.0292429656061455,0,0,1.329565701192225,50,0,76.0,0,0
2021-10-08,0.8480800044009928,50,0,4.817376282809676,0,100,73.5824629512247,0,0,0.9998802097108188,0,0,1.3145571942917849,50,0,74.0,0,0
2021-10-09,0.8578882666060074,50,0,4.828330584523582,0,100,73.5824629512247,0,0,0.9588943809761796,0,0,1.3168511971958572,50,0,72.0,0,0
2021-10-10,0.7583811567589741,50,0,4.61560877192009,0,100,73.5824629512247,0,0,0.8583524709392429,50,0,1.258187480415408,50,0,71.0,0,0
2021-10-11,0.7962373381975377,50,0,4.719711450253,0,100,73.5824629512247,0,0,0.8021279132554535,50,0,1.285739217201282,50,0,71.0,0,0
2021-10-12,0.7753344985487919,50,0,4.669196707012757,0,100,73.5824629512247,0,0,0.83189124252716,50,0,1.271229107683589,50,0,78.0,0,0
2021-10-13,0.8400412147897269,50,0,4.798091665778306,0,100,73.5824629512247,0,0,0.857937867643984,50,0,1.305468853996221,50,0,70.0,0,0
2021-10-14,0.9315143444370456,50,0,5.035319618619822,0,100,73.5824629512247,0,0,0.9980940634979594,0,0,1.368825977519537,50,0,70.0,0,0
2021-10-15,0.9565840437654468,50,0,5.119853522429407,0,100,73.5824629512247,0,0,0.8629331273100171,50,0,1.3908448354704854,50,0,71.0,0,0
2021-10-16,0.9363849281237777,50,0,5.071706233270454,0,100,73.5824629512247,0,0,0.8681347320568125,50,0,1.3769118464466283,50,0,78.0,0,0
2021-10-17,0.9328499465646438,50,0,5.056382932383997,0,100,73.5824629512247,0,0,0.8444867299872917,50,0,1.3720531577023372,50,0,79.0,0,100
2021-10-18,0.8730662429674187,50,0,4.923612975525652,0,100,73.5824629512247,0,0,0.7593977046019085,50,0,1.3355082875792939,50,0,78.0,0,0
2021-10-19,0.9457730214975574,50,0,5.0785866350716,0,100,73.5824629512247,0,0,0.7521125285169473,50,0,1.3772161874126845,50,0,75.0,0,0
2021-10-20,1.0762379631723722,50,0,5.426330732827749,0,100,73.5824629512247,0,0,0.8639693299285055,50,0,1.470579278985163,0,0,82.0,0,100
2021-10-21,1.0050179290365846,50,0,5.294909032089232,0,100,73.5824629512247,0,0,0.9631372046492902,0,0,1.4342964050222016,50,0,84.0,0,100
2021-10-22,0.9593156690820401,50,0,5.1623559649002715,0,100,73.5824629512247,0,0,0.9745832041421424,0,0,1.3980477504719035,50,0,75.0,0,0
2021-10-23,1.0610049471775893,50,0,5.384181124298914,0,100,73.5824629512247,0,0,1.0810050374599258,0,0,1.4575314055439972,50,0,74.0,0,0
2021-10-24,1.008258076247492,50,0,5.260287467767386,0,100,73.5824629512247,0,0,1.0407742829286193,0,0,1.4232383517804115,50,0,73.0,0,0
2021-10-25,1.0765559384420078,50,0,5.4207519916335265,0,100,73.5824629512247,0,0,1.03580725529373,0,0,1.4658882112216718,0,0,72.0,0,0
2021-10-26,1.021277766558959,50,0,5.296542405297865,0,100,73.5824629512247,0,0,1.101819105781312,0,0,1.4316075760330893,50,0,76.0,0,0
2021-10-27,0.9094290686101981,50,0,5.0470511640552385,0,100,73.5824629512247,0,0,1.0593162522433182,0,0,1.363883694527029,50,0,73.0,0,0
2021-10-28,1.0909568943477705,50,0,5.452686688097692,0,100,73.5824629512247,0,0,1.1988487349858417,0,0,1.4728631723650856,0,0,66.0,0,0
2021-10-29,1.1392712539836425,50,0,5.60527630672059,0,100,73.5824629512247,0,0,1.210404694398044,0,0,1.5132197934149845,0,0,70.0,0,0
2021-10-30,1.076636108818092,50,0,5.458109269274328,0,100,73.5824629512247,0,0,1.1635072264345607,0,0,1.4732138421792906,0,0,73.0,0,0
2021-10-31,1.0633022227308515,50,0,5.4187051038110825,0,100,80.77620012716447,0,100,1.1664963461169864,0,0,1.4626183845606133,0,0,74.0,0,0
2021-11-01,1.0758306733718286,50,0,5.4413545670264165,0,100,80.77620012716447,0,100,1.2057205949455556,0,0,1.4689391408397572,0,0,74.0,0,0
2021-11-02,1.2065241776636824,50,0,5.749918111519465,0,100,80.77620012716447,0,100,1.290268222050563,0,0,1.5517443411432537,0,0,73.0,0,0
2021-11-03,1.1885255139392166,50,0,5.746744608839066,0,100,80.77620012716447,0,100,1.3022221135615237,0,0,1.550046812854644,0,0,76.0,0,0
2021-11-04,1.1046481050652959,50,0,5.6496374732521115,0,100,80.77620012716447,0,100,1.3378937902216186,0,0,1.522845799748427,0,0,73.0,0,0
2021-11-05,1.0615967125786991,50,0,5.559111832987736,0,100,80.77620012716447,0,100,1.3166923912809498,0,0,1.4973332764824532,0,0,73.0,0,0
2021-11-06,1.0789784040761867,50,0,5.584891626619381,0,100,80.77620012716447,0,100,1.3179395459677827,0,0,1.5034651900586133,0,0,71.0,0,0
2021-11-07,1.1252572379882997,50,0,5.688133884814907,0,100,80.77620012716447,0,100,1.3049691647447883,0,0,1.5302807311124262,0,0,73.0,0,0
2021-11-08,1.2102772782160818,50,0,5.918068907046899,0,100,80.77620012716447,0,100,1.2240074281906401,0,0,1.5909839766799692,0,0,75.0,0,0
2021-11-09,1.1525973609131661,50,0,5.807657396185129,0,100,80.77620012716447,0,100,1.1959754259542938,0,0,1.5598957074059208,0,0,84.0,0,100
2021-11-10,1.084230008112675,50,0,5.64895098776661,0,100,80.77620012716447,0,100,1.2288145006782778,0,0,1.5158214101213132,0,0,75.0,0,0
2021-11-11,1.1282580433225446,50,0,5.762635820059798,0,100,80.77620012716447,0,100,1.2904823558950702,0,0,1.545035939610173,0,0,77.0,0,0
2021-11-12,1.081368417931657,50,0,5.666624154759447,0,100,80.77620012716447,0,100,1.290043034320131,0,0,1.5184970212057192,0,0,74.0,0,0
2021-11-13,1.0685961865953957,50,0,5.629016198862587,0,100,80.77620012716447,0,100,1.262615266014628,0,0,1.5077872166375959,0,0,72.0,0,0
2021-11-14,1.0471094390379854,50,0,5.570425568512351,0,100,80.77620012716447,0,100,1.2088572640711417,0,0,1.4917617667272103,0,0,74.0,0,0
2021-11-15,0.9343312134782465,50,0,5.506329262635617,0,100,80.77620012716447,0,100,1.2429852545715325,0,0,1.4744656754033636,0,0,72.0,0,0
2021-11-16,0.7613322295084699,50,0,5.088410233657003,0,100,80.77620012716447,0,100,1.1791916880549458,0,0,1.363058803924585,50,0,71.0,0,0
2021-11-17,0.7791114164865273,50,0,5.111952283174054,0,100,80.77620012716447,0,100,1.2101684383459639,0,0,1.3702856692667549,50,0,52.0,0,0
2021-11-18,0.6319359342419415,50,0,4.764386647428951,0,100,80.77620012716447,0,100,1.1785872734120229,0,0,1.2782410992086444,50,0,54.0,0,0
2021-11-19,0.7979952347662528,50,0,5.115463505505679,0,100,80.77620012716447,0,100,1.341883804648692,0,0,1.374356858598685,50,0,34.0,50,0
2021-11-20,0.8698392608574567,50,0,5.246157625546805,0,100,80.77620012716447,0,100,1.3371926154117975,0,0,1.4108123868690516,50,0,43.0,50,0
2021-11-21,0.8112456083019128,50,0,5.109450018971175,0,100,80.77620012716447,0,100,1.300635167686268,0,0,1.3761396455993993,50,0,49.0,50,0
2021-11-22,0.6987879048172849,50,0,4.843846469973002,0,100,80.77620012716447,0,100,1.2854406855667864,0,0,1.306789962586446,50,0,50.0,0,0
2021-11-23,0.8308513813721579,50,0,5.126511810595483,0,100,80.77620012716447,0,100,1.4049133951169042,0,0,1.3850644893875421,50,0,33.0,50,0
2021-11-24,0.7771332658036234,50,0,5.011328920877785,0,100,80.77620012716447,0,100,1.3684116867171232,0,0,1.35679958649576,50,0,42.0,50,0
2021-11-25,0.9085572422699703,50,0,5.306313589224341,0,100,80.77620012716447,0,100,1.4595092257338464,0,0,1.4394700069530033,50,0,32.0,50,0
2021-11-26,0.663827757368256,50,0,4.738607199105004,0,100,80.77620012716447,0,100,1.3998239038639908,0,0,1.288507107750809,50,0,47.0,50,0
2021-11-27,0.683547540982978,50,0,4.767514204007896,0,100,80.77620012716447,0,100,1.3777609394637034,0,0,1.2997520001824352,50,0,21.0,100,0
2021-11-28,0.7943239517071417,50,0,4.992870018542071,0,100,80.77620012716447,0,100,1.3843193659681956,0,0,1.3639946150243092,50,0,27.0,50,0
2021-11-29,0.8701325415502572,50,0,5.161832998261837,0,100,80.77620012716447,0,100,1.4638315364385432,0,0,1.4122962540004016,50,0,33.0,50,0
2021-11-30,0.9596199991473251,50,0,5.374009298477748,0,100,82.19461934153048,0,100,1.6598453395228854,0,100,1.4734214115201365,0,0,40.0,50,0
2021-12-01,0.9209773991064786,50,0,5.288747158300742,0,100,82.19461934153048,0,100,1.609148448342858,0,100,1.4521243344550676,50,0,34.0,50,0
2021-12-02,0.8848917622684205,50,0,5.207947759838682,0,100,82.19461934153048,0,100,1.6022482288826847,0,100,1.431892316053521,50,0,32.0,50,0
2021-12-03,0.730599239306842,50,0,4.855815505186398,0,100,82.19461934153048,0,100,1.5527760446918275,0,100,1.336703538786392,50,0,31.0,50,0
2021-12-04,0.6560791076547715,50,0,4.688701362678317,0,100,82.19461934153048,0,100,1.7460683712857978,0,100,1.2925292481195194,50,0,25.0,100,0
2021-12-05,0.7063411928078986,50,0,4.781798813806263,0,100,82.19461934153048,0,100,1.8149188457164134,0,100,1.3183658768871487,50,0,18.0,100,0
2021-12-06,0.7843647698361003,50,0,4.93982096654204,0,100,82.19461934153048,0,100,1.8564216087269783,0,100,1.3626318021732118,50,0,16.0,100,0
2021-12-07,0.7619324800169992,50,0,4.882440214286404,0,100,82.19461934153048,0,100,1.8210585103580952,0,100,1.3466569759225828,50,0,25.0,100,0
2021-12-08,0.8145264398559305,50,0,5.007698873877655,0,100,82.19461934153048,0,100,1.9317640201404735,0,100,1.3807655957619127,50,0,28.0,50,0
2021-12-09,0.672386857216785,50,0,4.689587365112308,0,100,82.19461934153048,0,100,1.8910312715563562,0,100,1.2924167661874966,50,0,29.0,50,0
2021-12-10,0.553032532345136,50,0,4.424116581534888,0,100,82.19461934153048,0,100,1.7255833744964917,0,100,1.21978399441447,50,0,24.0,100,0
2021-12-11,0.6368246842261941,50,0,4.57874157786772,0,100,82.19461934153048,0,100,1.7184072643854882,0,100,1.2629827328092842,50,0,16.0,100,0
2021-12-12,0.6728664347081661,50,0,4.635296907725356,0,100,82.19461934153048,0,100,1.713260325243314,0,100,1.279472385297487,50,0,27.0,50,0
2021-12-13,0.48116899718216716,50,0,4.230386934148409,0,100,82.19461934153048,0,100,1.6432068472178911,0,100,1.1685460684766436,50,0,28.0,50,0
2021-12-14,0.5161624192019039,50,0,4.290083712082262,0,100,82.19461934153048,0,100,1.5902724614827437,0,100,1.1852576477416983,50,0,21.0,100,0
2021-12-15,0.6049912142515912,50,0,4.462781058163452,0,100,82.19461934153048,0,100,1.6978442741289965,0,100,1.2327311041634244,50,0,28.0,50,0
2021-12-16,0.579516125778591,50,0,4.405248541276923,0,100,82.19461934153048,0,100,1.7464412312347077,0,100,1.2168249042319839,50,0,29.0,50,0
2021-12-17,0.5336210008001256,50,0,4.297635708660401,0,100,82.19461934153048,0,100,1.7676021114147027,0,100,1.1877121816063623,50,0,23.0,100,0
2021-12-18,0.5796261097574907,50,0,4.376270635926199,0,100,82.19461934153048,0,100,1.7975402256933073,0,100,1.2098245166121226,50,0,24.0,100,0
2021-12-19,0.5637783068734304,50,0,4.334710219611785,0,100,82.19461934153048,0,100,1.7737480926368345,0,100,1.1989505714368482,50,0,29.0,50,0
2021-12-20,0.5632247457267776,50,0,4.32681814303049,0,100,82.19461934153048,0,100,1.7696471396998639,0,100,1.1976214199297397,50,0,25.0,100,0
2021-12-21,0.6105497325449297,50,0,4.414034561714688,0,100,82.19461934153048,0,100,1.6914205611793036,0,100,1.2222859478215007,50,0,27.0,50,0
2021-12-22,0.584726913767918,50,0,4.354802901422582,0,100,82.19461934153048,0,100,1.6805658507526735,0,100,1.2063263893104006,50,0,45.0,50,0
2021-12-23,0.6472029988262789,50,0,4.471318866155743,0,100,82.19461934153048,0,100,1.6396036513053032,0,100,1.2391701698773212,50,0,34.0,50,0
2021-12-24,0.6143442260499946,50,0,4.398604729528648,0,100,82.19461934153048,0,100,1.5866786223212976,0,100,1.2193840654428452,50,0,41.0,50,0
2021-12-25,0.6355358903769033,50,0,4.446865709765458,0,100,82.19461934153048,0,100,1.6463972837024043,0,100,1.2329523104391154,50,0,39.0,50,0
2021-12-26,0.6184947747310401,50,0,4.403781101515968,0,100,82.19461934153048,0,100,1.6070526237826224,0,100,1.2213701575148914,50,0,37.0,50,0
2021-12-27,0.6007054387251188,50,0,4.364968750344363,0,100,82.19461934153048,0,100,1.5851737887712147,0,100,1.210740185166164,50,0,40.0,50,0
2021-12-28,0.4766922564763253,50,0,4.098542359791509,0,100,82.19461934153048,0,100,1.5945680524285284,0,100,1.1369220923858054,50,0,41.0,50,0
2021-12-29,0.3864588905065425,50,0,3.9098477522941555,0,100,82.19461934153048,0,100,1.5283837830431801,0,100,1.0848660391900813,50,0,27.0,50,0
2021-12-30,0.41504056950337354,50,0,3.975729781698858,0,100,82.19461934153048,0,100,1.5465551525797239,0,100,1.1035701041978847,50,0,22.0,100,0
2021-12-31,0.40990010347557554,50,0,3.944567889458041,0,100,67.547426550573,50,0,1.5816204001075975,0,100,1.0954853804050693,50,0,28.0,50,0
2022-01-01,0.4526355191566385,50,0,4.0149356018087206,0,100,67.547426550573,50,0,1.5619497510744456,0,100,1.1155022244081427,50,0,21.0,100,0
2022-01-02,0.4915115252770125,50,0,4.081807192198167,0,100,67.547426550573,50,0,1.6417120118190796,0,100,1.1341762915518023,50,0,29.0,50,0
2022-01-03,0.45357519932357504,50,0,4.00165511436845,0,100,67.547426550573,50,0,1.6471285950106078,0,100,1.1120710303269943,50,0,29.0,50,0
2022-01-04,0.4736334229006734,50,0,4.025692831568218,0,100,67.547426550573,50,0,1.7180222395845823,0,100,1.1186885867338554,50,0,23.0,100,0
2022-01-05,0.3338903306859516,50,0,3.7517357159879956,0,100,67.547426550573,50,0,1.664152949470345,0,100,1.0426595737164717,50,0,24.0,100,0
2022-01-06,0.2640517676180777,50,0,3.604124211635754,0,100,67.547426550573,50,0,1.5632680418733225,0,100,1.0019662791507615,50,0,15.0,100,0
2022-01-07,0.1475683169949994,50,0,3.362285327396592,0,100,67.547426550573,50,0,1.4657751315445569,0,0,0.9347020398684083,50,0,18.0,100,0
2022-01-08,0.08952679934003681,50,0,3.2538917834812913,0,100,67.547426550573,50,0,1.3428711221098075,0,0,0.9045851629569253,50,0,10.0,100,0
2022-01-09,0.12958808626996418,50,0,3.3130108012058264,0,100,67.547426550573,50,0,1.3999748316511962,0,0,0.9211002645132391,50,0,23.0,100,0
2022-01-10,0.08734183931085877,50,0,3.2285063147936652,0,100,67.547426550573,50,0,1.328163843380374,0,0,0.8977776900115413,50,0,23.0,100,0
2022-01-11,0.1880420624083502,50,0,3.3919359699840115,0,100,67.547426550573,50,0,1.4208237044982772,0,0,0.9430688560735839,50,0,21.0,100,0
2022-01-12,0.2668880048088112,50,0,3.521619846831901,0,100,67.547426550573,50,0,1.4604673653026299,0,0,0.9789085516521492,50,0,22.0,100,0
2022-01-13,0.19641485773370052,50,0,3.38988126939953,0,100,67.547426550573,50,0,1.4428753152593028,0,0,0.9423834817704072,50,0,21.0,100,0
2022-01-14,0.23366400429263484,50,0,3.4409395885640737,0,100,67.547426550573,50,0,1.4621915324034602,0,0,0.956799218289089,50,0,21.0,100,0
2022-01-15,0.2487873971750697,50,0,3.4605433831829804,0,100,67.547426550573,50,0,1.4798772614605402,0,0,0.9626192633340273,50,0,23.0,100,0
2022-01-16,0.2604292007285692,50,0,3.4759953529271077,0,100,67.547426550573,50,0,1.5046194729314657,0,100,0.967423643211738,50,0,21.0,100,0
2022-01-17,0.17748661703766203,50,0,3.319072454108707,0,100,67.547426550573,50,0,1.43243418481578,0,0,0.924107505198422,50,0,22.0,100,0
2022-01-18,0.15008493184885127,50,0,3.2659314676738402,0,100,67.547426550573,50,0,1.3694563309266048,0,0,0.9097344129854434,50,0,24.0,100,0
2022-01-19,0.14246023765876445,50,0,3.1976406563049524,0,100,67.547426550573,50,0,1.3567146174835947,0,0,0.8912451244231631,50,0,24.0,100,0
2022-01-20,0.0867337197884503,50,0,3.0956886780230937,0,100,67.547426550573,50,0,1.3388781820513986,0,0,0.8635483223178196,50,0,24.0,100,0
2022-01-21,-0.1949517877642745,50,0,2.6325163272058956,0,100,67.547426550573,50,0,1.1834448211470017,0,0,0.7350735117749679,50,0,19.0,100,0
2022-01-22,-0.2935605407257788,50,0,2.4605868355495284,0,100,67.547426550573,50,0,1.1107503685665343,0,0,0.6879291167869303,50,0,13.0,100,0
2022-01-23,-0.19737555890030684,50,0,2.5927367458729313,0,100,67.547426550573,50,0,1.1644367562672984,0,0,0.7257177749048962,50,0,11.0,100,0
2022-01-24,-0.253690326411562,50,0,2.4926072221748123,0,100,67.547426550573,50,0,1.0216978982171152,0,0,0.6983649868114071,50,0,13.0,100,0
2022-01-25,-0.23469007923691895,50,0,2.508611838895984,0,100,67.547426550573,50,0,1.0214341658224537,0,0,0.7035723678900097,50,0,12.0,100,0
2022-01-26,-0.22222714643633856,50,0,2.5138116940367303,0,100,67.547426550573,50,0,1.0414985109891866,0,0,0.7057161311996699,50,0,23.0,100,0
2022-01-27,-0.25415642675683525,50,0,2.454675211173807,0,100,67.547426550573,50,0,0.9628461093179445,0,0,0.6898623822229629,50,0,20.0,100,0
2022-01-28,-0.15953061843836797,50,0,2.5858712882577537,0,100,67.547426550573,50,0,1.0589028132665397,0,0,0.7273379355589832,50,0,24.0,100,0
2022-01-29,-0.1258713603067029,50,0,2.630077476016204,0,100,67.547426550573,50,0,1.0884302038970586,0,0,0.7402610034913191,50,0,24.0,100,0
2022-01-30,-0.11258001100351911,50,0,2.6434071319238366,0,100,67.547426550573,50,0,1.1161964688626496,0,0,0.7445591866965475,50,0,29.0,50,0
2022-01-31,-0.06032649739663111,50,0,2.7155494078814524,0,100,56.26896448253083,50,0,1.1640911852063924,0,0,0.7653091751740474,50,0,20.0,100,0
2022-02-01,0.011121597009255866,50,0,2.8212022023480854,0,100,56.26896448253083,50,0,1.2602223919641107,0,0,0.7954117978766106,50,0,26.0,50,0
2022-02-02,-0.06062802323128398,50,0,2.7067705513225384,0,100,56.26896448253083,50,0,1.2883038234196098,0,0,0.7635607567034026,50,0,28.0,50,0
2022-02-03,-0.06901954914086263,50,0,2.686232891836907,0,100,56.26896448253083,50,0,1.2599720793092923,0,0,0.7581767138044975,50,0,20.0,100,0
2022-02-04,0.1302033476207956,50,0,2.9816878537644147,0,100,56.26896448253083,50,0,1.2698305712023676,0,0,0.8417681620529816,50,0,20.0,100,0
2022-02-05,0.15937189819476266,50,0,3.0238445855948646,0,100,56.26896448253083,50,0,1.2871406751770735,0,0,0.853790474740999,50,0,33.0,50,0
2022-02-06,0.19369872944395486,50,0,3.0498876496301612,0,100,56.26896448253083,50,0,1.2566372653238418,0,0,0.8614805943026157,50,0,37.0,50,0
2022-02-07,0.2488618317494429,50,0,3.139738751674141,0,100,56.26896448253083,50,0,1.2427073781784241,0,0,0.8871928797976519,50,0,45.0,50,0
2022-02-08,0.23499501098039138,50,0,3.1150069711940223,0,100,56.26896448253083,50,0,1.204980711647299,0,0,0.8806479374963111,50,0,48.0,50,0
2022-02-09,0.3038203165805678,50,0,3.2232187621028223,0,100,56.26896448253083,50,0,1.3002743438832618,0,0,0.9117000329352061,50,0,54.0,0,0
2022-02-10,0.19970142999913107,50,0,3.0573629272542417,0,100,56.26896448253083,50,0,1.1981539080739836,0,0,0.865289223244866,50,0,50.0,0,0
2022-02-11,0.09793934290918609,50,0,2.8970705274376587,0,100,56.26896448253083,50,0,1.1293298463209476,0,0,0.8205476960705858,50,0,50.0,0,0
2022-02-12,0.09063643559549422,50,0,2.879043145234971,0,100,56.26896448253083,50,0,1.1287666319850753,0,0,0.8161158916366773,50,0,44.0,50,0
2022-02-13,0.07151670976885034,50,0,2.84451126579093,0,100,56.26896448253083,50,0,1.0964496184348407,0,0,0.8070052843828418,50,0,44.0,50,0
2022-02-14,0.10971418494017814,50,0,2.894463282641545,0,100,56.26896448253083,50,0,1.121532815325314,0,0,0.821946344987138,50,0,46.0,50,0
2022-02-15,0.26215014534418185,50,0,3.1241384721208565,0,100,56.26896448253083,50,0,1.2284297949478309,0,0,0.8879377402085069,50,0,46.0,50,0
2022-02-16,0.2370903421285226,50,0,3.0842964666587807,0,100,56.26896448253083,50,0,1.225593852969327,0,0,0.8774938322061103,50,0,51.0,0,0
2022-02-17,0.07368403307131476,50,0,2.831663740408941,0,100,56.26896448253083,50,0,1.2189566686348776,0,0,0.8065654308887623,50,0,52.0,0,0
2022-02-18,0.009980310867262617,50,0,2.7262722863919358,0,100,56.26896448253083,50,0,1.1511803580733457,0,0,0.7775453553451755,50,0,30.0,50,0
2022-02-19,-0.00689357973341944,50,0,2.6956614741596248,0,100,56.26896448253083,50,0,1.1181927828082763,0,0,0.7697091638663786,50,0,25.0,100,0
2022-02-20,-0.08831229727181052,50,0,2.573556044683872,0,100,56.26896448253083,50,0,1.1014387845685563,0,0,0.7359716864625112,50,0,27.0,50,0
2022-02-21,-0.12450738620781673,50,0,2.5140158875910097,0,100,56.26896448253083,50,0,1.1500599230442412,0,0,0.7201633078909769,50,0,25.0,100,0
2022-02-22,-0.08284452627071237,50,0,2.566479198841199,0,100,56.26896448253083,50,0,1.1281629694718445,0,0,0.7364394883836881,50,0,20.0,100,0
2022-02-23,-0.11044027427504599,50,0,2.519753302254606,0,100,56.26896448253083,50,0,1.1481042975563374,0,0,0.7245840873259342,50,0,25.0,100,0
2022-02-24,-0.10543898067056266,50,0,2.5185706395661462,0,100,56.26896448253083,50,0,1.0744200106438155,0,0,0.7256553194322992,50,0,23.0,100,0
2022-02-25,0.025586039699505302,50,0,2.7034367724149027,0,100,56.26896448253083,50,0,1.2102826209249242,0,0,0.7804786738715923,50,0,27.0,50,0
2022-02-26,0.01834869583648212,50,0,2.6889626664066473,0,100,56.26896448253083,50,0,1.2191488103608727,0,0,0.7778225581323729,50,0,26.0,50,0
2022-02-27,-0.09297917248021213,50,0,2.5276068967132352,0,100,56.26896448253083,50,0,1.1457300710656817,0,0,0.7326902164499842,50,0,26.0,50,0
2022-02-28,0.11084556046427439,50,0,2.8132558498640527,0,100,57.99153119354333,50,0,1.0631549698981386,0,0,0.8168998010114792,50,0,20.0,100,0
2022-03-01,0.14754489457711079,50,0,2.8618786443865116,0,100,57.99153119354333,50,0,1.0409097803602627,0,0,0.8327402477639457,50,0,51.0,0,0
2022-03-02,0.13154930448071794,50,0,2.843101259798141,0,100,57.99153119354333,50,0,1.049286877655678,0,0,0.8289334043442068,50,0,52.0,0,0
2022-03-03,0.04994782445569794,50,0,2.7259853258181845,0,100,57.99153119354333,50,0,1.0315621200353435,0,0,0.7964409785314498,50,0,39.0,50,0
2022-03-04,-0.09569000227283103,50,0,2.512262236671831,0,100,57.99153119354333,50,0,1.0392187465062888,0,0,0.7354798819939096,50,0,33.0,50,0
2022-03-05,-0.0630777161991344,50,0,2.5522693179196145,0,100,57.99153119354333,50,0,1.0681807377826025,0,0,0.7485166261320172,50,0,22.0,100,0
2022-03-06,-0.13679992475738634,50,0,2.448676109446714,0,100,57.99153119354333,50,0,1.0251038192039637,0,0,0.7194958778289882,50,0,22.0,100,0
2022-03-07,-0.1616164424014099,50,0,2.391335817681002,0,100,57.99153119354333,50,0,0.9798643982094029,0,0,0.7041563406455001,50,0,23.0,100,0
2022-03-08,-0.103481473955158,50,0,2.4616639375003806,0,100,57.99153119354333,50,0,1.0230309269457305,0,0,0.7264856475567654,50,0,21.0,100,0
2022-03-09,-0.0014598282547166556,50,0,2.6006402138937506,0,100,57.99153119354333,50,0,0.9532367866952515,0,0,0.769086412415344,50,0,22.0,100,0
2022-03-10,-0.08044286986632863,50,0,2.4872392898159523,0,100,57.99153119354333,50,0,1.0047858961156826,0,0,0.7371546597885681,50,0,28.0,50,0
2022-03-11,-0.1132833768159556,50,0,2.437632656675781,0,100,57.99153119354333,50,0,0.9988449610320456,0,0,0.7241548548323594,50,0,22.0,100,0
2022-03-12,-0.10155503470124617,50,0,2.4492989388416633,0,100,57.99153119354333,50,0,1.0068867075284027,0,0,0.7291799218989551,50,0,22.0,100,0
2022-03-13,-0.1447039224659838,50,0,2.3878002878686684,0,100,57.99153119354333,50,0,1.0227779895893858,0,0,0.7124498169774472,50,0,21.0,100,0
2022-03-14,-0.09089764571414186,50,0,2.453860306185696,0,100,57.99153119354333,50,0,0.9688750926878454,0,0,0.7336363196975187,50,0,23.0,100,0
2022-03-15,-0.07613863688838599,50,0,2.4808368798746376,0,100,57.99153119354333,50,0,1.0246143125651115,0,0,0.7433460856762624,50,0,21.0,100,0
2022-03-16,0.024129318696957544,50,0,2.616954703869318,0,100,57.99153119354333,50,0,1.0575753753923598,0,0,0.7857534734462285,50,0,24.0,100,0
2022-03-17,0.055759451482131565,50,0,2.657668468663124,0,100,57.99153119354333,50,0,1.116726655283842,0,0,0.7996057884997582,50,0,27.0,50,0
2022-03-18,0.14317986845987246,50,0,2.7759859839749477,0,100,57.99153119354333,50,0,1.189554183297609,0,0,0.8368191781426251,50,0,25.0,100,0
2022-03-19,0.14198264453288728,50,0,2.774528008607478,0,100,57.99153119354333,50,0,1.1661524480695997,0,0,0.8382243183014367,50,0,28.0,50,0
2022-03-20,0.0818721815008989,50,0,2.6887762825829795,0,100,57.99153119354333,50,0,1.140894056838697,0,0,0.814569309685207,50,0,31.0,50,0
2022-03-21,0.1066381662304913,50,0,2.7190514892529993,0,100,57.99153119354333,50,0,1.1959018739449376,0,0,0.8260081257687202,50,0,30.0,50,0
2022-03-22,0.1566234072847761,50,0,2.7881706438232845,0,100,57.99153119354333,50,0,1.1809119410467865,0,0,0.8494698784414628,50,0,26.0,50,0
2022-03-23,0.17517515568394657,50,0,2.8252282878316386,0,100,57.99153119354333,50,0,1.200902642201199,0,0,0.8632326554048991,50,0,31.0,50,0
2022-03-24,0.2191797877478005,50,0,2.9035401094831568,0,100,57.99153119354333,50,0,1.2021323923473626,0,0,0.889720998418716,50,0,40.0,50,0
2022-03-25,0.21421142662148562,50,0,2.893421548266425,0,100,57.99153119354333,50,0,1.1711004295491645,0,0,0.8891622877175407,50,0,47.0,50,0
2022-03-26,0.23950280823268313,50,0,2.9268163484552296,0,100,57.99153119354333,50,0,1.199229563830248,0,0,0.9013290624317698,50,0,51.0,0,0
2022-03-27,0.323049329475429,50,0,3.054442369696144,0,100,57.99153119354333,50,0,1.1841383203041203,0,0,0.9426273474596842,50,0,49.0,50,0
2022-03-28,0.34371988028612604,50,0,3.1022395099477453,0,100,57.99153119354333,50,0,1.2081681925007375,0,0,0.9592959456151341,50,0,60.0,0,0
2022-03-29,0.3798414159496263,50,0,3.144719250120728,0,100,57.99153119354333,50,0,1.2400852065662715,0,0,0.9739856142835158,50,0,56.0,0,0
2022-03-30,0.3672211967897537,50,0,3.1299566130974936,0,100,57.99153119354333,50,0,1.2535662458499996,0,0,0.971047297159116,50,0,55.0,0,0
2022-03-31,0.2989191478803457,50,0,3.0254934824806003,0,100,60.676621428897,50,0,1.258300779230825,0,0,0.9404972391871436,50,0,52.0,0,0
2022-04-01,0.39464614600257203,50,0,3.1713721274390423,0,100,60.676621428897,50,0,1.3655268636142004,0,0,0.9874842505707613,50,0,50.0,0,0
2022-04-02,0.3947303595579763,50,0,3.1704231151627105,0,100,60.676621428897,50,0,1.3923152331031132,0,0,0.9889987887608763,50,0,52.0,0,0
2022-04-03,0.43621955213171665,50,0,3.2281677004442058,0,100,60.676621428897,50,0,1.4219383784031052,0,0,1.0090304428620884,50,0,48.0,50,0
2022-04-04,0.4257934727313754,50,0,3.2255185202209335,0,100,60.676621428897,50,0,1.4099459344467908,0,0,1.010201520398108,50,0,52.0,0,0
2022-04-05,0.3636122973429617,50,0,3.1282169119266148,0,100,60.676621428897,50,0,1.384718330346055,0,0,0.9814914528514698,50,0,53.0,0,0
2022-04-06,0.21370823291679833,50,0,2.902645987782576,0,100,60.676621428897,50,0,1.3224419709179174,0,0,0.9125648251479724,50,0,48.0,50,0
2022-04-07,0.25316184475399867,50,0,2.9472620466717996,0,100,60.676621428897,50,0,1.3571017160295802,0,0,0.9282911682682993,50,0,34.0,50,0
2022-04-08,0.22063611656506554,50,0,2.894683132225376,0,100,60.676621428897,50,0,1.4057381857843418,0,0,0.9129746929224426,50,0,37.0,50,0
2022-04-09,0.26649031202367895,50,0,2.9551779480198217,0,100,60.676621428897,50,0,1.4436427561275276,0,0,0.932980266951865,50,0,30.0,50,0
2022-04-10,0.24099163710222615,50,0,2.913956888100209,0,100,60.676621428897,50,0,1.4354550047439456,0,0,0.9213700996282919,50,0,34.0,50,0
2022-04-11,0.0917821714952696,50,0,2.698844050903431,0,100,60.676621428897,50,0,1.4074784745334663,0,0,0.8549071109377643,50,0,32.0,50,0
2022-04-12,0.12127379596805535,50,0,2.732928074345134,0,100,60.676621428897,50,0,1.4085077096936487,0,0,0.8670042798904016,50,0,20.0,100,0
2022-04-13,0.1819011981462493,50,0,2.809896505517776,0,100,60.676621428897,50,0,1.4198179738916155,0,0,0.8927037939560989,50,0,25.0,100,0
2022-04-14,0.11698440652871663,50,0,2.7165433362777476,0,100,60.676621428897,50,0,1.4143496235320725,0,0,0.864470919144338,50,0,28.0,50,0
2022-04-15,0.13267744460069592,50,0,2.7296438186894267,0,100,60.676621428897,50,0,1.3860110668057524,0,0,0.869956556921929,50,0,22.0,100,0
2022-04-16,0.1496012518965112,50,0,2.7487604860513577,0,100,60.676621428897,50,0,1.4210528500911888,0,0,0.8771786279767412,50,0,28.0,50,0
2022-04-17,0.10279504405705232,50,0,2.682481535089733,0,100,60.676621428897,50,0,1.4064937586443649,0,0,0.8572108717355595,50,0,28.0,50,0
2022-04-18,0.14306664720255424,50,0,2.7332933790416023,0,100,60.676621428897,50,0,1.3829068791080812,0,0,0.8747966616857019,50,0,24.0,100,0
2022-04-19,0.18067597190720125,50,0,2.7699834134835295,0,100,60.676621428897,50,0,1.3786253888845155,0,0,0.8882401761655888,50,0,27.0,50,0
2022-04-20,0.15551222137056306,50,0,2.742478081089954,0,100,60.676621428897,50,0,1.35905965964186,0,0,0.881243162365337,50,0,27.0,50,0
2022-04-21,0.09664374407149194,50,0,2.6543762127145314,0,100,60.676621428897,50,0,1.333017802374905,0,0,0.8548013073657033,50,0,27.0,50,0
2022-04-22,0.08670365912942428,50,0,2.632081412588146,0,100,60.676621428897,50,0,1.3684640842648044,0,0,0.8494887312905058,50,0,26.0,50,0
2022-04-23,0.07126357263528169,50,0,2.6080008964095924,0,100,60.676621428897,50,0,1.3565813243720788,0,0,0.8437336721708223,50,0,24.0,100,0
2022-04-24,0.060223217516284365,50,0,2.588664065275759,0,100,60.676621428897,50,0,1.3435248419999852,0,0,0.8395877032612049,50,0,24.0,100,0
2022-04-25,0.1171362829802661,50,0,2.66230747874467,0,100,60.676621428897,50,0,1.3614412543146053,0,0,0.8655837141465756,50,0,23.0,100,0
2022-04-26,-0.017677110387847354,50,0,2.472268336453184,0,100,60.676621428897,50,0,1.3250847501807435,0,0,0.8058789061624478,50,0,27.0,50,0
2022-04-27,0.040998216738694665,50,0,2.543770130374802,0,100,60.676621428897,50,0,1.3263586475149574,0,0,0.8312928859793783,50,0,21.0,100,0
2022-04-28,0.07101106454825347,50,0,2.5813234785387476,0,100,60.676621428897,50,0,1.335330422039283,0,0,0.8455062237820853,50,0,24.0,100,0
2022-04-29,-0.006240139174502567,50,0,2.473397951872234,0,100,60.676621428897,50,0,1.2969281808943425,0,0,0.8121903556201292,50,0,23.0,100,0
2022-04-30,-0.06214322463813193,50,0,2.394520682128978,0,100,54.98796994162583,50,0,1.273411793816336,0,0,0.7882791094878915,50,0,20.0,100,0
2022-05-01,0.007899882647903547,50,0,2.477987225559625,0,100,54.98796994162583,50,0,1.324273896420548,0,0,0.8178790015959735,50,0,22.0,100,0
2022-05-02,0.030256956734905718,50,0,2.502662957327387,0,100,54.98796994162583,50,0,1.35171603212369,0,0,0.8283638450689339,50,0,28.0,50,0
2022-05-03,-0.02646330488176628,50,0,2.428648767913758,0,100,54.98796994162583,50,0,1.332676787106826,0,0,0.8062916341616804,50,0,27.0,50,0
2022-05-04,0.07702285225058254,50,0,2.5608017986624794,0,100,54.98796994162583,50,0,1.3467366847753248,0,0,0.8525882323437693,50,0,21.0,100,0
2022-05-05,-0.047994383783099254,50,0,2.3916164479802893,0,100,54.98796994162583,50,0,1.396845301393127,0,0,0.7986539146080232,50,0,27.0,50,0
2022-05-06,-0.07854292636946358,50,0,2.345564296116926,0,100,54.98796994162583,50,0,1.3793857234537326,0,0,0.7855587789263612,50,0,22.0,100,0
2022-05-07,-0.12120657784591063,50,0,2.2894996043048703,0,100,54.98796994162583,50,0,1.3539628031092132,0,0,0.7691959661242302,50,0,23.0,100,0
2022-05-08,-0.18801497465642772,50,0,2.1852353161571965,0,100,54.98796994162583,50,0,1.3422732681641074,0,0,0.7368486945849438,50,0,18.0,100,0
2022-05-09,-0.36791612666047885,50,0,1.9561150860118937,0,0,54.98796994162583,50,0,1.3489326603304528,0,0,0.6620700900006176,50,0,11.0,100,0
2022-05-10,-0.2988049870694768,50,0,2.027336593786148,0,100,54.98796994162583,50,0,1.4121229407290425,0,0,0.6886350451977082,50,0,10.0,100,0
2022-05-11,-0.49315232870234554,50,0,1.7878875881849858,0,0,54.98796994162583,50,0,1.2494725253444203,0,0,0.6097831647816007,100,0,12.0,100,0
2022-05-12,-0.5613926391980334,50,0,1.6913513150306396,0,0,54.98796994162583,50,0,1.061629012881794,0,0,0.5792133045503527,100,0,12.0,100,0
2022-05-13,-0.5084708488667912,50,0,1.7393937932200334,0,0,54.98796994162583,50,0,1.1210029408423012,0,0,0.5981926505520782,100,0,10.0,100,0
2022-05-14,-0.4786441066461717,50,0,1.7695850397186073,0,0,54.98796994162583,50,0,1.0985182946557404,0,0,0.6110663651893465,100,0,9.0,100,0
2022-05-15,-0.4118488320258036,50,0,1.841682999962208,0,0,54.98796994162583,50,0,1.110430243181349,0,0,0.6383428867557991,100,0,10.0,100,0
2022-05-16,-0.5014110894325696,50,0,1.7398549721224819,0,0,54.98796994162583,50,0,1.0705943190088585,0,0,0.605660542168201,100,0,14.0,100,0
2022-05-17,-0.4373510026999577,50,0,1.7985327837926313,0,0,54.98796994162583,50,0,1.117476192950066,0,0,0.6288845839982464,100,0,8.0,100,0
2022-05-18,-0.5666227708503992,50,0,1.6493726579562364,0,0,54.98796994162583,50,0,1.0317850576257215,0,0,0.579319471804415,100,0,12.0,100,0
2022-05-19,-0.4893762804606306,50,0,1.7296102456804574,0,0,54.98796994162583,50,0,1.0262378515564627,0,0,0.6101740550172189,100,0,13.0,100,0
2022-05-20,-0.5303250730884658,50,0,1.681436752401486,0,0,54.98796994162583,50,0,1.0476617519874476,0,0,0.5958608586406278,100,0,13.0,100,0
2022-05-21,-0.5200110642335769,50,0,1.6899371181023637,0,0,54.98796994162583,50,0,1.0456069899424751,0,0,0.6018149048802374,100,0,13.0,100,0
2022-05-22,-0.4635005363815963,50,0,1.7488494366713478,0,0,54.98796994162583,50,0,1.0592615923117146,0,0,0.6258362485960112,100,0,14.0,100,0
2022-05-23,-0.5185544141564132,50,0,1.6840346005953828,0,0,54.98796994162583,50,0,1.0738937783400975,0,0,0.6055794538139444,100,0,10.0,100,0
2022-05-24,-0.49984047342720167,50,0,1.6886279242109874,0,0,54.98796994162583,50,0,1.029669389825323,0,0,0.6101299577507542,100,0,12.0,100,0
2022-05-25,-0.5249342845576865,50,0,1.6585578963551493,0,0,54.98796994162583,50,0,0.9873841524544298,0,0,0.6021875941320867,100,0,11.0,100,0
2022-05-26,-0.6278082318603345,50,0,1.5407330474504775,0,0,54.98796994162583,50,0,0.8104037144885917,50,0,0.5623056113169023,100,0,12.0,100,0
2022-05-27,-0.6899056842087625,50,0,1.4659718127298051,0,0,54.98796994162583,50,0,0.7471870906294947,50,0,0.5380141260692484,100,0,12.0,100,0
2022-05-28,-0.6291319807214949,50,0,1.5263845711655488,0,0,54.98796994162583,50,0,0.8158319642618925,50,0,0.5632273757141785,100,0,13.0,100,0
2022-05-29,-0.6155818763055466,50,0,1.5399331040496471,0,0,54.98796994162583,50,0,0.8065441484616802,50,0,0.5712100719421045,100,0,14.0,100,0
2022-05-30,-0.4600602775315201,50,0,1.6960263241525244,0,0,54.98796994162583,50,0,0.8656256120341518,50,0,0.6324226228058071,100,0,10.0,100,0
2022-05-31,-0.49930759989788387,50,0,1.6527261484878817,0,0,48.10441801006861,50,0,0.7909689714563708,50,0,0.6195077437764028,100,0,16.0,100,0
2022-06-01,-0.5909131262281564,50,0,1.5498279813457012,0,0,48.10441801006861,50,0,0.795311310157405,50,0,0.5840508576923034,100,0,17.0,100,0
2022-06-02,-0.5806754253711041,50,0,1.5550598488156513,0,0,48.10441801006861,50,0,0.7475766286142432,50,0,0.5891395027926956,100,0,13.0,100,0
2022-06-03,-0.6279484559004987,50,0,1.5012512482269673,0,0,48.10441801006861,50,0,0.7310025907522941,50,0,0.5717866234218745,100,0,10.0,100,0
2022-06-04,-0.6054947312366857,50,0,1.5217382991677277,0,0,48.10441801006861,50,0,0.7569581590954305,50,0,0.5823639140101275,100,0,14.0,100,0
2022-06-05,-0.5990082035190731,50,0,1.5260675941499344,0,0,48.10441801006861,50,0,0.7558255489747039,50,0,0.586850079631974,100,0,10.0,100,0
2022-06-06,-0.5538579387522141,50,0,1.568104915434502,0,0,48.10441801006861,50,0,0.7087695268807579,50,0,0.605638913036435,100,0,13.0,100,0
2022-06-07,-0.5896695446077617,50,0,1.529208422339633,0,0,48.10441801006861,50,0,0.660293750939911,50,0,0.5935259910561681,100,0,15.0,100,0
2022-06-08,-0.6035796331155995,50,0,1.512662427745376,0,0,48.10441801006861,50,0,0.7129710076795701,50,0,0.590143762909004,100,0,17.0,100,0
2022-06-09,-0.6065315296683211,50,0,1.5052037870700237,0,0,48.10441801006861,50,0,0.7164303940020281,50,0,0.590185068583686,100,0,11.0,100,0
2022-06-10,-0.707200946681356,50,0,1.3990752750438304,0,0,48.10441801006861,50,0,0.619280068364114,50,0,0.551227575730341,100,0,13.0,100,0
2022-06-11,-0.8167296215793515,50,0,1.286214734140361,0,0,48.10441801006861,50,0,0.4789551390727509,50,0,0.5095095791581482,100,0,12.0,100,0
2022-06-12,-0.8838050747408469,50,0,1.2180069989547766,0,0,48.10441801006861,50,0,0.48283198214897627,50,0,0.48509077657882127,100,0,14.0,100,0
2022-06-13,-1.1002756130463416,50,0,1.0013088621808026,0,0,48.10441801006861,50,0,0.45704539183585646,50,0,0.40124313916972,100,0,11.0,100,0
2022-06-14,-1.0817667822707921,50,0,1.011983248944016,0,0,48.10441801006861,50,0,0.508514948100711,50,0,0.40769958556019137,100,0,8.0,100,0
2022-06-15,-1.054368266354996,50,0,1.0306878059443463,0,0,48.10441801006861,50,0,0.5056765121928197,50,0,0.4174888755967511,100,0,7.0,100,0
2022-06-16,-1.2004971715038923,50,0,0.8906128932984037,50,0,48.10441801006861,50,0,0.40840837374258976,50,0,0.362909293547243,100,0,7.0,100,0
2022-06-17,-1.174071327328788,50,0,0.9111191428195108,50,0,48.10441801006861,50,0,0.44389241554610437,50,0,0.3735824178721184,100,0,9.0,100,0
2022-06-18,-1.2595953743406607,50,0,0.8317959278349137,100,0,48.10441801006861,50,0,0.40505700938063155,50,0,0.3433551451479513,100,0,6.0,100,0
2022-06-19,-1.1336108502217666,50,0,0.9415729753838978,50,0,48.10441801006861,50,0,0.5193361835808087,50,0,0.3912022428006942,100,0,6.0,100,0
2022-06-20,-1.1326812591912188,50,0,0.9394328430407863,50,0,48.10441801006861,50,0,0.5060700918670413,50,0,0.39283879147729184,100,0,9.0,100,0
2022-06-21,-1.1286643361484177,50,0,0.9409806213777981,50,0,48.10441801006861,50,0,0.49783155069823637,50,0,0.3958376121161206,100,0,9.0,100,0
2022-06-22,-1.1934062015601303,50,0,0.8800721261464213,50,0,48.10441801006861,50,0,0.42236480949676103,50,0,0.37238402301268103,100,0,11.0,100,0
2022-06-23,-1.1020610948918532,50,0,0.9567240955082975,0,0,48.10441801006861,50,0,0.49319997522572523,50,0,0.40722216762323377,100,0,11.0,100,0
2022-06-24,-1.011065295220714,50,0,1.0306637924436706,0,0,48.10441801006861,50,0,0.6513255051350835,50,0,0.4413834084734449,100,0,11.0,100,0
2022-06-25,-1.0025737182298442,50,0,1.0372030424203944,0,0,48.10441801006861,50,0,0.6487921133838067,50,0,0.44688615136573817,100,0,14.0,100,0
2022-06-26,-1.038737921273755,50,0,1.0047203607865134,0,0,48.10441801006861,50,0,0.6181447378363573,50,0,0.435656282747723,100,0,14.0,100,0
2022-06-27,-1.0465084424974134,50,0,0.996404538881283,0,0,48.10441801006861,50,0,0.6362395545537761,50,0,0.4346138631966424,100,0,12.0,100,0
2022-06-28,-1.0935761644472701,50,0,0.9524791396640365,50,0,48.10441801006861,50,0,0.5852171511216874,50,0,0.4177826827583012,100,0,10.0,100,0
2022-06-29,-1.1343288192678673,50,0,0.9128873518593362,50,0,48.10441801006861,50,0,0.5065252639098387,50,0,0.40280599322344013,100,0,13.0,100,0
2022-06-30,-1.1828534660642134,50,0,0.8672729700457972,50,0,41.61036957053457,50,0,0.4765333693038336,50,0,0.3850448638786519,100,0,11.0,100,0
2022-07-01,-1.156320871800072,50,0,0.8873132500463978,50,0,41.61036957053457,50,0,0.5301468386240367,50,0,0.3961188966292657,100,0,11.0,100,0
2022-07-02,-1.1544201437052444,50,0,0.8872513370476401,50,0,41.61036957053457,50,0,0.5446546010055019,50,0,0.39833334008449933,100,0,14.0,100,0
2022-07-03,-1.1470362897364366,50,0,0.8928146362894938,50,0,41.61036957053457,50,0,0.5551689204798135,50,0,0.4032320832047644,100,0,11.0,100,0
2022-07-04,-1.072086384830099,50,0,0.9559042379333568,50,0,41.61036957053457,50,0,0.6053211060477488,50,0,0.43424903459394615,100,0,14.0,100,0
2022-07-05,-1.0875023475407615,50,0,0.9424594758565141,50,0,41.61036957053457,50,0,0.5760399616107157,50,0,0.43059326615577975,100,0,19.0,100,0
2022-07-06,-1.0338848033234547,50,0,0.9879713031424201,0,0,41.61036957053457,50,0,0.6489537074598325,50,0,0.4540344610986658,100,0,18.0,100,0
2022-07-07,-0.9906545053329718,50,0,1.0275595829047055,0,0,41.61036957053457,50,0,0.6197277055566373,50,0,0.4749559711843792,100,0,18.0,100,0
2022-07-08,-0.9975376187426783,50,0,1.0209941599084715,0,0,41.61036957053457,50,0,0.5872366661054711,50,0,0.4746706769676233,100,0,20.0,100,0
2022-07-09,-1.0111807070682526,50,0,1.0084040542002253,0,0,41.61036957053457,50,0,0.5841606279390525,50,0,0.47165737144706527,100,0,24.0,100,0
2022-07-10,-1.0592029913948757,50,0,0.9665592979306137,0,0,41.61036957053457,50,0,0.5690183680225622,50,0,0.4548292057673573,100,0,24.0,100,0
2022-07-11,-1.1250772605894113,50,0,0.9077146007279887,50,0,41.61036957053457,50,0,0.5209610772791806,50,0,0.4298840726573528,100,0,22.0,100,0
2022-07-12,-1.1781633516869559,50,0,0.8607325031051385,100,0,41.61036957053457,50,0,0.4730461104878179,50,0,0.41025661163202454,100,0,16.0,100,0
2022-07-13,-1.1085782082000615,50,0,0.9178221309748776,50,0,41.61036957053457,50,0,0.5279379731328904,50,0,0.4403032393301032,100,0,15.0,100,0
2022-07-14,-1.0299809374643403,50,0,0.9841187569658864,0,0,41.61036957053457,50,0,0.6515037796013392,50,0,0.4750937892597458,100,0,18.0,100,0
2022-07-15,-0.9878410661235387,50,0,1.020419017869892,0,0,41.61036957053457,50,0,0.7104469436483519,50,0,0.49569346837615513,100,0,15.0,100,0
2022-07-16,-0.8748245000992683,50,0,1.1164252416386191,0,0,41.61036957053457,50,0,0.9044651749357583,0,0,0.5453767103532846,100,0,21.0,100,0
2022-07-17,-0.8826376247273344,50,0,1.1096753969392967,0,0,41.61036957053457,50,0,0.9380338433624779,0,0,0.5449586682590966,100,0,24.0,100,0
2022-07-18,-0.683295910505844,50,0,1.2927538310173345,0,0,41.61036957053457,50,0,1.1846839413368162,0,0,0.6381464544367017,100,0,20.0,100,0
2022-07-19,-0.7085838091795237,50,0,1.2729331993426765,0,0,41.61036957053457,50,0,1.0045651917146645,0,0,0.6316077857307983,100,0,30.0,50,0
2022-07-20,-0.7321257128916809,50,0,1.253425790595671,0,0,41.61036957053457,50,0,0.9739707886131553,0,0,0.6252682087252485,100,0,31.0,50,0
2022-07-21,-0.6830778000795776,50,0,1.2979259739162288,0,0,41.61036957053457,50,0,1.0925243984691901,0,0,0.6509941880235351,50,0,34.0,50,0
2022-07-22,-0.7227369782367276,50,0,1.2625014292497376,0,0,41.61036957053457,50,0,1.0707354374406226,0,0,0.6366321602567447,100,0,33.0,50,0
2022-07-23,-0.7097658501300498,50,0,1.2729118273977054,0,0,41.61036957053457,50,0,1.1260062212212678,0,0,0.6453783709661438,50,0,31.0,50,0
2022-07-24,-0.6609616373390723,50,0,1.3152748420519549,0,0,41.61036957053457,50,0,1.20437803398129,0,0,0.67009715865075,50,0,30.0,50,0
2022-07-25,-0.7891676933293856,50,0,1.1982137005748692,0,0,41.61036957053457,50,0,1.0828066041031879,0,0,0.6134005801535406,100,0,30.0,50,0
2022-07-26,-0.8131594203030502,50,0,1.1723976248572938,0,0,41.61036957053457,50,0,1.0662259206129352,0,0,0.6028359445134935,100,0,26.0,50,0
2022-07-27,-0.6296444544884516,50,0,1.336053267750063,0,0,41.61036957053457,50,0,1.2263292168977669,0,0,0.6896772823925541,50,0,28.0,50,0
2022-07-28,-0.549531622318287,50,0,1.4103410006825639,0,0,41.61036957053457,50,0,1.2719401664306227,0,0,0.7308700522623529,50,0,32.0,50,0
2022-07-29,-0.536610372440519,50,0,1.4266236450190999,0,0,41.61036957053457,50,0,1.2959404202598817,0,0,0.7420638994832551,50,0,39.0,50,0
2022-07-30,-0.586415033127867,50,0,1.38199513593931,0,0,41.61036957053457,50,0,1.2424999660693667,0,0,0.7218394214639008,50,0,42.0,50,0
2022-07-31,-0.5951532870576389,50,0,1.372503611201325,0,0,47.05854791732531,50,0,1.258996616771555,0,0,0.7200828751465062,50,0,39.0,50,0
2022-08-01,-0.6350784839234802,50,0,1.3331954304393054,0,0,47.05854791732531,50,0,1.1758115749991223,0,0,0.7024635749116466,50,0,33.0,50,0
2022-08-02,-0.6308395071504926,50,0,1.3359357693416543,0,0,47.05854791732531,50,0,1.2239515961206013,0,0,0.7070197247991001,50,0,31.0,50,0
2022-08-03,-0.6543174342845567,50,0,1.3150563904819088,0,0,47.05854791732531,50,0,1.2078345121567862,0,0,0.6991237981805539,50,0,34.0,50,0
2022-08-04,-0.6623388281975838,50,0,1.3064586660768163,0,0,47.05854791732531,50,0,1.2146493960862257,0,0,0.6977524989365731,50,0,30.0,50,0
2022-08-05,-0.5599371833482009,50,0,1.4017231944510957,0,0,47.05854791732531,50,0,1.3528254161580826,0,0,0.7517073394762677,50,0,31.0,50,0
2022-08-06,-0.5878842273871461,50,0,1.3761028108372446,0,0,47.05854791732531,50,0,1.3315950902015277,0,0,0.7409708561748372,50,0,31.0,50,0
2022-08-07,-0.5865493951663033,50,0,1.3765091547078645,0,0,47.05854791732531,50,0,1.3136388250676374,0,0,0.74411182874929,50,0,30.0,50,0
2022-08-08,-0.5177053793804186,50,0,1.4389394239367155,0,0,47.05854791732531,50,0,1.369584084338285,0,0,0.7806725512059177,50,0,30.0,50,0
2022-08-09,-0.5829533504756017,50,0,1.3793697498887185,0,0,47.05854791732531,50,0,1.321284139545383,0,0,0.7504140356692031,50,0,42.0,50,0
2022-08-10,-0.4561727128653933,50,0,1.496825546139058,0,0,47.05854791732531,50,0,1.4881277405120215,0,0,0.8160675885658036,50,0,31.0,50,0
2022-08-11,-0.43433662315393246,50,0,1.5174110064256634,0,0,47.05854791732531,50,0,1.5356295156741315,0,100,0.829295472168119,50,0,41.0,50,0
2022-08-12,-0.3703151873725355,50,0,1.577749423255372,0,0,47.05854791732531,50,0,1.6069787739461259,0,100,0.8640716839643209,50,0,42.0,50,0
2022-08-13,-0.3508779032460596,50,0,1.5974615612964427,0,0,47.05854791732531,50,0,1.6493980034238924,0,100,0.8766918853854291,50,0,46.0,50,0
2022-08-14,-0.39064854090091755,50,0,1.559694010820819,0,0,47.05854791732531,50,0,1.5859747650699825,0,100,0.8578321713461506,50,0,47.0,50,0
2022-08-15,-0.42112461713324506,50,0,1.530335120959638,0,0,47.05854791732531,50,0,1.556907468946728,0,100,0.8434610095917674,50,0,45.0,50,0
2022-08-16,-0.44295476862200595,50,0,1.508663807251612,0,0,47.05854791732531,50,0,1.542217661760967,0,100,0.8335517532359735,50,0,44.0,50,0
2022-08-17,-0.5004928137063687,50,0,1.472388673519648,0,0,47.05854791732531,50,0,1.5393675631010209,0,100,0.8156473432808257,50,0,41.0,50,0
2022-08-18,-0.48408784291200513,50,0,1.4838294955921494,0,0,47.05854791732531,50,0,1.5858039272783535,0,100,0.8241591757674844,50,0,30.0,50,0
2022-08-19,-0.6801456956575914,50,0,1.2955343993055004,0,0,47.05854791732531,50,0,1.4847890856275308,0,0,0.7218807586873146,50,0,33.0,50,0
2022-08-20,-0.7151140514153702,50,0,1.262458463302553,0,0,47.05854791732531,50,0,1.3655507009702996,0,0,0.7059271981369963,50,0,29.0,50,0
2022-08-21,-0.6740409930123081,50,0,1.297938243595722,0,0,47.05854791732531,50,0,1.396013121420857,0,0,0.7280929738634212,50,0,27.0,50,0
2022-08-22,-0.6856193647200262,50,0,1.2860985577566864,0,0,47.05854791732531,50,0,1.4071874756235883,0,0,0.7237586471543057,50,0,29.0,50,0
2022-08-23,-0.6362602021773741,50,0,1.3297326994521401,0,0,47.05854791732531,50,0,1.4838173744822567,0,0,0.7511472560035501,50,0,28.0,50,0
2022-08-24,-0.6386912001451389,50,0,1.3245247586125382,0,0,47.05854791732531,50,0,1.490503672004436,0,0,0.7511320735048671,50,0,25.0,100,0
2022-08-25,-0.6071480026130475,50,0,1.3523992971732202,0,0,47.05854791732531,50,0,1.537864193128341,0,100,0.7699545718854024,50,0,25.0,100,0
2022-08-26,-0.7701236929997369,50,0,1.2028777577347656,0,0,47.05854791732531,50,0,1.365721420820547,0,0,0.6878955756864669,50,0,27.0,50,0
2022-08-27,-0.7813943947992125,50,0,1.189288029293119,0,0,47.05854791732531,50,0,1.3638260026109748,0,0,0.6831684758127766,50,0,28.0,50,0
2022-08-28,-0.8283427478108223,50,0,1.1470983800059469,0,0,47.05854791732531,50,0,1.310521941089491,0,0,0.6621259002562562,50,0,28.0,50,0
2022-08-29,-0.7262913558307793,50,0,1.2332106122695297,0,0,47.05854791732531,50,0,1.449890969824336,0,0,0.714893823724262,50,0,24.0,100,0
2022-08-30,-0.7429201830187873,50,0,1.215827377362848,0,0,47.05854791732531,50,0,1.478944922953611,0,0,0.7076261508214519,50,0,27.0,50,0
2022-08-31,-0.7236034239809959,50,0,1.2324788916872487,0,0,46.11208713870417,50,0,1.4935072615920038,0,0,0.720133258008761,50,0,23.0,100,0
2022-09-01,-0.6916189360446845,50,0,1.2589844140447621,0,0,46.11208713870417,50,0,1.5542463120588,0,100,0.738417620334984,50,0,20.0,100,0
2022-09-02,-0.6992575952398908,50,0,1.250268201993531,0,0,46.11208713870417,50,0,1.559865724087243,0,100,0.7362075048793576,50,0,25.0,100,0
2022-09-03,-0.718580090706457,50,0,1.232239883375828,0,0,46.11208713870417,50,0,1.5379518304821542,0,100,0.7289066703837244,50,0,21.0,100,0
2022-09-04,-0.6989044560186903,50,0,1.2478947914898384,0,0,46.11208713870417,50,0,1.5564191523360686,0,100,0.7414564239950662,50,0,20.0,100,0
2022-09-05,-0.6651387766326093,50,0,1.2762016503249771,0,0,46.11208713870417,50,0,1.6651456094926371,0,100,0.7611606417471569,50,0,23.0,100,0
2022-09-06,-0.7061769726862468,50,0,1.2377848993024734,0,0,46.11208713870417,50,0,1.7340837865002374,0,100,0.7409411250859289,50,0,22.0,100,0
2022-09-07,-0.641172544892775,50,0,1.290662098681871,0,0,46.11208713870417,50,0,1.8034447997757859,0,100,0.7752731603121407,50,0,24.0,100,0
2022-09-08,-0.6426508439948067,50,0,1.2901601165343222,0,0,46.11208713870417,50,0,1.800004181378848,0,100,0.7774420988522688,50,0,20.0,100,0
2022-09-09,-0.5700231691485326,50,0,1.3544879252307083,0,0,46.11208713870417,50,0,1.61860372920687,0,100,0.8185769738302128,50,0,22.0,100,0
2022-09-10,-0.5152671300461924,50,0,1.4023280581667863,0,0,46.11208713870417,50,0,1.6859127925093416,0,100,0.8499727879050397,50,0,28.0,50,0
2022-09-11,-0.5341567972506112,50,0,1.3843389166554678,0,0,46.11208713870417,50,0,1.64086000303256,0,100,0.8414754252823599,50,0,26.0,50,0
2022-09-12,-0.5774807578507143,50,0,1.3456604826905367,0,0,46.11208713870417,50,0,1.450518730624824,0,0,0.820389468287035,50,0,25.0,100,0
2022-09-13,-0.6965244502981376,50,0,1.2371592929092414,0,0,46.11208713870417,50,0,1.5179290668887035,0,100,0.7570264130756305,50,0,34.0,50,0
2022-09-14,-0.641100603005178,50,0,1.2830452133088555,0,0,46.11208713870417,50,0,1.631435659709899,0,100,0.7879139706521773,50,0,27.0,50,0
2022-09-15,-0.7853243812004329,50,0,1.155607046292353,0,0,46.11208713870417,50,0,1.3759511800496862,0,0,0.7121310187560005,50,0,28.0,50,0
2022-09-16,-0.8209052348478882,50,0,1.121470569767667,0,0,46.11208713870417,50,0,1.275976810347237,0,0,0.6940733506707689,50,0,20.0,100,0
2022-09-17,-0.7836025374943266,50,0,1.1514581860125617,0,0,46.11208713870417,50,0,1.301321538315066,0,0,0.7157560100098043,50,0,22.0,100,0
2022-09-18,-0.9056812749511561,50,0,1.0477181694175157,0,0,46.11208713870417,50,0,1.1220923185820264,0,0,0.6542707279252209,50,0,27.0,50,0
2022-09-19,-0.8627053214502884,50,0,1.0795386521595967,0,0,46.11208713870417,50,0,1.193802130063682,0,0,0.6770193990942455,50,0,21.0,100,0
2022-09-20,-0.9105392430807625,50,0,1.0349958111435322,0,0,46.11208713870417,50,0,1.176195111966036,0,0,0.651588845507217,50,0,23.0,100,0
2022-09-21,-0.9767555374089719,50,0,0.9762975918149083,0,0,46.11208713870417,50,0,1.0631132500140847,0,0,0.6171654979786524,100,0,23.0,100,0
2022-09-22,-0.8967936390878437,50,0,1.0377660892577847,0,0,46.11208713870417,50,0,1.1036295358875028,0,0,0.6584631215209609,50,0,22.0,100,0
2022-09-23,-0.895377641606106,50,0,1.0388504164069097,0,0,46.11208713870417,50,0,1.122091011197902,0,0,0.6615138057877996,50,0,20.0,100,0
2022-09-24,-0.9077849905078552,50,0,1.0272737016855051,0,0,46.11208713870417,50,0,1.153362855471899,0,0,0.656639126827377,50,0,24.0,100,0
2022-09-25,-0.9285398959029966,50,0,1.0090920946095683,0,0,46.11208713870417,50,0,1.1228887288500038,0,0,0.6477545526119998,50,0,24.0,100,0
2022-09-26,-0.8889795583013187,50,0,1.0394343584882595,0,0,46.11208713870417,50,0,1.1492052677631794,0,0,0.6698282138214838,50,0,21.0,100,0
2022-09-27,-0.8882902279818199,50,0,1.035722063331078,0,0,46.11208713870417,50,0,1.1552855037935508,0,0,0.6699613693630275,50,0,20.0,100,0
2022-09-28,-0.8786646337042942,50,0,1.0417202643559424,0,0,46.11208713870417,50,0,1.1206787574646635,0,0,0.6764078407472902,50,0,20.0,100,0
2022-09-29,-0.8869991316855125,50,0,1.0367449983177124,0,0,46.11208713870417,50,0,1.0955371523022734,0,0,0.675650991585622,50,0,22.0,100,0
2022-09-30,-0.8894096973525114,50,0,1.0309446361627523,0,0,44.46018926565432,50,0,1.0969675137251078,0,0,0.6744809984362599,50,0,21.0,100,0
2022-10-01,-0.9048526979598651,50,0,1.017954224919737,0,0,44.46018926565432,50,0,1.0803957732468428,0,0,0.6686495066000998,50,0,20.0,100,0
2022-10-02,-0.9375333896815031,50,0,0.9904009224813257,0,0,44.46018926565432,50,0,1.0474844150346287,0,0,0.6534564941309571,50,0,24.0,100,0
2022-10-03,-0.8908110672519081,50,0,1.026837736554047,0,0,44.46018926565432,50,0,1.0614321520534322,0,0,0.6805522885503336,50,0,24.0,100,0
2022-10-04,-0.8545620173096325,50,0,1.0559027021891807,0,0,44.46018926565432,50,0,1.041898121568725,0,0,0.7031616815368663,50,0,20.0,100,0
2022-10-05,-0.8647080529858219,50,0,1.0472075001229197,0,0,44.46018926565432,50,0,1.046385278113617,0,0,0.7007398600764104,50,0,25.0,100,0
2022-10-06,-0.8638583996907218,50,0,1.0455468558034178,0,0,44.46018926565432,50,0,1.0734158863676955,0,0,0.7028664947902815,50,0,26.0,50,0
2022-10-07,-0.8805713084768453,50,0,1.0302850351053279,0,0,44.46018926565432,50,0,1.0933687285729454,0,0,0.6959152887670281,50,0,23.0,100,0
2022-10-08,-0.8960969171652864,50,0,1.0163903171729056,0,0,44.46018926565432,50,0,1.0740835747818562,0,0,0.6899873505169981,50,0,24.0,100,0
2022-10-09,-0.8902094842398867,50,0,1.0199297945217243,0,0,44.46018926565432,50,0,1.0843891046719705,0,0,0.6959626471632405,50,0,22.0,100,0
2022-10-10,-0.9166426140632324,50,0,0.9969652758064632,0,0,44.46018926565432,50,0,1.0613265329240433,0,0,0.6840197460030776,50,0,22.0,100,0
2022-10-11,-0.9289341929090214,50,0,0.9858964906115837,0,0,44.46018926565432,50,0,1.04834336295219,0,0,0.6801569737860409,50,0,24.0,100,0
2022-10-12,-0.9123889181962241,50,0,0.9976416032439569,0,0,44.46018926565432,50,0,1.0667563720667719,0,0,0.6921245264747777,50,0,20.0,100,0
2022-10-13,-0.9176235337710085,50,0,0.9920273905817597,0,0,44.46018926565432,50,0,1.0178073264140826,0,0,0.6923879648839886,50,0,20.0,100,0
2022-10-14,-0.9030518974268369,50,0,0.9983847360674434,0,0,44.46018926565432,50,0,1.069638972713321,0,0,0.7011517124424865,50,0,24.0,100,0
2022-10-15,-0.9245447011293788,50,0,0.9805611974828855,0,0,44.46018926565432,50,0,1.0356965714306818,0,0,0.6930631319291063,50,0,24.0,100,0
2022-10-16,-0.8943776869470239,50,0,1.003431020618808,0,0,44.46018926565432,50,0,1.0754543583540408,0,0,0.7137452496798233,50,0,24.0,100,0
2022-10-17,-0.8686474174090664,50,0,1.0233015744400085,0,0,44.46018926565432,50,0,1.0903067133279642,0,0,0.7322760930342497,50,0,20.0,100,0
2022-10-18,-0.8885286475080599,50,0,1.0064504936277916,0,0,44.46018926565432,50,0,1.0761007478954772,0,0,0.7249496561323394,50,0,22.0,100,0
2022-10-19,-0.912724286056343,50,0,0.9853675780237102,0,0,44.46018926565432,50,0,1.0480834661664373,0,0,0.714505109692959,50,0,23.0,100,0
2022-10-20,-0.913974981409606,50,0,0.9826247008826182,0,0,44.46018926565432,50,0,1.0568532667996247,0,0,0.7174404345278721,50,0,23.0,100,0
2022-10-21,-0.896255337967242,50,0,0.9957472074818707,0,0,44.46018926565432,50,0,1.0758003503779754,0,0,0.7320551104482957,50,0,23.0,100,0
2022-10-22,-0.8830868517442798,50,0,1.0061417280565677,0,0,44.46018926565432,50,0,1.1031753241183393,0,0,0.7446085567995618,50,0,20.0,100,0
2022-10-23,-0.8348243133682985,50,0,1.0433727244899282,0,0,44.46018926565432,50,0,1.1583562378614782,0,0,0.7766868274318771,50,0,23.0,100,0
2022-10-24,-0.8533917801374695,50,0,1.0279259785651407,0,0,44.46018926565432,50,0,1.1501273641972507,0,0,0.7698426907510055,50,0,22.0,100,0
2022-10-25,-0.7429310402083039,50,0,1.1163600958431172,0,0,44.46018926565432,50,0,1.2880355868462858,0,0,0.8408333361719831,50,0,20.0,100,0
2022-10-26,-0.6520494012323912,50,0,1.1994284835882432,0,0,44.46018926565432,50,0,1.4100219497315891,0,0,0.9085188702576673,50,0,33.0,50,0
2022-10-27,-0.7058834296982089,50,0,1.1554343955958715,0,0,44.46018926565432,50,0,1.3730189341757355,0,0,0.8801980290290761,50,0,32.0,50,0
2022-10-28,-0.6691505866427121,50,0,1.1859309381257233,0,0,44.46018926565432,50,0,1.4084454089288223,0,0,0.9078995581599264,50,0,30.0,50,0
2022-10-29,-0.6110862839439449,50,0,1.2329004684551865,0,0,44.46018926565432,50,0,1.5075464214710428,0,100,0.948516619747094,50,0,34.0,50,0
2022-10-30,-0.6400610064912353,50,0,1.209567403867454,0,0,44.46018926565432,50,0,1.4765981029510988,0,0,0.9354905386499605,50,0,34.0,50,0
2022-10-31,-0.6568934269587348,50,0,1.1947012245594468,0,0,46.694925964629924,50,0,1.4585164632692285,0,0,0.9286750310067207,50,0,31.0,50,0
2022-11-01,-0.6489640222479611,50,0,1.200644440359474,0,0,46.694925964629924,50,0,1.4786564960147532,0,0,0.9380702968289895,50,0,30.0,50,0
2022-11-02,-0.7046881035261375,50,0,1.1536874875149696,0,0,46.694925964629924,50,0,1.4043200707929495,0,0,0.9062088766591474,50,0,30.0,50,0
2022-11-03,-0.6949998138323082,50,0,1.1605756381039094,0,0,46.694925964629924,50,0,1.4180946685887434,0,0,0.9163104769798013,50,0,30.0,50,0
2022-11-04,-0.5907936197631236,50,0,1.2467891330530438,0,0,46.694925964629924,50,0,1.5042379670629098,0,100,0.9893623947559387,50,0,30.0,50,0
2022-11-05,-0.6068465606912333,50,0,1.2326044618314247,0,0,46.694925964629924,50,0,1.4491489849398613,0,0,0.9832545238874536,50,0,38.0,50,0
2022-11-06,-0.6554998090586504,50,0,1.1920185297693622,0,0,46.694925964629924,50,0,1.3943973951938895,0,0,0.9559511696104721,50,0,40.0,50,0
2022-11-07,-0.6619167954246402,50,0,1.1854258108253146,0,0,46.694925964629924,50,0,1.4382122793993146,0,0,0.9555008782006051,50,0,33.0,50,0
2022-11-08,-0.8770449801350545,50,0,1.0066079811797564,0,0,46.694925964629924,50,0,1.2532448867921635,0,0,0.8159437822661411,50,0,31.0,50,0
2022-11-09,-1.0534133778706465,50,0,0.8256537979610031,100,0,46.694925964629924,50,0,1.1433928110472955,0,0,0.6734183217763857,50,0,29.0,50,0
2022-11-10,-0.8463987625392752,50,0,0.979561816025687,0,0,46.694925964629924,50,0,1.3419233167196527,0,0,0.8034793474674383,50,0,22.0,100,0
2022-11-11,-0.8647620624189809,50,0,0.9663825594258248,0,0,46.694925964629924,50,0,1.4171426104045737,0,0,0.797437771651577,50,0,25.0,100,0
2022-11-12,-0.8922603320862306,50,0,0.9440073900835086,50,0,46.694925964629924,50,0,1.3712553939185954,0,0,0.7832250736198764,50,0,21.0,100,0
2022-11-13,-0.9275017322899252,50,0,0.9194405604507029,50,0,46.694925964629924,50,0,1.3759844220513757,0,0,0.7672964437584336,50,0,22.0,100,0
2022-11-14,-0.9037838441640385,50,0,0.9343868165623607,50,0,46.694925964629924,50,0,1.3694514273490752,0,0,0.7844129194038619,50,0,24.0,100,0
2022-11-15,-0.8895781830093643,50,0,0.940460807749454,50,0,46.694925964629924,50,0,1.3488948368523392,0,0,0.7939219289357342,50,0,22.0,100,0
2022-11-16,-0.9232641778025161,50,0,0.9137662558455358,50,0,46.694925964629924,50,0,1.2966158798544691,0,0,0.7755724275909536,50,0,23.0,100,0
2022-11-17,-0.9366739432154717,50,0,0.9019079757669753,50,0,46.694925964629924,50,0,1.2547650913621293,0,0,0.7699552801446633,50,0,20.0,100,0
2022-11-18,-0.9247504553892802,50,0,0.9087104714703379,50,0,46.694925964629924,50,0,1.2825189184288774,0,0,0.78035343877483,50,0,23.0,100,0
2022-11-19,-0.9149712933711859,50,0,0.9150303696595978,50,0,46.694925964629924,50,0,1.2996041428153142,0,0,0.79022519987639,50,0,23.0,100,0
2022-11-20,-0.9964326027546512,50,0,0.8552693668149985,100,0,46.694925964629924,50,0,1.1772071875591628,0,0,0.7433516028552625,50,0,24.0,100,0
2022-11-21,-1.0296252504281607,50,0,0.8308118745710349,100,0,46.694925964629924,50,0,1.1796228942072249,0,0,0.7263610367869905,50,0,21.0,100,0
2022-11-22,-0.9943380281985076,50,0,0.8506990663496524,100,0,46.694925964629924,50,0,1.178054384714543,0,0,0.7479857582194158,50,0,22.0,100,0
2022-11-23,-0.9366590953718342,50,0,0.8864712964603837,50,0,46.694925964629924,50,0,1.2306526401675995,0,0,0.7836376901537373,50,0,22.0,100,0
2022-11-24,-0.9145596270242708,50,0,0.9005726461684295,50,0,46.694925964629924,50,0,1.279584090089733,0,0,0.8000553031303592,50,0,20.0,100,0
2022-11-25,-0.9179842153610221,50,0,0.8973382152718407,50,0,46.694925964629924,50,0,1.2816928129475225,0,0,0.8004633404103145,50,0,20.0,100,0
2022-11-26,-0.9116821912413365,50,0,0.901121990338706,50,0,46.694925964629924,50,0,1.3107764857468387,0,0,0.8073739951557829,50,0,22.0,100,0
2022-11-27,-0.9199487167447117,50,0,0.8946553022198916,50,0,46.694925964629924,50,0,1.2923533556670201,0,0,0.8043933415428715,50,0,26.0,50,0
2022-11-28,-0.9479713427261304,50,0,0.8732672429419216,50,0,46.694925964629924,50,0,1.261343480700007,0,0,0.7876987613260943,50,0,28.0,50,0
2022-11-29,-0.897275908243308,50,0,0.9087095532854799,50,0,46.694925964629924,50,0,1.343961960152822,0,0,0.8223687855949291,50,0,26.0,50,0
2022-11-30,-0.8160400583332479,50,0,0.9685408298189044,0,0,44.53558786278318,50,0,1.4107452886493796,0,0,0.8793146998188826,50,0,29.0,50,0
2022-12-01,-0.8392247474682472,50,0,0.9512870982042579,50,0,44.53558786278318,50,0,1.3954229235265438,0,0,0.8667232167835874,50,0,27.0,50,0
2022-12-02,-0.8216236640915665,50,0,0.9634746772710231,0,0,44.53558786278318,50,0,1.4171104649840631,0,0,0.8805649251955326,50,0,27.0,50,0
2022-12-03,-0.8756318695788372,50,0,0.924210801673436,50,0,44.53558786278318,50,0,1.3186427367696136,0,0,0.8476482207745496,50,0,27.0,50,0
2022-12-04,-0.8348668038736756,50,0,0.9527380049268461,50,0,44.53558786278318,50,0,1.3759483024813166,0,0,0.8762762550290852,50,0,26.0,50,0
2022-12-05,-0.8566166584848622,50,0,0.9361589262865518,50,0,44.53558786278318,50,0,1.3517919037353485,0,0,0.8637959806299595,50,0,26.0,50,0
2022-12-06,-0.8467477019564899,50,0,0.9442452739342369,50,0,44.53558786278318,50,0,1.3607622473503433,0,0,0.8738709211572047,50,0,25.0,100,0
2022-12-07,-0.8893016449296712,50,0,0.9157200359051401,50,0,44.53558786278318,50,0,1.3068473685148971,0,0,0.8501474528000341,50,0,29.0,50,0
2022-12-08,-0.8378036292033721,50,0,0.9515892329344132,50,0,44.53558786278318,50,0,1.3594430924950207,0,0,0.8863326395179721,50,0,25.0,100,0
2022-12-09,-0.8552499143682154,50,0,0.9373398806332247,50,0,44.53558786278318,50,0,1.3309577890814805,0,0,0.8757330816193206,50,0,26.0,50,0
2022-12-10,-0.8504421780918286,50,0,0.9394116740883407,50,0,44.53558786278318,50,0,1.3421292337201602,0,0,0.8803728645676486,50,0,27.0,50,0
2022-12-11,-0.85415723086973,50,0,0.9361014934172212,50,0,44.53558786278318,50,0,1.3383675460120832,0,0,0.8798831615550698,50,0,26.0,50,0
2022-12-12,-0.8431449337904988,50,0,0.9442032269773244,50,0,44.53558786278318,50,0,1.3489746790960586,0,0,0.8896924189791291,50,0,27.0,50,0
2022-12-13,-0.7933698648132708,50,0,0.9773739685016336,0,0,44.53558786278318,50,0,1.3554400796904031,0,0,0.9228235499140427,50,0,27.0,50,0
2022-12-14,-0.8065889374285176,50,0,0.9676960624865206,0,0,44.53558786278318,50,0,1.3195606830448459,0,0,0.9158132155012922,50,0,30.0,50,0
2022-12-15,-0.851752853913265,50,0,0.934567462950138,50,0,44.53558786278318,50,0,1.2951904688568119,0,0,0.8866932029444193,50,0,31.0,50,0
2022-12-16,-0.9520744888223468,50,0,0.8604736446079448,100,0,44.53558786278318,50,0,1.1764406930877842,0,0,0.8192354216233183,50,0,29.0,50,0
2022-12-17,-0.9265454605047548,50,0,0.8766319195221978,50,0,44.53558786278318,50,0,1.2039971823697506,0,0,0.8373276094360044,50,0,28.0,50,0
2022-12-18,-0.925890020156978,50,0,0.8763787463981834,50,0,44.53558786278318,50,0,1.2044973526625669,0,0,0.8394469145304412,50,0,26.0,50,0
2022-12-19,-0.9457385559982724,50,0,0.8609568156786291,100,0,44.53558786278318,50,0,1.2166810839777222,0,0,0.8270731942099793,50,0,29.0,50,0
2022-12-20,-0.8920564679910155,50,0,0.8978140694525745,50,0,44.53558786278318,50,0,1.2592494554447162,0,0,0.8646702875775215,50,0,29.0,50,0
2022-12-21,-0.8969544548683352,50,0,0.8933233091132118,50,0,44.53558786278318,50,0,1.2640835078056745,0,0,0.8626245628733453,50,0,26.0,50,0
2022-12-22,-0.8920877252288615,50,0,0.8961101093677045,50,0,44.53558786278318,50,0,1.2729988237081364,0,0,0.8676219197421104,50,0,28.0,50,0
2022-12-23,-0.8861813736294064,50,0,0.897828622610408,50,0,44.53558786278318,50,0,1.2870121836096597,0,0,0.8717566297360737,50,0,27.0,50,0
2022-12-24,-0.8859373806885611,50,0,0.8978516350861111,50,0,44.53558786278318,50,0,1.2782209014860866,0,0,0.8741151329020916,50,0,29.0,50,0
2022-12-25,-0.8888433110750835,50,0,0.8952841407962455,50,0,44.53558786278318,50,0,1.2734291280950158,0,0,0.8739159242090219,50,0,29.0,50,0
2022-12-26,-0.8816657006791494,50,0,0.8996196859962353,50,0,44.53558786278318,50,0,1.2800805234942119,0,0,0.8804269502249411,50,0,28.0,50,0
2022-12-27,-0.8950155798247494,50,0,0.8897107246849849,50,0,44.53558786278318,50,0,1.2809272681840118,0,0,0.872635808611521,50,0,27.0,50,0
2022-12-28,-0.9190126561635003,50,0,0.8719953037239438,50,0,44.53558786278318,50,0,1.2505404743309936,0,0,0.8567866254557358,50,0,28.0,50,0
2022-12-29,-0.9042784897414036,50,0,0.880906896075782,50,0,44.53558786278318,50,0,1.266173989990089,0,0,0.86680308845231,50,0,28.0,50,0
2022-12-30,-0.9057656288258469,50,0,0.878702433395398,50,0,44.53558786278318,50,0,1.267023241186695,0,0,0.8650957671505164,50,0,28.0,50,0
2022-12-31,-0.9046238970655075,50,0,0.8758304307176131,50,0,43.71699432440324,50,0,1.2716241580454304,0,0,0.8627800771253994,50,0,25.0,100,0
2023-01-01,-0.899421098353644,50,0,0.8787636047067751,50,0,43.71699432440324,50,0,1.2682653770308434,0,0,0.8662436378520123,50,0,26.0,50,0
2023-01-02,-0.8832856206247083,50,0,0.8891181619296311,50,0,43.71699432440324,50,0,1.2912525611548755,0,0,0.8764669296996513,50,0,27.0,50,0
2023-01-03,-0.8839927390103351,50,0,0.888169459933409,50,0,43.71699432440324,50,0,1.2931769640885005,0,0,0.875623544105633,50,0,26.0,50,0
2023-01-04,-0.840521140706081,50,0,0.9181324374079967,50,0,43.71699432440324,50,0,1.366554288523063,0,0,0.9048338798767767,50,0,29.0,50,0
2023-01-05,-0.8463514465219694,50,0,0.9133800712415914,50,0,43.71699432440324,50,0,1.3562723432085655,0,0,0.9002660675868048,50,0,29.0,50,0
2023-01-06,-0.8280273643884416,50,0,0.9267880638631424,50,0,43.71699432440324,50,0,1.3796773821131627,0,0,0.9135403939480072,50,0,26.0,50,0
2023-01-07,-0.8344629599294783,50,0,0.9220488212260742,50,0,43.71699432440324,50,0,1.3679660489627445,0,0,0.9089495157559756,50,0,25.0,100,0
2023-01-08,-0.8122331239599817,50,0,0.9369114921462135,50,0,43.71699432440324,50,0,1.3993660229175746,0,0,0.9233833323179587,50,0,25.0,100,0
2023-01-09,-0.7757244741019723,50,0,0.9625574829790174,0,0,43.71699432440324,50,0,1.4663122967851503,0,0,0.9486467725390219,50,0,25.0,100,0
2023-01-10,-0.7599669133224762,50,0,0.972906584548595,0,0,43.71699432440324,50,0,1.4556851837884852,0,0,0.9590963655865837,50,0,26.0,50,0
2023-01-11,-0.7132771468589142,50,0,1.0049281720594017,0,0,43.71699432440324,50,0,1.4900407254871384,0,0,0.9908162892771225,50,0,26.0,50,0
2023-01-12,-0.6771035423418298,50,0,1.0309036882070173,0,0,43.71699432440324,50,0,1.3906218227353984,0,0,1.0163300275736915,50,0,30.0,50,0
2023-01-13,-0.6456166896193725,50,0,1.054000221505981,0,0,43.71699432440324,50,0,1.298970527900534,0,0,1.0388598076601399,50,0,31.0,50,0
2023-01-14,-0.5429902252288819,50,0,1.1271034921727108,0,0,43.71699432440324,50,0,1.3365721449610362,0,0,1.1101011537444698,50,0,46.0,50,0
2023-01-15,-0.5438029540083623,50,0,1.1268132668322692,0,0,43.71699432440324,50,0,1.3586464703972514,0,0,1.108818931808959,50,0,52.0,0,0
2023-01-16,-0.5218109024649888,50,0,1.144564375660467,0,0,43.71699432440324,50,0,1.364739810190103,0,0,1.1249727918156542,50,0,45.0,50,0
2023-01-17,-0.5315679210701609,50,0,1.1380898566413438,0,0,43.71699432440324,50,0,1.349278075624543,0,0,1.1174312640761976,50,0,51.0,0,0
2023-01-18,-0.5836332602395516,50,0,1.1009085037927744,0,0,43.71699432440324,50,0,1.3171181574371398,0,0,1.0799552778987627,50,0,52.0,0,0
2023-01-19,-0.5539802633087438,50,0,1.1220663845157857,0,0,43.71699432440324,50,0,1.3248131683338837,0,0,1.0996547106920664,50,0,45.0,50,0
2023-01-20,-0.448936480391828,50,0,1.1991066965066175,0,0,43.71699432440324,50,0,1.3074231000176821,0,0,1.1739663243641654,50,0,51.0,0,0
2023-01-21,-0.4807232769309388,50,0,1.176542638339881,0,0,43.71699432440324,50,0,1.2311882284850695,0,0,1.1507521852408698,50,0,53.0,0,0
2023-01-22,-0.4813671992949744,50,0,1.1757386962957452,0,0,43.71699432440324,50,0,1.2432167312609905,0,0,1.1490723528997355,50,0,53.0,0,0
2023-01-23,-0.4820547987050195,50,0,1.1745938353984244,0,0,43.71699432440324,50,0,1.213955789168414,0,0,1.1472618189353492,50,0,50.0,0,0
2023-01-24,-0.5576993325537403,50,0,1.1202413166507086,0,0,43.71699432440324,50,0,1.1156436552767863,0,0,1.0937323436635153,50,0,52.0,0,0
2023-01-25,-0.5053036767653132,50,0,1.1582917574452156,0,0,43.71699432440324,50,0,1.1524869966967142,0,0,1.1301826606541112,50,0,51.0,0,0
2023-01-26,-0.511116055742774,50,0,1.1532462374266288,0,0,43.71699432440324,50,0,1.1547099890532972,0,0,1.1243888120111405,50,0,54.0,0,0
2023-01-27,-0.5152478074242415,50,0,1.1495667272751602,0,0,43.71699432440324,50,0,1.1393691925418927,0,0,1.1196697772264843,50,0,55.0,0,0
2023-01-28,-0.5432067400157399,50,0,1.1287171084826229,0,0,43.71699432440324,50,0,1.095278466527479,0,0,1.098130619922896,50,0,52.0,0,0
2023-01-29,-0.47497333673534464,50,0,1.1825139677386263,0,0,43.71699432440324,50,0,1.1384258318140263,0,0,1.1492032435260522,50,0,55.0,0,0
2023-01-30,-0.5543441953747996,50,0,1.124007815421615,0,0,43.71699432440324,50,0,1.1143349695474492,0,0,1.0917139366538178,50,0,61.0,0,0
2023-01-31,-0.5364603898678024,50,0,1.136698077524063,0,0,47.64686687408416,50,0,1.1071183366553847,0,0,1.1034991288966705,50,0,51.0,0,0
2023-02-01,-0.48132462920763286,50,0,1.1767456685934108,0,0,47.64686687408416,50,0,1.1364562615996783,0,0,1.1420938510713405,50,0,56.0,0,0
2023-02-02,-0.47846669027388955,50,0,1.1790262244172147,0,0,47.64686687408416,50,0,1.1726738398434446,0,0,1.1439814488987465,50,0,60.0,0,0
2023-02-03,-0.4615163264165199,50,0,1.1919103556078392,0,0,47.64686687408416,50,0,1.2157525466633126,0,0,1.1569795313414326,50,0,60.0,0,0
2023-02-04,-0.45670821754542296,50,0,1.1948848667498735,0,0,47.64686687408416,50,0,1.2376114958720523,0,0,1.160254321493755,50,0,58.0,0,0
2023-02-05,-0.4978528007301852,50,0,1.165468753973411,0,0,47.64686687408416,50,0,1.2161754972289378,0,0,1.1321084577432798,50,0,58.0,0,0
2023-02-06,-0.5125858122904258,50,0,1.152588469918725,0,0,47.64686687408416,50,0,1.2128068330527213,0,0,1.1202769134138812,50,0,56.0,0,0
2023-02-07,-0.45701660935559346,50,0,1.1934088553778632,0,0,47.64686687408416,50,0,1.252531524155287,0,0,1.160290296763606,50,0,54.0,0,0
2023-02-08,-0.4800271516905098,50,0,1.1764808005236682,0,0,47.64686687408416,50,0,1.2546748854800276,0,0,1.1442944822845322,50,0,58.0,0,0
2023-02-09,-0.5812580430221098,50,0,1.1011296481097637,0,0,47.64686687408416,50,0,1.2071592347985152,0,0,1.0719719172870799,50,0,55.0,0,0
2023-02-10,-0.6213844750013362,50,0,1.0780376992044292,0,0,47.64686687408416,50,0,1.1725558937818914,0,0,1.0500206613200818,50,0,48.0,50,0
2023-02-11,-0.5949336084501197,50,0,1.095732307105663,0,0,47.64686687408416,50,0,1.1899293333602006,0,0,1.0675988471516182,50,0,49.0,50,0
2023-02-12,-0.6210395941316705,50,0,1.0762089097995506,0,0,47.64686687408416,50,0,1.150617868894169,0,0,1.0497251819857423,50,0,50.0,0,0
2023-02-13,-0.6274918459370749,50,0,1.0701094681448862,0,0,47.64686687408416,50,0,1.1320516740553463,0,0,1.0452805981953175,50,0,48.0,50,0
2023-02-14,-0.5769779222614225,50,0,1.1057073962932382,0,0,47.64686687408416,50,0,1.1745416331905612,0,0,1.0815228025326533,50,0,50.0,0,0
2023-02-15,-0.4660364749444242,50,0,1.1867416668922257,0,0,47.64686687408416,50,0,1.1204838394467735,0,0,1.1617523310446607,50,0,53.0,0,0
2023-02-16,-0.4951835332301642,50,0,1.1653376294247664,0,0,47.64686687408416,50,0,1.1381586642134138,0,0,1.1418027893473193,50,0,62.0,0,0
2023-02-17,-0.44637245665150166,50,0,1.2013800485151287,0,0,47.64686687408416,50,0,1.124625420545935,0,0,1.1777784402565323,50,0,61.0,0,0
2023-02-18,-0.45144956476674125,50,0,1.1968417879347029,0,0,47.64686687408416,50,0,1.1121782810301182,0,0,1.174024955392077,50,0,60.0,0,0
2023-02-19,-0.45919302120232236,50,0,1.1904603988269977,0,0,47.64686687408416,50,0,1.1312120285523757,0,0,1.1683869449011153,50,0,60.0,0,0
2023-02-20,-0.4424002657634774,50,0,1.202034276759058,0,0,47.64686687408416,50,0,1.1102272595172924,0,0,1.1802728882182896,50,0,58.0,0,0
2023-02-21,-0.4872405300864133,50,0,1.1687981838614712,0,0,47.64686687408416,50,0,1.0775280994546697,0,0,1.1487794287088429,50,0,60.0,0,0
2023-02-22,-0.5014369708549554,50,0,1.158646327040138,0,0,47.64686687408416,50,0,1.0826936849602598,0,0,1.1398617696902178,50,0,59.0,0,0
2023-02-23,-0.49436266410254753,50,0,1.1630268955583096,0,0,47.64686687408416,50,0,1.1271614534596355,0,0,1.1452260181506337,50,0,56.0,0,0
2023-02-24,-0.5329677547099814,50,0,1.1332199870093507,0,0,47.64686687408416,50,0,1.1449136777725761,0,0,1.1173440159180785,50,0,53.0,0,0
2023-02-25,-0.5442035808711051,50,0,1.12226474922191,0,0,47.64686687408416,50,0,1.1202143408966536,0,0,1.1077668195987762,50,0,52.0,0,0
2023-02-26,-0.502245574457922,50,0,1.1542648357789922,0,0,47.64686687408416,50,0,1.1574646917078846,0,0,1.1410394435363655,50,0,51.0,0,0
2023-02-27,-0.5078130924299165,50,0,1.1485207146677967,0,0,47.64686687408416,50,0,1.1495729733817268,0,0,1.1371730408191552,50,0,50.0,0,0
2023-02-28,-0.5357113324466,50,0,1.1287418469216208,0,0,47.86669842432297,50,0,1.1457264724579594,0,0,1.1197582586336108,50,0,53.0,0,0
2023-03-01,-0.4886846892594811,50,0,1.1665331140253865,0,0,47.86669842432297,50,0,1.187286613895238,0,0,1.1594128324486666,50,0,50.0,0,0
2023-03-02,-0.5031911876070978,50,0,1.1559453187667925,0,0,47.86669842432297,50,0,1.1800297829323068,0,0,1.150905558636324,50,0,51.0,0,0
2023-03-03,-0.5791505875334116,50,0,1.0999741672713892,0,0,47.86669842432297,50,0,1.1799244984397126,0,0,1.0972234585862892,50,0,50.0,0,0
2023-03-04,-0.5819020945061432,50,0,1.0968997371543063,0,0,47.86669842432297,50,0,1.1757293964697466,0,0,1.0961166193132859,50,0,50.0,0,0
2023-03-05,-0.5839494980190099,50,0,1.0945536633087614,0,0,47.86669842432297,50,0,1.1598845114612217,0,0,1.0955732746999975,50,0,47.0,50,0
2023-03-06,-0.5797090112352646,50,0,1.0965227807011961,0,0,47.86669842432297,50,0,1.168073475923085,0,0,1.09939486310252,50,0,48.0,50,0
2023-03-07,-0.5865992887152062,50,0,1.090513290289883,0,0,47.86669842432297,50,0,1.1860937499166164,0,0,1.0943432165646023,50,0,49.0,50,0
2023-03-08,-0.6112150403325669,50,0,1.0717477265226159,0,0,47.86669842432297,50,0,1.2009651981522433,0,0,1.0764016799598952,50,0,50.0,0,0
2023-03-09,-0.7063808087875462,50,0,1.0029634842149067,0,0,47.86669842432297,50,0,1.1967194976670774,0,0,1.0086090210571363,50,0,44.0,50,0
2023-03-10,-0.7058722334842861,50,0,1.0005748173430165,0,0,47.86669842432297,50,0,1.2077916184810897,0,0,1.007454674114682,50,0,34.0,50,0
2023-03-11,-0.6586625915057136,50,0,1.0299864473142757,0,0,47.86669842432297,50,0,1.246832512577475,0,0,1.0384095558277735,50,0,33.0,50,0
2023-03-12,-0.5492663830515098,50,0,1.105391968463315,0,0,47.86669842432297,50,0,1.2526722080723358,0,0,1.1154916201369534,50,0,33.0,50,0
2023-03-13,-0.46312033930964197,50,0,1.1682038438200926,0,0,47.86669842432297,50,0,1.147902790753184,0,0,1.1798183049276987,50,0,49.0,50,0
2023-03-14,-0.4378775810746769,50,0,1.1875200173284997,0,0,47.86669842432297,50,0,1.1241097811136231,0,0,1.199379164949293,50,0,56.0,0,0
2023-03-15,-0.4895235578856716,50,0,1.1509134495571842,0,0,47.86669842432297,50,0,1.0769975869068915,0,0,1.1625554078054074,50,0,50.0,0,0
2023-03-16,-0.47007880743391645,50,0,1.165269319059461,0,0,47.86669842432297,50,0,1.040660229883892,0,0,1.1769062579255816,50,0,52.0,0,0
2023-03-17,-0.3650292663597797,50,0,1.2433496636437198,0,0,47.86669842432297,50,0,0.9661929961860419,0,0,1.2556709355039668,50,0,51.0,0,0
2023-03-18,-0.3923346985456761,50,0,1.223917010137655,0,0,47.86669842432297,50,0,0.9720600140336552,0,0,1.2359659713082378,50,0,64.0,0,0
2023-03-19,-0.35732680109957354,50,0,1.2488978251761562,0,0,47.86669842432297,50,0,0.9093629972545705,0,0,1.261050606098402,50,0,63.0,0,0
2023-03-20,-0.42170295415967723,50,0,1.2033922911699548,0,0,47.86669842432297,50,0,0.8444738756007362,50,0,1.2153532924413726,50,0,66.0,0,0
2023-03-21,-0.35932586751146367,50,0,1.249336793311188,0,0,47.86669842432297,50,0,0.9156806939580052,0,0,1.261712609687994,50,0,68.0,0,0
2023-03-22,-0.4247189511803651,50,0,1.2022007350413182,0,0,47.86669842432297,50,0,0.8943211903396274,0,0,1.21422870782839,50,0,62.0,0,0
2023-03-23,-0.3483402781488716,50,0,1.2572241671402762,0,0,47.86669842432297,50,0,0.9162400289952956,0,0,1.269711072742379,50,0,57.0,0,0
2023-03-24,-0.41453722548061267,50,0,1.2092600484224454,0,0,47.86669842432297,50,0,0.9022726199728629,0,0,1.2215876274027,50,0,61.0,0,0
2023-03-25,-0.4227277464022966,50,0,1.2023935036429023,0,0,47.86669842432297,50,0,0.8862216794836727,0,0,1.2147951137224327,50,0,64.0,0,0
2023-03-26,-0.3882356747525057,50,0,1.2263635962213788,0,0,47.86669842432297,50,0,0.8870424574116033,0,0,1.2393098791237598,50,0,64.0,0,0
2023-03-27,-0.4516921044150857,50,0,1.1816307946647673,0,0,47.86669842432297,50,0,0.876028906789033,50,0,1.1946188231866903,50,0,64.0,0,0
2023-03-28,-0.39481616657162594,50,0,1.2221019134756328,0,0,47.86669842432297,50,0,0.9579451637013029,0,0,1.23620204783201,50,0,59.0,0,0
2023-03-29,-0.3775497160347572,50,0,1.23482813707565,0,0,47.86669842432297,50,0,0.8789539972690311,50,0,1.2499469351733579,50,0,57.0,0,0
2023-03-30,-0.38122207180521,50,0,1.2318661224922038,0,0,47.86669842432297,50,0,0.9101424790159455,0,0,1.2477459989172683,50,0,60.0,0,0
2023-03-31,-0.35379288910440404,50,0,1.2530490275934316,0,0,50.111534889206716,50,0,0.9111592393469328,0,0,1.2696721091331378,50,0,63.0,0,0
2023-04-01,-0.3558893451583178,50,0,1.251003559728804,0,0,50.111534889206716,50,0,0.9107072491614431,0,0,1.2674724778391273,50,0,61.0,0,0
2023-04-02,-0.3821776987862804,50,0,1.231095759126705,0,0,50.111534889206716,50,0,0.900936103767862,0,0,1.2475366906312835,50,0,63.0,0,0
2023-04-03,-0.36720088975680154,50,0,1.241416468677678,0,0,50.111534889206716,50,0,0.9569840435740656,0,0,1.2574769002394113,50,0,63.0,0,0
2023-04-04,-0.31609217219660923,50,0,1.2794689804829409,0,0,50.111534889206716,50,0,1.0181035708348043,0,0,1.2950854283380142,50,0,62.0,0,0
2023-04-05,-0.27910357082438814,50,0,1.3078083324332923,0,0,50.111534889206716,50,0,1.0759361804944891,0,0,1.3228232637797697,50,0,62.0,0,0
2023-04-06,-0.31747597891146245,50,0,1.2800779478014268,0,0,50.111534889206716,50,0,1.0307051316292393,0,0,1.2934113100463205,50,0,63.0,0,0
2023-04-07,-0.32331655162941053,50,0,1.2751428251240804,0,0,50.111534889206716,50,0,1.0333990778599886,0,0,1.2872765907342305,50,0,64.0,0,0
2023-04-08,-0.33757198477565376,50,0,1.264181384190006,0,0,50.111534889206716,50,0,1.0081257616011432,0,0,1.274888855322877,50,0,61.0,0,0
2023-04-09,-0.32899492835140665,50,0,1.2695777482420505,0,0,50.111534889206716,50,0,0.9827800285758804,0,0,1.2786548531935202,50,0,61.0,0,0
2023-04-10,-0.2826113931172719,50,0,1.3032985030635893,0,0,50.111534889206716,50,0,0.930143212641929,0,0,1.3110541792818906,50,0,62.0,0,0
2023-04-11,-0.3037736218867056,50,0,1.2883664109038002,0,0,50.111534889206716,50,0,0.8498055555463933,50,0,1.294582980094169,50,0,68.0,0,0
2023-04-12,-0.27472877172112353,50,0,1.307778884493804,0,0,50.111534889206716,50,0,0.9231519701738253,0,0,1.3124357662146977,50,0,65.0,0,0
2023-04-13,-0.15432134596900154,50,0,1.367233943824355,0,0,50.111534889206716,50,0,1.007755835798439,0,0,1.3699226123592172,50,0,61.0,0,0
2023-04-14,-0.07912595213041415,50,0,1.4280827999125052,0,0,50.111534889206716,50,0,1.1286754890866435,0,0,1.4284319521058162,50,0,68.0,0,0
2023-04-15,-0.11916931914545499,50,0,1.4215638597766818,0,0,50.111534889206716,50,0,1.1291385059812056,0,0,1.4194865904920213,50,0,68.0,0,0
2023-04-16,-0.07825516715695566,50,0,1.437161136638949,0,0,50.111534889206716,50,0,1.1673369694575588,0,0,1.4325602542808522,50,0,68.0,0,0
2023-04-17,-0.10387004216914801,50,0,1.4069223771398793,0,0,50.111534889206716,50,0,1.190991290426047,0,0,1.4001273485568595,50,0,69.0,0,0
2023-04-18,-0.09287207224327874,50,0,1.4226336280956724,0,0,50.111534889206716,50,0,1.1368560136066073,0,0,1.4133314274849318,50,0,58.0,0,0
2023-04-19,-0.25179902972014107,50,0,1.309638619105736,0,0,50.111534889206716,50,0,1.0520688802371922,0,0,1.2993932105162167,50,0,63.0,0,0
2023-04-20,-0.2366543385567896,50,0,1.313126488973739,0,0,50.111534889206716,50,0,1.1182212971162513,0,0,1.300996218200648,50,0,52.0,0,0
2023-04-21,-0.31425259765283575,50,0,1.249060530267088,0,0,50.111534889206716,50,0,1.0749325955021272,0,0,1.236277176307027,50,0,50.0,0,0
2023-04-22,-0.28113019849687937,50,0,1.2656384501013944,0,0,50.111534889206716,50,0,1.058951708297612,0,0,1.2514882080327188,50,0,53.0,0,0
2023-04-23,-0.2856976567593935,50,0,1.2560997766361879,0,0,50.111534889206716,50,0,1.0625108668950562,0,0,1.2408754297052593,50,0,56.0,0,0
2023-04-24,-0.2957775195496193,50,0,1.2417308620634337,0,0,50.111534889206716,50,0,1.0402163892029883,0,0,1.225580099016795,50,0,53.0,0,0
2023-04-25,-0.2805436673412616,50,0,1.2577631487340974,0,0,50.111534889206716,50,0,0.99881594778645,0,0,1.2401227905290564,50,0,53.0,0,0
2023-04-26,-0.2835802518592608,50,0,1.2560570893597063,0,0,50.111534889206716,50,0,0.9888935427406782,0,0,1.2370892900038142,50,0,56.0,0,0
2023-04-27,-0.24770691537833056,50,0,1.2836329599866767,0,0,50.111534889206716,50,0,0.9470206223066047,0,0,1.2627687571738557,50,0,59.0,0,0
2023-04-28,-0.2616550943750753,50,0,1.2722915712870544,0,0,50.111534889206716,50,0,0.9352911428672984,0,0,1.2500760019191055,50,0,64.0,0,0
2023-04-29,-0.2525337367246073,50,0,1.2793204364819872,0,0,50.111534889206716,50,0,0.9651419347137922,0,0,1.255340665917784,50,0,64.0,0,0
2023-04-30,-0.2730530001377565,50,0,1.2647296188131756,0,0,50.758202935586915,50,0,0.9219301802987264,0,0,1.2395594255921016,50,0,60.0,0,0
2023-05-01,-0.328817483949032,50,0,1.2277529160872647,0,0,50.758202935586915,50,0,0.9622246459691103,0,0,1.2020575121845793,50,0,63.0,0,0
2023-05-02,-0.2885520448260143,50,0,1.2539743530732017,0,0,50.758202935586915,50,0,0.9667791286772003,0,0,1.2263462351785197,50,0,55.0,0,0
2023-05-03,-0.25817821341602154,50,0,1.2749539128734506,0,0,50.758202935586915,50,0,0.9810899393229041,0,0,1.2452501270833813,50,0,64.0,0,0
2023-05-04,-0.2860446764348426,50,0,1.2552251573410615,0,0,50.758202935586915,50,0,0.9577476426192458,0,0,1.2246278321197201,50,0,64.0,0,0
2023-05-05,-0.18230614241304274,50,0,1.3334144474804244,0,0,50.758202935586915,50,0,1.0644107309108521,0,0,1.2991615981713671,50,0,61.0,0,0
2023-05-06,-0.27588726225007465,50,0,1.2687800322882012,0,0,50.758202935586915,50,0,0.9882080681823641,0,0,1.2347717568040004,50,0,60.0,0,0
2023-05-07,-0.2728156789721762,50,0,1.2677911851596382,0,0,50.758202935586915,50,0,1.0017106677742287,0,0,1.2322827466435913,50,0,64.0,0,0
2023-05-08,-0.318307850674645,50,0,1.2335038473164273,0,0,50.758202935586915,50,0,1.030142281874815,0,0,1.1976269131951123,50,0,60.0,0,0
2023-05-09,-0.31546442583332496,50,0,1.2312488590590205,0,0,50.758202935586915,50,0,1.0358038302438923,0,0,1.1941948096216533,50,0,51.0,0,0
2023-05-10,-0.3180920278508679,50,0,1.2265061716669245,0,0,50.758202935586915,50,0,1.0264626821317615,0,0,1.1884465208997448,50,0,52.0,0,0
2023-05-11,-0.35984232620455536,50,0,1.1944376222472735,0,0,50.758202935586915,50,0,1.0218320839458725,0,0,1.1566035516635618,50,0,52.0,0,0
2023-05-12,-0.34558290889188903,50,0,1.2017262470189993,0,0,50.758202935586915,50,0,1.0643563206310285,0,0,1.162773300356743,50,0,49.0,50,0
2023-05-13,-0.3514477681525263,50,0,1.195352822699232,0,0,50.758202935586915,50,0,1.043699089003467,0,0,1.1561893407490742,50,0,48.0,50,0
2023-05-14,-0.348965247253877,50,0,1.1946792228529413,0,0,50.758202935586915,50,0,1.0359757166174797,0,0,1.1555495714718471,50,0,48.0,50,0
2023-05-15,-0.3302998441137582,50,0,1.206648395848319,0,0,50.758202935586915,50,0,1.0335232634580314,0,0,1.1668651630667786,50,0,50.0,0,0
2023-05-16,-0.32532338041817266,50,0,1.2090177604306291,0,0,50.758202935586915,50,0,1.0633698470450235,0,0,1.1690506964208964,50,0,54.0,0,0
2023-05-17,-0.32178587497928834,50,0,1.206707602607556,0,0,50.758202935586915,50,0,1.0202597688476802,0,0,1.1669467561104696,50,0,50.0,0,0
2023-05-18,-0.33839656711443145,50,0,1.1936429229376375,0,0,50.758202935586915,50,0,1.05027469348981,0,0,1.1543812662147668,50,0,51.0,0,0
2023-05-19,-0.33240559330008534,50,0,1.1989324329874538,0,0,50.758202935586915,50,0,1.0602798416422536,0,0,1.159471673230922,50,0,48.0,50,0
2023-05-20,-0.32621482582299755,50,0,1.202103444176581,0,0,50.758202935586915,50,0,1.0474222664693358,0,0,1.16252200274673,50,0,48.0,50,0
2023-05-21,-0.33765559482702767,50,0,1.1927302403748068,0,0,50.758202935586915,50,0,1.0617273201543207,0,0,1.1532608688843302,50,0,52.0,0,0
2023-05-22,-0.32619193810784686,50,0,1.199564229850141,0,0,50.758202935586915,50,0,1.0716912770601257,0,0,1.1596769638287006,50,0,49.0,50,0
2023-05-23,-0.2910666111781475,50,0,1.2226049488069797,0,0,50.758202935586915,50,0,1.0897805941728553,0,0,1.1820753679948692,50,0,50.0,0,0
2023-05-24,-0.34372527739052255,50,0,1.1865018238667486,0,0,50.758202935586915,50,0,1.1010422065124075,0,0,1.1473893886611963,50,0,50.0,0,0
2023-05-25,-0.3376533730455558,50,0,1.1894324384375596,0,0,50.758202935586915,50,0,1.094525242180269,0,0,1.15023263447556,50,0,51.0,0,0
2023-05-26,-0.32212452802618236,50,0,1.2031989846069993,0,0,50.758202935586915,50,0,1.1045600278027297,0,0,1.1634568498958258,50,0,49.0,50,0
2023-05-27,-0.3209343142735276,50,0,1.2032927519457557,0,0,50.758202935586915,50,0,1.0923002476952746,0,0,1.1625908021094236,50,0,48.0,50,0
2023-05-28,-0.24681085703617453,50,0,1.2552086095067552,0,0,50.758202935586915,50,0,1.0858241205988517,0,0,1.2105734006775832,50,0,50.0,0,0
2023-05-29,-0.2693033051442466,50,0,1.243437209396392,0,0,50.758202935586915,50,0,1.0954177362020647,0,0,1.197902001631701,50,0,52.0,0,0
2023-05-30,-0.26767053132978913,50,0,1.2463699470708616,0,0,50.758202935586915,50,0,1.1102770585330894,0,0,1.1993287901692142,50,0,51.0,0,0
2023-05-31,-0.29617760263959547,50,0,1.2271312671905987,0,0,50.61345495117013,50,0,1.1198474887753893,0,0,1.1794210580237114,50,0,51.0,0,0
2023-06-01,-0.3013861773834411,50,0,1.2189432956169246,0,0,50.61345495117013,50,0,1.145420644584365,0,0,1.1700888783898908,50,0,52.0,0,0
2023-06-02,-0.26335853325482755,50,0,1.2474676542990206,0,0,50.61345495117013,50,0,1.1694980473421563,0,0,1.195912388266299,50,0,50.0,0,0
2023-06-03,-0.2807134661401533,50,0,1.2366506074327763,0,0,50.61345495117013,50,0,1.1651108982033214,0,0,1.1840825852140884,50,0,53.0,0,0
2023-06-04,-0.28185925819486235,50,0,1.2359588905798227,0,0,50.61345495117013,50,0,1.15703582178732,0,0,1.18183702986968,50,0,52.0,0,0
2023-06-05,-0.3606038271296939,50,0,1.1831190822703328,0,0,50.61345495117013,50,0,1.1838561670487047,0,0,1.1299820668098155,50,0,53.0,0,0
2023-06-06,-0.2942945547972825,50,0,1.2281247891076825,0,0,50.61345495117013,50,0,1.1364304562562983,0,0,1.1714131656019597,50,0,44.0,50,0
2023-06-07,-0.3412451134744826,50,0,1.1938012340391932,0,0,50.61345495117013,50,0,1.1515231125409593,0,0,1.1373569011682203,50,0,53.0,0,0
2023-06-08,-0.3247890658499373,50,0,1.2028891355573839,0,0,50.61345495117013,50,0,1.1558698384627732,0,0,1.1443691567589673,50,0,50.0,0,0
2023-06-09,-0.33282584663676823,50,0,1.1962437512059643,0,0,50.61345495117013,50,0,1.1473127435700532,0,0,1.136336936788579,50,0,50.0,0,0
2023-06-10,-0.41126703694973715,50,0,1.1397764003005908,0,0,50.61345495117013,50,0,1.0751661487387953,0,0,1.0814098251692823,50,0,49.0,50,0
2023-06-11,-0.40745972023815585,50,0,1.1382707337833966,0,0,50.61345495117013,50,0,1.0684797570912348,0,0,1.0788592730197395,50,0,47.0,50,0
2023-06-12,-0.4131727192406473,50,0,1.131371345684542,0,0,50.61345495117013,50,0,1.0528960381109143,0,0,1.0713016080884812,50,0,47.0,50,0
2023-06-13,-0.41317150681985537,50,0,1.126982977712422,0,0,50.61345495117013,50,0,1.0465953290461456,0,0,1.0661398339185229,50,0,45.0,50,0
2023-06-14,-0.4976240418473732,50,0,1.0699573791612986,0,0,50.61345495117013,50,0,0.9879121097041021,0,0,1.0114971109323652,50,0,46.0,50,0
2023-06-15,-0.478079141005696,50,0,1.0780965033418388,0,0,50.61345495117013,50,0,0.9598471966327408,0,0,1.0184305695196694,50,0,41.0,50,0
2023-06-16,-0.42578568943895095,50,0,1.1115056229077152,0,0,50.61345495117013,50,0,0.9638976190089553,0,0,1.0489764033188929,50,0,47.0,50,0
2023-06-17,-0.4141362453294869,50,0,1.1178026875778206,0,0,50.61345495117013,50,0,0.9623850082164127,0,0,1.0540275562655284,50,0,47.0,50,0
2023-06-18,-0.42099357288372863,50,0,1.1121933733637601,0,0,50.61345495117013,50,0,0.96725620970599,0,0,1.0481280694347133,50,0,49.0,50,0
2023-06-19,-0.40822016758084073,50,0,1.12101114160073,0,0,50.61345495117013,50,0,0.946646252242514,0,0,1.0557082877230344,50,0,47.0,50,0
2023-06-20,-0.3603746497214781,50,0,1.1555792681833317,0,0,50.61345495117013,50,0,0.8794906807727804,50,0,1.0874187977883978,50,0,49.0,50,0
2023-06-21,-0.26929927336060344,50,0,1.2220945767551565,0,0,50.61345495117013,50,0,0.8667127133959498,50,0,1.1486366581605065,50,0,59.0,0,0
2023-06-22,-0.2941093566143213,50,0,1.2082867916443936,0,0,50.61345495117013,50,0,0.8513316580524823,50,0,1.1344952411036167,50,0,65.0,0,0
2023-06-23,-0.2844184361125976,50,0,1.2184330060836313,0,0,50.61345495117013,50,0,0.8152080691153655,50,0,1.142726458506167,50,0,65.0,0,0
2023-06-24,-0.30542088670248213,50,0,1.207531793486595,0,0,50.61345495117013,50,0,0.8011759861072439,50,0,1.1313100192317738,50,0,62.0,0,0
2023-06-25,-0.28702934231941446,50,0,1.2218198442378811,0,0,50.61345495117013,50,0,0.841744954615395,50,0,1.1432978500918503,50,0,64.0,0,0
2023-06-26,-0.328698665192005,50,0,1.1937435335041051,0,0,50.61345495117013,50,0,0.8004127585419537,50,0,1.1159484076363073,50,0,55.0,0,0
2023-06-27,-0.30060717720669394,50,0,1.2129590722074088,0,0,50.61345495117013,50,0,0.8090209941749535,50,0,1.1326686662283276,50,0,59.0,0,0
2023-06-28,-0.3547029115799921,50,0,1.174004178743232,0,0,50.61345495117013,50,0,0.773839583354392,50,0,1.0952768427808397,50,0,62.0,0,0
2023-06-29,-0.3313454520342485,50,0,1.188170032293066,0,0,50.61345495117013,50,0,0.7764184573680812,50,0,1.1073925932888011,50,0,54.0,0,0
2023-06-30,-0.2570151226701746,50,0,1.2393843957792667,0,0,51.34429499465259,50,0,0.889422496602427,0,0,1.1537848593341595,50,0,56.0,0,0
2023-07-01,-0.2705658850947375,50,0,1.2310419961666244,0,0,51.34429499465259,50,0,0.8645700012301626,50,0,1.1448791530877536,50,0,59.0,0,0
2023-07-02,-0.2619254445986947,50,0,1.238020740664261,0,0,51.34429499465259,50,0,0.8810019864184556,50,0,1.1501501947270751,50,0,63.0,0,0
2023-07-03,-0.25447651070735566,50,0,1.2489083087692703,0,0,51.34429499465259,50,0,0.8593852746077697,50,0,1.158830335687308,50,0,62.0,0,0
2023-07-04,-0.27322270504936225,50,0,1.237801896916739,0,0,51.34429499465259,50,0,0.8666955432526062,50,0,1.1468160430195309,50,0,64.0,0,0
2023-07-05,-0.29818967439589217,50,0,1.2200821267523914,0,0,51.34429499465259,50,0,0.8565003997243903,50,0,1.1288733184415807,50,0,61.0,0,0
2023-07-06,-0.3498955086947748,50,0,1.1823154166054861,0,0,51.34429499465259,50,0,0.8201794457684077,50,0,1.0926162763155982,50,0,56.0,0,0
2023-07-07,-0.33275151791729574,50,0,1.1909265142665366,0,0,51.34429499465259,50,0,0.8106579799763179,50,0,1.0991523818448126,50,0,55.0,0,0
2023-07-08,-0.33510861540875625,50,0,1.1866581102819616,0,0,51.34429499465259,50,0,0.8089690898450843,50,0,1.09397451858809,50,0,58.0,0,0
2023-07-09,-0.33357690278909136,50,0,1.1848460520153774,0,0,51.34429499465259,50,0,0.8157647239413155,50,0,1.0910570819647543,50,0,55.0,0,0
2023-07-10,-0.3151672161212532,50,0,1.195186440987447,0,0,51.34429499465259,50,0,0.8206021260303206,50,0,1.0992923555711878,50,0,56.0,0,0
2023-07-11,-0.3170651503698991,50,0,1.1930129869834196,0,0,51.34429499465259,50,0,0.7985480211530577,50,0,1.0960298747978268,50,0,57.0,0,0
2023-07-12,-0.3228201128479467,50,0,1.1877964558666836,0,0,51.34429499465259,50,0,0.8089976434685693,50,0,1.0900055292819275,50,0,64.0,0,0
2023-07-13,-0.20729658413927898,50,0,1.269523741518696,0,0,51.34429499465259,50,0,0.8991440868654691,0,0,1.1633094029510365,50,0,57.0,0,0
2023-07-14,-0.2741400153369058,50,0,1.226139118675239,0,0,51.34429499465259,50,0,0.9058331993322928,0,0,1.122129778095418,50,0,60.0,0,0
2023-07-15,-0.28122433067557934,50,0,1.222375068801063,0,0,51.34429499465259,50,0,0.9013458821784557,0,0,1.1172375619724109,50,0,56.0,0,0
2023-07-16,-0.28867546530730187,50,0,1.2175124114381457,0,0,51.34429499465259,50,0,0.8962913476928217,0,0,1.1112984102952501,50,0,57.0,0,0
2023-07-17,-0.3015696118980379,50,0,1.2088198241034211,0,0,51.34429499465259,50,0,0.8884140938309488,0,0,1.1019559131805614,50,0,54.0,0,0
2023-07-18,-0.3149577339779339,50,0,1.1984955406180584,0,0,51.34429499465259,50,0,0.8951279140608919,0,0,1.0911800420540292,50,0,56.0,0,0
2023-07-19,-0.3188958037540736,50,0,1.192612949686658,0,0,51.34429499465259,50,0,0.8767051234776231,50,0,1.0844818956724747,50,0,50.0,0,0
2023-07-20,-0.31522331893769906,50,0,1.193267427441249,0,0,51.34429499465259,50,0,0.8900634845046355,0,0,1.0837421255601556,50,0,56.0,0,0
2023-07-21,-0.31367977463878144,50,0,1.1924517179194223,0,0,51.34429499465259,50,0,0.8798325472116442,50,0,1.0817202069750245,50,0,50.0,0,0
2023-07-22,-0.3407590915821714,50,0,1.1721561180154436,0,0,51.34429499465259,50,0,0.8529213214068511,50,0,1.062132493472547,50,0,52.0,0,0
2023-07-23,-0.31462549094855086,50,0,1.1880666448703365,0,0,51.34429499465259,50,0,0.8606027451693432,50,0,1.075422260333318,50,0,54.0,0,0
2023-07-24,-0.34896667563437667,50,0,1.163261931427342,0,0,51.34429499465259,50,0,0.8867626031126373,0,0,1.0519527208960695,50,0,55.0,0,0
2023-07-25,-0.3395428956548753,50,0,1.1671738154328681,0,0,51.34429499465259,50,0,0.8939975965694856,0,0,1.0545271770025086,50,0,50.0,0,0
2023-07-26,-0.3264562361433826,50,0,1.174831370948163,0,0,51.34429499465259,50,0,0.9008812075441395,0,0,1.0604271072755587,50,0,51.0,0,0
2023-07-27,-0.33757170471590864,50,0,1.1663322854550715,0,0,51.34429499465259,50,0,0.8980265065003835,0,0,1.051842832606753,50,0,51.0,0,0
2023-07-28,-0.32154509844976664,50,0,1.1754578300665401,0,0,51.34429499465259,50,0,0.910770427946519,0,0,1.0592193724903756,50,0,52.0,0,0
2023-07-29,-0.31762526882684855,50,0,1.1783106440413271,0,0,51.34429499465259,50,0,0.9154186576401071,0,0,1.060967506183018,50,0,52.0,0,0
2023-07-30,-0.3361313680370797,50,0,1.1652158557504193,0,0,51.34429499465259,50,0,0.8959252876441649,0,0,1.0485485635621399,50,0,52.0,0,0
2023-07-31,-0.3414762057767791,50,0,1.1610143952598582,0,0,50.324383150339735,50,0,0.8921154685150156,0,0,1.0442597524202897,50,0,50.0,0,0
2023-08-01,-0.3305328765907951,50,0,1.1668913229422413,0,0,50.324383150339735,50,0,0.8819449068933568,50,0,1.0491074034687708,50,0,53.0,0,0
2023-08-02,-0.3571366629414385,50,0,1.148107149612892,0,0,50.324383150339735,50,0,0.8728778887338874,50,0,1.0321516526404502,50,0,53.0,0,0
2023-08-03,-0.3581823216299714,50,0,1.145772732908345,0,0,50.324383150339735,50,0,0.8647917414427884,50,0,1.0299959651478745,50,0,52.0,0,0
2023-08-04,-0.3645610712857891,50,0,1.138917114945515,0,0,50.324383150339735,50,0,0.8630923778435478,50,0,1.0238729762609144,50,0,54.0,0,0
2023-08-05,-0.3550748640854771,50,0,1.1437510667577453,0,0,50.324383150339735,50,0,0.8769773856952121,50,0,1.0282142364627511,50,0,50.0,0,0
2023-08-06,-0.36220651539379656,50,0,1.13765354774382,0,0,50.324383150339735,50,0,0.864941747948108,50,0,1.0226077598572194,50,0,49.0,50,0
2023-08-07,-0.3616645844856253,50,0,1.1361520654246064,0,0,50.324383150339735,50,0,0.8525511947193267,50,0,1.0212177758570071,50,0,49.0,50,0
2023-08-08,-0.3327772158529152,50,0,1.1544797510063871,0,0,50.324383150339735,50,0,0.8414510142098043,50,0,1.0378879158997163,50,0,54.0,0,0
2023-08-09,-0.3348382466574718,50,0,1.1527734019568339,0,0,50.324383150339735,50,0,0.8572867569562053,50,0,1.0364602948506498,50,0,50.0,0,0
2023-08-10,-0.3394616293953779,50,0,1.1491717062550892,0,0,50.324383150339735,50,0,0.8648181339377908,50,0,1.0333403239368024,50,0,53.0,0,0
2023-08-11,-0.34401417296478404,50,0,1.1456524565721422,0,0,50.324383150339735,50,0,0.8613105031442522,50,0,1.0303079379576456,50,0,51.0,0,0
2023-08-12,-0.34346016256488276,50,0,1.146059020599004,0,0,50.324383150339735,50,0,0.8628025360544573,50,0,1.030587791607262,50,0,54.0,0,0
2023-08-13,-0.35304366730120645,50,0,1.1392405801449375,0,0,50.324383150339735,50,0,0.8605913595361445,50,0,1.0245479170937228,50,0,54.0,0,0
2023-08-14,-0.34792829363947764,50,0,1.1414298285074298,0,0,50.324383150339735,50,0,0.8564487218661395,50,0,1.0265777945008399,50,0,50.0,0,0
2023-08-15,-0.3624010025143906,50,0,1.1302564871457765,0,0,50.324383150339735,50,0,0.8541068262410852,50,0,1.016620583217426,50,0,53.0,0,0
2023-08-16,-0.3795239888884947,50,0,1.1169673202221049,0,0,50.324383150339735,50,0,0.8626573634880379,50,0,1.0047301875825183,50,0,52.0,0,0
2023-08-17,-0.48622525272936323,50,0,1.0433022292394916,0,0,50.324383150339735,50,0,0.8845082935800394,0,0,0.9389824859911985,50,0,50.0,0,0
2023-08-18,-0.5058657555801851,50,0,1.0251816015272566,0,0,50.324383150339735,50,0,0.9030872835468859,0,0,0.9230364403574435,50,0,37.0,50,0
2023-08-19,-0.4908627044374851,50,0,1.0295688998089354,0,0,50.324383150339735,50,0,0.9106733410411423,0,0,0.9273820175759077,50,0,39.0,50,0
2023-08-20,-0.47090519275657505,50,0,1.0379475332008283,0,0,50.324383150339735,50,0,0.9261757223456412,0,0,0.9354422090780032,50,0,37.0,50,0
2023-08-21,-0.47850090596730893,50,0,1.0272384475879108,0,0,50.324383150339735,50,0,0.9043964188613992,0,0,0.9263455329722651,50,0,38.0,50,0
2023-08-22,-0.5052806103800724,50,0,1.0047823509046585,0,0,50.324383150339735,50,0,0.861657546220897,50,0,0.906762387892886,50,0,37.0,50,0
2023-08-23,-0.4569693241867213,50,0,1.0330359454026654,0,0,50.324383150339735,50,0,0.8897101010809696,0,0,0.9328616226634677,50,0,37.0,50,0
2023-08-24,-0.47447336167115756,50,0,1.0186730876349932,0,0,50.324383150339735,50,0,0.887070466326685,0,0,0.9204309601530426,50,0,41.0,50,0
2023-08-25,-0.47699337373223705,50,0,1.0157587466292899,0,0,50.324383150339735,50,0,0.8900070820071794,0,0,0.918292276329665,50,0,39.0,50,0
2023-08-26,-0.4828845165319227,50,0,1.010782105250379,0,0,50.324383150339735,50,0,0.8819980343855891,50,0,0.9144493105120685,50,0,38.0,50,0
2023-08-27,-0.47151482449307786,50,0,1.0167735692240674,0,0,50.324383150339735,50,0,0.8914904389236292,0,0,0.920447110319519,50,0,38.0,50,0
2023-08-28,-0.4729996077921899,50,0,1.0137022889827714,0,0,50.324383150339735,50,0,0.8832185880443307,50,0,0.9179848024807328,50,0,39.0,50,0
2023-08-29,-0.4013576680757523,50,0,1.0584619339120669,0,0,50.324383150339735,50,0,0.8440012005730911,50,0,0.9585968830246532,50,0,39.0,50,0
2023-08-30,-0.424785656073037,50,0,1.0443364566537765,0,0,50.324383150339735,50,0,0.8461787369115906,50,0,0.9460013928292393,50,0,49.0,50,0
2023-08-31,-0.4840445493120089,50,0,1.0073298620070132,0,0,47.59187363820729,50,0,0.8869681796607791,0,0,0.9127295090006207,50,0,52.0,0,0
2023-09-01,-0.49920501828376534,50,0,0.9963412579564664,0,0,47.59187363820729,50,0,0.8748174102181697,50,0,0.9030365322045565,50,0,40.0,50,0
2023-09-02,-0.49052445609130774,50,0,1.0006787981014729,0,0,47.59187363820729,50,0,0.881467397460322,50,0,0.9073441793835859,50,0,39.0,50,0
2023-09-03,-0.48991651345082343,50,0,0.999238393509469,0,0,47.59187363820729,50,0,0.8693885046307186,50,0,0.9067069226358043,50,0,40.0,50,0
2023-09-04,-0.4989980938540733,50,0,0.9936360310695528,0,0,47.59187363820729,50,0,0.8729317653545124,50,0,0.9022316832015634,50,0,40.0,50,0
2023-09-05,-0.49011184498850136,50,0,0.9962477703045635,0,0,47.59187363820729,50,0,0.8835999909425906,0,0,0.9053315600877135,50,0,40.0,50,0
2023-09-06,-0.4887861635548874,50,0,0.9954233723930307,0,0,47.59187363820729,50,0,0.8859732293260011,0,0,0.9052973817005951,50,0,42.0,50,0
2023-09-07,-0.475746363279242,50,0,1.0031310196400303,0,0,47.59187363820729,50,0,0.8609929071526379,50,0,0.9129810512634963,50,0,41.0,50,0
2023-09-08,-0.4850119036058463,50,0,0.996591982278971,0,0,47.59187363820729,50,0,0.8768099772439518,50,0,0.9077654571204858,50,0,46.0,50,0
2023-09-09,-0.4868831285254034,50,0,0.9949238680463596,0,0,47.59187363820729,50,0,0.8750270409331563,50,0,0.9068689034462737,50,0,41.0,50,0
2023-09-10,-0.5017307257681319,50,0,0.9838084626211341,0,0,47.59187363820729,50,0,0.852902339532265,50,0,0.8973551496874516,50,0,40.0,50,0
2023-09-11,-0.5579275201987394,50,0,0.9418533118571504,50,0,47.59187363820729,50,0,0.8110124220986125,50,0,0.8598349187730959,50,0,40.0,50,0
2023-09-12,-0.46719970073808825,50,0,0.968404030741927,0,0,47.59187363820729,50,0,0.8109800525055463,50,0,0.8846489069743332,50,0,30.0,50,0
2023-09-13,-0.44963698472822816,50,0,0.9761317322053379,0,0,47.59187363820729,50,0,0.796330446808046,50,0,0.8922234065871975,50,0,41.0,50,0
2023-09-14,-0.4286232154454411,50,0,0.9875379353705954,0,0,47.59187363820729,50,0,0.7957216563072327,50,0,0.9032466367458306,50,0,45.0,50,0
2023-09-15,-0.41239506122830805,50,0,0.9968562854146324,0,0,47.59187363820729,50,0,0.810665017377381,50,0,0.9123220617685499,50,0,45.0,50,0
2023-09-16,-0.42268769070606,50,0,0.9906527428772529,0,0,47.59187363820729,50,0,0.8074337953296971,50,0,0.9071443283842483,50,0,43.0,50,0
2023-09-17,-0.4372296669419317,50,0,0.9814735333601297,0,0,47.59187363820729,50,0,0.789780944586886,50,0,0.8994004655420471,50,0,46.0,50,0
2023-09-18,-0.4213342394907662,50,0,0.9911840344738488,0,0,47.59187363820729,50,0,0.7914444907250096,50,0,0.9088982029329673,50,0,46.0,50,0
2023-09-19,-0.4166359483147103,50,0,0.9940839484486578,0,0,47.59187363820729,50,0,0.7570683075031481,50,0,0.9119478477654905,50,0,46.0,50,0
2023-09-20,-0.4376089730890029,50,0,0.980881382546763,0,0,47.59187363820729,50,0,0.7318632276349288,50,0,0.9002573495080435,50,0,47.0,50,0
2023-09-21,-0.4756198228338532,50,0,0.9573341466132455,0,0,47.59187363820729,50,0,0.7247613057057374,50,0,0.8791344546283275,50,0,47.0,50,0
2023-09-22,-0.46387455767879016,50,0,0.962133836452933,0,0,47.59187363820729,50,0,0.7383166714087445,50,0,0.8840285861610384,50,0,43.0,50,0
2023-09-23,-0.46293018666530167,50,0,0.9611190779744244,0,0,47.59187363820729,50,0,0.7377175248813894,50,0,0.8835641867054548,50,0,47.0,50,0
2023-09-24,-0.47276360028029096,50,0,0.9534723683028394,50,0,47.59187363820729,50,0,0.746952688299785,50,0,0.8769640171024716,50,0,44.0,50,0
2023-09-25,-0.4635787913330074,50,0,0.9566841913170675,50,0,47.59187363820729,50,0,0.7570767661175872,50,0,0.8800959996514649,50,0,47.0,50,0
2023-09-26,-0.4558469462378614,50,0,0.9587909252447177,0,0,47.59187363820729,50,0,0.7738082296564625,50,0,0.8821962584178379,50,0,46.0,50,0
2023-09-27,-0.45065052464161354,50,0,0.960865403396063,0,0,47.59187363820729,50,0,0.766993947592299,50,0,0.8843617612047286,50,0,44.0,50,0
2023-09-28,-0.39319456812466846,50,0,0.9941820638581252,0,0,47.59187363820729,50,0,0.789532628031882,50,0,0.9154482226504744,50,0,46.0,50,0
2023-09-29,-0.38059753768603133,50,0,1.002350461987149,0,0,47.59187363820729,50,0,0.824949611499835,50,0,0.923596220101709,50,0,48.0,50,0
2023-09-30,-0.38189100993362585,50,0,1.0038459755639928,0,0,47.95989036053986,50,0,0.8240879829650024,50,0,0.9256691937776371,50,0,47.0,50,0
2023-10-01,-0.32474413764989324,50,0,1.0394313508475188,0,0,47.95989036053986,50,0,0.8243571650750872,50,0,0.9589309782858793,50,0,48.0,50,0
2023-10-02,-0.3989004148574369,50,0,0.9977501676531173,0,0,47.95989036053986,50,0,0.7547636306244481,50,0,0.9211113364850032,50,0,50.0,0,0
2023-10-03,-0.4074984118675449,50,0,0.9933343685621511,0,0,47.95989036053986,50,0,0.7568938461373043,50,0,0.9179687761343842,50,0,50.0,0,0
2023-10-04,-0.4170730409563468,50,0,0.9879428614367455,0,0,47.95989036053986,50,0,0.7111072825895213,50,0,0.9138661784795461,50,0,49.0,50,0
2023-10-05,-0.4522960207294482,50,0,0.9657932550897609,0,0,47.95989036053986,50,0,0.6891946507180948,50,0,0.8944052332766822,50,0,48.0,50,0
2023-10-06,-0.4172390759465829,50,0,0.9847511866744812,0,0,47.95989036053986,50,0,0.6928788404606233,50,0,0.9127776790922927,50,0,50.0,0,0
2023-10-07,-0.4274397531706045,50,0,0.9777982841246396,0,0,47.95989036053986,50,0,0.6737993809733017,50,0,0.9073368328206586,50,0,49.0,50,0
2023-10-08,-0.42609609975514373,50,0,0.9758912936899448,0,0,47.95989036053986,50,0,0.6737583727967178,50,0,0.9064053143613291,50,0,50.0,0,0
2023-10-09,-0.4763084263606722,50,0,0.9433809863380812,50,0,47.95989036053986,50,0,0.6218346493166235,50,0,0.8773290915840731,50,0,50.0,0,0
2023-10-10,-0.48537695640185363,50,0,0.936107814222966,50,0,47.95989036053986,50,0,0.6196270384566476,50,0,0.8715359619963403,50,0,50.0,0,0
2023-10-11,-0.4848281192293219,50,0,0.9337417363268301,50,0,47.95989036053986,50,0,0.6691010757206172,50,0,0.8702885967880649,50,0,47.0,50,0
2023-10-12,-0.5087232794907787,50,0,0.9169651893483327,50,0,47.95989036053986,50,0,0.6334412379797011,50,0,0.8557314618454557,50,0,45.0,50,0
2023-10-13,-0.49181387964865664,50,0,0.9236615535242605,50,0,47.95989036053986,50,0,0.6436189729935355,50,0,0.862891745075085,50,0,44.0,50,0
2023-10-14,-0.4828593261251318,50,0,0.9263224511940861,50,0,47.95989036053986,50,0,0.6504685235386196,50,0,0.866426966836697,50,0,47.0,50,0
2023-10-15,-0.47953027918596036,50,0,0.9261427955454062,50,0,47.95989036053986,50,0,0.6268106922913548,50,0,0.867355850673632,50,0,45.0,50,0
2023-10-16,-0.43185504244084416,50,0,0.9521478763497037,50,0,47.95989036053986,50,0,0.5750551957244439,50,0,0.8927415800243327,50,0,47.0,50,0
2023-10-17,-0.46945954351647595,50,0,0.9303459643035066,50,0,47.95989036053986,50,0,0.5272486190431146,50,0,0.8734649622381796,50,0,52.0,0,0
2023-10-18,-0.4705748250542414,50,0,0.9286615553160689,50,0,47.95989036053986,50,0,0.533180756783517,50,0,0.8730439564833352,50,0,50.0,0,0
2023-10-19,-0.46808798109396504,50,0,0.9298873263255083,50,0,47.95989036053986,50,0,0.50770301458332,50,0,0.8752879080593581,50,0,52.0,0,0
2023-10-20,-0.4290121780153195,50,0,0.95252874819351,50,0,47.95989036053986,50,0,0.48414528039215077,50,0,0.8976772524318176,50,0,53.0,0,0
2023-10-21,-0.40740411412163063,50,0,0.9656657147162233,0,0,47.95989036053986,50,0,0.5005796724762162,50,0,0.9112467750569473,50,0,63.0,0,0
2023-10-22,-0.37552391342651004,50,0,0.9853491380131678,0,0,47.95989036053986,50,0,0.5449892447166859,50,0,0.9310699901617725,50,0,53.0,0,0
2023-10-23,-0.2809788538849365,50,0,1.0438951194734754,0,0,47.95989036053986,50,0,0.46045012988105133,50,0,0.9873748881495835,50,0,53.0,0,0
2023-10-24,-0.2698142627951878,50,0,1.0559221206701759,0,0,47.95989036053986,50,0,0.4248366725292061,50,0,0.9996793532206758,50,0,66.0,0,0
2023-10-25,-0.2785234353740688,50,0,1.0561656566729658,0,0,47.95989036053986,50,0,0.3869494863964056,50,0,1.0007955024553068,50,0,72.0,0,0
2023-10-26,-0.2705266698878231,50,0,1.0662441496567678,0,0,47.95989036053986,50,0,0.43007663805192287,50,0,1.0112222908021287,50,0,71.0,0,0
2023-10-27,-0.30242096109038596,50,0,1.051467842824279,0,0,47.95989036053986,50,0,0.4189698429623301,50,0,0.9982720139446772,50,0,70.0,0,0
2023-10-28,-0.313827790236675,50,0,1.0480016807652992,0,0,47.95989036053986,50,0,0.4001961782501185,50,0,0.995995282432612,50,0,65.0,0,0
2023-10-29,-0.298226298200009,50,0,1.0599498271644328,0,0,47.95989036053986,50,0,0.3956598811877044,50,0,1.0084073091133312,50,0,72.0,0,0
2023-10-30,-0.29325536484629794,50,0,1.0660748843680012,0,0,47.95989036053986,50,0,0.4153659000167691,50,0,1.0155251633941358,50,0,68.0,0,0
2023-10-31,-0.29486201485757324,50,0,1.0677669792934728,0,0,50.071922572224324,50,0,0.4113182581930209,50,0,1.0186835987527625,50,0,66.0,0,0
2023-11-01,-0.26639852463752434,50,0,1.0861408268268915,0,0,50.071922572224324,50,0,0.40023901167898757,50,0,1.0376846403776239,50,0,66.0,0,0
2023-11-02,-0.31278680235105033,50,0,1.057827309923048,0,0,50.071922572224324,50,0,0.3777071141953214,50,0,1.0122554174091507,50,0,72.0,0,0
2023-11-03,-0.28132835904109715,50,0,1.0766917936572162,0,0,50.071922572224324,50,0,0.43031487295158455,50,0,1.031750347900397,50,0,65.0,0,0
2023-11-04,-0.25876408343287416,50,0,1.091714749585817,0,0,50.071922572224324,50,0,0.43853763635385207,50,0,1.0476177594397056,50,0,68.0,0,0
2023-11-05,-0.22698034167769307,50,0,1.1126271341488796,0,0,50.071922572224324,50,0,0.48304024649623223,50,0,1.0685937415500923,50,0,70.0,0,0
2023-11-06,-0.22945976735541726,50,0,1.1131669008709892,0,0,50.071922572224324,50,0,0.49168898767433805,50,0,1.0700313826317984,50,0,74.0,0,0
2023-11-07,-0.24499104709951852,50,0,1.1049305836202918,0,0,50.071922572224324,50,0,0.44985913029094965,50,0,1.0627797902933938,50,0,68.0,0,0
2023-11-08,-0.24192243913039235,50,0,1.1079052941254866,0,0,50.071922572224324,50,0,0.4333297224016873,50,0,1.0663707632903199,50,0,66.0,0,0
2023-11-09,-0.04585343037531408,50,0,1.2375083160829772,0,0,50.071922572224324,50,0,0.6408685554852195,50,0,1.1912513275708616,50,0,69.0,0,0
2023-11-10,-0.0947000396448434,50,0,1.2160145767483848,0,0,50.071922572224324,50,0,0.5544438770596927,50,0,1.1707242717684687,50,0,70.0,0,0
2023-11-11,-0.13691033193193658,50,0,1.1949519021001076,0,0,50.071922572224324,50,0,0.5394979559798235,50,0,1.1507830674332606,50,0,70.0,0,0
2023-11-12,-0.1460963519718082,50,0,1.1932013113923434,0,0,50.071922572224324,50,0,0.5331745999112579,50,0,1.1494321514650296,50,0,73.0,0,0
2023-11-13,-0.13846764646206122,50,0,1.202503047943162,0,0,50.071922572224324,50,0,0.5870729233599409,50,0,1.158820135245733,50,0,72.0,0,0
2023-11-14,-0.21666548607145789,50,0,1.1549344230932352,0,0,50.071922572224324,50,0,0.5552203884850135,50,0,1.1135445350113653,50,0,69.0,0,0
2023-11-15,-0.15440342426394404,50,0,1.1970056391095274,0,0,50.071922572224324,50,0,0.49662790702374493,50,0,1.1545281564309098,50,0,60.0,0,0
2023-11-16,-0.24308050222067637,50,0,1.1398999229305404,0,0,50.071922572224324,50,0,0.49027258672747187,50,0,1.1000409853504003,50,0,70.0,0,0
2023-11-17,-0.2411052198925601,50,0,1.138596495359001,0,0,50.071922572224324,50,0,0.4632271792266789,50,0,1.099207274996379,50,0,63.0,0,0
2023-11-18,-0.23403863332631755,50,0,1.139809442583407,0,0,50.071922572224324,50,0,0.46691055322433894,50,0,1.100916559889542,50,0,69.0,0,0
2023-11-19,-0.18821765750487507,50,0,1.1664415216124404,0,0,50.071922572224324,50,0,0.46801887430974104,50,0,1.1271703452716748,50,0,66.0,0,0
2023-11-20,-0.17652073929431056,50,0,1.173946606615155,0,0,50.071922572224324,50,0,0.48013176487100934,50,0,1.1348277199429802,50,0,69.0,0,0
2023-11-21,-0.24853924913931505,50,0,1.1274457732845085,0,0,50.071922572224324,50,0,0.4815175775082064,50,0,1.0908314985225662,50,0,71.0,0,0
2023-11-22,-0.1385853997999461,50,0,1.1954002403945125,0,0,50.071922572224324,50,0,0.5333523169099436,50,0,1.156955061335286,50,0,62.0,0,0
2023-11-23,-0.14338753231115503,50,0,1.1937809153624124,0,0,50.071922572224324,50,0,0.5378123649703395,50,0,1.1557686027506795,50,0,66.0,0,0
2023-11-24,-0.13418288957991273,50,0,1.2021301760991743,0,0,50.071922572224324,50,0,0.5304679593838721,50,0,1.1640273357785194,50,0,66.0,0,0
2023-11-25,-0.13455034177318786,50,0,1.2042005727569267,0,0,50.071922572224324,50,0,0.5313245825128711,50,0,1.1661871679806504,50,0,73.0,0,0
2023-11-26,-0.15564099731508232,50,0,1.19219661350474,0,0,50.071922572224324,50,0,0.5294192778196556,50,0,1.1547464396249583,50,0,73.0,0,0
2023-11-27,-0.1915445058036371,50,0,1.1692899153745153,0,0,50.071922572224324,50,0,0.5014672878806458,50,0,1.1326930963859712,50,0,66.0,0,0
2023-11-28,-0.1750588757371111,50,0,1.1813536712073216,0,0,50.071922572224324,50,0,0.48993353870968176,50,0,1.1444896858725737,50,0,68.0,0,0
2023-11-29,-0.19587629810241794,50,0,1.16842040073419,0,0,50.071922572224324,50,0,0.465028748990046,50,0,1.1320994326775442,50,0,72.0,0,0
2023-11-30,-0.17657753192562722,50,0,1.1802990418600208,0,0,53.46404444706091,50,0,0.49858774859938676,50,0,1.1436856718137849,50,0,74.0,0,0
2023-12-01,-0.14572441690868598,50,0,1.1995369056374654,0,0,53.46404444706091,50,0,0.47764363918647423,50,0,1.1623727401084878,50,0,71.0,0,0
2023-12-02,-0.07736590560486205,50,0,1.2437443083886484,0,0,53.46404444706091,50,0,0.5188317919262405,50,0,1.2050481895180707,50,0,74.0,0,0
2023-12-03,-0.05779231863297805,50,0,1.2592580019291049,0,0,53.46404444706091,50,0,0.5193732349224482,50,0,1.2198223535552413,50,0,73.0,0,0
2023-12-04,-0.028873115303930517,50,0,1.2837060354555627,0,0,53.46404444706091,50,0,0.45613819445496895,50,0,1.243048621853156,50,0,74.0,0,0
2023-12-05,0.004014406121156842,50,0,1.3132545669888371,0,0,53.46404444706091,50,0,0.39586548710152863,50,0,1.2710685804590347,50,0,75.0,0,0
2023-12-06,-0.0649872178334605,50,0,1.2778746460391393,0,0,53.46404444706091,50,0,0.3533574920868088,50,0,1.236437338671218,50,0,72.0,0,0
2023-12-07,0.026107500633130033,50,0,1.34699765259504,0,0,53.46404444706091,50,0,0.4990123174230141,50,0,1.3024835236857881,50,0,72.0,0,0
2023-12-08,0.01577034911345691,50,0,1.3486236202026656,0,0,53.46404444706091,50,0,0.45490738265588926,50,0,1.3032437293386314,50,0,72.0,0,0
2023-12-09,-0.009188066386378615,50,0,1.3375567661671273,0,0,53.46404444706091,50,0,0.46227454602125034,50,0,1.2919278890556978,50,0,73.0,0,0
2023-12-10,-0.008639119427739185,50,0,1.3415847135010517,0,0,53.46404444706091,50,0,0.47160620905410483,50,0,1.2949763100971485,50,0,74.0,0,0
2023-12-11,-0.1204238740706828,50,0,1.2668373959757437,0,0,53.46404444706091,50,0,0.47833843201736737,50,0,1.2224246186017194,50,0,74.0,0,0
2023-12-12,-0.13471062826367275,50,0,1.2540751994372894,0,0,53.46404444706091,50,0,0.44251128156775704,50,0,1.2098394757066884,50,0,67.0,0,0
2023-12-13,-0.08522641249848134,50,0,1.287001810276714,0,0,53.46404444706091,50,0,0.4239589880093632,50,0,1.2411452821987135,50,0,65.0,0,0
2023-12-14,-0.03681255001071637,50,0,1.3193088116000766,0,0,53.46404444706091,50,0,0.47772741690456116,50,0,1.2719371514502327,50,0,72.0,0,0
2023-12-15,-0.12027322312040538,50,0,1.2625231185099706,0,0,53.46404444706091,50,0,0.43544037440341055,50,0,1.2170582606267046,50,0,70.0,0,0
2023-12-16,-0.11344011838953243,50,0,1.2633566214768799,0,0,53.46404444706091,50,0,0.4265858464045137,50,0,1.2177502351552516,50,0,67.0,0,0
2023-12-17,-0.12993178693487592,50,0,1.2483875847734875,0,0,53.46404444706091,50,0,0.44342299985711026,50,0,1.2031907430632893,50,0,73.0,0,0
2023-12-18,-0.11106984518527893,50,0,1.2563755466819861,0,0,53.46404444706091,50,0,0.394666795039239,50,0,1.2106742042383278,50,0,65.0,0,0
2023-12-19,-0.148509734333192,50,0,1.232854478031968,0,0,53.46404444706091,50,0,0.3733697521180595,50,0,1.1880458267931489,50,0,73.0,0,0
2023-12-20,-0.13115803016789904,50,0,1.243107571261334,0,0,53.46404444706091,50,0,0.3251588708365634,50,0,1.1978701545057007,50,0,74.0,0,0
2023-12-21,-0.09541232734213641,50,0,1.265772531883514,0,0,53.46404444706091,50,0,0.35311042739819964,50,0,1.2195374703258115,50,0,70.0,0,0
2023-12-22,-0.0291041759067786,50,0,1.3147854867558386,0,0,53.46404444706091,50,0,0.4328344657160517,50,0,1.2660429373643851,50,0,74.0,0,0
2023-12-23,-0.04911407773734765,50,0,1.3050712587695183,0,0,53.46404444706091,50,0,0.43032122292031244,50,0,1.256265817653596,50,0,70.0,0,0
2023-12-24,-0.08820972545125537,50,0,1.279870035237697,0,0,53.46404444706091,50,0,0.42295244648819613,50,0,1.2315370656421942,50,0,71.0,0,0
2023-12-25,-0.08542046444547416,50,0,1.2822389566654881,0,0,53.46404444706091,50,0,0.4015905925754074,50,0,1.2333861856953612,50,0,73.0,0,0
2023-12-26,-0.12624066395037115,50,0,1.2559711673190144,0,0,53.46404444706091,50,0,0.41601631254588867,50,0,1.207802318753892,50,0,71.0,0,0
2023-12-27,-0.005030801648000663,50,0,1.3388195364901496,0,0,53.46404444706091,50,0,0.5146498360840609,50,0,1.2864084699425047,50,0,73.0,0,0
2023-12-28,-0.03928027857292576,50,0,1.3224191149472708,0,0,53.46404444706091,50,0,0.5296163362344882,50,0,1.2696769941189794,50,0,73.0,0,0
2023-12-29,-0.09241892985431187,50,0,1.2901390680716645,0,0,53.46404444706091,50,0,0.5106920787628533,50,0,1.2378632695947327,50,0,65.0,0,0
2023-12-30,-0.09285914730601151,50,0,1.287836771012647,0,0,53.46404444706091,50,0,0.49697417997680887,50,0,1.2348291265752176,50,0,68.0,0,0
2023-12-31,-0.10567923753137158,50,0,1.2785390928585851,0,0,56.51854141641042,50,0,0.48130023376238434,50,0,1.224853610044775,50,0,67.0,0,0
2024-01-01,-0.05108853730102787,50,0,1.3157740363602894,0,0,56.51854141641042,50,0,0.4514315782136253,50,0,1.2592807685464809,50,0,65.0,0,0
2024-01-02,-0.04810945679917454,50,0,1.3203594459278503,0,0,56.51854141641042,50,0,0.41566691291557667,50,0,1.262577820543926,50,0,71.0,0,0
2024-01-03,-0.1738694918826034,50,0,1.2352129673954777,0,0,56.51854141641042,50,0,0.37884183646893066,50,0,1.1805779478427931,50,0,70.0,0,0
2024-01-04,-0.12307120168819063,50,0,1.2704569708133135,0,0,56.51854141641042,50,0,0.3677590216231713,50,0,1.213463835201204,50,0,68.0,0,0
2024-01-05,-0.12651291984816757,50,0,1.2668965893254693,0,0,56.51854141641042,50,0,0.36856393221916717,50,0,1.2093209286182933,50,0,72.0,0,0
2024-01-06,-0.15019563521603385,50,0,1.249859099705917,0,0,56.51854141641042,50,0,0.351914933581663,50,0,1.1925821069232694,50,0,70.0,0,0
2024-01-07,-0.1654290854024775,50,0,1.237440008467616,0,0,56.51854141641042,50,0,0.3355094870797024,50,0,1.1806618580979236,50,0,71.0,0,0
2024-01-08,-0.07062136111616238,50,0,1.2998315329718477,0,0,56.51854141641042,50,0,0.294355237487946,50,0,1.239733462815976,50,0,71.0,0,0
2024-01-09,-0.06609843422744918,50,0,1.3028232610366766,0,0,56.51854141641042,50,0,0.3428547781001953,50,0,1.2421655488441088,50,0,76.0,0,0
2024-01-10,0.12469595739770255,50,0,1.4413193926375854,0,0,56.51854141641042,50,0,0.5396004879618377,50,0,1.3729185528356598,50,0,73.0,0,0
2024-01-11,0.12367373871757315,50,0,1.4553638881069537,0,0,56.51854141641042,50,0,0.5879269578268577,50,0,1.3850401453045589,50,0,76.0,0,0
2024-01-12,0.032716885942433986,50,0,1.3987103265305092,0,0,56.51854141641042,50,0,0.6901429315873826,50,0,1.330057058937159,50,0,71.0,0,0
2024-01-13,0.06940054661162832,50,0,1.4311154892411582,0,0,56.51854141641042,50,0,0.7495772684040387,50,0,1.359717633963363,50,0,64.0,0,0
2024-01-14,-0.023641611158979458,50,0,1.373855702130085,0,0,56.51854141641042,50,0,0.705185431672799,50,0,1.304300578955813,50,0,60.0,0,0
2024-01-15,-0.004461822450074227,50,0,1.3911735498597149,0,0,56.51854141641042,50,0,0.700845725448326,50,0,1.3197078905455963,50,0,52.0,0,0
2024-01-16,0.04648179783164262,50,0,1.4328726524027018,0,0,56.51854141641042,50,0,0.7406290827081606,50,0,1.3582543824291862,50,0,64.0,0,0
2024-01-17,-0.012455610529295698,50,0,1.3950064365002521,0,0,56.51854141641042,50,0,0.7031749973410498,50,0,1.3215340362814487,50,0,60.0,0,0
2024-01-18,-0.05433851778565813,50,0,1.3618194035575049,0,0,56.51854141641042,50,0,0.7309556520910733,50,0,1.2894883977426046,50,0,63.0,0,0
2024-01-19,-0.03208296836760616,50,0,1.3734210648518113,0,0,56.51854141641042,50,0,0.7337570211882039,50,0,1.299862786780143,50,0,51.0,0,0
2024-01-20,-0.04703153000991885,50,0,1.3609583022093166,0,0,56.51854141641042,50,0,0.7089300723717069,50,0,1.2874679854149462,50,0,52.0,0,0
2024-01-21,-0.05602116180639939,50,0,1.3513715403805455,0,0,56.51854141641042,50,0,0.7013132440282013,50,0,1.2777658128885316,50,0,56.0,0,0
2024-01-22,-0.16379711570592473,50,0,1.271893340374247,0,0,56.51854141641042,50,0,0.6724156279264356,50,0,1.2022133570164477,50,0,55.0,0,0
2024-01-23,-0.213431701343531,50,0,1.230603947236944,0,0,56.51854141641042,50,0,0.5829329956740228,50,0,1.1630278624912995,50,0,50.0,0,0
2024-01-24,-0.2049754186163339,50,0,1.226658847118193,0,0,56.51854141641042,50,0,0.5551431799269622,50,0,1.1591413790791592,50,0,48.0,50,0
2024-01-25,-0.20725431636038524,50,0,1.2171252251724125,0,0,56.51854141641042,50,0,0.5494338711535903,50,0,1.1500099884762476,50,0,52.0,0,0
2024-01-26,-0.1587162343088879,50,0,1.2428555826143661,0,0,56.51854141641042,50,0,0.4885513932086889,50,0,1.1741268261179028,50,0,49.0,50,0
2024-01-27,-0.1498365147820926,50,0,1.2416802879166684,0,0,56.51854141641042,50,0,0.47365073745678427,50,0,1.1728182894110821,50,0,55.0,0,0
2024-01-28,-0.15192492063689175,50,0,1.2343311039969291,0,0,56.51854141641042,50,0,0.4696690186212619,50,0,1.165691768041865,50,0,54.0,0,0
2024-01-29,-0.09965667796842614,50,0,1.2660011225309424,0,0,56.51854141641042,50,0,0.46317142019950597,50,0,1.1956536526848707,50,0,55.0,0,0
2024-01-30,-0.07456832552572792,50,0,1.2831529734962739,0,0,56.51854141641042,50,0,0.5110584137549898,50,0,1.211608062155988,50,0,61.0,0,0
2024-01-31,-0.1307319213792027,50,0,1.2470674656862655,0,0,56.587434464448236,50,0,0.46615460944498793,50,0,1.1774482370794894,50,0,60.0,0,0
2024-02-01,-0.11887859100161981,50,0,1.2547334429720804,0,0,56.587434464448236,50,0,0.45901445740732194,50,0,1.1845369101389014,50,0,63.0,0,0
2024-02-02,-0.11517716714853006,50,0,1.2569642188022576,0,0,56.587434464448236,50,0,0.4578304160821337,50,0,1.1864402589823884,50,0,63.0,0,0
2024-02-03,-0.12782832368173952,50,0,1.249734640428671,0,0,56.587434464448236,50,0,0.45572723942058885,50,0,1.1793981172985362,50,0,60.0,0,0
2024-02-04,-0.13490058173431785,50,0,1.2447169832472114,0,0,56.587434464448236,50,0,0.47026513137761283,50,0,1.1744415400393944,50,0,60.0,0,0
2024-02-05,-0.12761313313629238,50,0,1.248713795316968,0,0,56.587434464448236,50,0,0.4772703051312883,50,0,1.1779626749477239,50,0,60.0,0,0
2024-02-06,-0.06682526281897128,50,0,1.2897106300620242,0,0,56.587434464448236,50,0,0.5286106673039449,50,0,1.2161772083023932,50,0,64.0,0,0
2024-02-07,-0.03413665504850751,50,0,1.3159717752173778,0,0,56.587434464448236,50,0,0.5160551395960324,50,0,1.240235424199733,50,0,62.0,0,0
2024-02-08,-0.04334476759716521,50,0,1.3133008055711926,0,0,56.587434464448236,50,0,0.45722507799249945,50,0,1.2371092812371194,50,0,66.0,0,0
2024-02-09,0.003893286395191907,50,0,1.349444054639401,0,0,56.587434464448236,50,0,0.43015110822341607,50,0,1.2702253730340214,50,0,72.0,0,0
2024-02-10,0.0014519664522912239,50,0,1.3534917571923726,0,0,56.587434464448236,50,0,0.4096231792154246,50,0,1.2731029464811316,50,0,74.0,0,0
2024-02-11,-0.003182943096483876,50,0,1.3543996881841227,0,0,56.587434464448236,50,0,0.3940816166862056,50,0,1.273059002256745,50,0,71.0,0,0
2024-02-12,0.09962584292728463,50,0,1.43433621839291,0,0,56.587434464448236,50,0,0.44354085250014613,50,0,1.3467715759781855,50,0,70.0,0,0
2024-02-13,0.06875657823076366,50,0,1.424082291973977,0,0,56.587434464448236,50,0,0.4459290288014218,50,0,1.335836527345714,50,0,79.0,0,100
2024-02-14,0.14903065740314134,50,0,1.498673128469881,0,0,56.587434464448236,50,0,0.46518640021500385,50,0,1.4040355140338552,50,0,74.0,0,0
2024-02-15,0.16361731534272417,50,0,1.5219361758005097,0,0,56.587434464448236,50,0,0.49912947098309796,50,0,1.423819672396729,50,0,72.0,0,0
2024-02-16,0.12695570849558577,50,0,1.5081799113983556,0,0,56.587434464448236,50,0,0.4705866862363913,50,0,1.409017851573403,50,0,72.0,0,0
2024-02-17,0.1030004816291078,50,0,1.4980383931221384,0,0,56.587434464448236,50,0,0.4788043093771164,50,0,1.397709880563065,50,0,76.0,0,0
2024-02-18,0.15631247712932275,50,0,1.5451347599871148,0,0,56.587434464448236,50,0,0.5325301992650122,50,0,1.4393941099340188,50,0,72.0,0,0
2024-02-19,0.1871968027109313,50,0,1.5817328492961493,0,0,56.587434464448236,50,0,0.6075288289833483,50,0,1.4709637851658823,0,0,75.0,0,0
2024-02-20,0.2153922809521351,50,0,1.615167684978877,0,0,56.587434464448236,50,0,0.6379574176408513,50,0,1.4992510010957394,0,0,72.0,0,0
2024-02-21,0.16331533916090665,50,0,1.5871646788019407,0,0,56.587434464448236,50,0,0.6241269244139083,50,0,1.4706948694488153,0,0,78.0,0,0
2024-02-22,0.15736649067173902,50,0,1.5894656115046528,0,0,56.587434464448236,50,0,0.6521355026065664,50,0,1.4702194003732834,0,0,74.0,0,0
2024-02-23,0.11511884284713822,50,0,1.561483702857698,0,0,56.587434464448236,50,0,0.635078667171587,50,0,1.441932804124312,50,0,76.0,0,0
2024-02-24,0.15613325018120924,50,0,1.595533380997864,0,0,56.587434464448236,50,0,0.6530396700667178,50,0,1.4708359135633269,0,0,72.0,0,0
2024-02-25,0.23451551275744262,50,0,1.6585734055882373,0,0,56.587434464448236,50,0,0.7461085125105236,50,0,1.5259323243917977,0,0,74.0,0,0
2024-02-26,0.2588662353431938,50,0,1.6908428809491067,0,0,56.587434464448236,50,0,0.663575526898339,50,0,1.5523424859082813,0,0,72.0,0,0
2024-02-27,0.2830742710133711,50,0,1.7253008281966944,0,0,56.587434464448236,50,0,0.6054904019445426,50,0,1.5804144303642198,0,0,79.0,0,100
2024-02-28,0.3503014371092173,50,0,1.7934773221965916,0,0,56.587434464448236,50,0,0.4845295966511741,50,0,1.6387395433694032,0,0,82.0,0,100
2024-02-29,0.30963910100348696,50,0,1.7773540329616215,0,0,67.96864343873403,50,0,0.5064550243858061,50,0,1.6200030537154826,0,0,80.0,0,100
2024-03-01,0.3431770962577776,50,0,1.8217869152209467,0,0,67.96864343873403,50,0,0.5245745248765952,50,0,1.6561478280506028,0,0,80.0,0,100
2024-03-02,0.3101835283384215,50,0,1.8101331684652933,0,0,67.96864343873403,50,0,0.5303068850910829,50,0,1.6412526792340725,0,0,80.0,0,100
2024-03-03,0.3310180879225156,50,0,1.8407443110938082,0,0,67.96864343873403,50,0,0.5372986905639319,50,0,1.6643815938153435,0,0,83.0,0,100
2024-03-04,0.39975873089664593,50,0,1.916625993418542,0,0,67.96864343873403,50,0,0.4527290076662183,50,0,1.727218363952995,0,0,82.0,0,100
2024-03-05,0.32357367818042077,50,0,1.8732018660242689,0,0,67.96864343873403,50,0,0.5490445705644253,50,0,1.6826430251409694,0,0,90.0,0,100
2024-03-06,0.4524315385171538,50,0,2.0116590538512287,0,100,67.96864343873403,50,0,0.6455762803775195,50,0,1.8003035568592405,0,0,75.0,0,0
2024-03-07,0.45751409215011957,50,0,2.0340949568025763,0,100,67.96864343873403,50,0,0.6404733266043267,50,0,1.8135487007895215,0,0,82.0,0,100
2024-03-08,0.4503119072566055,50,0,2.0453193111516543,0,100,67.96864343873403,50,0,0.6110373364071855,50,0,1.8165912864594207,0,0,81.0,0,100
2024-03-09,0.4402229971343272,50,0,2.052329707720973,0,100,67.96864343873403,50,0,0.6171537096058509,50,0,1.815687001226615,0,0,84.0,0,100
2024-03-10,0.3973629573662537,50,0,2.0275652071047157,0,100,67.96864343873403,50,0,0.577399252863388,50,0,1.7871615708010344,0,0,79.0,0,100
2024-03-11,0.45963784727448237,50,0,2.1295049185826715,0,100,67.96864343873403,50,0,0.5858662951576125,50,0,1.8693203929208386,0,0,82.0,0,100
2024-03-12,0.3784463587695033,50,0,2.0733472181957007,0,100,67.96864343873403,50,0,0.5505220302237617,50,0,1.8129499097214825,0,0,81.0,0,100
2024-03-13,0.37149346064371463,50,0,2.087876439508704,0,100,67.96864343873403,50,0,0.516252437145199,50,0,1.8184540489121055,0,0,81.0,0,100
2024-03-14,0.2909711237840673,50,0,2.021654553516527,0,100,67.96864343873403,50,0,0.49497848825455243,50,0,1.7543231950596923,0,0,88.0,0,100
2024-03-15,0.20833188442807546,50,0,1.943092222689452,0,0,67.96864343873403,50,0,0.4745057013772254,50,0,1.6804587095153405,0,0,83.0,0,100
2024-03-16,0.0887053917817539,50,0,1.8277759122021986,0,0,67.96864343873403,50,0,0.47279048760213344,50,0,1.57632399951721,0,0,81.0,0,100
2024-03-17,0.16422068256116923,50,0,1.8871605046103874,0,0,67.96864343873403,50,0,0.4511007488992484,50,0,1.622585191902258,0,0,79.0,0,100
2024-03-18,0.1175494174280326,50,0,1.8286369473012523,0,0,67.96864343873403,50,0,0.3995672126723817,50,0,1.5676112543814293,0,0,77.0,0,0
2024-03-19,-0.07826863023030727,50,0,1.6382223501783622,0,0,67.96864343873403,50,0,0.356531583790593,50,0,1.4011290420781266,50,0,79.0,0,100
2024-03-20,0.15291064664179407,50,0,1.8187887184446427,0,0,67.96864343873403,50,0,0.390111478971633,50,0,1.5510054310416534,0,0,74.0,0,0
2024-03-21,0.14689040225835978,50,0,1.8013383761586443,0,0,67.96864343873403,50,0,0.45235124759916295,50,0,1.5317323126908218,0,0,78.0,0,0
2024-03-22,0.057681006783154465,50,0,1.7102348653888673,0,0,67.96864343873403,50,0,0.4063953670907628,50,0,1.450553289367995,50,0,75.0,0,0
2024-03-23,0.09533902758447448,50,0,1.7277538905548497,0,0,67.96864343873403,50,0,0.40114973445396357,50,0,1.4616076271092895,0,0,73.0,0,0
2024-03-24,0.1653745357420951,50,0,1.777435378971313,0,0,67.96864343873403,50,0,0.3678479865596805,50,0,1.4994808438064136,0,0,74.0,0,0
2024-03-25,0.2483745943285847,50,0,1.8474797003608088,0,0,67.96864343873403,50,0,0.36741933175099833,50,0,1.5539394552248804,0,0,75.0,0,0
2024-03-26,0.23981689712510268,50,0,1.8438031440460185,0,0,67.96864343873403,50,0,0.3648514865457551,50,0,1.5462399593100795,0,0,81.0,0,100
2024-03-27,0.17821519172598307,50,0,1.7929278230078056,0,0,67.96864343873403,50,0,0.33143920024694007,50,0,1.4993765159171575,0,0,83.0,0,100
2024-03-28,0.2088335594171896,50,0,1.8254517283387484,0,0,67.96864343873403,50,0,0.324804457903047,50,0,1.5220892681327896,0,0,80.0,0,100
2024-03-29,0.178295144934745,50,0,1.7977665239165102,0,0,67.96864343873403,50,0,0.32231512659608896,50,0,1.4945376583371055,0,0,79.0,0,100
2024-03-30,0.16862057527773988,50,0,1.7904585415762224,0,0,67.96864343873403,50,0,0.3239559744440256,50,0,1.4842044681438986,0,0,75.0,0,0
2024-03-31,0.24254977931165758,50,0,1.8588930364291651,0,0,70.28611049667853,0,0,0.36011177404400374,50,0,1.5362285232300947,0,0,75.0,0,0
2024-04-01,0.15428063586482002,50,0,1.7883050150494193,0,0,70.28611049667853,0,0,0.3226205009022353,50,0,1.4738005613005711,0,0,79.0,0,100
2024-04-02,0.02227878512783205,50,0,1.67056881959336,0,0,70.28611049667853,0,0,0.31387108011721565,50,0,1.373570180960777,50,0,79.0,0,100
2024-04-03,0.05431669038205843,50,0,1.686119038532976,0,0,70.28611049667853,0,0,0.3167232654480479,50,0,1.383036478891063,50,0,71.0,0,0
2024-04-04,0.06723341313375232,50,0,1.6895820845839156,0,0,70.28611049667853,0,0,0.25050899487616535,50,0,1.3825086747281743,50,0,70.0,0,0
2024-04-05,0.07150228156176006,50,0,1.6856052802229529,0,0,70.28611049667853,0,0,0.26433812573421733,50,0,1.37597790326776,50,0,79.0,0,100
2024-04-06,0.10497157353852155,50,0,1.7062603917232113,0,0,70.28611049667853,0,0,0.25454531375659045,50,0,1.389455686847579,50,0,75.0,0,0
2024-04-07,0.1554837238401033,50,0,1.7444088469409291,0,0,70.28611049667853,0,0,0.2959949236285429,50,0,1.4168345985538018,50,0,78.0,0,0
2024-04-08,0.300539486788875,50,0,1.8699217004893767,0,0,70.28611049667853,0,0,0.37849988138508556,50,0,1.514092233534611,0,0,76.0,0,0
2024-04-09,0.1806668622598313,50,0,1.766299459137681,0,0,70.28611049667853,0,0,0.33809512440895384,50,0,1.4263078141732906,50,0,80.0,0,100
2024-04-10,0.20210886826856783,50,0,1.7854155010624202,0,0,70.28611049667853,0,0,0.3172505052174022,50,0,1.4377472455716944,50,0,78.0,0,0
2024-04-11,0.17482846242099903,50,0,1.7645746123228434,0,0,70.28611049667853,0,0,0.310811689925824,50,0,1.4171081345935084,50,0,76.0,0,0
2024-04-12,0.009050277296837656,50,0,1.627271769957789,0,0,70.28611049667853,0,0,0.23272465534066072,50,0,1.3039075931923965,50,0,79.0,0,100
2024-04-13,-0.11262637615795336,50,0,1.522848068094248,0,0,70.28611049667853,0,0,0.17816985207196676,50,0,1.2179282569940797,50,0,72.0,0,0
2024-04-14,-0.02419509238601754,50,0,1.5857419999438274,0,0,70.28611049667853,0,0,0.2286529682875808,50,0,1.2655877626682768,50,0,72.0,0,0
2024-04-15,-0.0485250972381485,50,0,1.556146834772543,0,0,70.28611049667853,0,0,0.2644950938389128,50,0,1.2396454001731574,50,0,74.0,0,0
2024-04-16,-0.045769220725276234,50,0,1.5472334353664223,0,0,70.28611049667853,0,0,0.24168734748758977,50,0,1.2303127775558396,50,0,65.0,0,0
2024-04-17,-0.09463455518008435,50,0,1.4938575158959293,0,0,70.28611049667853,0,0,0.25259466380507467,50,0,1.185936113777853,50,0,67.0,0,0
2024-04-18,-0.029384994240664153,50,0,1.5338158422719779,0,0,70.28611049667853,0,0,0.23669602244945367,50,0,1.2156656346055914,50,0,57.0,0,0
2024-04-19,-0.02310078860831012,50,0,1.5263568638744387,0,0,70.28611049667853,0,0,0.22046598795440825,50,0,1.2076427129642389,50,0,66.0,0,0
2024-04-20,0.050927732911266434,50,0,1.574439674234875,0,0,70.28611049667853,0,0,0.25009779122450904,50,0,1.2433045696334248,50,0,66.0,0,0
2024-04-21,0.0456830229871954,50,0,1.568880586568412,0,0,70.28611049667853,0,0,0.24294219247220156,50,0,1.2365530913998806,50,0,72.0,0,0
2024-04-22,0.07918974188508808,50,0,1.596174580382509,0,0,70.28611049667853,0,0,0.21874538980515695,50,0,1.2554646038841601,50,0,73.0,0,0
2024-04-23,0.08387199947276283,50,0,1.600443344614795,0,0,70.28611049667853,0,0,0.24388557832388597,50,0,1.2562868432106742,50,0,71.0,0,0
2024-04-24,0.027273284279960366,50,0,1.5566877941815955,0,0,70.28611049667853,0,0,0.258416022599482,50,0,1.2196323452295843,50,0,72.0,0,0
2024-04-25,0.041000663146791294,50,0,1.5676291689618977,0,0,70.28611049667853,0,0,0.26469930738580727,50,0,1.2258406377910436,50,0,72.0,0,0
2024-04-26,0.019149117837755445,50,0,1.5518979459044207,0,0,70.28611049667853,0,0,0.26986121465134755,50,0,1.2111432370586188,50,0,70.0,0,0
2024-04-27,0.09136651060609434,50,0,1.6112668934355374,0,0,70.28611049667853,0,0,0.3651153693106667,50,0,1.2547368292760128,50,0,67.0,0,0
2024-04-28,0.091687604809655,50,0,1.614388295846738,0,0,70.28611049667853,0,0,0.387625639828465,50,0,1.2544122474907462,50,0,65.0,0,0
2024-04-29,0.059882566994120125,50,0,1.591717299698419,0,0,70.28611049667853,0,0,0.3265856873276554,50,0,1.234113408602271,50,0,67.0,0,0
2024-04-30,-0.06979413569178963,50,0,1.4874427097410878,0,0,60.213107279811794,50,0,0.2959577126396942,50,0,1.1511751695369765,50,0,67.0,0,0
2024-05-01,-0.08965825535829666,50,0,1.4652479867190493,0,0,60.213107279811794,50,0,0.35657568574660437,50,0,1.1320336237961428,50,0,54.0,0,0
2024-05-02,-0.06972040830918752,50,0,1.4727933999710874,0,0,60.213107279811794,50,0,0.33158907582606223,50,0,1.1358703520106967,50,0,43.0,50,0
2024-05-03,0.010611261052360198,50,0,1.5298120478720036,0,0,60.213107279811794,50,0,0.2811577683315725,50,0,1.1776708537428164,50,0,48.0,50,0
2024-05-04,0.017456097013425764,50,0,1.5329072253874578,0,0,60.213107279811794,50,0,0.25767997585665997,50,0,1.1777891461833825,50,0,67.0,0,0
2024-05-05,0.03261590642441247,50,0,1.5421333959098482,0,0,60.213107279811794,50,0,0.266329035371596,50,0,1.1825697007372529,50,0,69.0,0,0
2024-05-06,-0.009129858222477175,50,0,1.5056115064995892,0,0,60.213107279811794,50,0,0.24578363385698812,50,0,1.152449599455002,50,0,71.0,0,0
2024-05-07,-0.03621508420081886,50,0,1.4782244302585308,0,0,60.213107279811794,50,0,0.23712517463846075,50,0,1.1295976424446763,50,0,68.0,0,0
2024-05-08,-0.06060990847874513,50,0,1.4551374653096927,0,0,60.213107279811794,50,0,0.2508111047976621,50,0,1.1102255983984415,50,0,64.0,0,0
2024-05-09,-0.01829748526407042,50,0,1.4850736182284467,0,0,60.213107279811794,50,0,0.23080882783749185,50,0,1.131273827627918,50,0,55.0,0,0
2024-05-10,-0.09812555704366575,50,0,1.423244882916968,0,0,60.213107279811794,50,0,0.21498288420811354,50,0,1.0828700188551044,50,0,66.0,0,0
2024-05-11,-0.0940655338327959,50,0,1.4221401860527008,0,0,60.213107279811794,50,0,0.21710014405982067,50,0,1.0807742696909972,50,0,53.0,0,0
2024-05-12,-0.07541149343336027,50,0,1.4301833519592282,0,0,60.213107279811794,50,0,0.21085568849935443,50,0,1.0856009320978528,50,0,56.0,0,0
2024-05-13,-0.05956735125937933,50,0,1.4375963501931297,0,0,60.213107279811794,50,0,0.1756124488349882,50,0,1.0899491135718657,50,0,57.0,0,0
2024-05-14,-0.09701497356196208,50,0,1.403421146981714,0,0,60.213107279811794,50,0,0.17209801457699733,50,0,1.0628554498838712,50,0,66.0,0,0
2024-05-15,0.004407875446152187,50,0,1.473990781582671,0,0,60.213107279811794,50,0,0.12442158095394289,50,0,1.1148080638217814,50,0,64.0,0,0
2024-05-16,-0.053590630217268856,50,0,1.4300566145067464,0,0,60.213107279811794,50,0,0.09720351854251862,50,0,1.0803241489315936,50,0,70.0,0,0
2024-05-17,0.043288144068270036,50,0,1.5020497973197542,0,0,60.213107279811794,50,0,0.14550931070083853,50,0,1.133167526471462,50,0,74.0,0,0
2024-05-18,0.05947024116223434,50,0,1.5151524728499388,0,0,60.213107279811794,50,0,0.16423314975933564,50,0,1.1414595150902265,50,0,73.0,0,0
2024-05-19,0.019597078961223615,50,0,1.4882504143838935,0,0,60.213107279811794,50,0,0.15191573739602515,50,0,1.1197872332070942,50,0,72.0,0,0
2024-05-20,0.37788201307108493,50,0,1.772999469857491,0,0,60.213107279811794,50,0,0.3712861484123423,50,0,1.3310983581876012,50,0,70.0,0,0
2024-05-21,0.40450697672758507,50,0,1.836095335004889,0,0,60.213107279811794,50,0,0.48512495238931486,50,0,1.3752517003820621,50,0,76.0,0,0
2024-05-22,0.33584121887827156,50,0,1.806884479733923,0,0,60.213107279811794,50,0,0.4887730450955896,50,0,1.3503965563234288,50,0,76.0,0,0
2024-05-23,0.31879255549909974,50,0,1.817240645077722,0,0,60.213107279811794,50,0,0.5505797140807908,50,0,1.3551975155529221,50,0,76.0,0,0
2024-05-24,0.269904344771331,50,0,1.7963305991232326,0,0,60.213107279811794,50,0,0.4964846565330015,50,0,1.3367971778076744,50,0,74.0,0,0
2024-05-25,0.25712686232087506,50,0,1.8038522454848893,0,0,60.213107279811794,50,0,0.48618827474933357,50,0,1.3395137107944397,50,0,76.0,0,0
2024-05-26,0.27988087223925395,50,0,1.8384298805386734,0,0,60.213107279811794,50,0,0.5628056961324646,50,0,1.3621371718521846,50,0,75.0,0,0
2024-05-27,0.28932970468186653,50,0,1.8665187653099098,0,0,60.213107279811794,50,0,0.5707163049679951,50,0,1.38028611554639,50,0,74.0,0,0
2024-05-28,0.24718418832922145,50,0,1.8437548516168338,0,0,60.213107279811794,50,0,0.579267498734457,50,0,1.3608394842865388,50,0,72.0,0,0
2024-05-29,0.1961292952769659,50,0,1.8056565304456178,0,0,60.213107279811794,50,0,0.558673965636982,50,0,1.3302381016965898,50,0,72.0,0,0
2024-05-30,0.16948165677449475,50,0,1.7928542611147722,0,0,60.213107279811794,50,0,0.5167969479419208,50,0,1.3183878745291246,50,0,73.0,0,0
2024-05-31,0.170530030485234,50,0,1.7945420832435706,0,0,66.32150438060532,50,0,0.5567929233691987,50,0,1.3172438355528246,50,0,73.0,0,0
2024-06-01,0.2028450908550117,50,0,1.82007069073549,0,0,66.32150438060532,50,0,0.5816688375796985,50,0,1.3332637658760131,50,0,72.0,0,0
2024-06-02,0.18064563727818278,50,0,1.8026778151443947,0,0,66.32150438060532,50,0,0.5580547216266277,50,0,1.3180828256452943,50,0,73.0,0,0
2024-06-03,0.17166776538283268,50,0,1.794020679460065,0,0,66.32150438060532,50,0,0.5135482124122288,50,0,1.309138639674882,50,0,73.0,0,0
2024-06-04,0.1969431816298361,50,0,1.81319772801678,0,0,66.32150438060532,50,0,0.4833485769729103,50,0,1.320420622343304,50,0,73.0,0,0
2024-06-05,0.22409577317793036,50,0,1.8353635899052803,0,0,66.32150438060532,50,0,0.49687148805471953,50,0,1.3337439236950817,50,0,75.0,0,0
2024-06-06,0.1929754250245576,50,0,1.8088117424590056,0,0,66.32150438060532,50,0,0.47544217712636083,50,0,1.31189255895196,50,0,78.0,0,0
2024-06-07,0.11822568434977342,50,0,1.7442534259080253,0,0,66.32150438060532,50,0,0.44200639096142963,50,0,1.2628865898190984,50,0,77.0,0,0
2024-06-08,0.11976515470534992,50,0,1.7423615186996888,0,0,66.32150438060532,50,0,0.4429934682175479,50,0,1.2591733527349116,50,0,72.0,0,0
2024-06-09,0.1367098662345581,50,0,1.752524798919491,0,0,66.32150438060532,50,0,0.44787085668844284,50,0,1.264388450357192,50,0,75.0,0,0
2024-06-10,0.11907421167962934,50,0,1.7319455097407468,0,0,66.32150438060532,50,0,0.4292790080036811,50,0,1.2475102527271835,50,0,72.0,0,0
2024-06-11,0.023798705226994656,50,0,1.6506216649243783,0,0,66.32150438060532,50,0,0.39235875052536046,50,0,1.187319026910572,50,0,74.0,0,0
2024-06-12,0.06705481823312719,50,0,1.6786024930618024,0,0,66.32150438060532,50,0,0.4044764008166905,50,0,1.2057166865404825,50,0,72.0,0,0
2024-06-13,0.025024463813846216,50,0,1.63415677816169,0,0,66.32150438060532,50,0,0.3941193255563713,50,0,1.1722078137694436,50,0,70.0,0,0
2024-06-14,0.040798959236097415,50,0,1.6371127738980986,0,0,66.32150438060532,50,0,0.42770934281664513,50,0,1.1726525716921996,50,0,74.0,0,0
2024-06-15,0.09834200187696489,50,0,1.6766791127863767,0,0,66.32150438060532,50,0,0.4772143773251467,50,0,1.1991917545673343,50,0,74.0,0,0
2024-06-16,0.133022191049608,50,0,1.699266771528069,0,0,66.32150438060532,50,0,0.4962312201274608,50,0,1.2134028407268156,50,0,71.0,0,0
2024-06-17,0.07296598181957341,50,0,1.6458517365813459,0,0,66.32150438060532,50,0,0.42975971006852315,50,0,1.1736040545604443,50,0,71.0,0,0
2024-06-18,0.06132387268793681,50,0,1.6292390058430213,0,0,66.32150438060532,50,0,0.456571728706663,50,0,1.1602471139545225,50,0,74.0,0,0
2024-06-19,0.11188003020352064,50,0,1.6649186326734562,0,0,66.32150438060532,50,0,0.5178809810445457,50,0,1.184154804502904,50,0,64.0,0,0
2024-06-20,0.08368748414150916,50,0,1.6422066221930207,0,0,66.32150438060532,50,0,0.4873989906393875,50,0,1.1666488813766023,50,0,60.0,0,0
2024-06-21,0.08671698275689878,50,0,1.6431206098069395,0,0,66.32150438060532,50,0,0.5207006544280834,50,0,1.1660396078189827,50,0,63.0,0,0
2024-06-22,0.07168851674788557,50,0,1.6311146130039094,0,0,66.32150438060532,50,0,0.4995628532035468,50,0,1.1564081392195107,50,0,53.0,0,0
2024-06-23,0.026030290373304812,50,0,1.5939368219544914,0,0,66.32150438060532,50,0,0.481507926358782,50,0,1.1289718190788696,50,0,55.0,0,0
2024-06-24,-0.008970289750948726,50,0,1.5587208301117104,0,0,66.32150438060532,50,0,0.5489143432456156,50,0,1.10329996399903,50,0,51.0,0,0
2024-06-25,0.025574894203666834,50,0,1.5781077045044194,0,0,66.32150438060532,50,0,0.5229468763891133,50,0,1.1162394867687995,50,0,30.0,50,0
2024-06-26,0.015537224516626752,50,0,1.5655116142368977,0,0,66.32150438060532,50,0,0.5429177786741518,50,0,1.1065577532809205,50,0,46.0,50,0
2024-06-27,0.058827891594571795,50,0,1.598666946661123,0,0,66.32150438060532,50,0,0.565209888444847,50,0,1.129115009580755,50,0,40.0,50,0
2024-06-28,0.019007721829299756,50,0,1.5641379159083113,0,0,66.32150438060532,50,0,0.5650605330750961,50,0,1.1037360099242721,50,0,47.0,50,0
2024-06-29,0.022501597479349544,50,0,1.562954177774141,0,0,66.32150438060532,50,0,0.5424237043764779,50,0,1.101873369388861,50,0,30.0,50,0
2024-06-30,0.060219877788748266,50,0,1.591193808379909,0,0,61.943975950646276,50,0,0.515357106571037,50,0,1.1207451132311275,50,0,47.0,50,0
2024-07-01,0.060679221925662115,50,0,1.5894994525812305,0,0,61.943975950646276,50,0,0.512476539076984,50,0,1.1186240033113575,50,0,53.0,0,0
2024-07-02,0.05238325346063701,50,0,1.5789628746542097,0,0,61.943975950646276,50,0,0.5295980854103222,50,0,1.1101253535205744,50,0,51.0,0,0
2024-07-03,-0.01778068955007494,50,0,1.5204828395031333,0,0,61.943975950646276,50,0,0.512696856697604,50,0,1.0681602240643497,50,0,50.0,0,0
2024-07-04,-0.13757914795175338,50,0,1.4204748012871076,0,0,61.943975950646276,50,0,0.4670478981160474,50,0,0.9973666454098049,50,0,44.0,50,0
2024-07-05,-0.18167686184192114,50,0,1.3757427903679647,0,0,61.943975950646276,50,0,0.4237376638529552,50,0,0.9655816452020078,50,0,29.0,50,0
2024-07-06,-0.12043531407629546,50,0,1.4121042491339648,0,0,61.943975950646276,50,0,0.42425726804772207,50,0,0.9905665895411064,50,0,26.0,50,0
2024-07-07,-0.19459072331396668,50,0,1.3487986059365191,0,0,61.943975950646276,50,0,0.40736695440113097,50,0,0.9458358995430718,50,0,29.0,50,0
2024-07-08,-0.12701091562537745,50,0,1.3878655492222143,0,0,61.943975950646276,50,0,0.45089916140507236,50,0,0.9728562792017761,50,0,28.0,50,0
2024-07-09,-0.08981416422399824,50,0,1.4066907119098553,0,0,61.943975950646276,50,0,0.4323374145739232,50,0,0.9857635053147421,50,0,27.0,50,0
2024-07-10,-0.05658886039207838,50,0,1.4223814621297763,0,0,61.943975950646276,50,0,0.47014642956786834,50,0,0.9963912650604656,50,0,28.0,50,0
2024-07-11,-0.04834359141475689,50,0,1.4191329515403648,0,0,61.943975950646276,50,0,0.4836285410376949,50,0,0.9936818599597249,50,0,29.0,50,0
2024-07-12,-0.024305481088028796,50,0,1.4332111197602293,0,0,61.943975950646276,50,0,0.4864163562249081,50,0,1.0030671493726848,50,0,25.0,100,0
2024-07-13,0.0100103865086323,50,0,1.4554515222345077,0,0,61.943975950646276,50,0,0.46606173028259346,50,0,1.0180105266987958,50,0,25.0,100,0
2024-07-14,0.05040178795358424,50,0,1.488266910874987,0,0,61.943975950646276,50,0,0.4550464347030346,50,0,1.0404848332046603,50,0,33.0,50,0
2024-07-15,0.17722182264674605,50,0,1.592358981460131,0,0,61.943975950646276,50,0,0.4768495989041787,50,0,1.1123695387598374,50,0,52.0,0,0
2024-07-16,0.13031867821879378,50,0,1.5719414298854937,0,0,61.943975950646276,50,0,0.4358798190116289,50,0,1.0971970387630114,50,0,65.0,0,0
2024-07-17,0.08542936465034094,50,0,1.546414440181912,0,0,61.943975950646276,50,0,0.43315293307348657,50,0,1.0785555317439952,50,0,69.0,0,0
2024-07-18,0.09602425613726401,50,0,1.561735781548016,0,0,61.943975950646276,50,0,0.46579069359813247,50,0,1.0883275888686677,50,0,61.0,0,0
2024-07-19,0.12911845385569806,50,0,1.5948775050055468,0,0,61.943975950646276,50,0,0.4191876370465526,50,0,1.1105092454702208,50,0,60.0,0,0
2024-07-20,0.12061064773937714,50,0,1.5991939648208535,0,0,61.943975950646276,50,0,0.4130963509115881,50,0,1.1126004152812943,50,0,74.0,0,0
2024-07-21,0.11144596180746617,50,0,1.602055663274242,0,0,61.943975950646276,50,0,0.3904876633764083,50,0,1.1134060389016631,50,0,74.0,0,0
2024-07-22,0.047329367885005615,50,0,1.5603091967631373,0,0,61.943975950646276,50,0,0.3512784741212856,50,0,1.0834837257556933,50,0,70.0,0,0
2024-07-23,0.06509618571268926,50,0,1.577196682942307,0,0,61.943975950646276,50,0,0.43182062867944426,50,0,1.094231027924609,50,0,71.0,0,0
2024-07-24,-0.024043919832432165,50,0,1.5073425481930922,0,0,61.943975950646276,50,0,0.3519224050588625,50,0,1.0449921305678678,50,0,69.0,0,0
2024-07-25,-0.11209589168796583,50,0,1.4345496643990585,0,0,61.943975950646276,50,0,0.23608500955460285,50,0,0.9939459556199962,50,0,68.0,0,0
2024-07-26,-0.04497253753280009,50,0,1.4807078744759032,0,0,61.943975950646276,50,0,0.23573623582690004,50,0,1.0253769093128984,50,0,68.0,0,0
2024-07-27,-0.0554170761245409,50,0,1.4681995393244698,0,0,61.943975950646276,50,0,0.21509623935044142,50,0,1.0162126899225534,50,0,72.0,0,0
2024-07-28,-0.03877124251565532,50,0,1.4742204875707938,0,0,61.943975950646276,50,0,0.22264766020392626,50,0,1.0202554911919954,50,0,71.0,0,0
2024-07-29,-0.0020905206098223183,50,0,1.4964377084224776,0,0,61.943975950646276,50,0,0.29670686290153536,50,0,1.035483028285957,50,0,74.0,0,0
2024-07-30,-0.024134741977818355,50,0,1.4739063205465484,0,0,61.943975950646276,50,0,0.2881462005244037,50,0,1.0196461952310225,50,0,67.0,0,0
2024-07-31,-0.045633339609498814,50,0,1.4525784389044414,0,0,59.21224211735989,50,0,0.3078737140945508,50,0,1.0047998756653327,50,0,61.0,0,0
2024-08-01,-0.055197920002353094,50,0,1.4384615655621082,0,0,59.21224211735989,50,0,0.27297139040890245,50,0,0.9948255154928806,50,0,52.0,0,0
2024-08-02,-0.17946941652778725,50,0,1.3393073409782634,0,0,59.21224211735989,50,0,0.2464735339100159,50,0,0.9263562284641476,50,0,57.0,0,0
2024-08-03,-0.22283523928097643,50,0,1.3022445581628745,0,0,59.21224211735989,50,0,0.21773645254458873,50,0,0.9010202607497702,50,0,37.0,50,0
2024-08-04,-0.34139527914807954,50,0,1.20884271976295,0,0,59.21224211735989,50,0,0.14956632959888128,50,0,0.8367983561647115,50,0,34.0,50,0
2024-08-05,-0.4814613809772535,50,0,1.0897670083625906,0,0,59.21224211735989,50,0,0.08554557583852389,50,0,0.7549107978709435,50,0,26.0,50,0
2024-08-06,-0.4399454596027174,50,0,1.0999277924020143,0,0,59.21224211735989,50,0,0.045624144432787866,50,0,0.7625027775884232,50,0,17.0,100,0
2024-08-07,-0.48758463521280726,50,0,1.0490035248406426,0,0,59.21224211735989,50,0,-0.010667904121480404,50,0,0.7278058105234149,50,0,29.0,50,0
2024-08-08,-0.23788608103001616,50,0,1.2002878069124687,0,0,59.21224211735989,50,0,0.025407911067457246,50,0,0.8330892750035594,50,0,20.0,100,0
2024-08-09,-0.2846077209403855,50,0,1.1575932627447314,0,0,59.21224211735989,50,0,-0.004501290395820977,50,0,0.803677157970705,50,0,48.0,50,0
2024-08-10,-0.25851187632264494,50,0,1.162979360125363,0,0,59.21224211735989,50,0,0.000797261488103459,50,0,0.8075317431714499,50,0,40.0,50,0
2024-08-11,-0.2795639186267275,50,0,1.140825277340613,0,0,59.21224211735989,50,0,0.029553592339081176,50,0,0.7923009826753907,50,0,39.0,50,0
2024-08-12,-0.15653822977890833,50,0,1.2156403604216481,0,0,59.21224211735989,50,0,0.13509975398261156,50,0,0.8442218093073537,50,0,25.0,100,0
2024-08-13,-0.17450850387438566,50,0,1.2030132668969693,0,0,59.21224211735989,50,0,0.07903035010125443,50,0,0.8355067184095722,50,0,31.0,50,0
2024-08-14,-0.20379532890546595,50,0,1.186247106930956,0,0,59.21224211735989,50,0,0.1082818444219773,50,0,0.8239521192825393,50,0,30.0,50,0
2024-08-15,-0.2703616161334264,50,0,1.144069558491108,0,0,59.21224211735989,50,0,0.0792992891752704,50,0,0.7948193844009902,50,0,29.0,50,0
2024-08-16,-0.26139826105236935,50,0,1.1524747667406712,0,0,59.21224211735989,50,0,0.052593575498977495,50,0,0.8008794584285102,50,0,27.0,50,0
2024-08-17,-0.24844002420584796,50,0,1.1595060555150105,0,0,59.21224211735989,50,0,0.049859788590513945,50,0,0.8060110644680865,50,0,25.0,100,0
2024-08-18,-0.23956437628985458,50,0,1.1642747884456688,0,0,59.21224211735989,50,0,0.07910871167762022,50,0,0.8094771649829416,50,0,31.0,50,0
2024-08-19,-0.23519493986472118,50,0,1.1666188230547108,0,0,59.21224211735989,50,0,0.06429188787243792,50,0,0.8112706920045382,50,0,28.0,50,0
2024-08-20,-0.2720322491605347,50,0,1.1419242607305555,0,0,59.21224211735989,50,0,0.034326928076933445,50,0,0.7943206510539129,50,0,30.0,50,0
2024-08-21,-0.23480310837328608,50,0,1.163378053822385,0,0,59.21224211735989,50,0,0.00802489431923292,50,0,0.8094005081035244,50,0,26.0,50,0
2024-08-22,-0.2369504533828925,50,0,1.160313770577044,0,0,59.21224211735989,50,0,0.027034039858089966,50,0,0.8074149919069461,50,0,39.0,50,0
2024-08-23,-0.14612790673932535,50,0,1.2225748412540092,0,0,59.21224211735989,50,0,0.014656166138228191,50,0,0.8507589715482751,50,0,34.0,50,0
2024-08-24,-0.1547421537299207,50,0,1.219875110017537,0,0,59.21224211735989,50,0,0.014350425215687924,50,0,0.84900373452018,50,0,56.0,0,0
2024-08-25,-0.16201679227598606,50,0,1.2172671844539182,0,0,59.21224211735989,50,0,-0.0019019043034632919,50,0,0.8473828569719623,50,0,54.0,0,0
2024-08-26,-0.21422700142296133,50,0,1.1847248739762586,0,0,59.21224211735989,50,0,-0.006706857397878334,50,0,0.8249898266570618,50,0,55.0,0,0
2024-08-27,-0.36318283401298945,50,0,1.0847918747723218,0,0,59.21224211735989,50,0,-0.06345523406594283,50,0,0.7559246529617973,50,0,48.0,50,0
2024-08-28,-0.3118611452701478,50,0,1.1140627327009094,0,0,59.21224211735989,50,0,-0.0003554376116756409,50,0,0.7768103276834873,50,0,30.0,50,0
2024-08-29,-0.3109269084176009,50,0,1.1123018611858326,0,0,59.21224211735989,50,0,-0.009446055874129727,50,0,0.7760777072683237,50,0,29.0,50,0
2024-08-30,-0.30809831996566955,50,0,1.1113878001349697,0,0,59.21224211735989,50,0,-0.003615460616118469,50,0,0.776115026765093,50,0,34.0,50,0
2024-08-31,-0.3138869960089801,50,0,1.1047582674902983,0,0,50.80370538731073,50,0,-0.007687338354908625,50,0,0.7721491403913732,50,0,29.0,50,0
2024-09-01,-0.3683035839380815,50,0,1.0656384184440775,0,0,50.80370538731073,50,0,-0.02179312496059318,50,0,0.7456867212113716,50,0,26.0,50,0
2024-09-02,-0.27970367213309916,50,0,1.1143747931798604,0,0,50.80370538731073,50,0,0.004484542463005964,50,0,0.780661603054723,50,0,26.0,50,0
2024-09-03,-0.34058336001121076,50,0,1.0703150927035736,0,0,50.80370538731073,50,0,-0.020560490296598618,50,0,0.7506972581429631,50,0,26.0,50,0
2024-09-04,-0.3235518265362314,50,0,1.075380604542636,0,0,50.80370538731073,50,0,-0.023249711758730373,50,0,0.7551225629977792,50,0,27.0,50,0
2024-09-05,-0.37833380546574014,50,0,1.0371488919180214,0,0,50.80370538731073,50,0,-0.026771141343635275,50,0,0.7292939251057005,50,0,29.0,50,0
2024-09-06,-0.47168732383141593,50,0,0.9723876028917275,0,0,50.80370538731073,50,0,-0.06728499607556601,50,0,0.6849011173636324,50,0,22.0,100,0
2024-09-07,-0.4274053583764195,50,0,0.9933212064469702,0,0,50.80370538731073,50,0,-0.03564799088660842,50,0,0.7008514217544067,50,0,23.0,100,0
2024-09-08,-0.3981976154592459,50,0,1.0060372668338389,0,0,50.80370538731073,50,0,-0.037925151351003314,50,0,0.7109626485670711,50,0,29.0,50,0
2024-09-09,-0.34605410678276527,50,0,1.0325256350366059,0,0,50.80370538731073,50,0,-0.06315288439060263,50,0,0.7308084936979158,50,0,26.0,50,0
2024-09-10,-0.31625073386911656,50,0,1.043903856991639,0,0,50.80370538731073,50,0,-0.05895865545357074,50,0,0.7399198414985555,50,0,33.0,50,0
2024-09-11,-0.34576137731686474,50,0,1.0226805740122653,0,0,50.80370538731073,50,0,-0.08643325449908588,50,0,0.7260297967331826,50,0,37.0,50,0
2024-09-12,-0.3265933755951414,50,0,1.030812417184708,0,0,50.80370538731073,50,0,-0.09322451576015851,50,0,0.7330877589405701,50,0,31.0,50,0
2024-09-13,-0.26700267270016337,50,0,1.0652603579339481,0,0,50.80370538731073,50,0,-0.10574263482686004,50,0,0.7589137933628445,50,0,32.0,50,0
2024-09-14,-0.2871182922110526,50,0,1.0534608184696794,0,0,50.80370538731073,50,0,-0.10876529197513876,50,0,0.7519306598484502,50,0,50.0,0,0
2024-09-15,-0.36349846793870877,50,0,1.0102081661765643,0,0,50.80370538731073,50,0,-0.15432263296140944,50,0,0.7226663170348013,50,0,51.0,0,0
2024-09-16,-0.37937387223784297,50,0,0.9991416738449735,0,0,50.80370538731073,50,0,-0.1459669075859613,50,0,0.71633478696865,50,0,39.0,50,0
2024-09-17,-0.34801695316099573,50,0,1.016784038460761,0,0,50.80370538731073,50,0,-0.17269151601443553,50,0,0.7306593191156603,50,0,33.0,50,0
2024-09-18,-0.3315737244310428,50,0,1.0256386349235211,0,0,50.80370538731073,50,0,-0.18653353736092765,50,0,0.7386784184033708,50,0,45.0,50,0
2024-09-19,-0.25431905355589196,50,0,1.0726459804669382,0,0,50.80370538731073,50,0,-0.15599314609757306,50,0,0.7742422825657237,50,0,49.0,50,0
2024-09-20,-0.19748729484697553,50,0,1.1094426225283827,0,0,50.80370538731073,50,0,-0.10140785403658868,50,0,0.8026651422322003,50,0,54.0,0,0
2024-09-21,-0.16828578250200674,50,0,1.1304391428100238,0,0,50.80370538731073,50,0,-0.07330026014601175,50,0,0.8195986077762789,50,0,54.0,0,0
2024-09-22,-0.19008754614994408,50,0,1.1194819410391954,0,0,50.80370538731073,50,0,-0.09499612528553047,50,0,0.8137486567789627,50,0,52.0,0,0
2024-09-23,-0.1502824022248224,50,0,1.1477417788945405,0,0,50.80370538731073,50,0,-0.04304680232364149,50,0,0.8364276855765214,50,0,50.0,0,0
2024-09-24,-0.15594753745090803,50,0,1.1502840715431437,0,0,50.80370538731073,50,0,-0.06616301106477909,50,0,0.8404585927937321,50,0,54.0,0,0
2024-09-25,-0.22129130575465564,50,0,1.1146368264543114,0,0,50.80370538731073,50,0,-0.08510466803043416,50,0,0.8166494164521851,50,0,59.0,0,0
2024-09-26,-0.19128895289851353,50,0,1.1376676644598667,0,0,50.80370538731073,50,0,-0.10275757799245529,50,0,0.8357141875333813,50,0,50.0,0,0
2024-09-27,-0.15480513990739767,50,0,1.1665116947589014,0,0,50.80370538731073,50,0,-0.07670259300135127,50,0,0.8593573245188053,50,0,61.0,0,0
2024-09-28,-0.17930347886507414,50,0,1.1555899600649737,0,0,50.80370538731073,50,0,-0.09216481691990731,50,0,0.853634669934094,50,0,64.0,0,0
2024-09-29,-0.19601948570252306,50,0,1.146904746358177,0,0,50.80370538731073,50,0,-0.1001610227216363,50,0,0.8495910435023447,50,0,63.0,0,0
2024-09-30,-0.23845345172856033,50,0,1.1202939439648791,0,0,51.656446690859525,50,0,-0.07606544515842983,50,0,0.832098190806661,50,0,61.0,0,0
2024-10-01,-0.3354009099818561,50,0,1.0565037396433254,0,0,51.656446690859525,50,0,-0.10992626025748341,50,0,0.786791078103089,50,0,50.0,0,0
2024-10-02,-0.38560765790647783,50,0,1.0206932698986693,0,0,51.656446690859525,50,0,-0.1630148943176273,50,0,0.761945616332654,50,0,42.0,50,0
2024-10-03,-0.3893124540272314,50,0,1.0121486592846882,0,0,51.656446690859525,50,0,-0.17836422071532632,50,0,0.7575408269692402,50,0,37.0,50,0
2024-10-04,-0.3365946842194819,50,0,1.039827956903601,0,0,51.656446690859525,50,0,-0.16736646984645445,50,0,0.7801007124575778,50,0,41.0,50,0
2024-10-05,-0.33829921361298365,50,0,1.0389035634426182,0,0,51.656446690859525,50,0,-0.1673237319024074,50,0,0.780790959529142,50,0,49.0,50,0
2024-10-06,-0.31321051109646497,50,0,1.0487126398922388,0,0,51.656446690859525,50,0,-0.1710182468217211,50,0,0.7899881596381242,50,0,50.0,0,0
2024-10-07,-0.3158916609300829,50,0,1.0429978141616414,0,0,51.656446690859525,50,0,-0.16923909691767935,50,0,0.7874819384584898,50,0,50.0,0,0
2024-10-08,-0.30006708048399144,50,0,1.0479825989815077,0,0,51.656446690859525,50,0,-0.1524031546007311,50,0,0.7928320893415312,50,0,49.0,50,0
2024-10-09,-0.34426667067597494,50,0,1.016315624294872,0,0,51.656446690859525,50,0,-0.16169428304971545,50,0,0.770534481550882,50,0,49.0,50,0
2024-10-10,-0.3292401346656981,50,0,1.0221628982440474,0,0,51.656446690859525,50,0,-0.13999858240934954,50,0,0.7767573444863131,50,0,39.0,50,0
2024-10-11,-0.2891626520583118,50,0,1.045401377404506,0,0,51.656446690859525,50,0,-0.16281242809319565,50,0,0.7963812500305854,50,0,32.0,50,0
2024-10-12,-0.2613189166518391,50,0,1.0621690104125385,0,0,51.656446690859525,50,0,-0.15487158083054794,50,0,0.8111053995901502,50,0,49.0,50,0
2024-10-13,-0.2726356278160017,50,0,1.0559472771102318,0,0,51.656446690859525,50,0,-0.1519311729028594,50,0,0.8081835101602395,50,0,50.0,0,0
2024-10-14,-0.16155863517067448,50,0,1.1262592775570641,0,0,51.656446690859525,50,0,-0.12914138374200007,50,0,0.8638613001937963,50,0,48.0,50,0
2024-10-15,-0.19042036679630725,50,0,1.112558796166675,0,0,51.656446690859525,50,0,-0.17032303952741543,50,0,0.8551633725575114,50,0,65.0,0,0
2024-10-16,-0.19032592967514725,50,0,1.1167891332331554,0,0,51.656446690859525,50,0,-0.1810516574491164,50,0,0.8601979935411518,50,0,73.0,0,0
2024-10-17,-0.20237959623927904,50,0,1.112384966445995,0,0,51.656446690859525,50,0,-0.17861857572643716,50,0,0.8587914887989218,50,0,71.0,0,0
2024-10-18,-0.18328064677326666,50,0,1.1280245011102836,0,0,51.656446690859525,50,0,-0.18018693205066616,50,0,0.8726453361563363,50,0,73.0,0,0
2024-10-19,-0.1853201884903774,50,0,1.1308628670622949,0,0,51.656446690859525,50,0,-0.174193378948126,50,0,0.8762888476132366,50,0,72.0,0,0
2024-10-20,-0.13211209561217946,50,0,1.1712593756877208,0,0,51.656446690859525,50,0,-0.12986250918780456,50,0,0.9090331368414364,50,0,73.0,0,0
2024-10-21,-0.19257442072781228,50,0,1.136942401782339,0,0,51.656446690859525,50,0,-0.14023324955548402,50,0,0.8839178342375263,50,0,72.0,0,0
2024-10-22,-0.22701798257842837,50,0,1.117492255306766,0,0,51.656446690859525,50,0,-0.16798981925457163,50,0,0.8703324694306616,50,0,70.0,0,0
2024-10-23,-0.2951120625318848,50,0,1.0735800556029473,0,0,51.656446690859525,50,0,-0.214065462706498,50,0,0.8378008341806644,50,0,71.0,0,0
2024-10-24,-0.28680385728841645,50,0,1.0774027869450706,0,0,51.656446690859525,50,0,-0.24293750131284972,50,0,0.8425561985381691,50,0,69.0,0,0
2024-10-25,-0.3680897005065968,50,0,1.0270913935625383,0,0,51.656446690859525,50,0,-0.27377403168417846,50,0,0.8053699829599652,50,0,72.0,0,0
2024-10-26,-0.3149814017115713,50,0,1.05429994717718,0,0,51.656446690859525,50,0,-0.24961497791402473,50,0,0.828575455229547,50,0,,50,0
2024-10-27,-0.2928494177455282,50,0,1.0655757591205355,0,0,51.656446690859525,50,0,-0.2548311132262207,50,0,0.8393476634311416,50,0,74.0,0,0
2024-10-28,-0.2506538089618392,50,0,1.0894751284025448,0,0,51.656446690859525,50,0,-0.2616183102257783,50,0,0.8600005045508086,50,0,72.0,0,0
2024-10-29,-0.2007833019301174,50,0,1.1181383615928286,0,0,51.656446690859525,50,0,-0.2820072020731047,50,0,0.884024224766917,50,0,72.0,0,0
2024-10-30,-0.1831186383443991,50,0,1.128367701374217,0,0,51.656446690859525,50,0,-0.261839161973917,50,0,0.8931816768593376,50,0,77.0,0,0
2024-10-31,-0.28087193816259354,50,0,1.0671177895439057,0,0,50.7591185137579,50,0,-0.302577683387669,50,0,0.8460635286484476,50,0,77.0,0,0
2024-11-01,-0.2831199430334657,50,0,1.0643016433199253,0,0,50.7591185137579,50,0,-0.2862650411383008,50,0,0.8451244843727449,50,0,75.0,0,0
2024-11-02,-0.29962214351117644,50,0,1.0537486182606284,0,0,50.7591185137579,50,0,-0.29551612948565437,50,0,0.8380236187366766,50,0,72.0,0,0
2024-11-03,-0.32252661129188187,50,0,1.0387765002766178,0,0,50.7591185137579,50,0,-0.30575344077728955,50,0,0.8272209001628683,50,0,74.0,0,0
2024-11-04,-0.36037182177843896,50,0,1.013843194937563,0,0,50.7591185137579,50,0,-0.3206946934702559,50,0,0.8086133913151664,50,0,70.0,0,0
2024-11-05,-0.333952752532783,50,0,1.0270964054837592,0,0,50.7591185137579,50,0,-0.33920517220551477,50,0,0.8203800787154598,50,0,70.0,0,0
2024-11-06,-0.13570450566062064,50,0,1.150890044888322,0,0,50.7591185137579,50,0,-0.29431516528044643,50,0,0.9203539735890727,50,0,70.0,0,0
2024-11-07,-0.03659140595268594,50,0,1.221656571446183,0,0,50.7591185137579,50,0,-0.20422041511028663,50,0,0.9778609126476888,50,0,77.0,0,0
2024-11-08,-0.005840040320261363,50,0,1.2498915811119269,0,0,50.7591185137579,50,0,-0.17719275327250456,50,0,1.0014023993195273,50,0,75.0,0,0
2024-11-09,0.09580757317029945,50,0,1.3250328902945527,0,0,50.7591185137579,50,0,-0.08275499234118237,50,0,1.062338013372521,50,0,75.0,0,0
2024-11-10,0.10233125052250357,50,0,1.3443195866616076,0,0,50.7591185137579,50,0,-0.13633332394917214,50,0,1.0783260088971562,50,0,78.0,0,0
2024-11-11,0.18517936913637942,50,0,1.4203945054079776,0,0,50.7591185137579,50,0,-0.2101347312228153,50,0,1.139724896660511,50,0,76.0,0,0
2024-11-12,0.08386664763997696,50,0,1.3709676786124394,0,0,50.7591185137579,50,0,-0.25138128564943585,50,0,1.100565588576101,50,0,80.0,0,100
2024-11-13,0.01829435820312504,50,0,1.3430830122795452,0,0,50.7591185137579,50,0,-0.32286665250918634,50,0,1.0789632579036579,50,0,84.0,0,100
2024-11-14,-0.0857952272214358,50,0,1.285760413102946,0,0,50.7591185137579,50,0,-0.3340930115319835,50,0,1.0338467064187251,50,0,88.0,0,100
2024-11-15,-0.0753626402951722,50,0,1.3022736889454531,0,0,50.7591185137579,50,0,-0.37985810132909714,50,0,1.0479497943146527,50,0,80.0,0,100
2024-11-16,-0.06249816324773854,50,0,1.3170462766594142,0,0,50.7591185137579,50,0,-0.3530679553061345,50,0,1.0602243407785616,50,0,86.0,0,100
2024-11-17,-0.10856247764761733,50,0,1.289364492331924,0,0,50.7591185137579,50,0,-0.3700109853250093,50,0,1.0383346483757978,50,0,90.0,0,100
2024-11-18,-0.04152415833366253,50,0,1.3384351580219451,0,0,50.7591185137579,50,0,-0.3274893746038207,50,0,1.0781125893976227,50,0,83.0,0,100
2024-11-19,-0.0935300168306651,50,0,1.3054015013815603,0,0,50.7591185137579,50,0,-0.39085648009812335,50,0,1.052040114336995,50,0,90.0,0,100
2024-11-20,-0.11392304125262416,50,0,1.2886493444495652,0,0,50.7591185137579,50,0,-0.4378006151727179,50,0,1.0391463855073209,50,0,83.0,0,100
2024-11-21,0.05931566070547598,50,0,1.4100961810685013,0,0,50.7591185137579,50,0,-0.37280020570320466,50,0,1.1374039683466006,50,0,82.0,0,100
2024-11-22,0.026266442724371418,50,0,1.3924845335831793,0,0,50.7591185137579,50,0,-0.39602702257998057,50,0,1.1234112286908862,50,0,94.0,0,100
2024-11-23,0.06270604252763863,50,0,1.4217119541093948,0,0,50.7591185137579,50,0,-0.3460583165500615,50,0,1.1469920873171937,50,0,93.0,0,100
2024-11-24,0.03223621151034115,50,0,1.4068645333346923,0,0,50.7591185137579,50,0,-0.36495260802609397,50,0,1.1349304460234784,50,0,80.0,0,100
2024-11-25,0.05378599324033035,50,0,1.4335766585911558,0,0,50.7591185137579,50,0,-0.2610495367830527,50,0,1.1564349433854404,50,0,82.0,0,100
2024-11-26,-0.017155960591488977,50,0,1.3886936053309633,0,0,50.7591185137579,50,0,-0.2851946207776607,50,0,1.1201041316470652,50,0,79.0,0,100
2024-11-27,0.16540064280873495,50,0,1.5316013640624315,0,0,50.7591185137579,50,0,-0.19730393685811823,50,0,1.2346886197652382,50,0,75.0,0,0
2024-11-28,0.10138210365965873,50,0,1.4951121760489234,0,0,50.7591185137579,50,0,-0.23122722324177925,50,0,1.2047539713912587,50,0,77.0,0,0
2024-11-29,0.09068554012436926,50,0,1.4988821035067665,0,0,50.7591185137579,50,0,-0.25367673676445085,50,0,1.2072748629950023,50,0,78.0,0,0
2024-11-30,0.12970796155482753,50,0,1.5468251632284316,0,0,61.680050594561024,50,0,-0.18577280330373144,50,0,1.2450168949982685,50,0,84.0,0,100
2024-12-01,0.11791626815265462,50,0,1.5469208548517575,0,0,61.680050594561024,50,0,-0.20160801098079986,50,0,1.2445487439862104,50,0,81.0,0,100
2024-12-02,0.0640110221865448,50,0,1.5130172397589214,0,0,61.680050594561024,50,0,-0.20724695785033415,50,0,1.2166752585359362,50,0,80.0,0,100
2024-12-03,0.04668311151082412,50,0,1.5065965383622115,0,0,61.680050594561024,50,0,-0.21800289401122622,50,0,1.2111914372870067,50,0,76.0,0,0
2024-12-04,0.1546267829716096,50,0,1.5973339484225322,0,0,61.680050594561024,50,0,-0.16971128795176024,50,0,1.2834221654098605,50,0,78.0,0,0
2024-12-05,0.10989647509169378,50,0,1.5755489640834213,0,0,61.680050594561024,50,0,-0.15788995717840082,50,0,1.2652097232713235,50,0,84.0,0,100
2024-12-06,0.20526210910942896,50,0,1.6652539395978057,0,0,61.680050594561024,50,0,-0.11428153744905505,50,0,1.3373708930220773,50,0,72.0,0,0
2024-12-07,0.18939029826423354,50,0,1.6610923182921338,0,0,61.680050594561024,50,0,-0.11784002474705005,50,0,1.334481539785415,50,0,75.0,0,0
2024-12-08,0.17526605310982743,50,0,1.6580357584854881,0,0,61.680050594561024,50,0,-0.13384114873284475,50,0,1.3323886142785402,50,0,79.0,0,100
2024-12-09,0.01603552000044078,50,0,1.5380287719633892,0,0,61.680050594561024,50,0,-0.20111169276809554,50,0,1.2367811206952668,50,0,78.0,0,0
2024-12-10,-0.026322985043481212,50,0,1.5033180034904394,0,0,61.680050594561024,50,0,-0.2280903576060164,50,0,1.209727315572998,50,0,78.0,0,0
2024-12-11,0.07888701268016697,50,0,1.5869720756301313,0,0,61.680050594561024,50,0,-0.212514225522915,50,0,1.277643774807604,50,0,74.0,0,0
2024-12-12,0.09140467720067429,50,0,1.6026100985984577,0,0,61.680050594561024,50,0,-0.1753515830328982,50,0,1.290918022864877,50,0,83.0,0,100
2024-12-13,0.10034793989611233,50,0,1.6133698365475988,0,0,61.680050594561024,50,0,-0.1830201105831355,50,0,1.3003367527979928,50,0,76.0,0,0
2024-12-14,0.07756509991153356,50,0,1.5971812797647142,0,0,61.680050594561024,50,0,-0.19993594024179373,50,0,1.2880168221801327,50,0,83.0,0,100
2024-12-15,0.12030444044952078,50,0,1.6287992704163794,0,0,61.680050594561024,50,0,-0.21742611969029046,50,0,1.3139532368428728,50,0,80.0,0,100
2024-12-16,0.1395071703679424,50,0,1.6473284552285357,0,0,61.680050594561024,50,0,-0.21813472157823988,50,0,1.329217653068493,50,0,83.0,0,100
2024-12-17,0.07926735674886963,50,0,1.59791798559696,0,0,61.680050594561024,50,0,-0.269776304968317,50,0,1.2898827270269524,50,0,87.0,0,100
2024-12-18,-0.04541618495131608,50,0,1.4977355467987665,0,0,61.680050594561024,50,0,-0.28472445253639617,50,0,1.2100060511041415,50,0,81.0,0,100
2024-12-19,-0.1507440909891105,50,0,1.4119961949734632,0,0,61.680050594561024,50,0,-0.3315805893155353,50,0,1.1419082415733601,50,0,75.0,0,0
2024-12-20,-0.12083339851147226,50,0,1.42850939618527,0,0,61.680050594561024,50,0,-0.31197362333366213,50,0,1.156345614549148,50,0,74.0,0,0
2024-12-21,-0.18659402133542274,50,0,1.3692243097713834,0,0,61.680050594561024,50,0,-0.36698505809815224,50,0,1.1097103298939113,50,0,73.0,0,0
2024-12-22,-0.20211891002760088,50,0,1.3479244161058055,0,0,61.680050594561024,50,0,-0.3596727003136482,50,0,1.093945668484541,50,0,73.0,0,0
2024-12-23,-0.11044937219530933,50,0,1.4065191771919843,0,0,61.680050594561024,50,0,-0.28873496206819543,50,0,1.1427958216411649,50,0,70.0,0,0
2024-12-24,-0.06049662086076032,50,0,1.4353896432806212,0,0,61.680050594561024,50,0,-0.31767511254327446,50,0,1.1672752259273196,50,0,73.0,0,0
2024-12-25,-0.049603161361872344,50,0,1.4329609432183135,0,0,61.680050594561024,50,0,-0.3285967330962317,50,0,1.1663095630210183,50,0,73.0,0,0
2024-12-26,-0.1293935477015653,50,0,1.3642815400431536,0,0,61.680050594561024,50,0,-0.34599395453870907,50,0,1.1117138501655417,50,0,79.0,0,100
2024-12-27,-0.11829631054754651,50,0,1.3622431057458868,0,0,61.680050594561024,50,0,-0.3250476810577332,50,0,1.111303487138725,50,0,74.0,0,0
2024-12-28,-0.07239585415764146,50,0,1.3922050767331429,0,0,61.680050594561024,50,0,-0.30551861431208793,50,0,1.1365837723584582,50,0,72.0,0,0
2024-12-29,-0.09931782344862836,50,0,1.370874399606191,0,0,61.680050594561024,50,0,-0.30121977163448316,50,0,1.120199905106484,50,0,73.0,0,0
2024-12-30,-0.09351055412306858,50,0,1.3736515053725866,0,0,61.680050594561024,50,0,-0.2816715599736078,50,0,1.1232731849553894,50,0,65.0,0,0
2024-12-31,-0.10879640153421909,50,0,1.3634961949546038,0,0,57.31953274626281,50,0,-0.3067730599615265,50,0,1.1158450304055136,50,0,64.0,0,0
2025-01-01,-0.10110363743819746,50,0,1.3703316014841311,0,0,57.31953274626281,50,0,-0.3157108170296335,50,0,1.1224255347441698,50,0,66.0,0,0
2025-01-02,-0.046070679889461015,50,0,1.409089688574956,0,0,57.31953274626281,50,0,-0.31050352918013746,50,0,1.1551486683102696,50,0,70.0,0,0
2025-01-03,0.03746818629295317,50,0,1.4730452799460225,0,0,57.31953274626281,50,0,-0.2607019036225501,50,0,1.2081143245463415,50,0,74.0,0,0
2025-01-04,0.05834323273253926,50,0,1.4932280092340027,0,0,57.31953274626281,50,0,-0.23986963394383184,50,0,1.2250114160841705,50,0,73.0,0,0
2025-01-05,0.03820277790996375,50,0,1.4844088665240205,0,0,57.31953274626281,50,0,-0.2514421238467556,50,0,1.2182932908662287,50,0,72.0,0,0
2025-01-06,0.05243658354404776,50,0,1.5018961007016478,0,0,57.31953274626281,50,0,-0.2911925293169274,50,0,1.2329608149214875,50,0,76.0,0,0
2025-01-07,-0.11773703218163586,50,0,1.3787431725544945,0,0,57.31953274626281,50,0,-0.34132916993903534,50,0,1.1326187312475482,50,0,78.0,0,0
2025-01-08,-0.14339857983026755,50,0,1.354899432010296,0,0,57.31953274626281,50,0,-0.3365740680340362,50,0,1.113842913110578,50,0,70.0,0,0
2025-01-09,-0.20257550003647876,50,0,1.3102840973388428,0,0,57.31953274626281,50,0,-0.34308854037805625,50,0,1.0779666948681181,50,0,69.0,0,0
2025-01-10,-0.1729366601246794,50,0,1.331058093133089,0,0,57.31953274626281,50,0,-0.35746218848613986,50,0,1.0956786124024227,50,0,50.0,0,0
2025-01-11,-0.15736100107393444,50,0,1.3372891116118255,0,0,57.31953274626281,50,0,-0.3475073936631337,50,0,1.101439018552393,50,0,69.0,0,0
2025-01-12,-0.16614331020978138,50,0,1.3252781314569773,0,0,57.31953274626281,50,0,-0.35637369707511646,50,0,1.0921882128499747,50,0,62.0,0,0
2025-01-13,-0.22255301484475462,50,0,1.2739258730447234,0,0,57.31953274626281,50,0,-0.4137686804485943,50,0,1.050822536681107,50,0,61.0,0,0
2025-01-14,-0.1570700666897842,50,0,1.3113738659561371,0,0,57.31953274626281,50,0,-0.40457813415136856,50,0,1.0824266926345805,50,0,63.0,0,0
2025-01-15,-0.030244178667386244,50,0,1.3978792382863463,0,0,57.31953274626281,50,0,-0.3641353604124724,50,0,1.1542420925805317,50,0,70.0,0,0
2025-01-16,-0.10696918697285648,50,0,1.341263871821386,0,0,57.31953274626281,50,0,-0.42065287076737934,50,0,1.1082336641233725,50,0,75.0,0,0
2025-01-17,-0.01090943007842929,50,0,1.4119529632190067,0,0,57.31953274626281,50,0,-0.40699526319372537,50,0,1.1671250734051586,50,0,75.0,0,0
2025-01-18,-0.1140044873745378,50,0,1.3401328466358486,0,0,57.31953274626281,50,0,-0.48079368126673394,50,0,1.1084504550718088,50,0,77.0,0,0
2025-01-19,-0.17134461522378974,50,0,1.2993048091542294,0,0,57.31953274626281,50,0,-0.47668188784843607,50,0,1.0752862448506006,50,0,77.0,0,0
2025-01-20,-0.12071835662736334,50,0,1.3316895673932099,0,0,57.31953274626281,50,0,-0.4642970540418704,50,0,1.1022183369746916,50,0,76.0,0,0
2025-01-21,-0.09986959496719681,50,0,1.3461292623984242,0,0,57.31953274626281,50,0,-0.49340249484412446,50,0,1.1140737151677313,50,0,76.0,0,0
2025-01-22,-0.15000268808454423,50,0,1.3118891142744813,0,0,57.31953274626281,50,0,-0.4992519882199627,50,0,1.0859427472839802,50,0,84.0,0,100
2025-01-23,-0.09524297354508217,50,0,1.350149043910057,0,0,57.31953274626281,50,0,-0.4645812300519796,50,0,1.1174232085944626,50,0,75.0,0,0
2025-01-24,-0.10760054987674564,50,0,1.3392377682154504,0,0,57.31953274626281,50,0,-0.48203008754008636,50,0,1.1083718603539618,50,0,75.0,0,0
2025-01-25,-0.10371706495199079,50,0,1.3438887453398316,0,0,57.31953274626281,50,0,-0.47862314155754887,50,0,1.1122542282903771,50,0,75.0,0,0
2025-01-26,-0.14728691119404544,50,0,1.30996262315149,0,0,57.31953274626281,50,0,-0.48616997057543954,50,0,1.0844090549165546,50,0,73.0,0,0
2025-01-27,-0.18094354645777827,50,0,1.2809548762814156,0,0,57.31953274626281,50,0,-0.5036393948691669,50,0,1.0606813901850694,50,0,71.0,0,0
2025-01-28,-0.23371992003636904,50,0,1.2402189474033165,0,0,57.31953274626281,50,0,-0.535913242039964,50,0,1.027417377653249,50,0,72.0,0,0
2025-01-29,-0.1969338461835238,50,0,1.2611611754995729,0,0,57.31953274626281,50,0,-0.5489603959777787,50,0,1.0452316873064542,50,0,72.0,0,0
2025-01-30,-0.11784842382310588,50,0,1.3140290492799551,0,0,57.31953274626281,50,0,-0.5079331825588468,50,0,1.089452744681565,50,0,70.0,0,0
2025-01-31,-0.09978353527045986,50,0,1.32842669069313,0,0,56.86661279733958,50,0,-0.4568719864087996,50,0,1.1021178193861398,50,0,76.0,0,0
2025-02-01,-0.19766144225723656,50,0,1.258364053866918,0,0,56.86661279733958,50,0,-0.5079998095945022,50,0,1.0448917818309937,50,0,68.0,0,0
2025-02-02,-0.3546933535302923,50,0,1.146916383620206,0,0,56.86661279733958,50,0,-0.5861921759209718,50,0,0.9534386497616308,50,0,60.0,0,0
2025-02-03,-0.31819357325316866,50,0,1.160092490049203,0,0,56.86661279733958,50,0,-0.62352072652142,50,0,0.9655039200990684,50,0,44.0,50,0
2025-02-04,-0.3971812105174519,50,0,1.0978291225331198,0,0,56.86661279733958,50,0,-0.6447258408622111,50,0,0.9150472970192068,50,0,72.0,0,0
2025-02-05,-0.3487910346248064,50,0,1.1206472604601956,0,0,56.86661279733958,50,0,-0.6031981586145488,50,0,0.9354426507661995,50,0,54.0,0,0
2025-02-06,-0.39328749317461564,50,0,1.081881520535346,0,0,56.86661279733958,50,0,-0.6456646612897556,50,0,0.9045273165097856,50,0,49.0,50,0
2025-02-07,-0.42475071054510904,50,0,1.0526338151056542,0,0,56.86661279733958,50,0,-0.6759585009056599,50,0,0.8814434885966885,50,0,44.0,50,0
2025-02-08,-0.3951063544028906,50,0,1.062230510750501,0,0,56.86661279733958,50,0,-0.6678173424756941,50,0,0.8908798049752534,50,0,44.0,50,0
2025-02-09,-0.3909956042909809,50,0,1.0565603206715528,0,0,56.86661279733958,50,0,-0.670366603502287,50,0,0.8873079469419489,50,0,46.0,50,0
2025-02-10,-0.3554295694154531,50,0,1.070687462054735,0,0,56.86661279733958,50,0,-0.6675145781664811,50,0,0.9000891356849497,50,0,43.0,50,0
2025-02-11,-0.3819848006811939,50,0,1.0484680795209624,0,0,56.86661279733958,50,0,-0.6729565361138881,50,0,0.8824958772478938,50,0,47.0,50,0
2025-02-12,-0.2908688466964333,50,0,1.1025977765078965,0,0,56.86661279733958,50,0,-0.6369803770568365,50,0,0.9289508249273927,50,0,46.0,50,0
2025-02-13,-0.3291566567916386,50,0,1.0768899985922342,0,0,56.86661279733958,50,0,-0.6501422189512407,50,0,0.9082499979079866,50,0,50.0,0,0
2025-02-14,-0.29479395499372335,50,0,1.096994758755629,0,0,56.86661279733958,50,0,-0.6387386464103405,50,0,0.9262257637571021,50,0,48.0,50,0
2025-02-15,-0.3134378854152321,50,0,1.0844630227960237,0,0,56.86661279733958,50,0,-0.6544402068704913,50,0,0.9166441054902947,50,0,50.0,0,0
2025-02-16,-0.3359502770697594,50,0,1.071390583070133,0,0,56.86661279733958,50,0,-0.6515195575429019,50,0,0.9065821741898835,50,0,54.0,0,0
2025-02-17,-0.2857513198802871,50,0,1.103934579945268,0,0,56.86661279733958,50,0,-0.6100915847221399,50,0,0.935006586775008,50,0,51.0,0,0
2025-02-18,-0.33622394637767156,50,0,1.0731436626685167,0,0,56.86661279733958,50,0,-0.6400200817362562,50,0,0.909508547285415,50,0,47.0,50,0
2025-02-19,-0.3048297537090464,50,0,1.0935765196772758,0,0,56.86661279733958,50,0,-0.6322597817898291,50,0,0.9272150959573711,50,0,44.0,50,0
2025-02-20,-0.29234596399789253,50,0,1.1025404066645086,0,0,56.86661279733958,50,0,-0.6438681896848215,50,0,0.9348342030761819,50,0,49.0,50,0
2025-02-21,-0.34550060399490745,50,0,1.0682639426547331,0,0,56.86661279733958,50,0,-0.6527031693716611,50,0,0.905507199759439,50,0,55.0,0,0
2025-02-22,-0.2753561123869993,50,0,1.11259059595414,0,0,56.86661279733958,50,0,-0.6102572865733394,50,0,0.9427293882514507,50,0,49.0,50,0
2025-02-23,-0.24287506068399803,50,0,1.134742685271646,0,0,56.86661279733958,50,0,-0.5787887424796153,50,0,0.960864875935537,50,0,50.0,0,0
2025-02-24,-0.43309474844287893,50,0,1.013156148869998,0,0,56.86661279733958,50,0,-0.6623990262742867,50,0,0.8581518251946905,50,0,49.0,50,0
2025-02-25,-0.43802355475357263,50,0,1.0051067930028306,0,0,56.86661279733958,50,0,-0.6309208109772855,50,0,0.8514337154972743,50,0,25.0,100,0
2025-02-26,-0.5368226044059324,50,0,0.9372769500872793,50,0,56.86661279733958,50,0,-0.64851128846078,50,0,0.7942550721010292,50,0,21.0,100,0
2025-02-27,-0.5479589695954512,50,0,0.9245570544166741,50,0,56.86661279733958,50,0,-0.6737606831822524,50,0,0.7837200714167902,50,0,10.0,100,0
2025-02-28,-0.5824238857140018,50,0,0.8971153739161082,50,0,46.3447792858857,50,0,-0.7035105765737897,50,0,0.7609877869290331,50,0,16.0,100,0
2025-03-01,-0.580741555629785,50,0,0.8888660200025963,50,0,46.3447792858857,50,0,-0.7352844717690987,50,0,0.7544651415110543,50,0,20.0,100,0
2025-03-02,-0.361833473473443,50,0,1.0138933340160619,0,0,46.3447792858857,50,0,-0.6932429000753105,50,0,0.860697278799112,50,0,26.0,50,0
2025-03-03,-0.5999365844930056,50,0,0.8670182361474922,50,0,46.3447792858857,50,0,-0.7689528050608642,50,0,0.7362727719345573,50,0,33.0,50,0
2025-03-04,-0.5727659333358012,50,0,0.8739243098881647,50,0,46.3447792858857,50,0,-0.77323278864283,50,0,0.7424402936322555,50,0,15.0,100,0
2025-03-05,-0.515189578856789,50,0,0.9028528982022787,50,0,46.3447792858857,50,0,-0.7784106724903807,50,0,0.7672200875200629,50,0,20.0,100,0
2025-03-06,-0.5318975627524313,50,0,0.8891911062145886,50,0,46.3447792858857,50,0,-0.790298254789703,50,0,0.7558706815590864,50,0,25.0,100,0
2025-03-07,-0.5733933230406473,50,0,0.8606703350127208,100,0,46.3447792858857,50,0,-0.7812863889671163,50,0,0.7319657008548927,50,0,34.0,50,0
2025-03-08,-0.5232450142607409,50,0,0.8873110831887235,50,0,46.3447792858857,50,0,-0.7440887313251207,50,0,0.7547454753626501,50,0,28.0,50,0
2025-03-09,-0.6512706124121678,50,0,0.8135143479343245,100,0,46.3447792858857,50,0,-0.7670768014568133,50,0,0.6923228407352143,50,0,27.0,50,0
2025-03-10,-0.7403901214648817,50,0,0.7590803840009233,100,0,46.3447792858857,50,0,-0.8188353033370281,50,0,0.646437167360954,50,0,20.0,100,0
2025-03-11,-0.691811026699944,50,0,0.7770746014141372,100,0,46.3447792858857,50,0,-0.842612351943291,50,0,0.6622950432719318,50,0,24.0,100,0
2025-03-12,-0.6958704998521216,50,0,0.7708698688195228,100,0,46.3447792858857,50,0,-0.8616710975088221,50,0,0.6575831724879314,50,0,34.0,50,0
2025-03-13,-0.7191157066677485,50,0,0.7538837184082164,100,0,46.3447792858857,50,0,-0.8539979063676109,50,0,0.6437477868633035,100,0,45.0,50,0
2025-03-14,-0.6719226631613382,50,0,0.7750737695720867,100,0,46.3447792858857,50,0,-0.8630324517461435,50,0,0.6623094971553739,50,0,27.0,50,0
2025-03-15,-0.6456295415853941,50,0,0.7855628011354628,100,0,46.3447792858857,50,0,-0.8531723087927996,50,0,0.6715420756904577,50,0,46.0,50,0
2025-03-16,-0.6790395086951092,50,0,0.7636815048524209,100,0,46.3447792858857,50,0,-0.8595183245670452,50,0,0.6532483740754963,50,0,30.0,50,0
2025-03-17,-0.6385920031870252,50,0,0.781482370652415,100,0,46.3447792858857,50,0,-0.8552095569074364,50,0,0.6689082371854164,50,0,32.0,50,0
2025-03-18,-0.6320880413849699,50,0,0.7828762990778039,100,0,46.3447792858857,50,0,-0.8379048330174546,50,0,0.6705160312316897,50,0,34.0,50,0
2025-03-19,-0.5386468958892923,50,0,0.834273765965385,100,0,46.3447792858857,50,0,-0.8225811184964886,50,0,0.7150044688239131,50,0,32.0,50,0
2025-03-20,-0.601783733025305,50,0,0.8025152811274776,100,0,46.3447792858857,50,0,-0.8307511554920312,50,0,0.688162396843986,50,0,49.0,50,0
2025-03-21,-0.6111774646351271,50,0,0.7977103115034344,100,0,46.3447792858857,50,0,-0.8362793799355043,50,0,0.6846350774225625,50,0,31.0,50,0
2025-03-22,-0.6026195311725799,50,0,0.8029132298656548,100,0,46.3447792858857,50,0,-0.8268105680833319,50,0,0.689585741574203,50,0,32.0,50,0
2025-03-23,-0.5895240711957951,50,0,0.810709805717731,100,0,46.3447792858857,50,0,-0.8401851564156869,50,0,0.6968126391964529,50,0,30.0,50,0
2025-03-24,-0.5346473053154956,50,0,0.8416948710715543,100,0,46.3447792858857,50,0,-0.8206349645828647,50,0,0.7236988912837266,50,0,45.0,50,0
2025-03-25,-0.545841951119235,50,0,0.838275547480458,100,0,46.3447792858857,50,0,-0.8261440914384731,50,0,0.7208225103619879,50,0,46.0,50,0
2025-03-26,-0.5922897654180452,50,0,0.8142557326718134,100,0,46.3447792858857,50,0,-0.8488700167873829,50,0,0.7003158980090293,50,0,47.0,50,0
2025-03-27,-0.5933796293666737,50,0,0.8135931048718555,100,0,46.3447792858857,50,0,-0.8541601712668083,50,0,0.6999584847509709,50,0,40.0,50,0
2025-03-28,-0.6721883141770493,50,0,0.7701156436169323,100,0,46.3447792858857,50,0,-0.8749348584949364,50,0,0.6629934699157165,50,0,44.0,50,0
2025-03-29,-0.7244356257611447,50,0,0.7407972978042006,100,0,46.3447792858857,50,0,-0.8914710181156527,50,0,0.6382987415644547,100,0,26.0,50,0
2025-03-30,-0.735836035784639,50,0,0.7324734712695324,100,0,46.3447792858857,50,0,-0.8991144005103123,50,0,0.631615141734154,100,0,32.0,50,0
2025-03-31,-0.7134321835464043,50,0,0.7410491387091055,100,0,43.062649636240614,50,0,-0.8911397024888831,50,0,0.6394512109969558,100,0,34.0,50,0
2025-04-01,-0.6441695073364064,50,0,0.7756904725614808,100,0,43.062649636240614,50,0,-0.8791681494884789,50,0,0.669831473457124,50,0,34.0,50,0
2025-04-02,-0.7255662941867921,50,0,0.7300351707878989,100,0,43.062649636240614,50,0,-0.9068068974185599,50,0,0.6309272277864927,100,0,44.0,50,0
2025-04-03,-0.7025721686093699,50,0,0.7375996339187226,100,0,43.062649636240614,50,0,-0.9016795118221442,50,0,0.6378380539554422,100,0,25.0,100,0
2025-04-04,-0.6948743355895609,50,0,0.7375654408381538,100,0,43.062649636240614,50,0,-0.9114298758898776,50,0,0.6381872745635289,100,0,28.0,50,0
2025-04-05,-0.6978393980160507,50,0,0.7336591169596892,100,0,43.062649636240614,50,0,-0.9113303123568989,50,0,0.6352564922931129,100,0,30.0,50,0
2025-04-06,-0.8773961009584308,50,0,0.6387027724247686,100,0,43.062649636240614,50,0,-0.976524294912447,50,0,0.5536236802067658,100,0,34.0,50,0
2025-04-07,-0.8733851827241006,50,0,0.635287598599699,100,0,43.062649636240614,50,0,-0.997402355327127,50,0,0.5513803460395328,100,0,23.0,100,0
2025-04-08,-0.9300793664089699,50,0,0.5991717237785923,100,0,43.062649636240614,50,0,-1.0136621247499822,50,0,0.5208734202661439,100,0,24.0,100,0
2025-04-09,-0.7613424111904328,50,0,0.6774846584142987,100,0,43.062649636240614,50,0,-0.9776907901307083,50,0,0.5897744673380496,100,0,18.0,100,0
2025-04-10,-0.8712528732072228,50,0,0.6203595948836643,100,0,43.062649636240614,50,0,-1.0194116338315768,50,0,0.5409099853552407,100,0,39.0,50,0
2025-04-11,-0.8257584520420246,50,0,0.6381509805090321,100,0,43.062649636240614,50,0,-1.034611457154816,50,0,0.5573683929316654,100,0,25.0,100,0
2025-04-12,-0.749726851887039,50,0,0.6712623283239532,100,0,43.062649636240614,50,0,-1.0118760521537837,50,0,0.5872176054717271,100,0,43.0,50,0
2025-04-13,-0.7905866019962553,50,0,0.6497699251312242,100,0,43.062649636240614,50,0,-1.0223403442597772,50,0,0.569261636783294,100,0,45.0,50,0
2025-04-14,-0.7579226426121994,50,0,0.6622460397935493,100,0,43.062649636240614,50,0,-1.0168968491893833,50,0,0.5810752957649707,100,0,31.0,50,0
2025-04-15,-0.7849223761062428,50,0,0.649109411481498,100,0,43.062649636240614,50,0,-1.0246356303235142,50,0,0.5705198438235725,100,0,38.0,50,0
2025-04-16,-0.7922948067479327,50,0,0.6439349170158556,100,0,43.062649636240614,50,0,-1.0359808877696126,50,0,0.5669578491905494,100,0,29.0,50,0
2025-04-17,-0.786198539995287,50,0,0.6468611933825591,100,0,43.062649636240614,50,0,-1.0400295068355783,50,0,0.5705027311654027,100,0,30.0,50,0
2025-04-18,-0.7814917528737098,50,0,0.6488614362163012,100,0,43.062649636240614,50,0,-1.032868551892105,50,0,0.5731999980143545,100,0,33.0,50,0
2025-04-19,-0.7600043753182463,50,0,0.6594163234471638,100,0,43.062649636240614,50,0,-1.026494095961275,50,0,0.5833074407727534,100,0,32.0,50,0
2025-04-20,-0.7862026082451393,50,0,0.647502195523223,100,0,43.062649636240614,50,0,-1.0411898470778589,50,0,0.5734694027502951,100,0,37.0,50,0
2025-04-21,-0.7914451148751737,50,0,0.6441681491914382,100,0,43.062649636240614,50,0,-1.0660286278909732,50,0,0.5712609528693885,100,0,39.0,50,0
2025-04-22,-0.640293471478189,50,0,0.7181403073696787,100,0,43.062649636240614,50,0,-1.033655011774676,50,0,0.6375994292750932,100,0,47.0,50,0
2025-04-23,-0.6117793699842802,50,0,0.7344419258834114,100,0,43.062649636240614,50,0,-1.0170837412917346,50,0,0.6527713190538766,50,0,72.0,0,0
2025-04-24,-0.6395969233195611,50,0,0.7229073139850426,100,0,43.062649636240614,50,0,-1.0314474666591629,50,0,0.6432599376083831,100,0,63.0,0,0
2025-04-25,-0.6287434588432961,50,0,0.7311206370219779,100,0,43.062649636240614,50,0,-1.0302141660492619,50,0,0.6513171193061819,50,0,60.0,0,0
2025-04-26,-0.6094908679437189,50,0,0.7435708665092879,100,0,43.062649636240614,50,0,-1.015691585041048,50,0,0.6631595264636022,50,0,65.0,0,0
2025-04-27,-0.6374791182779431,50,0,0.7327196030557219,100,0,43.062649636240614,50,0,-1.0201463550790464,50,0,0.654132881339083,50,0,61.0,0,0
2025-04-28,-0.6365216799506384,50,0,0.7354320174225688,100,0,43.062649636240614,50,0,-1.0280568362353089,50,0,0.6571986804577709,50,0,54.0,0,0
2025-04-29,-0.6477815897738001,50,0,0.7326746054980219,100,0,43.062649636240614,50,0,-1.0228904897002786,50,0,0.6554340502260024,50,0,60.0,0,0
2025-04-30,-0.6507194050995717,50,0,0.7337314323512513,100,0,42.83631558434179,50,0,-1.022988666188286,50,0,0.6571083595344239,50,0,56.0,0,0
2025-05-01,-0.6198810380511386,50,0,0.7513346902262928,100,0,42.83631558434179,50,0,-1.0223243143949774,50,0,0.6735918816231394,50,0,53.0,0,0
2025-05-02,-0.6194009853092487,50,0,0.7526720832687214,100,0,42.83631558434179,50,0,-1.024591704875196,50,0,0.6757076471356992,50,0,67.0,0,0
2025-05-03,-0.6254717578311896,50,0,0.7503546199172036,100,0,42.83631558434179,50,0,-1.0195603701530536,50,0,0.6744991984084918,50,0,65.0,0,0
2025-05-04,-0.6478792150900095,50,0,0.7397676106474317,100,0,42.83631558434179,50,0,-1.0178334391833301,50,0,0.6658642460071713,50,0,64.0,0,0
2025-05-05,-0.6366497324594337,50,0,0.7452344343739564,100,0,42.83631558434179,50,0,-1.0160014520829572,50,0,0.6716723809897573,50,0,52.0,0,0
2025-05-06,-0.6439951824372583,50,0,0.7419898518595445,100,0,42.83631558434179,50,0,-1.0352652652789502,50,0,0.6696704908032814,50,0,59.0,0,0
2025-05-07,-0.6434523660983181,50,0,0.7422317720225157,100,0,42.83631558434179,50,0,-1.0389432565769932,50,0,0.6708244706130477,50,0,67.0,0,0
2025-05-08,-0.35371088414354396,50,0,0.8970434581473024,50,0,42.83631558434179,50,0,-0.9270995778043806,50,0,0.8115895485693765,50,0,65.0,0,0
2025-05-09,-0.26265827732548674,50,0,0.9579928904011034,0,0,42.83631558434179,50,0,-0.8635684332751768,50,0,0.867302304119024,50,0,73.0,0,0
2025-05-10,-0.11363876948298408,50,0,1.0569949958647653,0,0,42.83631558434179,50,0,-0.7791434065522695,50,0,0.9571313894069736,50,0,70.0,0,0
2025-05-11,-0.19367677691650018,50,0,1.025408322757443,0,0,42.83631558434179,50,0,-0.8048098836717211,50,0,0.928652791394191,50,0,70.0,0,0
2025-05-12,-0.22756075931158481,50,0,1.0195226779826514,0,0,42.83631558434179,50,0,-0.8000353416041913,50,0,0.9235126359411802,50,0,70.0,0,0
2025-05-13,-0.12485643652481172,50,0,1.0940736544290108,0,0,42.83631558434179,50,0,-0.7366834020655458,50,0,0.9907769046250379,50,0,70.0,0,0
2025-05-14,-0.20194414054338744,50,0,1.0638630011624888,0,0,42.83631558434179,50,0,-0.7610952456631119,50,0,0.963371957076392,50,0,73.0,0,0
2025-05-15,-0.2761934500569751,50,0,1.03818090622539,0,0,42.83631558434179,50,0,-0.7884895821628063,50,0,0.9402320487410355,50,0,70.0,0,0
2025-05-16,-0.2907799550333723,50,0,1.0404372903554178,0,0,42.83631558434179,50,0,-0.7844591250970788,50,0,0.9424934040982265,50,0,71.0,0,0
2025-05-17,-0.3529440860065531,50,0,1.0108131635699775,0,0,42.83631558434179,50,0,-0.8106835360495009,50,0,0.9160846145043434,50,0,74.0,0,0
2025-05-18,-0.3629965509417876,50,0,1.0071007972252366,0,0,42.83631558434179,50,0,-0.8417309494773726,50,0,0.9132023063435023,50,0,74.0,0,0
2025-05-19,-0.32637782921466707,50,0,1.0316066965826556,0,0,42.83631558434179,50,0,-0.8132628475320415,50,0,0.9356005167886021,50,0,74.0,0,0
2025-05-20,-0.3274915778580695,50,0,1.03092110168541,0,0,42.83631558434179,50,0,-0.8260303233668066,50,0,0.9351583070964863,50,0,71.0,0,0
2025-05-21,-0.3050332044230153,50,0,1.0440833224148918,0,0,42.83631558434179,50,0,-0.8392788181044883,50,0,0.9471347776728163,50,0,70.0,0,0
2025-05-22,-0.23902553724937967,50,0,1.0844666954607731,0,0,42.83631558434179,50,0,-0.8168320724038884,50,0,0.9835815698075357,50,0,72.0,0,0
2025-05-23,-0.3302942516669456,50,0,1.0290139080031506,0,0,42.83631558434179,50,0,-0.8312070041769906,50,0,0.9331825452402381,50,0,78.0,0,0
2025-05-24,-0.32558068258761613,50,0,1.0320946885095235,0,0,42.83631558434179,50,0,-0.8339571258944536,50,0,0.9358976491031484,50,0,66.0,0,0
2025-05-25,-0.31439823972693354,50,0,1.039063175878704,0,0,42.83631558434179,50,0,-0.8363437991516164,50,0,0.9426222378226857,50,0,74.0,0,0
2025-05-26,-0.30643172445037054,50,0,1.045057375311344,0,0,42.83631558434179,50,0,-0.8346732355893692,50,0,0.948727950453205,50,0,73.0,0,0
2025-05-27,-0.24536102834112936,50,0,1.085525076920422,0,0,42.83631558434179,50,0,-0.792563908809792,50,0,0.9861188770629682,50,0,74.0,0,0
2025-05-28,-0.2412069903524945,50,0,1.0918052477399403,0,0,42.83631558434179,50,0,-0.7748969315272086,50,0,0.9927851040711847,50,0,71.0,0,0
2025-05-29,-0.2753954691290631,50,0,1.0738861461851357,0,0,42.83631558434179,50,0,-0.7708617583946864,50,0,0.9775664481830173,50,0,74.0,0,0
2025-05-30,-0.34535683591620947,50,0,1.0297843124701,0,0,42.83631558434179,50,0,-0.7975582854997922,50,0,0.9389129597338629,50,0,60.0,0,0
2025-05-31,-0.33730682438147014,50,0,1.0327562129645422,0,0,50.214118074495644,50,0,-0.8018322837555059,50,0,0.9428859338754354,50,0,50.0,0,0
2025-06-01,-0.33218618440065684,50,0,1.0354883955101708,0,0,50.214118074495644,50,0,-0.8093659122678765,50,0,0.9465218330921084,50,0,56.0,0,0
2025-06-02,-0.2881800755987285,50,0,1.0636915309370978,0,0,50.214118074495644,50,0,-0.7827072088172394,50,0,0.973111368230258,50,0,64.0,0,0
2025-06-03,-0.2985217517899266,50,0,1.0582369948978325,0,0,50.214118074495644,50,0,-0.7839621930077942,50,0,0.9690526031768831,50,0,64.0,0,0
2025-06-04,-0.28903350155109264,50,0,1.0643310991970398,0,0,50.214118074495644,50,0,-0.7707689209847262,50,0,0.9755548860522976,50,0,62.0,0,0
2025-06-05,-0.41116903632675317,50,0,0.9875049305490857,0,0,50.214118074495644,50,0,-0.8178336728707398,50,0,0.9061291872915022,50,0,57.0,0,0
2025-06-06,-0.36590932039026286,50,0,1.0115564909902077,0,0,50.214118074495644,50,0,-0.8206620673248531,50,0,0.92932124793334,50,0,45.0,50,0
2025-06-07,-0.32992714150727204,50,0,1.0309800948955552,0,0,50.214118074495644,50,0,-0.8136779462798959,50,0,0.9480343257937828,50,0,52.0,0,0
2025-06-08,-0.341795833929251,50,0,1.0239828071057904,0,0,50.214118074495644,50,0,-0.8212314915931266,50,0,0.942454710885106,50,0,62.0,0,0
2025-06-09,-0.2325560518575843,50,0,1.092334339691827,0,0,50.214118074495644,50,0,-0.797383695853645,50,0,1.0065245590482428,50,0,62.0,0,0
2025-06-10,-0.15424702684018105,50,0,1.1452962799527908,0,0,50.214118074495644,50,0,-0.7455421435814803,50,0,1.0562538068018779,50,0,71.0,0,0
2025-06-11,-0.18007525835348895,50,0,1.1325092425734935,0,0,50.214118074495644,50,0,-0.7436539148943508,50,0,1.045566473780806,50,0,72.0,0,0
2025-06-12,-0.26562624832961257,50,0,1.0829860319718092,0,0,50.214118074495644,50,0,-0.7656043070202779,50,0,1.001073884575719,50,0,71.0,0,0
2025-06-13,-0.312945588644483,50,0,1.0526302397050575,0,0,50.214118074495644,50,0,-0.7962935963635026,50,0,0.9743706252389726,50,0,61.0,0,0
2025-06-14,-0.34580483257783856,50,0,1.0345062732608385,0,0,50.214118074495644,50,0,-0.8091019077627448,50,0,0.9588225287390164,50,0,63.0,0,0
2025-06-15,-0.3387239963914472,50,0,1.0402511583593046,0,0,50.214118074495644,50,0,-0.8040405778873824,50,0,0.9659846351802878,50,0,60.0,0,0
2025-06-16,-0.32787621939396977,50,0,1.047961869650302,0,0,50.214118074495644,50,0,-0.8134158121765745,50,0,0.9748609678727114,50,0,61.0,0,0
2025-06-17,-0.3616108350207362,50,0,1.027023302112578,0,0,50.214118074495644,50,0,-0.8089151412732399,50,0,0.9572101026718882,50,0,68.0,0,0
2025-06-18,-0.35255172702707066,50,0,1.0308950542668447,0,0,50.214118074495644,50,0,-0.8070048433228221,50,0,0.9628563132786375,50,0,52.0,0,0
2025-06-19,-0.34802623035453056,50,0,1.0313164803528219,0,0,50.214118074495644,50,0,-0.805752163435982,50,0,0.965264760075481,50,0,57.0,0,0
2025-06-20,-0.42580620378099415,50,0,0.9825687183859733,0,0,50.214118074495644,50,0,-0.841318820190243,50,0,0.9215793906914305,50,0,54.0,0,0
2025-06-21,-0.5134388692848566,50,0,0.9267616625709671,50,0,50.214118074495644,50,0,-0.8824315022553946,50,0,0.8712588727927079,50,0,49.0,50,0
2025-06-22,-0.5266293847570618,50,0,0.9112100661279795,50,0,50.214118074495644,50,0,-0.8927623396331459,50,0,0.859054697936202,50,0,42.0,50,0
2025-06-23,-0.3826820785213671,50,0,0.9908781911497979,0,0,50.214118074495644,50,0,-0.8549623965868832,50,0,0.9363965624972136,50,0,47.0,50,0
2025-06-24,-0.3642017861435834,50,0,0.9999808263691092,0,0,50.214118074495644,50,0,-0.8504947276500188,50,0,0.9476715455813585,50,0,65.0,0,0
2025-06-25,-0.3803674269120061,50,0,0.9899086881462325,0,0,50.214118074495644,50,0,-0.8730076455239402,50,0,0.9408018077440499,50,0,66.0,0,0
2025-06-26,-0.3789776899527591,50,0,0.9889945166023462,0,0,50.214118074495644,50,0,-0.8714568022111576,50,0,0.9426483224141252,50,0,74.0,0,0
2025-06-27,-0.37386415478328017,50,0,0.9920179569599351,0,0,50.214118074495644,50,0,-0.8694385647562273,50,0,0.9476851945612942,50,0,65.0,0,0
2025-06-28,-0.36020766520164177,50,0,0.9988803826791207,0,0,50.214118074495644,50,0,-0.865367436224334,50,0,0.9562503355231532,50,0,65.0,0,0
2025-06-29,-0.31611437995255487,50,0,1.025730263389837,0,0,50.214118074495644,50,0,-0.8485896655445965,50,0,0.9843193972281193,50,0,68.0,0,0
2025-06-30,-0.3328146957069512,50,0,1.0201102295091042,0,0,49.80478682984413,50,0,-0.8431082967855875,50,0,0.9813898691943852,50,0,66.0,0,0
2025-07-01,-0.40215846118370113,50,0,0.9842342523255045,0,0,49.80478682984413,50,0,-0.8640752985666412,50,0,0.9494062711680321,50,0,64.0,0,0
2025-07-02,-0.28038539406146906,50,0,1.0581004307611472,0,0,49.80478682984413,50,0,-0.823426124845508,50,0,1.0229022730897692,50,0,63.0,0,0
2025-07-03,-0.2798116842889492,50,0,1.062724166883987,0,0,49.80478682984413,50,0,-0.8259150476356223,50,0,1.0297815176765526,50,0,73.0,0,0
2025-07-04,-0.3399639061929363,50,0,1.0302322762547167,0,0,49.80478682984413,50,0,-0.843283046171988,50,0,1.0008392312704357,50,0,73.0,0,0
2025-07-05,-0.33724771677424953,50,0,1.0340829295700689,0,0,49.80478682984413,50,0,-0.8414622924575997,50,0,1.0069058197893048,50,0,67.0,0,0
2025-07-06,-0.3031674902659642,50,0,1.055572520088166,0,0,49.80478682984413,50,0,-0.8298140860665529,50,0,1.0296088714335043,50,0,66.0,0,0
2025-07-07,-0.32630572760453097,50,0,1.0449190245517261,0,0,49.80478682984413,50,0,-0.8318295401901112,50,0,1.0206166918281592,50,0,73.0,0,0
2025-07-08,-0.2806846757918164,50,0,1.0750313568476786,0,0,49.80478682984413,50,0,-0.8096829777814697,50,0,1.0515834558352377,50,0,65.0,0,0
2025-07-09,-0.17881812778638193,50,0,1.1412080312632218,0,0,49.80478682984413,50,0,-0.7705129496545159,50,0,1.1173189846560878,50,0,66.0,0,0
2025-07-10,-0.08453792407454655,50,0,1.2131609847990914,0,0,49.80478682984413,50,0,-0.7468950361452158,50,0,1.188381743835998,50,0,71.0,0,0
2025-07-11,-0.0964791381648037,50,0,1.216624316868805,0,0,49.80478682984413,50,0,-0.7601535799663531,50,0,1.1928027108009611,50,0,71.0,0,0
2025-07-12,-0.11937763456424698,50,0,1.20923428084506,0,0,49.80478682984413,50,0,-0.7646674136291214,50,0,1.1867725253623378,50,0,79.0,0,100
2025-07-13,-0.11334419356483397,50,0,1.221421573418648,0,0,49.80478682984413,50,0,-0.7678420083967534,50,0,1.1998374448256226,50,0,74.0,0,0
2025-07-14,-0.1046782638627397,50,0,1.2388569872893893,0,0,49.80478682984413,50,0,-0.7614174840017921,50,0,1.2176364787022855,50,0,74.0,0,0
2025-07-15,-0.048210562439419104,50,0,1.288770766411956,0,0,49.80478682984413,50,0,-0.6972682420214547,50,0,1.2670732167234262,50,0,73.0,0,0
2025-07-16,0.06610761375567378,50,0,1.3848935130220352,0,0,49.80478682984413,50,0,-0.6224423944352141,50,0,1.3615725084579755,50,0,70.0,0,0
2025-07-17,0.10812319010949736,50,0,1.435565104241936,0,0,49.80478682984413,50,0,-0.5859704936962077,50,0,1.4109518030506925,50,0,74.0,0,0
2025-07-18,0.10596722593116216,50,0,1.4572837127325613,0,0,49.80478682984413,50,0,-0.550194520982425,50,0,1.4318184537675969,50,0,73.0,0,0
2025-07-19,0.11381404673951746,50,0,1.4776876198572573,0,0,49.80478682984413,50,0,-0.5314685153759887,50,0,1.451175564084732,50,0,74.0,0,0
2025-07-20,0.18154676971501357,50,0,1.5445246589840589,0,0,49.80478682984413,50,0,-0.4649087074468606,50,0,1.5157698535174955,0,0,72.0,0,0
2025-07-21,0.15483714169002458,50,0,1.548617773878131,0,0,49.80478682984413,50,0,-0.4624228496338274,50,0,1.5191682135072913,0,0,71.0,0,0
2025-07-22,0.11696656552208651,50,0,1.5399397498854066,0,0,49.80478682984413,50,0,-0.49990867983306686,50,0,1.510673443706484,0,0,72.0,0,0
2025-07-23,0.03172554219345046,50,0,1.4918611975770852,0,0,49.80478682984413,50,0,-0.5260853510114667,50,0,1.4638351360846809,0,0,74.0,0,0
2025-07-24,0.05784102775129548,50,0,1.524474216926916,0,0,49.80478682984413,50,0,-0.49395681839599054,50,0,1.4958672743579264,0,0,71.0,0,0
2025-07-25,0.04210416006738429,50,0,1.5294825553975073,0,0,49.80478682984413,50,0,-0.4793360337788091,50,0,1.5010101710692985,0,0,70.0,0,0
2025-07-26,0.043835539355675954,50,0,1.5376625522996088,0,0,49.80478682984413,50,0,-0.47709774534969607,50,0,1.5082998726508898,0,0,72.0,0,0
2025-07-27,0.10163368119103715,50,0,1.5866343930867106,0,0,49.80478682984413,50,0,-0.45042564895306964,50,0,1.5550233651693175,0,0,73.0,0,0
2025-07-28,0.04914673939944619,50,0,1.5564378650096533,0,0,49.80478682984413,50,0,-0.46020699496797474,50,0,1.5240444416166876,0,0,75.0,0,0
2025-07-29,0.03945099377014347,50,0,1.5559795651408117,0,0,49.80478682984413,50,0,-0.45844380458085626,50,0,1.522436735523214,0,0,73.0,0,0
2025-07-30,0.037161477081036905,50,0,1.5596407018419438,0,0,49.80478682984413,50,0,-0.45315935597142293,50,0,1.5248720426246851,0,0,74.0,0,0
2025-07-31,-0.023370349949717404,50,0,1.518537220276527,0,0,59.65521448485222,50,0,-0.46749884649910894,50,0,1.48367017942949,0,0,72.0,0,0
2025-08-01,-0.13809004382094792,50,0,1.428555119397988,0,0,59.65521448485222,50,0,-0.5196340337580695,50,0,1.3948528487978153,50,0,65.0,0,0
2025-08-02,-0.18173269436149672,50,0,1.3921340410312804,0,0,59.65521448485222,50,0,-0.5449408751031992,50,0,1.3588365569949603,50,0,55.0,0,0
2025-08-03,-0.1131509708625126,50,0,1.4374910101031453,0,0,59.65521448485222,50,0,-0.5227637618063173,50,0,1.4029657696002602,50,0,53.0,0,0
2025-08-04,0.0006378941615957182,50,0,1.5255267787611833,0,0,59.65521448485222,50,0,-0.45314467597189095,50,0,1.487791021447239,0,0,64.0,0,0
2025-08-05,-0.054339946475273786,50,0,1.4823956620424936,0,0,59.65521448485222,50,0,-0.4795251749434023,50,0,1.4453756808854967,50,0,60.0,0,0
2025-08-06,-0.01411470659311652,50,0,1.5102203116982431,0,0,59.65521448485222,50,0,-0.4650405742135237,50,0,1.4714317346239312,0,0,54.0,0,0
2025-08-07,0.10006664032741461,50,0,1.601220788086938,0,0,59.65521448485222,50,0,-0.4118474730333559,50,0,1.5580590514224315,0,0,62.0,0,0
2025-08-08,0.1485677827823261,50,0,1.64694011397053,0,0,59.65521448485222,50,0,-0.36189508905903034,50,0,1.6004258507906433,0,0,74.0,0,0
2025-08-09,0.2581485733371992,50,0,1.7473303476210658,0,0,59.65521448485222,50,0,-0.26818867835616017,50,0,1.6951476056984198,0,0,67.0,0,0
2025-08-10,0.23147283577429928,50,0,1.7414992227972268,0,0,59.65521448485222,50,0,-0.3083452026492537,50,0,1.6865104011947252,0,0,69.0,0,0
2025-08-11,0.18376437420891453,50,0,1.732503183751113,0,0,59.65521448485222,50,0,-0.3102061582785072,50,0,1.6751811949335607,0,0,70.0,0,0
2025-08-12,0.3257223406607385,50,0,1.884245311789397,0,0,59.65521448485222,50,0,-0.19499026961570667,50,0,1.817851354027107,0,0,68.0,0,0
2025-08-13,0.3547793401885344,50,0,1.9497077575112667,0,0,59.65521448485222,50,0,-0.18259365894628354,50,0,1.8763177843155643,0,0,73.0,0,0
2025-08-14,0.22773046976219558,50,0,1.8673532868171316,0,0,59.65521448485222,50,0,-0.18616652660128138,50,0,1.7928077709453414,0,0,75.0,0,0
2025-08-15,0.14415612083748156,50,0,1.8135061409021447,0,0,59.65521448485222,50,0,-0.2172327695437038,50,0,1.73709941887688,0,0,60.0,0,0
2025-08-16,0.12505705103926326,50,0,1.8102010715556391,0,0,59.65521448485222,50,0,-0.2220081524476654,50,0,1.7296461010191946,0,0,56.0,0,0
2025-08-17,0.1426804484495497,50,0,1.8364719182587061,0,0,59.65521448485222,50,0,-0.20011701247806424,50,0,1.7504132589397103,0,0,64.0,0,0
2025-08-18,0.055299033601060414,50,0,1.7681683352971442,0,0,59.65521448485222,50,0,-0.24343025485356787,50,0,1.6820979989585367,0,0,60.0,0,0
2025-08-19,-0.0521168090378203,50,0,1.6747698155832516,0,0,59.65521448485222,50,0,-0.28183918569818295,50,0,1.5908679716856926,0,0,56.0,0,0
2025-08-20,0.059029211745824636,50,0,1.774559121030058,0,0,59.65521448485222,50,0,-0.20885353420581326,50,0,1.6817694640565406,0,0,44.0,50,0
2025-08-21,0.004456932267107474,50,0,1.727403359783857,0,0,59.65521448485222,50,0,-0.22487699262329752,50,0,1.6327919434888893,0,0,50.0,0,0
2025-08-22,0.2741672273835112,50,0,1.975847008308836,0,0,59.65521448485222,50,0,-0.06224861898100459,50,0,1.8610658616399711,0,0,50.0,0,0
2025-08-23,0.23832680626539499,50,0,1.9539250016950276,0,0,59.65521448485222,50,0,-0.05845554097805155,50,0,1.833493581865587,0,0,60.0,0,0
2025-08-24,0.24160147615123742,50,0,1.9571524321813107,0,0,59.65521448485222,50,0,-0.027343166467871428,50,0,1.8298595429418718,0,0,53.0,0,0
2025-08-25,0.05610606625886035,50,0,1.7895522599628355,0,0,59.65521448485222,50,0,-0.13109039798512248,50,0,1.667845216263213,0,0,47.0,50,0
2025-08-26,0.15358905433915135,50,0,1.8810540849714386,0,0,59.65521448485222,50,0,-0.07234264492980176,50,0,1.7467466993551197,0,0,48.0,50,0
2025-08-27,0.1058586342063002,50,0,1.8419496566627238,0,0,59.65521448485222,50,0,-0.0988514337527411,50,0,1.7046643528140155,0,0,51.0,0,0
2025-08-28,0.09544495419368833,50,0,1.8406066948268256,0,0,59.65521448485222,50,0,-0.11905438363798754,50,0,1.697496471802221,0,0,48.0,50,0
2025-08-29,0.02752998175801461,50,0,1.784542191324627,0,0,59.65521448485222,50,0,-0.109831693932591,50,0,1.640489126094283,0,0,50.0,0,0
2025-08-30,0.03105925770355318,50,0,1.7866821880121855,0,0,59.65521448485222,50,0,-0.11207639425051948,50,0,1.6370485103827013,0,0,39.0,50,0
2025-08-31,0.04473591024983952,50,0,1.7966431630394293,0,0,64.01541613125328,50,0,-0.09546563507827016,50,0,1.6411305674797492,0,0,48.0,50,0
2025-09-01,0.01057990677662075,50,0,1.7574128910785263,0,0,64.01541613125328,50,0,-0.144245586447605,50,0,1.6004283228961314,0,0,46.0,50,0
2025-09-02,0.029240826826764037,50,0,1.7664387614702632,0,0,64.01541613125328,50,0,-0.16866455519117315,50,0,1.6037575470144996,0,0,49.0,50,0
2025-09-03,0.0936467824398938,50,0,1.8210881787157633,0,0,64.01541613125328,50,0,-0.1268076549065333,50,0,1.6479192491766694,0,0,55.0,0,0
2025-09-04,0.02321024513850942,50,0,1.7644047086504562,0,0,64.01541613125328,50,0,-0.16714521128863138,50,0,1.5916533976533886,0,0,51.0,0,0
2025-09-05,0.02734595366305393,50,0,1.761166886346036,0,0,64.01541613125328,50,0,-0.1674410653031228,50,0,1.5840832433133933,0,0,48.0,50,0
2025-09-06,0.013243774084612192,50,0,1.7483651136491671,0,0,64.01541613125328,50,0,-0.1726810440325455,50,0,1.5678209356229862,0,0,48.0,50,0
2025-09-07,0.03289582269698227,50,0,1.7644362336404886,0,0,64.01541613125328,50,0,-0.17358593850663417,50,0,1.5774771675491355,0,0,44.0,50,0
2025-09-08,0.022792087706132048,50,0,1.760205880027953,0,0,64.01541613125328,50,0,-0.18978718617307627,50,0,1.568977073627806,0,0,51.0,0,0
2025-09-09,0.027236058161050597,50,0,1.7623121031723512,0,0,64.01541613125328,50,0,-0.17872110985987583,50,0,1.5659394049679036,0,0,48.0,50,0
2025-09-10,0.0431502372853233,50,0,1.778347594361832,0,0,64.01541613125328,50,0,-0.1997436596522548,50,0,1.5755339006591467,0,0,49.0,50,0
2025-09-11,0.09191062116318746,50,0,1.8248523428038854,0,0,64.01541613125328,50,0,-0.17902595337972177,50,0,1.6118205130531114,0,0,54.0,0,0
2025-09-12,0.18884209468007876,50,0,1.9233541412776458,0,0,64.01541613125328,50,0,-0.09979197853472324,50,0,1.6921700084296056,0,0,57.0,0,0
2025-09-13,0.16191192979269464,50,0,1.9084042364685918,0,0,64.01541613125328,50,0,-0.11059524196138149,50,0,1.672507176578903,0,0,52.0,0,0
2025-09-14,0.12616713981253883,50,0,1.885313534546621,0,0,64.01541613125328,50,0,-0.12310951586761679,50,0,1.6455488015509088,0,0,55.0,0,0
2025-09-15,0.07650513190178965,50,0,1.8502596486580156,0,0,64.01541613125328,50,0,-0.1554818997727383,50,0,1.6085419206881082,0,0,53.0,0,0
2025-09-16,0.059600804753237646,50,0,1.8430416326609853,0,0,64.01541613125328,50,0,-0.1817689046883407,50,0,1.595934578518743,0,0,52.0,0,0
2025-09-17,0.08930363157193338,50,0,1.8789356431826063,0,0,64.01541613125328,50,0,-0.14600410227244034,50,0,1.6203271694297563,0,0,53.0,0,0
2025-09-18,0.06711801684778158,50,0,1.8750453828477487,0,0,64.01541613125328,50,0,-0.15557188800371907,50,0,1.6113835743022022,0,0,52.0,0,0
2025-09-19,0.0051166662433938925,50,0,1.8247747962862562,0,0,64.01541613125328,50,0,-0.18081865344948836,50,0,1.5619224333758777,0,0,53.0,0,0
2025-09-20,0.011734453961114383,50,0,1.8330551579012577,0,0,64.01541613125328,50,0,-0.1752714233162223,50,0,1.562715946154565,0,0,48.0,50,0
2025-09-21,0.0010079012419739978,50,0,1.8201366746129723,0,0,64.01541613125328,50,0,-0.1807489197721079,50,0,1.5458102576059685,0,0,49.0,50,0
2025-09-22,-0.10314588727249767,50,0,1.718729809433105,0,0,64.01541613125328,50,0,-0.23721273960810832,50,0,1.4546872089297276,50,0,45.0,50,0
2025-09-23,-0.10918881193087669,50,0,1.7048576690094994,0,0,64.01541613125328,50,0,-0.24065756540056382,50,0,1.437808055056884,50,0,43.0,50,0
2025-09-24,-0.11224694360439486,50,0,1.6978339942356822,0,0,64.01541613125328,50,0,-0.2652286657055179,50,0,1.4270338771957523,50,0,44.0,50,0
2025-09-25,-0.2307476473844339,50,0,1.5845876836695771,0,0,64.01541613125328,50,0,-0.3146771793747314,50,0,1.3273561320201972,50,0,44.0,50,0
2025-09-26,-0.15228454726873186,50,0,1.6485191847417338,0,0,64.01541613125328,50,0,-0.2603020859766278,50,0,1.3758306891908532,50,0,28.0,50,0
2025-09-27,-0.14806662240938015,50,0,1.64381028740001,0,0,64.01541613125328,50,0,-0.2645038700485025,50,0,1.3669825954005166,50,0,33.0,50,0
2025-09-28,-0.08273275465710356,50,0,1.6914660097906755,0,0,64.01541613125328,50,0,-0.25537825545124393,50,0,1.4012367439388087,50,0,37.0,50,0
2025-09-29,-0.03778481329374416,50,0,1.725907550437477,0,0,64.01541613125328,50,0,-0.25391663174698575,50,0,1.4239888681073507,50,0,50.0,0,0
2025-09-30,-0.07171014508203088,50,0,1.6936951362471002,0,0,61.388668291072754,50,0,-0.2787566201202143,50,0,1.3919776438546354,50,0,50.0,0,0
2025-10-01,0.019040197502537607,50,0,1.7744959462468428,0,0,61.388668291072754,50,0,-0.2654475326516554,50,0,1.4524242206065618,50,0,49.0,50,0
2025-10-02,0.07693159405286035,50,0,1.8319222074352015,0,0,61.388668291072754,50,0,-0.24366396089356884,50,0,1.4929237056670053,0,0,64.0,0,0
2025-10-03,0.08467124892245724,50,0,1.8486220700640008,0,0,61.388668291072754,50,0,-0.2525589837772142,50,0,1.5001786592291535,0,0,63.0,0,0
2025-10-04,0.05549343389429473,50,0,1.8357029330772192,0,0,61.388668291072754,50,0,-0.26390388083395844,50,0,1.4835662501507103,0,0,71.0,0,0
2025-10-05,0.0568179482416647,50,0,1.8475270852314207,0,0,61.388668291072754,50,0,-0.2683019975608476,50,0,1.4872163912243497,0,0,74.0,0,0
2025-10-06,0.12137825107016245,50,0,1.9199894370029886,0,0,61.388668291072754,50,0,-0.2234154926545606,50,0,1.538823915456018,0,0,71.0,0,0
2025-10-07,0.01492837203043278,50,0,1.8251382235816107,0,0,61.388668291072754,50,0,-0.26237564103318545,50,0,1.4569085559134556,50,0,70.0,0,0
2025-10-08,0.0536626475535518,50,0,1.851732231292107,0,0,61.388668291072754,50,0,-0.26272587058600555,50,0,1.4720544882023048,0,0,60.0,0,0
2025-10-09,-0.02685152488961274,50,0,1.7860906184136391,0,0,61.388668291072754,50,0,-0.2962565067852508,50,0,1.4145094977412667,50,0,70.0,0,0
2025-10-10,-0.25173005965253925,50,0,1.5809628533480544,0,0,61.388668291072754,50,0,-0.379480657022745,50,0,1.2484093051016334,50,0,64.0,0,0
2025-10-11,-0.29381357400593716,50,0,1.5332010184038027,0,0,61.388668291072754,50,0,-0.3878262977823102,50,0,1.2072943217064795,50,0,27.0,50,0
2025-10-12,-0.09366258052035933,50,0,1.6958002169981556,0,0,61.388668291072754,50,0,-0.29235956959614035,50,0,1.330744096038421,50,0,24.0,100,0
2025-10-13,-0.04336258223384518,50,0,1.7372561018921753,0,0,61.388668291072754,50,0,-0.2567009153425553,50,0,1.3585640091803586,50,0,38.0,50,0
2025-10-14,-0.09020591696801758,50,0,1.6903615307422533,0,0,61.388668291072754,50,0,-0.27208360130079895,50,0,1.3172865470042041,50,0,38.0,50,0
2025-10-15,-0.1500340811150023,50,0,1.6286869955541936,0,0,61.388668291072754,50,0,-0.2957757316670021,50,0,1.2648594235655841,50,0,34.0,50,0
2025-10-16,-0.18152387776848697,50,0,1.5902346736257673,0,0,61.388668291072754,50,0,-0.2942332115995345,50,0,1.230888595953797,50,0,28.0,50,0
2025-10-17,-0.19284129604815298,50,0,1.569183286173905,0,0,61.388668291072754,50,0,-0.2931226844202515,50,0,1.210717733238892,50,0,22.0,100,0
2025-10-18,-0.15935121341602126,50,0,1.5897042183889607,0,0,61.388668291072754,50,0,-0.2804813579339956,50,0,1.222704495597423,50,0,23.0,100,0
2025-10-19,-0.11356221165971239,50,0,1.6303854046520618,0,0,61.388668291072754,50,0,-0.2635061832032926,50,0,1.2497044493388945,50,0,29.0,50,0
2025-10-20,-0.12282554463819653,50,0,1.627874586111999,0,0,61.388668291072754,50,0,-0.29348704302106143,50,0,1.2435701668299752,50,0,29.0,50,0
2025-10-21,-0.16742603987236038,50,0,1.5867590295950336,0,0,61.388668291072754,50,0,-0.305738131230386,50,0,1.2082067118494668,50,0,34.0,50,0
2025-10-22,-0.19995978195796754,50,0,1.553179871642065,0,0,61.388668291072754,50,0,-0.3239227342038458,50,0,1.1789118627371413,50,0,25.0,100,0
2025-10-23,-0.1667486682642047,50,0,1.576612148342932,0,0,61.388668291072754,50,0,-0.33464670616464515,50,0,1.1923806842141045,50,0,27.0,50,0
2025-10-24,-0.1270670088106739,50,0,1.608080010998278,0,0,61.388668291072754,50,0,-0.3179456134613608,50,0,1.2116947432841334,50,0,30.0,50,0
2025-10-25,-0.11867187561476282,50,0,1.6171802669401778,0,0,61.388668291072754,50,0,-0.317481202493889,50,0,1.213855602445257,50,0,37.0,50,0
2025-10-26,-0.024981211434784108,50,0,1.7035077449512117,0,0,61.388668291072754,50,0,-0.27727094241332795,50,0,1.2737954373661444,50,0,40.0,50,0
2025-10-27,-0.05548947784189216,50,0,1.6841115898952093,0,0,61.388668291072754,50,0,-0.28869931826817613,50,0,1.2543402960117727,50,0,51.0,0,0
2025-10-28,-0.12306316904436651,50,0,1.629014155564399,0,0,61.388668291072754,50,0,-0.3247464405961452,50,0,1.2089140015102982,50,0,50.0,0,0
2025-10-29,-0.16025929439079262,50,0,1.5955601351948159,0,0,61.388668291072754,50,0,-0.31837116376412317,50,0,1.1801389159100255,50,0,51.0,0,0
2025-10-30,-0.21248517832423822,50,0,1.5498320817424664,0,0,61.388668291072754,50,0,-0.3320544580238341,50,0,1.1425479914027943,50,0,34.0,50,0
2025-10-31,-0.18093827777015595,50,0,1.574310819467453,0,0,58.458493339669225,50,0,-0.32961475042034316,50,0,1.1567664177349002,50,0,29.0,50,0
2025-11-01,-0.1707916360695224,50,0,1.5826612135615206,0,0,58.458493339669225,50,0,-0.32777642687185743,50,0,1.1589695455965068,50,0,33.0,50,0
2025-11-02,-0.16000126930266428,50,0,1.5913277655457663,0,0,58.458493339669225,50,0,-0.32474958973025364,50,0,1.1613124123239018,50,0,37.0,50,0
2025-11-03,-0.3001290436977366,50,0,1.4698802063901726,0,0,58.458493339669225,50,0,-0.3894369597412627,50,0,1.0694218369450057,50,0,42.0,50,0
2025-11-04,-0.43443775981392135,50,0,1.3421453908469385,0,0,58.458493339669225,50,0,-0.4485854004242899,50,0,0.9738882323405139,50,0,21.0,100,0
2025-11-05,-0.34395754138887347,50,0,1.4015978077120557,0,0,58.458493339669225,50,0,-0.4228199075552454,50,0,1.0142650866921306,50,0,23.0,100,0
2025-11-06,-0.39251229457036846,50,0,1.3507988094124286,0,0,58.458493339669225,50,0,-0.43818637604723526,50,0,0.974994585414528,50,0,27.0,50,0
2025-11-07,-0.31564910616435904,50,0,1.4056497771190999,0,0,58.458493339669225,50,0,-0.411941780314406,50,0,1.0118800925591007,50,0,24.0,100,0
2025-11-08,-0.32548980622421175,50,0,1.3921277137864396,0,0,58.458493339669225,50,0,-0.4104334495675429,50,0,0.999813762191706,50,0,20.0,100,0
2025-11-09,-0.22951829398685464,50,0,1.4618975398857235,0,0,58.458493339669225,50,0,-0.37222467659277775,50,0,1.0473165309199177,50,0,22.0,100,0
2025-11-10,-0.22831316220943412,50,0,1.45930991839715,0,0,58.458493339669225,50,0,-0.39395881922760717,50,0,1.0428623002675457,50,0,29.0,50,0
2025-11-11,-0.3024899202439714,50,0,1.397577987376639,0,0,58.458493339669225,50,0,-0.4133004442441397,50,0,0.9964267322182707,50,0,26.0,50,0
2025-11-12,-0.3042377265013329,50,0,1.3938062011720966,0,0,58.458493339669225,50,0,-0.39901865089447747,50,0,0.9914511711300645,50,0,24.0,100,0
2025-11-13,-0.3873186041377585,50,0,1.3272587940774316,0,0,58.458493339669225,50,0,-0.44533829350650467,50,0,0.942121274251588,50,0,15.0,100,0
2025-11-14,-0.4526535370233927,50,0,1.2720117416707095,0,0,58.458493339669225,50,0,-0.4251812796627073,50,0,0.9011383580943709,50,0,16.0,100,0
2025-11-15,-0.41805279316393934,50,0,1.2956146062509695,0,0,58.458493339669225,50,0,-0.4146294596961655,50,0,0.9159894117627262,50,0,10.0,100,0
2025-11-16,-0.45388907040362,50,0,1.2632529109283903,0,0,58.458493339669225,50,0,-0.43032460378120363,50,0,0.8913725593397057,50,0,10.0,100,0
2025-11-17,-0.48016013869118523,50,0,1.2337332998878439,0,0,58.458493339669225,50,0,-0.4293282012446742,50,0,0.8690152800638147,50,0,14.0,100,0
2025-11-18,-0.41394280521810517,50,0,1.2743512103039727,0,0,58.458493339669225,50,0,-0.3973477783695603,50,0,0.8959669254789284,50,0,11.0,100,0
2025-11-19,-0.4589085055620525,50,0,1.2326851860750383,0,0,58.458493339669225,50,0,-0.42144377483320133,50,0,0.8651826610619188,50,0,15.0,100,0
2025-11-20,-0.542092963375154,50,0,1.1629780632805078,0,0,58.458493339669225,50,0,-0.4338629111525269,50,0,0.8150068989062627,50,0,11.0,100,0
2025-11-21,-0.5747344321309653,50,0,1.1270467159715487,0,0,58.458493339669225,50,0,-0.445763426381659,50,0,0.7888146806431034,50,0,14.0,100,0
2025-11-22,-0.5571962354431862,50,0,1.1330922515931126,0,0,58.458493339669225,50,0,-0.4352460694311974,50,0,0.7920465433372373,50,0,11.0,100,0
2025-11-23,-0.5219996351431838,50,0,1.1453222758704065,0,0,58.458493339669225,50,0,-0.45430281795579947,50,0,0.7995301472586777,50,0,13.0,100,0
2025-11-24,-0.42864561813625646,50,0,1.2090590188627164,0,0,58.458493339669225,50,0,-0.4017579484842222,50,0,0.8432307533862102,50,0,19.0,100,0
2025-11-25,-0.4247847876707917,50,0,1.2104639585145893,0,0,58.458493339669225,50,0,-0.3843014919328583,50,0,0.8435891150298591,50,0,20.0,100,0
2025-11-26,-0.39050858666127697,50,0,1.2355234451319166,0,0,58.458493339669225,50,0,-0.40349910622083895,50,0,0.8606546050064244,50,0,15.0,100,0
2025-11-27,-0.39403794755245997,50,0,1.2315003793487893,0,0,58.458493339669225,50,0,-0.4218736786986416,50,0,0.8573839762481517,50,0,22.0,100,0
2025-11-28,-0.38578176574889356,50,0,1.239652165723806,0,0,58.458493339669225,50,0,-0.40681697004968814,50,0,0.8625181892121327,50,0,25.0,100,0
2025-11-29,-0.41498451632093575,50,0,1.2214986872606237,0,0,58.458493339669225,50,0,-0.4253817852325698,50,0,0.8496061492194354,50,0,28.0,50,0
2025-11-30,-0.41313023130028786,50,0,1.2259655419821327,0,0,50.81320883660124,50,0,-0.41635217201624786,50,0,0.8523269366002664,50,0,28.0,50,0
2025-12-01,-0.5243207546043595,50,0,1.1451564696890786,0,0,50.81320883660124,50,0,-0.44714010323479253,50,0,0.795875305432591,50,0,24.0,100,0
2025-12-02,-0.41297176552828185,50,0,1.2261628923322603,0,0,50.81320883660124,50,0,-0.4303387630283303,50,0,0.8516739988242453,50,0,23.0,100,0
2025-12-03,-0.31300670764690847,50,0,1.3020607471619905,0,0,50.81320883660124,50,0,-0.3760183063671429,50,0,0.9036079417437856,50,0,28.0,50,0
2025-12-04,-0.3481399398078588,50,0,1.2801411518155135,0,0,50.81320883660124,50,0,-0.37856232689272495,50,0,0.8876736883049159,50,0,26.0,50,0
2025-12-05,-0.4151036726075159,50,0,1.2331742559082497,0,0,50.81320883660124,50,0,-0.38604082298062536,50,0,0.8545202576810081,50,0,28.0,50,0
2025-12-06,-0.4066923229135054,50,0,1.2391932002212112,0,0,50.81320883660124,50,0,-0.3771089651401619,50,0,0.8580757895511323,50,0,23.0,100,0
2025-12-07,-0.40052104848856307,50,0,1.2440422954721473,0,0,50.81320883660124,50,0,-0.38605262340321644,50,0,0.8608370383997478,50,0,20.0,100,0
2025-12-08,-0.3584090500157424,50,0,1.27549670049582,0,0,50.81320883660124,50,0,-0.35918956939701696,50,0,0.8820147246929887,50,0,20.0,100,0
2025-12-09,-0.2549996650148475,50,0,1.357368427650029,0,0,50.81320883660124,50,0,-0.30018057637983725,50,0,0.9376201995707661,50,0,22.0,100,0
2025-12-10,-0.2663005914046889,50,0,1.3589139920638071,0,0,50.81320883660124,50,0,-0.2865425261133622,50,0,0.9376543681874466,50,0,26.0,50,0
2025-12-11,-0.3218556096765299,50,0,1.3211731990464295,0,0,50.81320883660124,50,0,-0.3382203347799902,50,0,0.9107693841770808,50,0,29.0,50,0
2025-12-12,-0.40131364900493793,50,0,1.2600306886497858,0,0,50.81320883660124,50,0,-0.3713813086191818,50,0,0.8680193183427153,50,0,29.0,50,0
2025-12-13,-0.3870062402632309,50,0,1.271000680088492,0,0,50.81320883660124,50,0,-0.3570573563445278,50,0,0.8750707591145557,50,0,23.0,100,0
2025-12-14,-0.41861045890385207,50,0,1.2488311149991922,0,0,50.81320883660124,50,0,-0.3472818639449439,50,0,0.8593893131679596,50,0,21.0,100,0
2025-12-15,-0.46980569973075786,50,0,1.2086391827544114,0,0,50.81320883660124,50,0,-0.36618020178735966,50,0,0.8313535104009653,50,0,16.0,100,0
2025-12-16,-0.46792987135441727,50,0,1.2071084202364333,0,0,50.81320883660124,50,0,-0.39167697368551774,50,0,0.8297439220749057,50,0,11.0,100,0
2025-12-17,-0.5246865761193529,50,0,1.1535201143464937,0,0,50.81320883660124,50,0,-0.4289633636252329,50,0,0.7925088853912114,50,0,16.0,100,0
2025-12-18,-0.513387500767442,50,0,1.153494856459466,0,0,50.81320883660124,50,0,-0.4186671647279379,50,0,0.7921582699566938,50,0,17.0,100,0
2025-12-19,-0.42029371643938734,50,0,1.2162295634255824,0,0,50.81320883660124,50,0,-0.3876792839858082,50,0,0.8348534752299311,50,0,16.0,100,0
2025-12-20,-0.4181495210036988,50,0,1.2141065061169254,0,0,50.81320883660124,50,0,-0.392175183004205,50,0,0.833005300224512,50,0,20.0,100,0
2025-12-21,-0.4018605488711642,50,0,1.2243726738800338,0,0,50.81320883660124,50,0,-0.38373276123962463,50,0,0.8396786548203634,50,0,20.0,100,0
2025-12-22,-0.39817244779196576,50,0,1.225782731470918,0,0,50.81320883660124,50,0,-0.3808963527681301,50,0,0.8400642322737418,50,0,25.0,100,0
2025-12-23,-0.42166666957245824,50,0,1.2087333955974493,0,0,50.81320883660124,50,0,-0.3828013397272537,50,0,0.8278994166791244,50,0,24.0,100,0
2025-12-24,-0.4297158464823899,50,0,1.2018688986119057,0,0,50.81320883660124,50,0,-0.3952497864700759,50,0,0.8228005113874942,50,0,24.0,100,0
2025-12-25,-0.4540213902411891,50,0,1.1848281093206188,0,0,50.81320883660124,50,0,-0.40919773132593545,50,0,0.8107600627933581,50,0,23.0,100,0
2025-12-26,-0.44297679680800656,50,0,1.1932920865210082,0,0,50.81320883660124,50,0,-0.4006067683851602,50,0,0.8163004933630471,50,0,20.0,100,0
2025-12-27,-0.42961089540871616,50,0,1.1998492958087743,0,0,50.81320883660124,50,0,-0.39857478709454325,50,0,0.820669684304852,50,0,23.0,100,0
2025-12-28,-0.42540020563151004,50,0,1.201274396806347,0,0,50.81320883660124,50,0,-0.39758020441482556,50,0,0.8215272719016729,50,0,24.0,100,0
2025-12-29,-0.42755257983963735,50,0,1.1963018292321064,0,0,50.81320883660124,50,0,-0.39340870249142346,50,0,0.8178108928961723,50,0,24.0,100,0
2025-12-30,-0.4030146382137054,50,0,1.2106927883309735,0,0,50.81320883660124,50,0,-0.3974556249419118,50,0,0.827197717467801,50,0,23.0,100,0
2025-12-31,-0.4026427557855335,50,0,1.210251144849433,0,0,50.524037961733164,50,0,-0.3829235655166917,50,0,0.8263984214267477,50,0,21.0,100,0
2026-01-01,-0.38442416975401966,50,0,1.2235509071288333,0,0,50.524037961733164,50,0,-0.38623796934883675,50,0,0.8349917364096597,50,0,20.0,100,0
2026-01-02,-0.3163464884452703,50,0,1.2736659292731003,0,0,50.524037961733164,50,0,-0.3475175007004213,50,0,0.8686442527587437,50,0,28.0,50,0
2026-01-03,-0.3194835685120246,50,0,1.2738954564072533,0,0,50.524037961733164,50,0,-0.3579130055892843,50,0,0.8681793219034638,50,0,29.0,50,0
2026-01-04,-0.3163440266296427,50,0,1.279740457812531,0,0,50.524037961733164,50,0,-0.36328686669244753,50,0,0.8715629392736057,50,0,25.0,100,0
2026-01-05,-0.26273172406617956,50,0,1.3159515493076264,0,0,50.524037961733164,50,0,-0.363031770627633,50,0,0.8955362999101859,50,0,26.0,50,0
2026-01-06,-0.22988663033255732,50,0,1.340684634313263,0,0,50.524037961733164,50,0,-0.3288628964890531,50,0,0.9114352121045931,50,0,44.0,50,0
2026-01-07,-0.30479596533330067,50,0,1.2885361689997865,0,0,50.524037961733164,50,0,-0.34983424063458135,50,0,0.8750071501554116,50,0,42.0,50,0
2026-01-08,-0.3307616734519746,50,0,1.2662267650557149,0,0,50.524037961733164,50,0,-0.37367454108654347,50,0,0.8589345480194372,50,0,28.0,50,0
2026-01-09,-0.34586337900591974,50,0,1.2562189807448663,0,0,50.524037961733164,50,0,-0.37609231710750046,50,0,0.8514948869280133,50,0,27.0,50,0
2026-01-10,-0.3464782558589735,50,0,1.2548346713445409,0,0,50.524037961733164,50,0,-0.37533044364503926,50,0,0.849931838324544,50,0,25.0,100,0
2026-01-11,-0.32645668912206083,50,0,1.2670293732169355,0,0,50.524037961733164,50,0,-0.36589067046220614,50,0,0.8575191493296512,50,0,29.0,50,0
2026-01-12,-0.3328937181720441,50,0,1.2581044591580546,0,0,50.524037961733164,50,0,-0.3829086785527661,50,0,0.8508109571004533,50,0,27.0,50,0
2026-01-13,-0.2017053697683643,50,0,1.3519405879044673,0,0,50.524037961733164,50,0,-0.3422330872535038,50,0,0.9133237250060076,50,0,26.0,50,0
2026-01-14,-0.1785315970610672,50,0,1.3656243668388566,0,0,50.524037961733164,50,0,-0.3539645423089611,50,0,0.9215623671027996,50,0,48.0,50,0
2026-01-15,-0.2052757891517079,50,0,1.348358125356991,0,0,50.524037961733164,50,0,-0.34952571235453667,50,0,0.9090299682262265,50,0,61.0,0,0
2026-01-16,-0.21963012453895558,50,0,1.3404410279355998,0,0,50.524037961733164,50,0,-0.35725933948353267,50,0,0.9027858713916643,50,0,49.0,50,0
2026-01-17,-0.21714620477368568,50,0,1.344983562934624,0,0,50.524037961733164,50,0,-0.34607606168824523,50,0,0.9048163571568534,50,0,50.0,0,0
2026-01-18,-0.22576417602631293,50,0,1.342780582648457,0,0,50.524037961733164,50,0,-0.3349251807462937,50,0,0.9025583762802226,50,0,49.0,50,0
2026-01-19,-0.2901479977624624,50,0,1.2951626544200328,0,0,50.524037961733164,50,0,-0.36101004697952804,50,0,0.8699170567443552,50,0,44.0,50,0
2026-01-20,-0.4253564340444942,50,0,1.1946222262240564,0,0,50.524037961733164,50,0,-0.40962562238582134,50,0,0.8019099932393422,50,0,32.0,50,0
2026-01-21,-0.387741603980487,50,0,1.2166551702993935,0,0,50.524037961733164,50,0,-0.4054040464387197,50,0,0.8161656033445762,50,0,24.0,100,0
2026-01-22,-0.39601333201435435,50,0,1.1987859033594481,0,0,50.524037961733164,50,0,-0.4233623688090722,50,0,0.8037260008502558,50,0,20.0,100,0
2026-01-23,-0.38473248879574184,50,0,1.2003445151798502,0,0,50.524037961733164,50,0,-0.42227987456370064,50,0,0.8042870074894987,50,0,24.0,100,0
2026-01-24,-0.37763727450672074,50,0,1.2000332349084482,0,0,50.524037961733164,50,0,-0.41867127096971196,50,0,0.8036658278862262,50,0,25.0,100,0
2026-01-25,-0.45513626462694745,50,0,1.1416948445914248,0,0,50.524037961733164,50,0,-0.445174336434344,50,0,0.7644571305434489,50,0,25.0,100,0
2026-01-26,-0.3681501016676615,50,0,1.1920140030803088,0,0,50.524037961733164,50,0,-0.4149863112642649,50,0,0.7980753543773016,50,0,20.0,100,0
2026-01-27,-0.3072221602043961,50,0,1.2298366733709003,0,0,50.524037961733164,50,0,-0.38506129369203534,50,0,0.8232364501779572,50,0,29.0,50,0
2026-01-28,-0.3093998189991418,50,0,1.2241198519545768,0,0,50.524037961733164,50,0,-0.39065640131216334,50,0,0.8192431442684877,50,0,29.0,50,0
2026-01-29,-0.4079999718069217,50,0,1.1470028698463697,0,0,50.524037961733164,50,0,-0.4073602881941384,50,0,0.7676871355362349,50,0,26.0,50,0
2026-01-30,-0.47288689710496157,50,0,1.098857334314789,0,0,50.524037961733164,50,0,-0.45969384805762337,50,0,0.7356164438561278,50,0,16.0,100,0
2026-01-31,-0.620826145181531,50,0,0.9951924112103647,0,0,46.22039158218009,50,0,-0.5059963747483339,50,0,0.6666495027805331,50,0,20.0,100,0
2026-02-01,-0.7169612912371084,50,0,0.9246769642044479,50,0,46.22039158218009,50,0,-0.5722768619674878,50,0,0.6201148204084487,100,0,14.0,100,0
2026-02-02,-0.6538959173080582,50,0,0.955710684687899,50,0,46.22039158218009,50,0,-0.5601917414304787,50,0,0.64170936001568,100,0,14.0,100,0
2026-02-03,-0.7126744588232803,50,0,0.9095023196612888,50,0,46.22039158218009,50,0,-0.5737568343564322,50,0,0.6115673354222342,100,0,17.0,100,0
2026-02-04,-0.7486526745884071,50,0,0.8755146182103176,50,0,46.22039158218009,50,0,-0.5782851196458769,50,0,0.5897031922539063,100,0,14.0,100,0
2026-02-05,-0.9181389428804925,50,0,0.7545844416498085,100,0,46.22039158218009,50,0,-0.5886696658361164,50,0,0.509377558654558,100,0,12.0,100,0
2026-02-06,-0.7510677817548501,50,0,0.8421611537320168,100,0,46.22039158218009,50,0,-0.5852421587666461,50,0,0.5696444887710853,100,0,9.0,100,0
2026-02-07,-0.7231470654765252,50,0,0.8515227959018914,100,0,46.22039158218009,50,0,-0.5444545278050078,50,0,0.577101709504189,100,0,6.0,100,0
2026-02-08,-0.7078720009069591,50,0,0.8548656213319116,100,0,46.22039158218009,50,0,-0.5648535871414335,50,0,0.5804101466745938,100,0,7.0,100,0
2026-02-09,-0.6931817923492467,50,0,0.8604814807165665,100,0,46.22039158218009,50,0,-0.551683851583982,50,0,0.5853735410557842,100,0,14.0,100,0
2026-02-10,-0.7456575826590677,50,0,0.82406328434072,100,0,46.22039158218009,50,0,-0.5787146115680588,50,0,0.5617641963778286,100,0,9.0,100,0
2026-02-11,-0.791715901003952,50,0,0.7927997495687691,100,0,46.22039158218009,50,0,-0.5962631072075786,50,0,0.5416259632530256,100,0,11.0,100,0
2026-02-12,-0.7807582705195267,50,0,0.7950099414383628,100,0,46.22039158218009,50,0,-0.5786769810796598,50,0,0.5444236057791025,100,0,5.0,100,0
2026-02-13,-0.7073571354238447,50,0,0.8376242498709029,100,0,46.22039158218009,50,0,-0.5623291535702801,50,0,0.5748418712897282,100,0,9.0,100,0
2026-02-14,-0.6825926657879264,50,0,0.8534582221672443,100,0,46.22039158218009,50,0,-0.5560082542697289,50,0,0.5869443563766616,100,0,9.0,100,0
2026-02-15,-0.771963466790713,50,0,0.8020195001993387,100,0,46.22039158218009,50,0,-0.6133787639840689,50,0,0.5528327822649132,100,0,8.0,100,0
2026-02-16,-0.742579214932684,50,0,0.8170468523139414,100,0,46.22039158218009,50,0,-0.5928625207440328,50,0,0.5643732903647066,100,0,12.0,100,0
2026-02-17,-0.7431760538455643,50,0,0.8156907974151335,100,0,46.22039158218009,50,0,-0.5717347680942835,50,0,0.564442113412333,100,0,10.0,100,0
2026-02-18,-0.7672155383385904,50,0,0.7993504456976425,100,0,46.22039158218009,50,0,-0.5771570446780251,50,0,0.5540841346664684,100,0,8.0,100,0
2026-02-19,-0.7682679165868526,50,0,0.7979491265436262,100,0,46.22039158218009,50,0,-0.5901741421688941,50,0,0.554169235173887,100,0,9.0,100,0
2026-02-20,-0.7536763472162604,50,0,0.8060674839581481,100,0,46.22039158218009,50,0,-0.597247784147537,50,0,0.5610423518620435,100,0,7.0,100,0
2026-02-21,-0.7475610316640107,50,0,0.8093430764903584,100,0,46.22039158218009,50,0,-0.5933354644166657,50,0,0.5644826313004345,100,0,8.0,100,0
2026-02-22,-0.761159114869162,50,0,0.8006566255095297,100,0,46.22039158218009,50,0,-0.5984898027529642,50,0,0.5596487007463804,100,0,9.0,100,0
2026-02-23,-0.82730091796075,50,0,0.7615628972100765,100,0,46.22039158218009,50,0,-0.6073397901409572,50,0,0.5337083851424556,100,0,5.0,100,0
2026-02-24,-0.8233732439049753,50,0,0.7612021236995344,100,0,46.22039158218009,50,0,-0.5973630197495023,50,0,0.5349690460816122,100,0,8.0,100,0
2026-02-25,-0.6766255210293549,50,0,0.8442245821704303,100,0,46.22039158218009,50,0,-0.5412937033265782,50,0,0.5950638644455665,100,0,11.0,100,0
2026-02-26,-0.7004127241151209,50,0,0.8326173840626434,100,0,46.22039158218009,50,0,-0.5496632194627435,50,0,0.5886166239848122,100,0,11.0,100,0
2026-02-27,-0.7677855864370203,50,0,0.7922869806219082,100,0,46.22039158218009,50,0,-0.5817194793706529,50,0,0.5618328546530155,100,0,13.0,100,0
2026-02-28,-0.7425146805325783,50,0,0.8063383811194268,100,0,42.63164417328951,50,0,-0.5807482190707873,50,0,0.5738706848752994,100,0,11.0,100,0
2026-03-01,-0.7596939801739545,50,0,0.7962707082075999,100,0,42.63164417328951,50,0,-0.5734737521016813,50,0,0.5689039014875066,100,0,14.0,100,0
2026-03-02,-0.6887515871983524,50,0,0.835382949201637,100,0,42.63164417328951,50,0,-0.573051478583944,50,0,0.5989243906649068,100,0,10.0,100,0
2026-03-03,-0.7252908679645316,50,0,0.8166800230523864,100,0,42.63164417328951,50,0,-0.5928640128925402,50,0,0.587492752978675,100,0,14.0,100,0
2026-03-04,-0.6302443160082949,50,0,0.8745744095174528,50,0,42.63164417328951,50,0,-0.5825841322806963,50,0,0.6311317954366427,100,0,10.0,100,0
2026-03-05,-0.6606223052048276,50,0,0.853802834143958,100,0,42.63164417328951,50,0,-0.5836463419352598,50,0,0.6182317860218904,100,0,22.0,100,0
2026-03-06,-0.7268769059529644,50,0,0.8152975634981415,100,0,42.63164417328951,50,0,-0.5920460408519921,50,0,0.5922886211640084,100,0,18.0,100,0
2026-03-07,-0.7350301828098665,50,0,0.8104478991924746,100,0,42.63164417328951,50,0,-0.5828996718246029,50,0,0.590523076000513,100,0,12.0,100,0
2026-03-08,-0.7553780945615685,50,0,0.7992828896165642,100,0,42.63164417328951,50,0,-0.5795822311569225,50,0,0.5843862266051973,100,0,12.0,100,0
2026-03-09,-0.7149551667034733,50,0,0.8216005471502622,100,0,42.63164417328951,50,0,-0.5884808901913418,50,0,0.6026746274045588,100,0,8.0,100,0
2026-03-10,-0.687220725965959,50,0,0.8372878480321098,100,0,42.63164417328951,50,0,-0.5895787986795699,50,0,0.6167283832494974,100,0,13.0,100,0
2026-03-11,-0.6717951302439895,50,0,0.8458548927554254,100,0,42.63164417328951,50,0,-0.5840836434394782,50,0,0.6256174784988232,100,0,15.0,100,0
2026-03-12,-0.6552921692841251,50,0,0.8553577755294098,100,0,42.63164417328951,50,0,-0.5742156334145905,50,0,0.6352864980200925,100,0,18.0,100,0
2026-03-13,-0.6458307600229428,50,0,0.8607513810844001,100,0,42.63164417328951,50,0,-0.5732410132410364,50,0,0.641546917058711,100,0,15.0,100,0
2026-03-14,-0.6450117349902729,50,0,0.8624845536902517,100,0,42.63164417328951,50,0,-0.574356553361734,50,0,0.6453260937988597,50,0,16.0,100,0
2026-03-15,-0.5904729918466418,50,0,0.8959971085315505,50,0,42.63164417328951,50,0,-0.5536064862843818,50,0,0.6728205521630619,50,0,15.0,100,0
2026-03-16,-0.4787852294575277,50,0,0.9673057907953386,0,0,42.63164417328951,50,0,-0.4883185848529104,50,0,0.7288613858714031,50,0,23.0,100,0
2026-03-17,-0.5071992209886667,50,0,0.9557030734222854,50,0,42.63164417328951,50,0,-0.49295252324044747,50,0,0.7224556498142796,50,0,28.0,50,0
2026-03-18,-0.5985758356128147,50,0,0.9051012406607993,50,0,42.63164417328951,50,0,-0.5135119399974556,50,0,0.6865779901480006,50,0,26.0,50,0
2026-03-19,-0.644418446273519,50,0,0.8793781965165073,50,0,42.63164417328951,50,0,-0.5271528896283191,50,0,0.6694480650870597,50,0,23.0,100,0
2026-03-20,-0.6381890981955065,50,0,0.8828506974950149,50,0,42.63164417328951,50,0,-0.5324073653104032,50,0,0.6744022893705174,50,0,11.0,100,0
2026-03-21,-0.6548609594453395,50,0,0.873770440640988,50,0,42.63164417328951,50,0,-0.5308837616948388,50,0,0.6698079590618684,50,0,12.0,100,0
2026-03-22,-0.7103629984934869,50,0,0.8464410001190473,100,0,42.63164417328951,50,0,-0.5403555074953774,50,0,0.6513222825060346,50,0,10.0,100,0
2026-03-23,-0.6452043049601188,50,0,0.8833978396689142,50,0,42.63164417328951,50,0,-0.5354657957948536,50,0,0.6821362553191977,50,0,8.0,100,0
2026-03-24,-0.6352503857259246,50,0,0.8870250787232595,50,0,42.63164417328951,50,0,-0.5278654016114802,50,0,0.6873213217195093,50,0,11.0,100,0
2026-03-25,-0.6229410924732057,50,0,0.8916836748254799,50,0,42.63164417328951,50,0,-0.5333236426442531,50,0,0.6933057067682713,50,0,14.0,100,0
2026-03-26,-0.6976379361496757,50,0,0.8465956698418604,100,0,42.63164417328951,50,0,-0.5531677746708719,50,0,0.6606810619282795,50,0,10.0,100,0
2026-03-27,-0.7425651368527195,50,0,0.8176952753380258,100,0,42.63164417328951,50,0,-0.5498941676707672,50,0,0.6405577520098547,100,0,13.0,100,0
2026-03-28,-0.7357919785703904,50,0,0.8199067076053865,100,0,42.63164417328951,50,0,-0.5489957505172588,50,0,0.6447318441483534,100,0,12.0,100,0
2026-03-29,-0.7412999897060443,50,0,0.8151288564849268,100,0,42.63164417328951,50,0,-0.548976130828511,50,0,0.6434676676753598,100,0,9.0,100,0
2026-03-30,-0.7062011969405084,50,0,0.8315275978769731,100,0,42.63164417328951,50,0,-0.5364860839009618,50,0,0.6590262605161812,50,0,8.0,100,0
2026-03-31,-0.6477311890127883,50,0,0.8638207501470891,100,0,43.97579133698304,50,0,-0.5167925751286613,50,0,0.6875648959015863,50,0,11.0,100,0
2026-04-01,-0.6194431357157119,50,0,0.8799549153477342,50,0,43.97579133698304,50,0,-0.4899461860597894,50,0,0.7033774582641974,50,0,8.0,100,0
2026-04-02,-0.6776970453006578,50,0,0.8451840125483391,100,0,43.97579133698304,50,0,-0.5198597087058736,50,0,0.6784737269334241,50,0,12.0,100,0
2026-04-03,-0.6802119431349265,50,0,0.8431439156557997,100,0,43.97579133698304,50,0,-0.5226192489322234,50,0,0.6796635150866354,50,0,9.0,100,0
2026-04-04,-0.6722119720139111,50,0,0.8482642737149999,100,0,43.97579133698304,50,0,-0.5224606847798307,50,0,0.6866223196449327,50,0,11.0,100,0
2026-04-05,-0.640767292727271,50,0,0.8673544815042554,50,0,43.97579133698304,50,0,-0.524492781641181,50,0,0.7050505786253665,50,0,12.0,100,0
2026-04-06,-0.6505256058043496,50,0,0.8635820178339898,100,0,43.97579133698304,50,0,-0.5267171993589946,50,0,0.7049594723584363,50,0,13.0,100,0
2026-04-07,-0.5519022487671085,50,0,0.9234710572308846,50,0,43.97579133698304,50,0,-0.4999950813041255,50,0,0.7567563055264589,50,0,11.0,100,0
2026-04-08,-0.5972524428454867,50,0,0.8990162106302451,50,0,43.97579133698304,50,0,-0.5175320680547909,50,0,0.7396592476677697,50,0,17.0,100,0
2026-04-09,-0.5948589408580409,50,0,0.8995753097715642,50,0,43.97579133698304,50,0,-0.5295548659308654,50,0,0.7430472545267435,50,0,14.0,100,0
2026-04-10,-0.5609116836450763,50,0,0.9217127671969658,50,0,43.97579133698304,50,0,-0.5183378718341904,50,0,0.7640028846961213,50,0,16.0,100,0
2026-04-11,-0.5372489801282764,50,0,0.9388807360998883,50,0,43.97579133698304,50,0,-0.4965716370001648,50,0,0.78090958915561,50,0,15.0,100,0
2026-04-12,-0.6102573087078113,50,0,0.8989813998242934,50,0,43.97579133698304,50,0,-0.5091155812344644,50,0,0.7504009767180526,50,0,16.0,100,0
2026-04-13,-0.4857610821732312,50,0,0.9737780756150969,0,0,43.97579133698304,50,0,-0.4740715207554557,50,0,0.8152149054049086,50,0,12.0,100,0
2026-04-14,-0.5289795025252199,50,0,0.9529603850949003,50,0,43.97579133698304,50,0,-0.4946059498343689,50,0,0.8003970748419634,50,0,21.0,100,0
2026-04-15,-0.5067595705549125,50,0,0.966409129744168,0,0,43.97579133698304,50,0,-0.4858890421317826,50,0,0.8142942608140059,50,0,23.0,100,0
2026-04-16,-0.5164025438412766,50,0,0.9631152499761407,0,0,43.97579133698304,50,0,-0.4960207176632721,50,0,0.8143386579915611,50,0,23.0,100,0
2026-04-17,-0.4725772796240518,50,0,0.9925009843497985,0,0,43.97579133698304,50,0,-0.49073078416037436,50,0,0.8421372576501894,50,0,21.0,100,0
2026-04-18,-0.5206987485930977,50,0,0.9641143188335085,0,0,43.97579133698304,50,0,-0.5059590722932285,50,0,0.8209273370983364,50,0,26.0,50,0
2026-04-19,-0.5783498653734739,50,0,0.9277339526231357,50,0,43.97579133698304,50,0,-0.5231276887653541,50,0,0.7930798803531921,50,0,27.0,50,0
2026-04-20,-0.5453683101908937,50,0,0.9470209508078675,50,0,43.97579133698304,50,0,-0.5291565560492629,50,0,0.8129294730852692,50,0,29.0,50,0
2026-04-21,-0.5361317992297135,50,0,0.950755662441535,50,0,43.97579133698304,50,0,-0.5285977117169273,50,0,0.81958336299748,50,0,33.0,50,0
2026-04-22,-0.4975470121998968,50,0,0.9741273705602911,0,0,43.97579133698304,50,0,-0.5337868812720267,50,0,0.8431898582542761,50,0,32.0,50,0
2026-04-23,-0.5284076727559771,50,0,0.9528362530008089,50,0,43.97579133698304,50,0,-0.5605886921643676,50,0,0.828253506776525,50,0,46.0,50,0
2026-04-24,-0.5343370657643596,50,0,0.9464514912221211,50,0,43.97579133698304,50,0,-0.5557896728302415,50,0,0.8264589619149972,50,0,39.0,50,0
2026-04-25,-0.529304395935763,50,0,0.9476487750935041,50,0,43.97579133698304,50,0,-0.5567533045486385,50,0,0.8309449136325588,50,0,31.0,50,0
2026-04-26,-0.49485327950528457,50,0,0.9675641388597014,0,0,43.97579133698304,50,0,-0.5445621396220414,50,0,0.8519933168399464,50,0,33.0,50,0
2026-04-27,-0.543031440383146,50,0,0.9383084690365562,50,0,43.97579133698304,50,0,-0.5625122382631643,50,0,0.8295876450365584,50,0,47.0,50,0
2026-04-28,-0.5483442863185247,50,0,0.9337312414830545,50,0,43.97579133698304,50,0,-0.5522790816127157,50,0,0.8281777480977,50,0,33.0,50,0
2026-04-29,-0.5670023656925742,50,0,0.9197925506180442,50,0,43.97579133698304,50,0,-0.5627212044469574,50,0,0.8183060086563256,50,0,26.0,50,0
2026-04-30,-0.557354382853102,50,0,0.9204913631975525,50,0,45.52219789173422,50,0,-0.5697731419904964,50,0,0.8220392953396016,50,0,29.0,50,0
2026-05-01,-0.5274111274538119,50,0,0.9349214006570047,50,0,45.52219789173422,50,0,-0.579703472892985,50,0,0.8382117549290387,50,0,26.0,50,0
2026-05-02,-0.5079577734599244,50,0,0.9452195691223287,50,0,45.52219789173422,50,0,-0.5747340075312112,50,0,0.8505776915395442,50,0,39.0,50,0
2026-05-03,-0.5021905238780581,50,0,0.9477792254728195,50,0,45.52219789173422,50,0,-0.5698095994299263,50,0,0.8557946746341841,50,0,47.0,50,0
2026-05-04,-0.4856942007525616,50,0,0.9561522489017471,50,0,45.52219789173422,50,0,-0.5770601330887778,50,0,0.866113898820831,50,0,40.0,50,0
2026-05-05,-0.4785517292461243,50,0,0.9612018875871418,0,0,45.52219789173422,50,0,-0.587392924678176,50,0,0.8733798932421377,50,0,50.0,0,0
2026-05-06,-0.48923749994545335,50,0,0.9559661661191575,50,0,45.52219789173422,50,0,-0.6003839901862861,50,0,0.8713978241679539,50,0,46.0,50,0
2026-05-07,-0.5339089617038019,50,0,0.9319511141901625,50,0,45.52219789173422,50,0,-0.6103927047767326,50,0,0.8524522430593094,50,0,47.0,50,0
2026-05-08,-0.5230314403734528,50,0,0.9382037182942317,50,0,45.52219789173422,50,0,-0.6046857797831139,50,0,0.8611252051765266,50,0,38.0,50,0
2026-05-09,-0.5098025362512332,50,0,0.9460445367958499,50,0,45.52219789173422,50,0,-0.601427111629064,50,0,0.8711306698828224,50,0,38.0,50,0
2026-05-10,-0.47635436942322734,50,0,0.965388352906114,0,0,45.52219789173422,50,0,-0.6001428949128845,50,0,0.8916322357856684,50,0,47.0,50,0
2026-05-11,-0.5019828416645769,50,0,0.950529139063661,50,0,45.52219789173422,50,0,-0.610713953370795,50,0,0.8807332336018272,50,0,48.0,50,0
2026-05-12,-0.5448782649723719,50,0,0.9251792221728052,50,0,45.52219789173422,50,0,-0.6254323177526503,50,0,0.8602335456272086,50,0,49.0,50,0
2026-05-13,-0.5577740733604561,50,0,0.9166247813976609,50,0,45.52219789173422,50,0,-0.6175120433009565,50,0,0.8553057615026969,50,0,42.0,50,0
2026-05-14,-0.5338599409259756,50,0,0.92916901094419,50,0,45.52219789173422,50,0,-0.6291878268282879,50,0,0.8703829263502667,50,0,34.0,50,0
2026-05-15,-0.5776779318288681,50,0,0.9022083263793663,50,0,45.52219789173422,50,0,-0.6325725177032304,50,0,0.8484283618299802,50,0,43.0,50,0
2026-05-16,-0.6040314485782051,50,0,0.8847262209035963,50,0,45.52219789173422,50,0,-0.6420908743402737,50,0,0.8350625103398284,50,0,31.0,50,0
2026-05-17,-0.6263151642857043,50,0,0.8693681503872552,50,0,45.52219789173422,50,0,-0.6525119294920559,50,0,0.8235312269177771,50,0,27.0,50,0
2026-05-18,-0.6291424336505647,50,0,0.8639759404545841,100,0,45.52219789173422,50,0,-0.6516820388779911,50,0,0.8211769601003832,50,0,28.0,50,0
2026-05-19,-0.6371861885138785,50,0,0.8564579392102996,100,0,45.52219789173422,50,0,-0.659266408966372,50,0,0.8169033009868661,50,0,25.0,100,0
2026-05-20,-0.6229134939296385,50,0,0.8616447533498643,100,0,45.52219789173422,50,0,-0.6611338254624831,50,0,0.8247797323233208,50,0,27.0,50,0
2026-05-21,-0.614682996386356,50,0,0.8643305526304146,100,0,45.52219789173422,50,0,-0.6601203332106712,50,0,0.8303203978713972,50,0,29.0,50,0
2026-05-22,-0.6580201094367232,50,0,0.8377031149536825,100,0,45.52219789173422,50,0,-0.6656176544794061,50,0,0.8072675232416713,50,0,28.0,50,0
2026-05-23,-0.6198103536475882,50,0,0.8575859471532724,100,0,45.52219789173422,50,0,-0.6540289255080988,50,0,0.8284507374633053,50,0,28.0,50,0
2026-05-24,-0.6317764553810226,50,0,0.849708201847529,100,0,45.52219789173422,50,0,-0.6698567947662615,50,0,0.823102376133358,50,0,25.0,100,0
2026-05-25,-0.6235999894721491,50,0,0.8544872333592683,100,0,45.52219789173422,50,0,-0.6675215633043559,50,0,0.8298321535094456,50,0,30.0,50,0
2026-05-26,-0.6488495472091905,50,0,0.8391057301204836,100,0,45.52219789173422,50,0,-0.6667132475600619,50,0,0.8172422129788538,50,0,34.0,50,0
2026-05-27,-0.6839633351426527,50,0,0.8181488208947663,100,0,45.52219789173422,50,0,-0.672067605106484,50,0,0.7991040700886783,50,0,25.0,100,0
2026-05-28,-0.6893451729115249,50,0,0.812298014516619,100,0,45.52219789173422,50,0,-0.6681932406496839,50,0,0.7959264452181034,50,0,22.0,100,0
2026-05-29,-0.6824268675881917,50,0,0.8134168341068873,100,0,45.52219789173422,50,0,-0.6636341492157822,50,0,0.7995608902042288,50,0,23.0,100,0
2026-05-30,-0.6738675426781199,50,0,0.8174347177405488,100,0,45.52219789173422,50,0,-0.6642654968177618,50,0,0.8058327297294144,50,0,23.0,100,0
2026-05-31,-0.6833462891474461,50,0,0.8112322662390477,100,0,43.41898117959762,50,0,-0.6710057564813553,50,0,0.8020444031145966,50,0,28.0,50,0
2026-06-01,-0.6818584077840926,50,0,0.8103573138575384,100,0,43.41898117959762,50,0,-0.634860099702751,50,0,0.8032671118558097,50,0,29.0,50,0
2026-06-02,-0.7865655388425966,50,0,0.7504649089013096,100,0,43.41898117959762,50,0,-0.6435720580010514,50,0,0.7458276869462223,50,0,23.0,100,0
2026-06-03,-0.8036852675448644,50,0,0.7349697102068982,100,0,43.41898117959762,50,0,-0.6260521364991068,50,0,0.7324654788178573,50,0,11.0,100,0
2026-06-04,-0.8356745246698697,50,0,0.7146098480005942,100,0,43.41898117959762,50,0,-0.648683366041912,50,0,0.7141160210702514,50,0,12.0,100,0
2026-06-05,-0.9698569350318432,50,0,0.6381932862994965,100,0,43.41898117959762,50,0,-0.7286316452005603,50,0,0.6395892602663927,100,0,12.0,100,0
2026-06-06,-0.9707263323433843,50,0,0.6332910022188022,100,0,43.41898117959762,50,0,-0.7347609311009754,50,0,0.6366575166325771,100,0,12.0,100,0
2026-06-07,-0.870391287597176,50,0,0.6808688244484843,100,0,43.41898117959762,50,0,-0.6965194751302728,50,0,0.6863472650651259,50,0,12.0,100,0
2026-06-08,-0.8538620993416098,50,0,0.6859114675300694,100,0,43.41898117959762,50,0,-0.6871628353582989,50,0,0.6930406456172709,50,0,8.0,100,0
2026-06-09,-0.8915553515654089,50,0,0.6625335303521511,100,0,43.41898117959762,50,0,-0.699973616449537,50,0,0.6709439193006019,50,0,10.0,100,0
2026-06-10,-0.8985349856264021,50,0,0.655531753107518,100,0,43.41898117959762,50,0,-0.7083509142018761,50,0,0.6653811089688342,50,0,9.0,100,0
2026-06-11,-0.8488607039901663,50,0,0.6770047351499366,100,0,43.41898117959762,50,0,-0.7089162298211121,50,0,0.6887348801872006,50,0,12.0,100,0
2026-06-12,-0.8559065136852979,50,0,0.6732471047308233,100,0,43.41898117959762,50,0,-0.7153136001168506,50,0,0.6866868214555774,50,0,12.0,100,0
2026-06-13,-0.844757160840073,50,0,0.6802088790722018,100,0,43.41898117959762,50,0,-0.7205160378615385,50,0,0.6955693559904369,50,0,13.0,100,0
2026-06-14,-0.812742241909496,50,0,0.6974426630087553,100,0,43.41898117959762,50,0,-0.7130488933240277,50,0,0.7150757893833248,50,0,18.0,100,0
2026-06-15,-0.7613843006071053,50,0,0.7249682789765132,100,0,43.41898117959762,50,0,-0.6792517411364098,50,0,0.7451680474784289,50,0,20.0,100,0
2026-06-16,-0.7575520135413341,50,0,0.725730627440214,100,0,43.41898117959762,50,0,-0.6676804849060142,50,0,0.7478686857501574,50,0,23.0,100,0
2026-06-17,-0.7959623930333575,50,0,0.7075951076180659,100,0,43.41898117959762,50,0,-0.6750633958215086,50,0,0.7310596223745487,50,0,22.0,100,0
2026-06-18,-0.8304144770963101,50,0,0.6916182202875216,100,0,43.41898117959762,50,0,-0.6730402667967955,50,0,0.7164645870935842,50,0,15.0,100,0
2026-06-19,-0.8329988745042869,50,0,0.6911104282730134,100,0,43.41898117959762,50,0,-0.6825890727148315,50,0,0.7176106507873251,50,0,14.0,100,0
2026-06-20,-0.8074696751259228,50,0,0.7043566718738359,100,0,43.41898117959762,50,0,-0.6771093024334234,50,0,0.7333485281181302,50,0,23.0,100,0
2026-06-21,-0.8335356319518402,50,0,0.6912300679816873,100,0,43.41898117959762,50,0,-0.6833701586664982,50,0,0.7219563192571188,50,0,23.0,100,0
2026-06-22,-0.8186226800054939,50,0,0.6985172412987162,100,0,43.41898117959762,50,0,-0.6813369048546635,50,0,0.7317765094951815,50,0,20.0,100,0
2026-06-23,-0.8580615475888328,50,0,0.6734707040267309,100,0,43.41898117959762,50,0,-0.6991934516213031,50,0,0.7075759150790757,50,0,23.0,100,0
2026-06-24,-0.8873422364149695,50,0,0.6550381515319164,100,0,43.41898117959762,50,0,-0.6997327988988512,50,0,0.6902848685735856,50,0,17.0,100,0
2026-06-25,-0.9209659990814593,50,0,0.6356463038506703,100,0,43.41898117959762,50,0,-0.7142613014359915,50,0,0.6719449688950123,50,0,12.0,100,0
2026-06-26,-0.9088980498934779,50,0,0.6381042717066585,100,0,43.41898117959762,50,0,-0.7117275786285961,50,0,0.6768009199446314,50,0,13.0,100,0
2026-06-27,-0.9080500777185758,50,0,0.6365003087252882,100,0,43.41898117959762,50,0,-0.7144343225408835,50,0,0.6776679508114728,50,0,15.0,100,0
2026-06-28,-0.9063010297481963,50,0,0.6355924816482059,100,0,43.41898117959762,50,0,-0.7076892128893326,50,0,0.6793041549557756,50,0,18.0,100,0
2026-06-29,-0.870550556855879,50,0,0.6516016696327295,100,0,43.41898117959762,50,0,-0.6918110736206962,50,0,0.6988887127763413,50,0,12.0,100,0
2026-06-30,-0.9010626850903007,50,0,0.6349971544331084,100,0,39.99193252964748,100,0,-0.6894969685043475,50,0,0.6833417555427048,50,0,15.0,100,0
2026-07-01,-0.8647610329586631,50,0,0.6521959326226784,100,0,39.99193252964748,100,0,-0.6886202130887431,50,0,0.7041696026140651,50,0,11.0,100,0
2026-07-02,-0.7973928986093939,50,0,0.6868747991509901,100,0,39.99193252964748,100,0,-0.6543524713002489,50,0,0.7438539762967418,50,0,19.0,100,0
2026-07-03,-0.7527757101226613,50,0,0.7114634123231032,100,0,39.99193252964748,100,0,-0.633899269780066,50,0,0.7725635870209248,50,0,21.0,100,0
2026-07-04,-0.7405934229438268,50,0,0.7201412295836292,100,0,39.99193252964748,100,0,-0.6292714389202042,50,0,0.7840702196834203,50,0,22.0,100,0
2026-07-05,-0.7399980422611576,50,0,0.7235991836899355,100,0,39.99193252964748,100,0,-0.6335203068206687,50,0,0.7896921024127413,50,0,23.0,100,0
2026-07-06,-0.7357312038190038,50,0,0.7289910692388466,100,0,39.99193252964748,100,0,-0.6328713827513566,50,0,0.7974265489069431,50,0,24.0,100,0
2026-07-07,-0.7618799299613395,50,0,0.7179095332511392,100,0,39.99193252964748,100,0,-0.639835717579215,50,0,0.7874561027606295,50,0,27.0,50,0
2026-07-08,-0.7915928857870808,50,0,0.7044961696446654,100,0,39.99193252964748,100,0,-0.6386682571139843,50,0,0.7748916030949867,50,0,20.0,100,0
2026-07-09,-0.7905982976040538,50,0,0.7062171520623155,100,0,39.99193252964748,100,0,-0.6543273117964888,50,0,0.7789875704814969,50,0,22.0,100,0
2026-07-10,-0.7519730427910005,50,0,0.7264900463167827,100,0,39.99193252964748,100,0,-0.6378945358935514,50,0,0.8035375320035759,50,0,23.0,100,0
2026-07-11,-0.7545653104171056,50,0,0.7255006905609444,100,0,39.99193252964748,100,0,-0.6352753098564273,50,0,0.8045546332536547,50,0,26.0,50,0
2026-07-12,-0.7450622674286124,50,0,0.7303732089385582,100,0,39.99193252964748,100,0,-0.6244665830299909,50,0,0.8120504443538425,50,0,26.0,50,0
2026-07-13,-0.7721976231059442,50,0,0.715634508896286,100,0,39.99193252964748,100,0,-0.6177906770869553,50,0,0.7977175978918439,50,0,28.0,50,0
2026-07-14,-0.6817921033631417,50,0,0.7637837877626175,100,0,39.99193252964748,100,0,-0.5917812131953436,50,0,0.8534666065998864,50,0,22.0,100,0
2026-07-15,-0.6607128394909064,50,0,0.7764230208208073,100,0,39.99193252964748,100,0,-0.567637688863139,50,0,0.869674240213962,50,0,25.0,100,0
2026-07-16,-0.7087642246753755,50,0,0.75319670817312,100,0,39.99193252964748,100,0,-0.5865478694187511,50,0,0.8458322926652625,50,0,25.0,100,0
2026-07-17,-0.7270737844069046,50,0,0.7446072227099435,100,0,39.99193252964748,100,0,-0.603372617810906,50,0,0.838368210374405,50,0,27.0,50,0
2026-07-18,-0.7126633452794083,50,0,0.7527939173918896,100,0,39.99193252964748,100,0,-0.6062764107869004,50,0,0.849826777616594,50,0,25.0,100,0
2026-07-19,-0.7080877001058967,50,0,0.756173636990889,100,0,39.99193252964748,100,0,-0.5981362571552495,50,0,0.8559202451070308,50,0,28.0,50,0
2026-07-20,-0.6878800827761731,50,0,0.7688132088573183,100,0,39.99193252964748,100,0,-0.5874054776216883,50,0,0.8725548871633501,50,0,29.0,50,0
2026-07-21,-0.6724521250580466,50,0,0.7775943834353347,100,0,39.99193252964748,100,0,-0.596205301123572,50,0,0.8851135505772244,50,0,25.0,100,0
2026-07-22,-0.6680058615958148,50,0,0.7802940475329835,100,0,39.99193252964748,100,0,-0.5836635873443505,50,0,0.890810941567819,50,0,33.0,50,0
2026-07-23,-0.7067836859319617,50,0,0.7596869182471895,100,0,39.99193252964748,100,0,-0.5999882003575938,50,0,0.869953634025907,50,0,31.0,50,0
2026-07-24,-0.7229427736741942,50,0,0.7514144787340526,100,0,39.99193252964748,100,0,-0.5942605147408573,50,0,0.8633496347242249,50,0,28.0,50,0
2026-07-25,-0.713098738602362,50,0,0.7568199094039507,100,0,39.99193252964748,100,0,-0.5895954760853735,50,0,0.8725724508928103,50,0,27.0,50,0
2026-07-26,-0.6523843023232773,50,0,0.7887244193536415,100,0,39.99193252964748,100,0,-0.5564479882279539,50,0,0.9121022633258723,50,0,26.0,50,0
2026-07-27,-0.7018853052790304,50,0,0.7630219003751574,100,0,39.99193252964748,100,0,-0.5667126423463864,50,0,0.8850427266197559,50,0,30.0,50,0
2026-07-28,-0.6823499931931749,50,0,0.7729884312379014,100,0,39.99193252964748,100,0,-0.5500269205481034,50,0,0.8992206542175896,50,0,29.0,50,0
2026-07-29,-0.6875173769367888,50,0,0.7700461333815274,100,0,39.99193252964748,100,0,-0.5582915405488603,50,0,0.8984243384517937,50,0,29.0,50,0
2026-07-30,-0.6752271588223075,50,0,0.7765566420254483,100,0,39.99193252964748,100,0,-0.5656589127979103,50,0,0.9087195137904774,50,0,28.0,50,0
2026-07-31,-0.7231024506762977,50,0,0.751320495869208,100,0,43.238760341832844,50,0,-0.5685989381932871,50,0,0.881885638568033,50,0,25.0,100,0
2026-08-01,-0.7371328061918535,50,0,0.7440033609322867,100,0,43.238760341832844,50,0,-0.578339248664386,50,0,0.8765016872532845,50,0,27.0,50,0
2026-08-02,-0.7070791740827508,50,0,0.7592088168564733,100,0,43.238760341832844,50,0,-0.5663793861073277,50,0,0.8977190511288211,50,0,27.0,50,0
2026-08-03,-0.7217401304442659,50,0,0.7492976844803012,100,0,43.238760341832844,50,0,-0.5831412901830594,50,0,0.8892274936911142,50,0,28.0,50,0
2026-08-04,-0.7110594810197287,50,0,0.7544386949947568,100,0,43.238760341832844,50,0,-0.5881826325185351,50,0,0.8985252787956894,50,0,25.0,100,0
2026-08-05,-0.6813282050917683,50,0,0.7696364937566675,100,0,43.238760341832844,50,0,-0.5715895851670056,50,0,0.9198632398889243,50,0,27.0,50,0
2026-08-06,-0.685100036055511,50,0,0.7663361962494162,100,0,43.238760341832844,50,0,-0.5689919708661428,50,0,0.9191689383447241,50,0,25.0,100,0
2026-08-07,-0.6717453924135168,50,0,0.771760675551738,100,0,43.238760341832844,50,0,-0.5727548411688416,50,0,0.9286850876571632,50,0,29.0,50,0
2026-08-08,-0.6721690803787086,50,0,0.7724957816787346,100,0,43.238760341832844,50,0,-0.5720651170500564,50,0,0.9320404344367343,50,0,30.0,50,0
2026-08-09,-0.6783660813642208,50,0,0.770115502648423,100,0,43.238760341832844,50,0,-0.574945732402792,50,0,0.9317767215287464,50,0,31.0,50,0
2026-08-10,-0.7096663232327988,50,0,0.7540933224090874,100,0,43.238760341832844,50,0,-0.5825221820564659,50,0,0.9149454366516571,50,0,30.0,50,0
2026-08-11,-0.7021322366325196,50,0,0.757782734474912,100,0,43.238760341832844,50,0,-0.5689490426760611,50,0,0.9219951456480482,50,0,29.0,50,0
2026-08-12,-0.7049177115765916,50,0,0.7558548921573843,100,0,43.238760341832844,50,0,-0.568205220948974,50,0,0.9222323906422049,50,0,27.0,50,0
2026-08-13,-0.6983057063971365,50,0,0.7590325102519279,100,0,43.238760341832844,50,0,-0.5633442913717962,50,0,0.9283729797635285,50,0,29.0,50,0
2026-08-14,-0.7017124112492322,50,0,0.7567976558529007,100,0,43.238760341832844,50,0,-0.5573591423821478,50,0,0.9281975053273241,50,0,29.0,50,0
2026-08-15,-0.6997614298818766,50,0,0.7574768072781863,100,0,43.238760341832844,50,0,-0.5582217065668582,50,0,0.9318197010026162,50,0,34.0,50,0
2026-08-16,-0.7053782427416629,50,0,0.7542475174134312,100,0,43.238760341832844,50,0,-0.5590902654563308,50,0,0.9306145636868322,50,0,34.0,50,0
2026-08-17,-0.6747943088916201,50,0,0.7695166949932989,100,0,43.238760341832844,50,0,-0.5657340939372537,50,0,0.951755873647817,50,0,31.0,50,0
2026-08-18,-0.670983571392997,50,0,0.7717075343966542,100,0,43.238760341832844,50,0,-0.5670637687517,50,0,0.9564941401443846,50,0,41.0,50,0
2026-08-19,-0.4243537344650611,50,0,0.9054788503762695,50,0,43.238760341832844,50,0,-0.4442753147120496,50,0,1.123151488758369,50,0,46.0,50,0
2026-08-20,-0.3820755986292515,50,0,0.9358376289259156,50,0,43.238760341832844,50,0,-0.4722141760141293,50,0,1.1609933747310444,50,0,62.0,0,0
2026-08-21,-0.2635270806316999,50,0,1.0135572112406233,0,0,43.238760341832844,50,0,-0.45807716519917213,50,0,1.2573032921341465,50,0,72.0,0,0
2026-08-22,-0.3521976934018385,50,0,0.9730354261432111,0,0,43.238760341832844,50,0,-0.48990887445797854,50,0,1.206850290706961,50,0,71.0,0,0
2026-08-23,-0.34186607663693075,50,0,0.9877432130690817,0,0,43.238760341832844,50,0,-0.4791667543343022,50,0,1.2245286680819611,50,0,66.0,0,0
2026-08-24,-0.34144039152523364,50,0,0.9969119466009501,0,0,43.238760341832844,50,0,-0.48877454338949117,50,0,1.2343565243465977,50,0,73.0,0,0
2026-08-25,-0.3825518184533686,50,0,0.9821330219041031,0,0,43.238760341832844,50,0,-0.5035010927768413,50,0,1.2152478136610525,50,0,74.0,0,0
2026-08-26,-0.3592544842165459,50,0,1.0048783382615678,0,0,43.238760341832844,50,0,-0.478247113381054,50,0,1.242437999359716,50,0,65.0,0,0
2026-08-27,-0.3603699196278303,50,0,1.008503420102319,0,0,43.238760341832844,50,0,-0.49583993214760336,50,0,1.2459814731259495,50,0,71.0,0,0
2026-08-28,-0.41274324119646993,50,0,0.978951362864707,0,0,43.238760341832844,50,0,-0.491546733780743,50,0,1.208780016076355,50,0,73.0,0,0
2026-08-29,-0.4000936566040873,50,0,0.9855413818927207,0,0,43.238760341832844,50,0,-0.4912943105736291,50,0,1.2158856809800265,50,0,68.0,0,0
2026-08-30,-0.4255001041396418,50,0,0.9713572994772045,0,0,43.238760341832844,50,0,-0.5009176652824493,50,0,1.197244614618064,50,0,69.0,0,0
2026-08-31,-0.3958389352664601,50,0,0.9888039121763678,0,0,49.33093605960982,50,0,-0.4911580317851779,50,0,1.217492380840826,50,0,62.0,0,0
2026-09-01,-0.4287852909498268,50,0,0.9694355534509366,0,0,49.33093605960982,50,0,-0.4980339945727919,50,0,1.1928420760918652,50,0,69.0,0,0
2026-09-02,-0.44939039342278236,50,0,0.9563730908691846,50,0,49.33093605960982,50,0,-0.512065200754031,50,0,1.17619202441083,50,0,63.0,0,0
2026-09-03,-0.3650247322346818,50,0,1.0033143784650456,0,0,49.33093605960982,50,0,-0.5160525205143672,50,0,1.2326145907640003,50,0,65.0,0,0
2026-09-04,-0.4006197841298429,50,0,0.983164052847449,0,0,49.33093605960982,50,0,-0.5169109393503077,50,0,1.2067784792497958,50,0,74.0,0,0
2026-09-05,-0.3829154897123708,50,0,0.9936127534573503,0,0,49.33093605960982,50,0,-0.5047674818345934,50,0,1.2184377308952095,50,0,73.0,0,0
2026-09-06,-0.3608550518179297,50,0,1.0073178342948264,0,0,49.33093605960982,50,0,-0.49443376910364156,50,0,1.2338671441037812,50,0,73.0,0,0
2026-09-07,-0.3831715271879165,50,0,0.9959815885725168,0,0,49.33093605960982,50,0,-0.4882250865797467,50,0,1.2186874187919006,50,0,71.0,0,0
2026-09-08,-0.3872790214691053,50,0,0.9941967082604685,0,0,49.33093605960982,50,0,-0.4793866115174918,50,0,1.2153638288597843,50,0,69.0,0,0
2026-09-09,-0.4036195721716149,50,0,0.9858004588919107,0,0,49.33093605960982,50,0,-0.48625456203221756,50,0,1.2041286691883342,50,0,66.0,0,0
2026-09-10,-0.4218430610886394,50,0,0.9757283347384131,0,0,49.33093605960982,50,0,-0.4728401420597849,50,0,1.1907967697062232,50,0,69.0,0,0
2026-09-11,-0.37166967928167055,50,0,1.0044624750911157,0,0,49.33093605960982,50,0,-0.44114674446128566,50,0,1.2243354329802858,50,0,56.0,0,0
2026-09-12,-0.3659360334786219,50,0,1.0087480087140033,0,0,49.33093605960982,50,0,-0.43603106190739166,50,0,1.2280037054346167,50,0,63.0,0,0
2026-09-13,-0.40109195967683364,50,0,0.9887203300105951,0,0,49.33093605960982,50,0,-0.45461239965851263,50,0,1.2028307962862659,50,0,61.0,0,0
2026-09-14,-0.3712931500732602,50,0,1.0056565559575263,0,0,49.33093605960982,50,0,-0.4577387281641619,50,0,1.2224244377764069,50,0,57.0,0,0
2026-09-15,-0.45145693024093564,50,0,0.9581794467573959,0,0,49.33093605960982,50,0,-0.47683657589376166,50,0,1.1637660208338036,50,0,69.0,0,0
2026-09-16,-0.4419756480615459,50,0,0.9630499738940276,0,0,49.33093605960982,50,0,-0.4772213001450978,50,0,1.16880588523554,50,0,51.0,0,0
2026-09-17,-0.41764619712084194,50,0,0.9756901350058613,0,0,49.33093605960982,50,0,-0.4643187760673743,50,0,1.183112696964031,50,0,50.0,0,0
2026-09-18,-0.30865715252875225,50,0,1.041605460348058,0,0,49.33093605960982,50,0,-0.45348580322237214,50,0,1.2617780412972417,50,0,56.0,0,0
2026-09-19,-0.2991232459073624,50,0,1.049294974974422,0,0,49.33093605960982,50,0,-0.4481459728357745,50,0,1.2696251998390367,50,0,71.0,0,0
2026-09-20,-0.2978009994613479,50,0,1.0523416893411182,0,0,49.33093605960982,50,0,-0.4423311508745056,50,0,1.2722790176190677,50,0,71.0,0,0
2026-09-21,-0.21748377891598236,50,0,1.1044454941324837,0,0,49.33093605960982,50,0,-0.46257596667688733,50,0,1.3336664470779052,50,0,70.0,0,0
2026-09-22,-0.23907684583095898,50,0,1.096433610047094,0,0,49.33093605960982,50,0,-0.4671877829563062,50,0,1.3221468011868753,50,0,78.0,0,0
2026-09-23,-0.29693819734141635,50,0,1.0677057708923776,0,0,49.33093605960982,50,0,-0.47455324678921657,50,0,1.2858527009616025,50,0,71.0,0,0
2026-09-24,-0.3005834290943195,50,0,1.0693470042492597,0,0,49.33093605960982,50,0,-0.47109426065697635,50,0,1.2860741703480127,50,0,71.0,0,0
2026-09-25,-0.3032835647095394,50,0,1.0700075523923707,0,0,49.33093605960982,50,0,-0.46436293997472516,50,0,1.2852783873715339,50,0,71.0,0,0
2026-09-26,-0.30495807426691024,50,0,1.0704845074835794,0,0,49.33093605960982,50,0,-0.4684695516049336,50,0,1.2843734026034814,50,0,74.0,0,0
2026-09-27,-0.31354005067631097,50,0,1.0664083362105574,0,0,49.33093605960982,50,0,-0.4732232740524048,50,0,1.278105778298809,50,0,70.0,0,0
2026-09-28,-0.3121091330896265,50,0,1.0674767948936266,0,0,49.33093605960982,50,0,-0.4568722906239742,50,0,1.2780822763515298,50,0,74.0,0,0
2026-09-29,-0.3174297751403602,50,0,1.0629087293051453,0,0,49.33093605960982,50,0,-0.46483941065954887,50,0,1.2713681986394076,50,0,73.0,0,0
2026-09-30,-0.3148399971293015,50,0,1.065435046138457,0,0,51.375356855541966,50,0,-0.4594484784947287,50,0,1.27310959532995,50,0,71.0,0,0
2026-10-01,-0.3052057487124796,50,0,1.071958537641967,0,0,51.375356855541966,50,0,-0.4700883806038627,50,0,1.2798281229641963,50,0,74.0,0,0
2026-10-02,-0.32885861903269775,50,0,1.057435494907676,0,0,51.375356855541966,50,0,-0.48400132590344463,50,0,1.2620346458651766,50,0,72.0,0,0
2026-10-03,-0.31620359608630727,50,0,1.064585841940101,0,0,51.375356855541966,50,0,-0.47810375474557976,50,0,1.2699958278069772,50,0,67.0,0,0
2026-10-04,-0.2909397973893257,50,0,1.0803950928294317,0,0,51.375356855541966,50,0,-0.4855321455027134,50,0,1.2877777791021612,50,0,65.0,0,0
2026-10-05,-0.30254728026099476,50,0,1.0739461693600745,0,0,51.375356855541966,50,0,-0.48228596438227117,50,0,1.2788821333688385,50,0,70.0,0,0
2026-10-06,-0.31473591666997724,50,0,1.067420781286846,0,0,51.375356855541966,50,0,-0.4850838482090123,50,0,1.269975185308909,50,0,73.0,0,0
2026-10-07,-0.3965958194988633,50,0,1.0177810881938698,0,0,51.375356855541966,50,0,-0.5127597744830019,50,0,1.2100970159493167,50,0,71.0,0,0
